no.blocks,heuristic,mb_cost_per_iteration
20,HEURISTIC.LAZY,194.71377427132632
20,HEURISTIC.LAZY,358.5792528261436
20,HEURISTIC.LAZY,358.5612745652836
20,HEURISTIC.LAZY,358.6800519384402
20,HEURISTIC.LAZY,357.81025315375496
20,HEURISTIC.LAZY,357.961653799558
20,HEURISTIC.LAZY,358.762226826271
20,HEURISTIC.LAZY,358.7408883609737
20,HEURISTIC.LAZY,358.455800106859
20,HEURISTIC.LAZY,358.36833350962286
20,HEURISTIC.LAZY,339.12756532100707
20,HEURISTIC.LAZY,358.6740725985511
20,HEURISTIC.LAZY,358.6960994166622
20,HEURISTIC.LAZY,358.88408647824735
20,HEURISTIC.LAZY,358.28066709909393
20,HEURISTIC.LAZY,359.15134097189537
20,HEURISTIC.LAZY,358.5794640607829
20,HEURISTIC.LAZY,359.20540191630516
20,HEURISTIC.LAZY,359.0807336592336
20,HEURISTIC.LAZY,359.0238995151856
20,HEURISTIC.LAZY,340.8003109125108
20,HEURISTIC.LAZY,360.2246255438782
20,HEURISTIC.LAZY,360.10096687536634
20,HEURISTIC.LAZY,359.8122147456658
20,HEURISTIC.LAZY,360.254627003187
20,HEURISTIC.LAZY,359.65830461247407
20,HEURISTIC.LAZY,359.34736074070395
20,HEURISTIC.LAZY,359.47030755604953
20,HEURISTIC.LAZY,360.017396542474
20,HEURISTIC.LAZY,359.8681092479631
20,HEURISTIC.LAZY,340.8087722922783
20,HEURISTIC.LAZY,360.63241918721667
20,HEURISTIC.LAZY,360.72175980137683
20,HEURISTIC.LAZY,360.2101172794452
20,HEURISTIC.LAZY,360.046173120474
20,HEURISTIC.LAZY,360.8518698076942
20,HEURISTIC.LAZY,359.95271722367465
20,HEURISTIC.LAZY,360.1381629648955
20,HEURISTIC.LAZY,360.6978823148269
20,HEURISTIC.LAZY,360.56825632946584
20,HEURISTIC.LAZY,339.6869272264539
20,HEURISTIC.LAZY,360.43488190835876
20,HEURISTIC.LAZY,360.2567410993535
20,HEURISTIC.LAZY,360.6816543398993
20,HEURISTIC.LAZY,361.21708288311845
20,HEURISTIC.LAZY,361.0540861393805
20,HEURISTIC.LAZY,361.39647157717843
20,HEURISTIC.LAZY,361.335301474165
20,HEURISTIC.LAZY,361.5964736729459
20,HEURISTIC.LAZY,361.6266994866007
20,HEURISTIC.LAZY,344.32072018408434
20,HEURISTIC.LAZY,364.89020874240384
20,HEURISTIC.LAZY,364.2518542506957
20,HEURISTIC.LAZY,365.58435354384517
20,HEURISTIC.LAZY,365.64808177212024
20,HEURISTIC.LAZY,364.57420839275153
20,HEURISTIC.LAZY,364.7783843094446
20,HEURISTIC.LAZY,365.13755051388375
20,HEURISTIC.LAZY,365.81145879413276
20,HEURISTIC.LAZY,365.70817297592396
20,HEURISTIC.LAZY,344.57970921330906
20,HEURISTIC.LAZY,365.58698959028584
20,HEURISTIC.LAZY,365.0574928653886
20,HEURISTIC.LAZY,366.3050409733646
20,HEURISTIC.LAZY,366.3830511131158
20,HEURISTIC.LAZY,365.43039023656473
20,HEURISTIC.LAZY,365.6421377815919
20,HEURISTIC.LAZY,365.9991962305768
20,HEURISTIC.LAZY,366.6152740666188
20,HEURISTIC.LAZY,366.5337522461667
20,HEURISTIC.LAZY,344.3189353921282
20,HEURISTIC.LAZY,365.1486828916866
20,HEURISTIC.LAZY,364.51254181249215
20,HEURISTIC.LAZY,365.8430879925674
20,HEURISTIC.LAZY,365.9070379297908
20,HEURISTIC.LAZY,364.83749916895147
20,HEURISTIC.LAZY,365.04221309911793
20,HEURISTIC.LAZY,365.4013376309032
20,HEURISTIC.LAZY,366.07238436547925
20,HEURISTIC.LAZY,365.97004815094016
20,HEURISTIC.LAZY,340.0971163235612
20,HEURISTIC.LAZY,362.27598768825476
20,HEURISTIC.LAZY,362.4230001582064
20,HEURISTIC.LAZY,362.7633108734197
20,HEURISTIC.LAZY,363.02724154990267
20,HEURISTIC.LAZY,363.27325545999963
20,HEURISTIC.LAZY,363.4906473388861
20,HEURISTIC.LAZY,363.70677990132845
20,HEURISTIC.LAZY,363.70417079834647
20,HEURISTIC.LAZY,363.80754703175455
20,HEURISTIC.LAZY,344.2864104066603
20,HEURISTIC.LAZY,365.44836625853725
20,HEURISTIC.LAZY,364.7948821906883
20,HEURISTIC.LAZY,366.13755439599026
20,HEURISTIC.LAZY,366.19899424912273
20,HEURISTIC.LAZY,365.11327782961126
20,HEURISTIC.LAZY,365.31711318233755
20,HEURISTIC.LAZY,365.6762960426664
20,HEURISTIC.LAZY,366.35378747954337
20,HEURISTIC.LAZY,366.24873465025576
20,HEURISTIC.LAZY,340.54129704697357
20,HEURISTIC.LAZY,362.83799368319774
20,HEURISTIC.LAZY,363.0618900641097
20,HEURISTIC.LAZY,363.16951251134924
20,HEURISTIC.LAZY,362.4732130649237
20,HEURISTIC.LAZY,363.71434542624627
20,HEURISTIC.LAZY,363.21965402670014
20,HEURISTIC.LAZY,363.89457118634056
20,HEURISTIC.LAZY,363.4518200609831
20,HEURISTIC.LAZY,363.853685011454
20,HEURISTIC.LAZY,340.34586660915
20,HEURISTIC.LAZY,362.864501908938
20,HEURISTIC.LAZY,362.9239125201086
20,HEURISTIC.LAZY,363.5175571042412
20,HEURISTIC.LAZY,363.50571283515546
20,HEURISTIC.LAZY,363.7676927019978
20,HEURISTIC.LAZY,364.1955915353766
20,HEURISTIC.LAZY,364.27332389325534
20,HEURISTIC.LAZY,364.37995254541005
20,HEURISTIC.LAZY,364.402461360297
20,HEURISTIC.LAZY,341.01716812860445
20,HEURISTIC.LAZY,363.55142332346986
20,HEURISTIC.LAZY,363.6515670865375
20,HEURISTIC.LAZY,363.0634748654792
20,HEURISTIC.LAZY,363.31124536425983
20,HEURISTIC.LAZY,364.2984106455113
20,HEURISTIC.LAZY,364.0413033640798
20,HEURISTIC.LAZY,364.59462743831676
20,HEURISTIC.LAZY,364.2622953171608
20,HEURISTIC.LAZY,364.59764202893723
20,HEURISTIC.LAZY,340.7585204297445
20,HEURISTIC.LAZY,363.37752184852906
20,HEURISTIC.LAZY,363.49089709951164
20,HEURISTIC.LAZY,363.8346027122111
20,HEURISTIC.LAZY,364.2923815164056
20,HEURISTIC.LAZY,364.1104172895233
20,HEURISTIC.LAZY,364.8627520253612
20,HEURISTIC.LAZY,364.71660746454575
20,HEURISTIC.LAZY,364.98878487077184
20,HEURISTIC.LAZY,364.8832040259151
20,HEURISTIC.LAZY,344.304746144182
20,HEURISTIC.LAZY,367.09398389667865
20,HEURISTIC.LAZY,366.4760375202527
20,HEURISTIC.LAZY,367.7901545671736
20,HEURISTIC.LAZY,367.85576913846467
20,HEURISTIC.LAZY,366.82300849125807
20,HEURISTIC.LAZY,367.03200864471955
20,HEURISTIC.LAZY,367.3902468968198
20,HEURISTIC.LAZY,368.0368706486454
20,HEURISTIC.LAZY,367.94240237535985
20,HEURISTIC.LAZY,344.94219398595294
20,HEURISTIC.LAZY,368.1240975762145
20,HEURISTIC.LAZY,367.73241420825053
20,HEURISTIC.LAZY,368.85861077840065
20,HEURISTIC.LAZY,368.95193440450726
20,HEURISTIC.LAZY,368.1651488434219
20,HEURISTIC.LAZY,368.38397069450787
20,HEURISTIC.LAZY,369.2644662169494
20,HEURISTIC.LAZY,368.7329031823479
20,HEURISTIC.LAZY,369.2119569170658
20,HEURISTIC.LAZY,344.3558949039038
20,HEURISTIC.LAZY,367.924708357981
20,HEURISTIC.LAZY,367.3544975466997
20,HEURISTIC.LAZY,368.6307928413087
20,HEURISTIC.LAZY,368.7021184724593
20,HEURISTIC.LAZY,367.72843084022793
20,HEURISTIC.LAZY,367.94135053312186
20,HEURISTIC.LAZY,368.29764949719106
20,HEURISTIC.LAZY,368.91346764065975
20,HEURISTIC.LAZY,368.82974790514083
20,HEURISTIC.LAZY,345.0176328251032
20,HEURISTIC.LAZY,369.1594952563444
20,HEURISTIC.LAZY,368.8128869697793
20,HEURISTIC.LAZY,369.89672030480347
20,HEURISTIC.LAZY,369.9942843531371
20,HEURISTIC.LAZY,369.2643398886818
20,HEURISTIC.LAZY,369.4846943696713
20,HEURISTIC.LAZY,370.3307560918571
20,HEURISTIC.LAZY,369.82934685323687
20,HEURISTIC.LAZY,370.28786307900873
20,HEURISTIC.LAZY,344.6828522567244
20,HEURISTIC.LAZY,369.58496677294676
20,HEURISTIC.LAZY,369.1866768531121
20,HEURISTIC.LAZY,370.3168488797369
20,HEURISTIC.LAZY,370.40753816072754
20,HEURISTIC.LAZY,369.630112343621
20,HEURISTIC.LAZY,369.85011353236996
20,HEURISTIC.LAZY,370.71540690254346
20,HEURISTIC.LAZY,370.19606787276234
20,HEURISTIC.LAZY,370.6649390647355
20,HEURISTIC.LAZY,344.8250524955038
20,HEURISTIC.LAZY,369.9247748073452
20,HEURISTIC.LAZY,369.57209015628234
20,HEURISTIC.LAZY,370.66066590353785
20,HEURISTIC.LAZY,370.756316252115
20,HEURISTIC.LAZY,370.0292201634742
20,HEURISTIC.LAZY,370.25006009650735
20,HEURISTIC.LAZY,371.0882502624653
20,HEURISTIC.LAZY,370.59282143245906
20,HEURISTIC.LAZY,371.0459993709069
20,HEURISTIC.LAZY,326.52850851181233
20,HEURISTIC.LAZY,358.0072467629267
20,HEURISTIC.LAZY,357.9892685020667
20,HEURISTIC.LAZY,358.1080458752233
20,HEURISTIC.LAZY,357.23824709053815
20,HEURISTIC.LAZY,357.38964773634115
20,HEURISTIC.LAZY,358.1902207630541
20,HEURISTIC.LAZY,358.1688822977568
20,HEURISTIC.LAZY,357.8837940436422
20,HEURISTIC.LAZY,357.79632744640594
20,HEURISTIC.LAZY,338.84883314641434
20,HEURISTIC.LAZY,358.1141460298191
20,HEURISTIC.LAZY,358.1361728479302
20,HEURISTIC.LAZY,358.32415990951534
20,HEURISTIC.LAZY,357.7207405303619
20,HEURISTIC.LAZY,358.5914144031634
20,HEURISTIC.LAZY,358.019537492051
20,HEURISTIC.LAZY,358.6454753475731
20,HEURISTIC.LAZY,358.52080709050165
20,HEURISTIC.LAZY,358.4639729464536
20,HEURISTIC.LAZY,340.5115679483273
20,HEURISTIC.LAZY,359.64467739596466
20,HEURISTIC.LAZY,359.52101872745277
20,HEURISTIC.LAZY,359.2322665977523
20,HEURISTIC.LAZY,359.67467885527356
20,HEURISTIC.LAZY,359.07835646456056
20,HEURISTIC.LAZY,358.7674125927905
20,HEURISTIC.LAZY,358.89035940813596
20,HEURISTIC.LAZY,359.4374483945604
20,HEURISTIC.LAZY,359.2881611000496
20,HEURISTIC.LAZY,340.52097764590405
20,HEURISTIC.LAZY,360.05436767492165
20,HEURISTIC.LAZY,360.14370828908176
20,HEURISTIC.LAZY,359.63206576715015
20,HEURISTIC.LAZY,359.46812160817893
20,HEURISTIC.LAZY,360.2738182953991
20,HEURISTIC.LAZY,359.3746657113796
20,HEURISTIC.LAZY,359.5601114526004
20,HEURISTIC.LAZY,360.11983080253185
20,HEURISTIC.LAZY,359.99020481717076
20,HEURISTIC.LAZY,339.42047845474417
20,HEURISTIC.LAZY,359.8995221453927
20,HEURISTIC.LAZY,359.7213813363875
20,HEURISTIC.LAZY,360.1462945769333
20,HEURISTIC.LAZY,360.68172312015236
20,HEURISTIC.LAZY,360.5187263764144
20,HEURISTIC.LAZY,360.8611118142124
20,HEURISTIC.LAZY,360.799941711199
20,HEURISTIC.LAZY,361.0611139099798
20,HEURISTIC.LAZY,361.09133972363463
20,HEURISTIC.LAZY,344.04701542682403
20,HEURISTIC.LAZY,364.3403370083367
20,HEURISTIC.LAZY,363.7019825166286
20,HEURISTIC.LAZY,365.034481809778
20,HEURISTIC.LAZY,365.0982100380531
20,HEURISTIC.LAZY,364.0243366586843
20,HEURISTIC.LAZY,364.22851257537747
20,HEURISTIC.LAZY,364.58767877981666
20,HEURISTIC.LAZY,365.2615870600656
20,HEURISTIC.LAZY,365.15830124185686
20,HEURISTIC.LAZY,344.3200378590563
20,HEURISTIC.LAZY,365.0651846622337
20,HEURISTIC.LAZY,364.5356879373365
20,HEURISTIC.LAZY,365.7832360453125
20,HEURISTIC.LAZY,365.8612461850637
20,HEURISTIC.LAZY,364.9085853085126
20,HEURISTIC.LAZY,365.12033285353976
20,HEURISTIC.LAZY,365.47739130252467
20,HEURISTIC.LAZY,366.09346913856666
20,HEURISTIC.LAZY,366.0119473181146
20,HEURISTIC.LAZY,344.0448602429319
20,HEURISTIC.LAZY,364.5980703737475
20,HEURISTIC.LAZY,363.9619292945531
20,HEURISTIC.LAZY,365.2924754746283
20,HEURISTIC.LAZY,365.3564254118517
20,HEURISTIC.LAZY,364.28688665101237
20,HEURISTIC.LAZY,364.4916005811788
20,HEURISTIC.LAZY,364.850725112964
20,HEURISTIC.LAZY,365.5217718475402
20,HEURISTIC.LAZY,365.41943563300106
20,HEURISTIC.LAZY,339.8338228084412
20,HEURISTIC.LAZY,361.74693843846825
20,HEURISTIC.LAZY,361.8939509084198
20,HEURISTIC.LAZY,362.2342616236332
20,HEURISTIC.LAZY,362.4981923001162
20,HEURISTIC.LAZY,362.7442062102132
20,HEURISTIC.LAZY,362.9615980890996
20,HEURISTIC.LAZY,363.17773065154194
20,HEURISTIC.LAZY,363.17512154855996
20,HEURISTIC.LAZY,363.2784977819681
20,HEURISTIC.LAZY,344.00966322928184
20,HEURISTIC.LAZY,364.89240968423377
20,HEURISTIC.LAZY,364.23892561638485
20,HEURISTIC.LAZY,365.5815978216868
20,HEURISTIC.LAZY,365.64303767481925
20,HEURISTIC.LAZY,364.5573212553078
20,HEURISTIC.LAZY,364.76115660803407
20,HEURISTIC.LAZY,365.120339468363
20,HEURISTIC.LAZY,365.7978309052399
20,HEURISTIC.LAZY,365.69277807595233
20,HEURISTIC.LAZY,340.26016295383636
20,HEURISTIC.LAZY,362.2732632773766
20,HEURISTIC.LAZY,362.4971596582886
20,HEURISTIC.LAZY,362.6047821055281
20,HEURISTIC.LAZY,361.90848265910256
20,HEURISTIC.LAZY,363.14961502042513
20,HEURISTIC.LAZY,362.654923620879
20,HEURISTIC.LAZY,363.3298407805194
20,HEURISTIC.LAZY,362.88708965516196
20,HEURISTIC.LAZY,363.28895460563285
20,HEURISTIC.LAZY,340.08169948383585
20,HEURISTIC.LAZY,362.33370543876316
20,HEURISTIC.LAZY,362.3931160499338
20,HEURISTIC.LAZY,362.98676063406634
20,HEURISTIC.LAZY,362.9749163649807
20,HEURISTIC.LAZY,363.236896231823
20,HEURISTIC.LAZY,363.6647950652018
20,HEURISTIC.LAZY,363.74252742308045
20,HEURISTIC.LAZY,363.8491560752352
20,HEURISTIC.LAZY,363.87166489012213
20,HEURISTIC.LAZY,340.73968030404706
20,HEURISTIC.LAZY,362.99398545480835
20,HEURISTIC.LAZY,363.094129217876
20,HEURISTIC.LAZY,362.50603699681767
20,HEURISTIC.LAZY,362.7538074955983
20,HEURISTIC.LAZY,363.7409727768498
20,HEURISTIC.LAZY,363.4838654954183
20,HEURISTIC.LAZY,364.03718956965525
20,HEURISTIC.LAZY,363.7048574484993
20,HEURISTIC.LAZY,364.0402041602757
20,HEURISTIC.LAZY,340.49081534328445
20,HEURISTIC.LAZY,362.83964945606226
20,HEURISTIC.LAZY,362.95302470704485
20,HEURISTIC.LAZY,363.29673031974437
20,HEURISTIC.LAZY,363.75450912393876
20,HEURISTIC.LAZY,363.5725448970565
20,HEURISTIC.LAZY,364.3248796328944
20,HEURISTIC.LAZY,364.1787350720789
20,HEURISTIC.LAZY,364.4509124783051
20,HEURISTIC.LAZY,364.3453316334484
20,HEURISTIC.LAZY,344.0280315936685
20,HEURISTIC.LAZY,366.5380925761051
20,HEURISTIC.LAZY,365.92014619967915
20,HEURISTIC.LAZY,367.2342632466001
20,HEURISTIC.LAZY,367.2998778178912
20,HEURISTIC.LAZY,366.2671171706846
20,HEURISTIC.LAZY,366.4761173241461
20,HEURISTIC.LAZY,366.83435557624637
20,HEURISTIC.LAZY,367.4809793280719
20,HEURISTIC.LAZY,367.3865110547863
20,HEURISTIC.LAZY,344.6925161819793
20,HEURISTIC.LAZY,367.6222797487206
20,HEURISTIC.LAZY,367.2305963807566
20,HEURISTIC.LAZY,368.3567929509067
20,HEURISTIC.LAZY,368.4501165770133
20,HEURISTIC.LAZY,367.66333101592795
20,HEURISTIC.LAZY,367.88215286701393
20,HEURISTIC.LAZY,368.7626483894555
20,HEURISTIC.LAZY,368.231085354854
20,HEURISTIC.LAZY,368.71013908957184
20,HEURISTIC.LAZY,344.0814200738054
20,HEURISTIC.LAZY,367.37329647823765
20,HEURISTIC.LAZY,366.80308566695635
20,HEURISTIC.LAZY,368.07938096156533
20,HEURISTIC.LAZY,368.15070659271595
20,HEURISTIC.LAZY,367.1770189604846
20,HEURISTIC.LAZY,367.3899386533785
20,HEURISTIC.LAZY,367.7462376174477
20,HEURISTIC.LAZY,368.3620557609164
20,HEURISTIC.LAZY,368.2783360253975
20,HEURISTIC.LAZY,344.7678273999179
20,HEURISTIC.LAZY,368.6574221864273
20,HEURISTIC.LAZY,368.3108138998622
20,HEURISTIC.LAZY,369.3946472348863
20,HEURISTIC.LAZY,369.49221128322006
20,HEURISTIC.LAZY,368.7622668187646
20,HEURISTIC.LAZY,368.9826212997541
20,HEURISTIC.LAZY,369.82868302194
20,HEURISTIC.LAZY,369.32727378331975
20,HEURISTIC.LAZY,369.78579000909167
20,HEURISTIC.LAZY,344.4197049268594
20,HEURISTIC.LAZY,369.05620989367026
20,HEURISTIC.LAZY,368.65791997383565
20,HEURISTIC.LAZY,369.7880920004604
20,HEURISTIC.LAZY,369.878781281451
20,HEURISTIC.LAZY,369.1013554643445
20,HEURISTIC.LAZY,369.3213566530934
20,HEURISTIC.LAZY,370.18665002326696
20,HEURISTIC.LAZY,369.66731099348584
20,HEURISTIC.LAZY,370.136182185459
20,HEURISTIC.LAZY,344.56623637341625
20,HEURISTIC.LAZY,369.4046803436234
20,HEURISTIC.LAZY,369.0519956925606
20,HEURISTIC.LAZY,370.140571439816
20,HEURISTIC.LAZY,370.2362217883932
20,HEURISTIC.LAZY,369.50912569975236
20,HEURISTIC.LAZY,369.72996563278554
20,HEURISTIC.LAZY,370.5681557987434
20,HEURISTIC.LAZY,370.07272696873724
20,HEURISTIC.LAZY,370.525904907185
20,HEURISTIC.LAZY,326.80936775539556
20,HEURISTIC.LAZY,358.30019563799465
20,HEURISTIC.LAZY,358.28221737713466
20,HEURISTIC.LAZY,358.40099475029126
20,HEURISTIC.LAZY,357.531195965606
20,HEURISTIC.LAZY,357.68259661140905
20,HEURISTIC.LAZY,358.48316963812204
20,HEURISTIC.LAZY,358.46183117282476
20,HEURISTIC.LAZY,358.17674291871003
20,HEURISTIC.LAZY,358.0892763214739
20,HEURISTIC.LAZY,339.0021564898375
20,HEURISTIC.LAZY,358.40388940814455
20,HEURISTIC.LAZY,358.42591622625565
20,HEURISTIC.LAZY,358.6139032878408
20,HEURISTIC.LAZY,358.0104839086874
20,HEURISTIC.LAZY,358.8811577814888
20,HEURISTIC.LAZY,358.30928087037637
20,HEURISTIC.LAZY,358.9352187258986
20,HEURISTIC.LAZY,358.81055046882705
20,HEURISTIC.LAZY,358.753716324779
20,HEURISTIC.LAZY,340.6674965285596
20,HEURISTIC.LAZY,359.9396312479084
20,HEURISTIC.LAZY,359.81597257939654
20,HEURISTIC.LAZY,359.527220449696
20,HEURISTIC.LAZY,359.9696327072172
20,HEURISTIC.LAZY,359.3733103165043
20,HEURISTIC.LAZY,359.06236644473415
20,HEURISTIC.LAZY,359.18531326007974
20,HEURISTIC.LAZY,359.7324022465042
20,HEURISTIC.LAZY,359.5831149519933
20,HEURISTIC.LAZY,340.67667762057954
20,HEURISTIC.LAZY,360.3488643157517
20,HEURISTIC.LAZY,360.4382049299119
20,HEURISTIC.LAZY,359.92656240798027
20,HEURISTIC.LAZY,359.76261824900905
20,HEURISTIC.LAZY,360.5683149362292
20,HEURISTIC.LAZY,359.6691623522097
20,HEURISTIC.LAZY,359.85460809343056
20,HEURISTIC.LAZY,360.41432744336197
20,HEURISTIC.LAZY,360.2847014580009
20,HEURISTIC.LAZY,339.57029242723894
20,HEURISTIC.LAZY,360.1822467818614
20,HEURISTIC.LAZY,360.00410597285617
20,HEURISTIC.LAZY,360.42901921340194
20,HEURISTIC.LAZY,360.9644477566211
20,HEURISTIC.LAZY,360.80145101288315
20,HEURISTIC.LAZY,361.1438364506811
20,HEURISTIC.LAZY,361.08266634766767
20,HEURISTIC.LAZY,361.3438385464485
20,HEURISTIC.LAZY,361.3740643601034
20,HEURISTIC.LAZY,344.1678470074528
20,HEURISTIC.LAZY,364.56509686107324
20,HEURISTIC.LAZY,363.9267423693651
20,HEURISTIC.LAZY,365.25924166251457
20,HEURISTIC.LAZY,365.32296989078964
20,HEURISTIC.LAZY,364.24909651142093
20,HEURISTIC.LAZY,364.453272428114
20,HEURISTIC.LAZY,364.81243863255315
20,HEURISTIC.LAZY,365.48634691280216
20,HEURISTIC.LAZY,365.38306109459336
20,HEURISTIC.LAZY,344.4326635642956
20,HEURISTIC.LAZY,365.2735327641914
20,HEURISTIC.LAZY,364.74403603929414
20,HEURISTIC.LAZY,365.99158414727015
20,HEURISTIC.LAZY,366.06959428702135
20,HEURISTIC.LAZY,365.11693341047027
20,HEURISTIC.LAZY,365.3286809554974
20,HEURISTIC.LAZY,365.6857394044823
20,HEURISTIC.LAZY,366.3018172405243
20,HEURISTIC.LAZY,366.22029542007226
20,HEURISTIC.LAZY,344.1659170797584
20,HEURISTIC.LAZY,364.8232807388796
20,HEURISTIC.LAZY,364.18713965968516
20,HEURISTIC.LAZY,365.5176858397604
20,HEURISTIC.LAZY,365.58163577698383
20,HEURISTIC.LAZY,364.5120970161445
20,HEURISTIC.LAZY,364.71681094631094
20,HEURISTIC.LAZY,365.0759354780962
20,HEURISTIC.LAZY,365.74698221267226
20,HEURISTIC.LAZY,365.64464599813317
20,HEURISTIC.LAZY,339.9827069625087
20,HEURISTIC.LAZY,362.0278034380824
20,HEURISTIC.LAZY,362.174815908034
20,HEURISTIC.LAZY,362.51512662324734
20,HEURISTIC.LAZY,362.7790572997303
20,HEURISTIC.LAZY,363.0250712098273
20,HEURISTIC.LAZY,363.24246308871375
20,HEURISTIC.LAZY,363.4585956511561
20,HEURISTIC.LAZY,363.4559865481741
20,HEURISTIC.LAZY,363.5593627815822
20,HEURISTIC.LAZY,344.13233331558365
20,HEURISTIC.LAZY,365.1208465483166
20,HEURISTIC.LAZY,364.46736248046767
20,HEURISTIC.LAZY,365.8100346857696
20,HEURISTIC.LAZY,365.8714745389021
20,HEURISTIC.LAZY,364.7857581193906
20,HEURISTIC.LAZY,364.9895934721169
20,HEURISTIC.LAZY,365.3487763324458
20,HEURISTIC.LAZY,366.0262677693227
20,HEURISTIC.LAZY,365.92121494003516
20,HEURISTIC.LAZY,340.41416874102
20,HEURISTIC.LAZY,362.56437154322305
20,HEURISTIC.LAZY,362.788267924135
20,HEURISTIC.LAZY,362.89589037137455
20,HEURISTIC.LAZY,362.199590924949
20,HEURISTIC.LAZY,363.4407232862716
20,HEURISTIC.LAZY,362.94603188672545
20,HEURISTIC.LAZY,363.62094904636587
20,HEURISTIC.LAZY,363.1781979210084
20,HEURISTIC.LAZY,363.5800628714793
20,HEURISTIC.LAZY,340.23085482822967
20,HEURISTIC.LAZY,362.6151128190299
20,HEURISTIC.LAZY,362.6745234302005
20,HEURISTIC.LAZY,363.26816801433307
20,HEURISTIC.LAZY,363.2563237452474
20,HEURISTIC.LAZY,363.5183036120897
20,HEURISTIC.LAZY,363.94620244546854
20,HEURISTIC.LAZY,364.0239348033472
20,HEURISTIC.LAZY,364.13056345550194
20,HEURISTIC.LAZY,364.15307227038886
20,HEURISTIC.LAZY,340.89270116188254
20,HEURISTIC.LAZY,363.2831238619584
20,HEURISTIC.LAZY,363.38326762502606
20,HEURISTIC.LAZY,362.79517540396773
20,HEURISTIC.LAZY,363.0429459027484
20,HEURISTIC.LAZY,364.03011118399985
20,HEURISTIC.LAZY,363.77300390256835
20,HEURISTIC.LAZY,364.3263279768053
20,HEURISTIC.LAZY,363.99399585564936
20,HEURISTIC.LAZY,364.3293425674258
20,HEURISTIC.LAZY,340.6410354811188
20,HEURISTIC.LAZY,363.1231864232102
20,HEURISTIC.LAZY,363.2365616741928
20,HEURISTIC.LAZY,363.5802672868923
20,HEURISTIC.LAZY,364.0380460910867
20,HEURISTIC.LAZY,363.85608186420444
20,HEURISTIC.LAZY,364.60841660004235
20,HEURISTIC.LAZY,364.46227203922683
20,HEURISTIC.LAZY,364.73444944545304
20,HEURISTIC.LAZY,364.6288686005963
20,HEURISTIC.LAZY,344.1506997324735
20,HEURISTIC.LAZY,366.7665255451943
20,HEURISTIC.LAZY,366.1485791687684
20,HEURISTIC.LAZY,367.4626962156893
20,HEURISTIC.LAZY,367.52831078698034
20,HEURISTIC.LAZY,366.49555013977374
20,HEURISTIC.LAZY,366.70455029323523
20,HEURISTIC.LAZY,367.0627885453355
20,HEURISTIC.LAZY,367.70941229716107
20,HEURISTIC.LAZY,367.6149440238755
20,HEURISTIC.LAZY,344.7995239773671
20,HEURISTIC.LAZY,367.81939203097534
20,HEURISTIC.LAZY,367.42770866301134
20,HEURISTIC.LAZY,368.55390523316146
20,HEURISTIC.LAZY,368.64722885926807
20,HEURISTIC.LAZY,367.86044329818264
20,HEURISTIC.LAZY,368.0792651492686
20,HEURISTIC.LAZY,368.9597606717102
20,HEURISTIC.LAZY,368.4281976371087
20,HEURISTIC.LAZY,368.90725137182653
20,HEURISTIC.LAZY,344.2027480062684
20,HEURISTIC.LAZY,367.5990490346428
20,HEURISTIC.LAZY,367.0288382233615
20,HEURISTIC.LAZY,368.3051335179705
20,HEURISTIC.LAZY,368.3764591491211
20,HEURISTIC.LAZY,367.40277151688974
20,HEURISTIC.LAZY,367.6156912097837
20,HEURISTIC.LAZY,367.9719901738529
20,HEURISTIC.LAZY,368.58780831732156
20,HEURISTIC.LAZY,368.50408858180265
20,HEURISTIC.LAZY,344.87492303647883
20,HEURISTIC.LAZY,368.8547101510283
20,HEURISTIC.LAZY,368.5081018644632
20,HEURISTIC.LAZY,369.59193519948735
20,HEURISTIC.LAZY,369.689499247821
20,HEURISTIC.LAZY,368.95955478336566
20,HEURISTIC.LAZY,369.17990926435516
20,HEURISTIC.LAZY,370.025970986541
20,HEURISTIC.LAZY,369.52456174792076
20,HEURISTIC.LAZY,369.9830779736926
20,HEURISTIC.LAZY,344.5343882207551
20,HEURISTIC.LAZY,369.26867317294074
20,HEURISTIC.LAZY,368.87038325310607
20,HEURISTIC.LAZY,370.00055527973086
20,HEURISTIC.LAZY,370.0912445607215
20,HEURISTIC.LAZY,369.313818743615
20,HEURISTIC.LAZY,369.53381993236394
20,HEURISTIC.LAZY,370.39911330253744
20,HEURISTIC.LAZY,369.8797742727563
20,HEURISTIC.LAZY,370.3486454647295
20,HEURISTIC.LAZY,344.67843524501495
20,HEURISTIC.LAZY,369.61217477829996
20,HEURISTIC.LAZY,369.2594901272371
20,HEURISTIC.LAZY,370.3480658744926
20,HEURISTIC.LAZY,370.44371622306977
20,HEURISTIC.LAZY,369.7166201344289
20,HEURISTIC.LAZY,369.9374600674621
20,HEURISTIC.LAZY,370.77565023342004
20,HEURISTIC.LAZY,370.2802214034138
20,HEURISTIC.LAZY,370.7333993418616
20,HEURISTIC.LAZY,328.57778919643005
20,HEURISTIC.LAZY,360.4914050972809
20,HEURISTIC.LAZY,360.4734268364209
20,HEURISTIC.LAZY,360.5922042095775
20,HEURISTIC.LAZY,359.72240542489226
20,HEURISTIC.LAZY,359.8738060706953
20,HEURISTIC.LAZY,360.6743790974083
20,HEURISTIC.LAZY,360.653040632111
20,HEURISTIC.LAZY,360.3679523779963
20,HEURISTIC.LAZY,360.28048578076016
20,HEURISTIC.LAZY,340.29639710929007
20,HEURISTIC.LAZY,360.6001487258431
20,HEURISTIC.LAZY,360.6221755439542
20,HEURISTIC.LAZY,360.81016260553935
20,HEURISTIC.LAZY,360.2067432263859
20,HEURISTIC.LAZY,361.0774170991874
20,HEURISTIC.LAZY,360.505540188075
20,HEURISTIC.LAZY,361.1314780435971
20,HEURISTIC.LAZY,361.00680978652565
20,HEURISTIC.LAZY,360.9499756424776
20,HEURISTIC.LAZY,341.9565904754088
20,HEURISTIC.LAZY,362.1255972204002
20,HEURISTIC.LAZY,362.0019385518883
20,HEURISTIC.LAZY,361.71318642218785
20,HEURISTIC.LAZY,362.1555986797091
20,HEURISTIC.LAZY,361.5592762889961
20,HEURISTIC.LAZY,361.24833241722604
20,HEURISTIC.LAZY,361.3712792325715
20,HEURISTIC.LAZY,361.91836821899597
20,HEURISTIC.LAZY,361.76908092448514
20,HEURISTIC.LAZY,341.9664502410865
20,HEURISTIC.LAZY,362.53618763555903
20,HEURISTIC.LAZY,362.6255282497192
20,HEURISTIC.LAZY,362.1138857277876
20,HEURISTIC.LAZY,361.94994156881637
20,HEURISTIC.LAZY,362.75563825603655
20,HEURISTIC.LAZY,361.856485672017
20,HEURISTIC.LAZY,362.0419314132379
20,HEURISTIC.LAZY,362.6016507631693
20,HEURISTIC.LAZY,362.4720247778082
20,HEURISTIC.LAZY,340.8657260273616
20,HEURISTIC.LAZY,362.38089206090007
20,HEURISTIC.LAZY,362.2027512518948
20,HEURISTIC.LAZY,362.62766449244066
20,HEURISTIC.LAZY,363.1630930356597
20,HEURISTIC.LAZY,363.00009629192175
20,HEURISTIC.LAZY,363.34248172971974
20,HEURISTIC.LAZY,363.2813116267063
20,HEURISTIC.LAZY,363.5424838254871
20,HEURISTIC.LAZY,363.572709639142
20,HEURISTIC.LAZY,344.99656289825487
20,HEURISTIC.LAZY,365.83030672147095
20,HEURISTIC.LAZY,365.1919522297628
20,HEURISTIC.LAZY,366.5244515229123
20,HEURISTIC.LAZY,366.58817975118734
20,HEURISTIC.LAZY,365.51430637181863
20,HEURISTIC.LAZY,365.7184822885117
20,HEURISTIC.LAZY,366.07764849295086
20,HEURISTIC.LAZY,366.75155677319987
20,HEURISTIC.LAZY,366.64827095499106
20,HEURISTIC.LAZY,345.19877971087897
20,HEURISTIC.LAZY,366.4135431361517
20,HEURISTIC.LAZY,365.8840464112545
20,HEURISTIC.LAZY,367.1315945192305
20,HEURISTIC.LAZY,367.2096046589817
20,HEURISTIC.LAZY,366.2569437824306
20,HEURISTIC.LAZY,366.46869132745775
20,HEURISTIC.LAZY,366.82574977644265
20,HEURISTIC.LAZY,367.44182761248464
20,HEURISTIC.LAZY,367.3603057920326
20,HEURISTIC.LAZY,344.99601620996447
20,HEURISTIC.LAZY,366.09125707808516
20,HEURISTIC.LAZY,365.45511599889073
20,HEURISTIC.LAZY,366.785662178966
20,HEURISTIC.LAZY,366.8496121161894
20,HEURISTIC.LAZY,365.78007335535005
20,HEURISTIC.LAZY,365.9847872855165
20,HEURISTIC.LAZY,366.3439118173018
20,HEURISTIC.LAZY,367.01495855187784
20,HEURISTIC.LAZY,366.91262233733875
20,HEURISTIC.LAZY,344.97450658703747
20,HEURISTIC.LAZY,366.4129711700176
20,HEURISTIC.LAZY,365.7594871021687
20,HEURISTIC.LAZY,367.10215930747063
20,HEURISTIC.LAZY,367.1635991606031
20,HEURISTIC.LAZY,366.0778827410916
20,HEURISTIC.LAZY,366.2817180938179
20,HEURISTIC.LAZY,366.6409009541468
20,HEURISTIC.LAZY,367.31839239102374
20,HEURISTIC.LAZY,367.2133395617361
20,HEURISTIC.LAZY,341.27776913429125
20,HEURISTIC.LAZY,364.22570586044105
20,HEURISTIC.LAZY,364.3727183303927
20,HEURISTIC.LAZY,364.713029045606
20,HEURISTIC.LAZY,364.97695972208896
20,HEURISTIC.LAZY,365.2229736321859
20,HEURISTIC.LAZY,365.4403655110724
20,HEURISTIC.LAZY,365.65649807351474
20,HEURISTIC.LAZY,365.65388897053276
20,HEURISTIC.LAZY,365.75726520394085
20,HEURISTIC.LAZY,341.70752833084646
20,HEURISTIC.LAZY,364.7588688016695
20,HEURISTIC.LAZY,364.9827651825815
20,HEURISTIC.LAZY,365.090387629821
20,HEURISTIC.LAZY,364.3940881833955
20,HEURISTIC.LAZY,365.6352205447181
20,HEURISTIC.LAZY,365.14052914517185
20,HEURISTIC.LAZY,365.8154463048123
20,HEURISTIC.LAZY,365.3726951794549
20,HEURISTIC.LAZY,365.77456012992576
20,HEURISTIC.LAZY,341.52604620920124
20,HEURISTIC.LAZY,364.81327365976654
20,HEURISTIC.LAZY,364.87268427093716
20,HEURISTIC.LAZY,365.4663288550697
20,HEURISTIC.LAZY,365.454484585984
20,HEURISTIC.LAZY,365.71646445282636
20,HEURISTIC.LAZY,366.14436328620513
20,HEURISTIC.LAZY,366.2220956440839
20,HEURISTIC.LAZY,366.3287242962386
20,HEURISTIC.LAZY,366.35123311112557
20,HEURISTIC.LAZY,342.1872475639352
20,HEURISTIC.LAZY,365.4799947448573
20,HEURISTIC.LAZY,365.58013850792497
20,HEURISTIC.LAZY,364.99204628686675
20,HEURISTIC.LAZY,365.23981678564735
20,HEURISTIC.LAZY,366.2269820668988
20,HEURISTIC.LAZY,365.96987478546725
20,HEURISTIC.LAZY,366.5231988597043
20,HEURISTIC.LAZY,366.19086673854827
20,HEURISTIC.LAZY,366.5262134503248
20,HEURISTIC.LAZY,341.9365509405809
20,HEURISTIC.LAZY,365.32199542092775
20,HEURISTIC.LAZY,365.43537067191033
20,HEURISTIC.LAZY,365.7790762846098
20,HEURISTIC.LAZY,366.2368550888043
20,HEURISTIC.LAZY,366.054890861922
20,HEURISTIC.LAZY,366.8072255977599
20,HEURISTIC.LAZY,366.66108103694444
20,HEURISTIC.LAZY,366.93325844317053
20,HEURISTIC.LAZY,366.8276775983138
20,HEURISTIC.LAZY,345.5210969480829
20,HEURISTIC.LAZY,368.8703160512006
20,HEURISTIC.LAZY,368.4786326832366
20,HEURISTIC.LAZY,369.6048292533867
20,HEURISTIC.LAZY,369.6981528794933
20,HEURISTIC.LAZY,368.9113673184079
20,HEURISTIC.LAZY,369.13018916949386
20,HEURISTIC.LAZY,370.01068469193547
20,HEURISTIC.LAZY,369.47912165733396
20,HEURISTIC.LAZY,369.95817539205177
20,HEURISTIC.LAZY,344.9909303337965
20,HEURISTIC.LAZY,368.0547648266337
20,HEURISTIC.LAZY,367.43681845020774
20,HEURISTIC.LAZY,368.7509354971287
20,HEURISTIC.LAZY,368.81655006841976
20,HEURISTIC.LAZY,367.7837894212132
20,HEURISTIC.LAZY,367.9927895746747
20,HEURISTIC.LAZY,368.35102782677495
20,HEURISTIC.LAZY,368.9976515786005
20,HEURISTIC.LAZY,368.9031833053149
20,HEURISTIC.LAZY,345.03165594836065
20,HEURISTIC.LAZY,368.86464299762076
20,HEURISTIC.LAZY,368.29443218633946
20,HEURISTIC.LAZY,369.57072748094845
20,HEURISTIC.LAZY,369.64205311209906
20,HEURISTIC.LAZY,368.6683654798677
20,HEURISTIC.LAZY,368.88128517276164
20,HEURISTIC.LAZY,369.23758413683083
20,HEURISTIC.LAZY,369.8534022802995
20,HEURISTIC.LAZY,369.7696825447806
20,HEURISTIC.LAZY,345.5958328207097
20,HEURISTIC.LAZY,369.90430779828347
20,HEURISTIC.LAZY,369.55769951171834
20,HEURISTIC.LAZY,370.6415328467425
20,HEURISTIC.LAZY,370.73909689507616
20,HEURISTIC.LAZY,370.0091524306208
20,HEURISTIC.LAZY,370.2295069116103
20,HEURISTIC.LAZY,371.07556863379614
20,HEURISTIC.LAZY,370.5741593951759
20,HEURISTIC.LAZY,371.03267562094777
20,HEURISTIC.LAZY,345.31083829120615
20,HEURISTIC.LAZY,370.4293513926363
20,HEURISTIC.LAZY,370.03106147280164
20,HEURISTIC.LAZY,371.16123349942643
20,HEURISTIC.LAZY,371.2519227804171
20,HEURISTIC.LAZY,370.47449696331057
20,HEURISTIC.LAZY,370.6944981520595
20,HEURISTIC.LAZY,371.559791522233
20,HEURISTIC.LAZY,371.0404524924519
20,HEURISTIC.LAZY,371.50932368442506
20,HEURISTIC.LAZY,345.4359604096682
20,HEURISTIC.LAZY,370.73500318640004
20,HEURISTIC.LAZY,370.38231853533716
20,HEURISTIC.LAZY,371.47089428259267
20,HEURISTIC.LAZY,371.56654463116985
20,HEURISTIC.LAZY,370.839448542529
20,HEURISTIC.LAZY,371.0602884755622
20,HEURISTIC.LAZY,371.8984786415201
20,HEURISTIC.LAZY,371.4030498115139
20,HEURISTIC.LAZY,371.8562277499617
20,HEURISTIC.LAZY,325.9321116413545
20,HEURISTIC.LAZY,357.9922772611849
20,HEURISTIC.LAZY,357.9742990003249
20,HEURISTIC.LAZY,358.0930763734815
20,HEURISTIC.LAZY,357.22327758879624
20,HEURISTIC.LAZY,357.3746782345993
20,HEURISTIC.LAZY,358.17525126131227
20,HEURISTIC.LAZY,358.153912796015
20,HEURISTIC.LAZY,357.86882454190027
20,HEURISTIC.LAZY,357.78135794466414
20,HEURISTIC.LAZY,339.16940502521425
20,HEURISTIC.LAZY,358.1468039128658
20,HEURISTIC.LAZY,358.1688307309769
20,HEURISTIC.LAZY,358.356817792562
20,HEURISTIC.LAZY,357.7533984134086
20,HEURISTIC.LAZY,358.6240722862101
20,HEURISTIC.LAZY,358.05219537509765
20,HEURISTIC.LAZY,358.6781332306198
20,HEURISTIC.LAZY,358.55346497354833
20,HEURISTIC.LAZY,358.4966308295003
20,HEURISTIC.LAZY,340.7906856694989
20,HEURISTIC.LAZY,359.5944269637547
20,HEURISTIC.LAZY,359.4707682952428
20,HEURISTIC.LAZY,359.18201616554234
20,HEURISTIC.LAZY,359.6244284230636
20,HEURISTIC.LAZY,359.0281060323506
20,HEURISTIC.LAZY,358.71716216058053
20,HEURISTIC.LAZY,358.840108975926
20,HEURISTIC.LAZY,359.38719796235046
20,HEURISTIC.LAZY,359.2379106678396
20,HEURISTIC.LAZY,340.8037400381718
20,HEURISTIC.LAZY,360.01140658490385
20,HEURISTIC.LAZY,360.100747199064
20,HEURISTIC.LAZY,359.5891046771324
20,HEURISTIC.LAZY,359.4251605181612
20,HEURISTIC.LAZY,360.23085720538137
20,HEURISTIC.LAZY,359.33170462136184
20,HEURISTIC.LAZY,359.5171503625827
20,HEURISTIC.LAZY,360.0768697125141
20,HEURISTIC.LAZY,359.947243727153
20,HEURISTIC.LAZY,339.78468948308245
20,HEURISTIC.LAZY,360.0194583275161
20,HEURISTIC.LAZY,359.84131751851083
20,HEURISTIC.LAZY,360.2662307590566
20,HEURISTIC.LAZY,360.80165930227577
20,HEURISTIC.LAZY,360.6386625585378
20,HEURISTIC.LAZY,360.98104799633575
20,HEURISTIC.LAZY,360.91987789332234
20,HEURISTIC.LAZY,361.1810500921032
20,HEURISTIC.LAZY,361.21127590575804
20,HEURISTIC.LAZY,344.0116170200387
20,HEURISTIC.LAZY,363.6610543202129
20,HEURISTIC.LAZY,363.02269982850476
20,HEURISTIC.LAZY,364.3551991216542
20,HEURISTIC.LAZY,364.4189273499293
20,HEURISTIC.LAZY,363.34505397056057
20,HEURISTIC.LAZY,363.54922988725366
20,HEURISTIC.LAZY,363.9083960916928
20,HEURISTIC.LAZY,364.5823043719418
20,HEURISTIC.LAZY,364.479018553733
20,HEURISTIC.LAZY,344.2863283723152
20,HEURISTIC.LAZY,364.38927981419846
20,HEURISTIC.LAZY,363.85978308930123
20,HEURISTIC.LAZY,365.1073311972773
20,HEURISTIC.LAZY,365.1853413370285
20,HEURISTIC.LAZY,364.23268046047735
20,HEURISTIC.LAZY,364.4444280055045
20,HEURISTIC.LAZY,364.80148645448946
20,HEURISTIC.LAZY,365.41756429053135
20,HEURISTIC.LAZY,365.3360424700793
20,HEURISTIC.LAZY,344.0094804270844
20,HEURISTIC.LAZY,363.91882486749915
20,HEURISTIC.LAZY,363.2826837883048
20,HEURISTIC.LAZY,364.61322996838
20,HEURISTIC.LAZY,364.6771799056034
20,HEURISTIC.LAZY,363.60764114476405
20,HEURISTIC.LAZY,363.81235507493045
20,HEURISTIC.LAZY,364.1714796067157
20,HEURISTIC.LAZY,364.8425263412919
20,HEURISTIC.LAZY,364.74019012675274
20,HEURISTIC.LAZY,343.9745267038776
20,HEURISTIC.LAZY,364.2136507588722
20,HEURISTIC.LAZY,363.56016669102326
20,HEURISTIC.LAZY,364.9028388963252
20,HEURISTIC.LAZY,364.96427874945766
20,HEURISTIC.LAZY,363.8785623299462
20,HEURISTIC.LAZY,364.0823976826725
20,HEURISTIC.LAZY,364.44158054300135
20,HEURISTIC.LAZY,365.1190719798783
20,HEURISTIC.LAZY,365.0140191505907
20,HEURISTIC.LAZY,340.20744412097633
20,HEURISTIC.LAZY,361.8856951889854
20,HEURISTIC.LAZY,362.03270765893694
20,HEURISTIC.LAZY,362.3730183741503
20,HEURISTIC.LAZY,362.63694905063335
20,HEURISTIC.LAZY,362.8829629607303
20,HEURISTIC.LAZY,363.1003548396167
20,HEURISTIC.LAZY,363.31648740205907
20,HEURISTIC.LAZY,363.3138782990771
20,HEURISTIC.LAZY,363.41725453248523
20,HEURISTIC.LAZY,340.5682757024525
20,HEURISTIC.LAZY,362.2810029000559
20,HEURISTIC.LAZY,362.5048992809679
20,HEURISTIC.LAZY,362.6125217282074
20,HEURISTIC.LAZY,361.91622228178187
20,HEURISTIC.LAZY,363.15735464310444
20,HEURISTIC.LAZY,362.6626632435583
20,HEURISTIC.LAZY,363.33758040319873
20,HEURISTIC.LAZY,362.89482927784127
20,HEURISTIC.LAZY,363.29669422831216
20,HEURISTIC.LAZY,340.4518649515538
20,HEURISTIC.LAZY,362.4655504996459
20,HEURISTIC.LAZY,362.5249611108165
20,HEURISTIC.LAZY,363.11860569494905
20,HEURISTIC.LAZY,363.1067614258634
20,HEURISTIC.LAZY,363.3687412927057
20,HEURISTIC.LAZY,363.7966401260845
20,HEURISTIC.LAZY,363.87437248396316
20,HEURISTIC.LAZY,363.9810011361179
20,HEURISTIC.LAZY,364.00350995100484
20,HEURISTIC.LAZY,341.061470960723
20,HEURISTIC.LAZY,363.0290808936071
20,HEURISTIC.LAZY,363.12922465667475
20,HEURISTIC.LAZY,362.54113243561653
20,HEURISTIC.LAZY,362.78890293439713
20,HEURISTIC.LAZY,363.7760682156486
20,HEURISTIC.LAZY,363.51896093421703
20,HEURISTIC.LAZY,364.07228500845406
20,HEURISTIC.LAZY,363.73995288729805
20,HEURISTIC.LAZY,364.0752995990746
20,HEURISTIC.LAZY,340.8482133951615
20,HEURISTIC.LAZY,362.94595968526323
20,HEURISTIC.LAZY,363.0593349362458
20,HEURISTIC.LAZY,363.40304054894534
20,HEURISTIC.LAZY,363.86081935313973
20,HEURISTIC.LAZY,363.6788551262575
20,HEURISTIC.LAZY,364.4311898620954
20,HEURISTIC.LAZY,364.28504530127987
20,HEURISTIC.LAZY,364.55722270750607
20,HEURISTIC.LAZY,364.45164186264935
20,HEURISTIC.LAZY,343.99289919390515
20,HEURISTIC.LAZY,365.8593419020252
20,HEURISTIC.LAZY,365.2413955255993
20,HEURISTIC.LAZY,366.55551257252023
20,HEURISTIC.LAZY,366.6211271438113
20,HEURISTIC.LAZY,365.58836649660475
20,HEURISTIC.LAZY,365.79736665006624
20,HEURISTIC.LAZY,366.1556049021665
20,HEURISTIC.LAZY,366.802228653992
20,HEURISTIC.LAZY,366.7077603807064
20,HEURISTIC.LAZY,344.662222460712
20,HEURISTIC.LAZY,366.9532064316328
20,HEURISTIC.LAZY,366.5615230636688
20,HEURISTIC.LAZY,367.6877196338189
20,HEURISTIC.LAZY,367.7810432599255
20,HEURISTIC.LAZY,366.9942576988401
20,HEURISTIC.LAZY,367.2130795499261
20,HEURISTIC.LAZY,368.0935750723677
20,HEURISTIC.LAZY,367.5620120377662
20,HEURISTIC.LAZY,368.041065772484
20,HEURISTIC.LAZY,344.0460718176155
20,HEURISTIC.LAZY,366.69411409130464
20,HEURISTIC.LAZY,366.1239032800234
20,HEURISTIC.LAZY,367.40019857463244
20,HEURISTIC.LAZY,367.471524205783
20,HEURISTIC.LAZY,366.4978365735516
20,HEURISTIC.LAZY,366.7107562664455
20,HEURISTIC.LAZY,367.0670552305147
20,HEURISTIC.LAZY,367.6828733739834
20,HEURISTIC.LAZY,367.59915363846454
20,HEURISTIC.LAZY,344.73743936129176
20,HEURISTIC.LAZY,367.9881602346219
20,HEURISTIC.LAZY,367.64155194805676
20,HEURISTIC.LAZY,368.72538528308087
20,HEURISTIC.LAZY,368.82294933141463
20,HEURISTIC.LAZY,368.0930048669592
20,HEURISTIC.LAZY,368.3133593479487
20,HEURISTIC.LAZY,369.15942107013456
20,HEURISTIC.LAZY,368.65801183151433
20,HEURISTIC.LAZY,369.11652805728625
20,HEURISTIC.LAZY,344.3851331661085
20,HEURISTIC.LAZY,368.3785804976153
20,HEURISTIC.LAZY,367.9802905777807
20,HEURISTIC.LAZY,369.1104626044054
20,HEURISTIC.LAZY,369.20115188539603
20,HEURISTIC.LAZY,368.42372606828957
20,HEURISTIC.LAZY,368.64372725703845
20,HEURISTIC.LAZY,369.509020627212
20,HEURISTIC.LAZY,368.9896815974309
20,HEURISTIC.LAZY,369.45855278940405
20,HEURISTIC.LAZY,344.53267051492173
20,HEURISTIC.LAZY,368.72906275208123
20,HEURISTIC.LAZY,368.3763781010184
20,HEURISTIC.LAZY,369.4649538482738
20,HEURISTIC.LAZY,369.56060419685105
20,HEURISTIC.LAZY,368.8335081082102
20,HEURISTIC.LAZY,369.0543480412434
20,HEURISTIC.LAZY,369.89253820720126
20,HEURISTIC.LAZY,369.3971093771951
20,HEURISTIC.LAZY,369.85028731564284
20,HEURISTIC.LAZY,329.0458239844056
20,HEURISTIC.SIMPLE_COLLISION,194.44162958219232
20,HEURISTIC.SIMPLE_COLLISION,345.5594090968899
20,HEURISTIC.SIMPLE_COLLISION,345.1710942063487
20,HEURISTIC.SIMPLE_COLLISION,345.527793744863
20,HEURISTIC.SIMPLE_COLLISION,345.9274580676006
20,HEURISTIC.SIMPLE_COLLISION,346.67316230841345
20,HEURISTIC.SIMPLE_COLLISION,346.25173878994076
20,HEURISTIC.SIMPLE_COLLISION,346.5536496172114
20,HEURISTIC.SIMPLE_COLLISION,346.63483795204456
20,HEURISTIC.SIMPLE_COLLISION,346.8496524046254
20,HEURISTIC.SIMPLE_COLLISION,346.8487921896336
20,HEURISTIC.SIMPLE_COLLISION,331.9465867035774
20,HEURISTIC.SIMPLE_COLLISION,345.2412963027275
20,HEURISTIC.SIMPLE_COLLISION,345.6296111932687
20,HEURISTIC.SIMPLE_COLLISION,345.5979958412418
20,HEURISTIC.SIMPLE_COLLISION,345.9976601639794
20,HEURISTIC.SIMPLE_COLLISION,346.32194088631957
20,HEURISTIC.SIMPLE_COLLISION,346.70504004842337
20,HEURISTIC.SIMPLE_COLLISION,346.74336440479226
20,HEURISTIC.SIMPLE_COLLISION,346.6238517135902
20,HEURISTIC.SIMPLE_COLLISION,346.9198545010042
20,HEURISTIC.SIMPLE_COLLISION,346.91899428601243
20,HEURISTIC.SIMPLE_COLLISION,331.05802101026524
20,HEURISTIC.SIMPLE_COLLISION,346.07791562921886
20,HEURISTIC.SIMPLE_COLLISION,345.6896007386777
20,HEURISTIC.SIMPLE_COLLISION,346.046300277192
20,HEURISTIC.SIMPLE_COLLISION,346.5551268316479
20,HEURISTIC.SIMPLE_COLLISION,346.7702453222698
20,HEURISTIC.SIMPLE_COLLISION,347.07215614954043
20,HEURISTIC.SIMPLE_COLLISION,347.1533444843736
20,HEURISTIC.SIMPLE_COLLISION,347.19166884074247
20,HEURISTIC.SIMPLE_COLLISION,347.3681589369544
20,HEURISTIC.SIMPLE_COLLISION,347.3672987219626
20,HEURISTIC.SIMPLE_COLLISION,332.08073273246583
20,HEURISTIC.SIMPLE_COLLISION,346.15142632999596
20,HEURISTIC.SIMPLE_COLLISION,346.53974122053705
20,HEURISTIC.SIMPLE_COLLISION,346.5081258685102
20,HEURISTIC.SIMPLE_COLLISION,346.9077901912478
20,HEURISTIC.SIMPLE_COLLISION,347.6151700756918
20,HEURISTIC.SIMPLE_COLLISION,347.232070913588
20,HEURISTIC.SIMPLE_COLLISION,347.6534944320607
20,HEURISTIC.SIMPLE_COLLISION,347.5339817408586
20,HEURISTIC.SIMPLE_COLLISION,347.8299845282726
20,HEURISTIC.SIMPLE_COLLISION,347.82912431328083
20,HEURISTIC.SIMPLE_COLLISION,331.9579614080285
20,HEURISTIC.SIMPLE_COLLISION,346.9623876306664
20,HEURISTIC.SIMPLE_COLLISION,347.3507025212075
20,HEURISTIC.SIMPLE_COLLISION,347.31908716918065
20,HEURISTIC.SIMPLE_COLLISION,347.7187514919182
20,HEURISTIC.SIMPLE_COLLISION,348.42613137636226
20,HEURISTIC.SIMPLE_COLLISION,348.04303221425846
20,HEURISTIC.SIMPLE_COLLISION,348.46445573273115
20,HEURISTIC.SIMPLE_COLLISION,348.34494304152906
20,HEURISTIC.SIMPLE_COLLISION,348.640945828943
20,HEURISTIC.SIMPLE_COLLISION,348.64008561395127
20,HEURISTIC.SIMPLE_COLLISION,330.6729716852626
20,HEURISTIC.SIMPLE_COLLISION,350.46823526411976
20,HEURISTIC.SIMPLE_COLLISION,350.1812136774371
20,HEURISTIC.SIMPLE_COLLISION,350.70937539388854
20,HEURISTIC.SIMPLE_COLLISION,351.2182019483444
20,HEURISTIC.SIMPLE_COLLISION,351.4011854220428
20,HEURISTIC.SIMPLE_COLLISION,351.46247578444127
20,HEURISTIC.SIMPLE_COLLISION,351.54366411927447
20,HEURISTIC.SIMPLE_COLLISION,351.58198847564336
20,HEURISTIC.SIMPLE_COLLISION,351.7584785718552
20,HEURISTIC.SIMPLE_COLLISION,351.75761835686353
20,HEURISTIC.SIMPLE_COLLISION,330.8074235920883
20,HEURISTIC.SIMPLE_COLLISION,351.2782984370395
20,HEURISTIC.SIMPLE_COLLISION,350.94684790907746
20,HEURISTIC.SIMPLE_COLLISION,351.4792833788798
20,HEURISTIC.SIMPLE_COLLISION,351.98661057501533
20,HEURISTIC.SIMPLE_COLLISION,352.1668196536831
20,HEURISTIC.SIMPLE_COLLISION,352.27253895736106
20,HEURISTIC.SIMPLE_COLLISION,352.3537272921942
20,HEURISTIC.SIMPLE_COLLISION,352.568541744775
20,HEURISTIC.SIMPLE_COLLISION,352.3920516485631
20,HEURISTIC.SIMPLE_COLLISION,352.5676815297833
20,HEURISTIC.SIMPLE_COLLISION,331.6337920020931
20,HEURISTIC.SIMPLE_COLLISION,350.96364929206686
20,HEURISTIC.SIMPLE_COLLISION,350.57533440152565
20,HEURISTIC.SIMPLE_COLLISION,350.93203394004
20,HEURISTIC.SIMPLE_COLLISION,351.33169826277754
20,HEURISTIC.SIMPLE_COLLISION,352.0390781472215
20,HEURISTIC.SIMPLE_COLLISION,352.0774025035904
20,HEURISTIC.SIMPLE_COLLISION,351.65597898511777
20,HEURISTIC.SIMPLE_COLLISION,351.95788981238843
20,HEURISTIC.SIMPLE_COLLISION,352.2538925998024
20,HEURISTIC.SIMPLE_COLLISION,352.2530323848106
20,HEURISTIC.SIMPLE_COLLISION,331.2737528605036
20,HEURISTIC.SIMPLE_COLLISION,350.9952532725416
20,HEURISTIC.SIMPLE_COLLISION,350.6069383820004
20,HEURISTIC.SIMPLE_COLLISION,350.9636379205147
20,HEURISTIC.SIMPLE_COLLISION,351.3633022432523
20,HEURISTIC.SIMPLE_COLLISION,352.0706821276963
20,HEURISTIC.SIMPLE_COLLISION,352.10900648406516
20,HEURISTIC.SIMPLE_COLLISION,351.68758296559247
20,HEURISTIC.SIMPLE_COLLISION,351.98949379286313
20,HEURISTIC.SIMPLE_COLLISION,352.28549658027714
20,HEURISTIC.SIMPLE_COLLISION,352.28463636528534
20,HEURISTIC.SIMPLE_COLLISION,330.8506849560665
20,HEURISTIC.SIMPLE_COLLISION,352.3837505274121
20,HEURISTIC.SIMPLE_COLLISION,351.99543563687087
20,HEURISTIC.SIMPLE_COLLISION,352.5278711066733
20,HEURISTIC.SIMPLE_COLLISION,353.0351983028088
20,HEURISTIC.SIMPLE_COLLISION,353.21540738147655
20,HEURISTIC.SIMPLE_COLLISION,353.37799104773364
20,HEURISTIC.SIMPLE_COLLISION,353.4591793825668
20,HEURISTIC.SIMPLE_COLLISION,353.4975037389357
20,HEURISTIC.SIMPLE_COLLISION,353.6739938351476
20,HEURISTIC.SIMPLE_COLLISION,353.6731336201558
20,HEURISTIC.SIMPLE_COLLISION,346.50376423298627
20,HEURISTIC.SIMPLE_COLLISION,345.7039422053335
20,HEURISTIC.SIMPLE_COLLISION,369.5299684737658
20,HEURISTIC.SIMPLE_COLLISION,346.32347766739485
20,HEURISTIC.SIMPLE_COLLISION,371.33825282912926
20,HEURISTIC.SIMPLE_COLLISION,315.6857541666266
20,HEURISTIC.SIMPLE_COLLISION,345.7287306484935
20,HEURISTIC.SIMPLE_COLLISION,345.34041575795237
20,HEURISTIC.SIMPLE_COLLISION,345.6971152964667
20,HEURISTIC.SIMPLE_COLLISION,346.09677961920426
20,HEURISTIC.SIMPLE_COLLISION,346.8424838600171
20,HEURISTIC.SIMPLE_COLLISION,346.4210603415445
20,HEURISTIC.SIMPLE_COLLISION,346.7229711688151
20,HEURISTIC.SIMPLE_COLLISION,346.80415950364824
20,HEURISTIC.SIMPLE_COLLISION,347.01897395622905
20,HEURISTIC.SIMPLE_COLLISION,347.0181137412373
20,HEURISTIC.SIMPLE_COLLISION,332.2062236146693
20,HEURISTIC.SIMPLE_COLLISION,345.41027171897343
20,HEURISTIC.SIMPLE_COLLISION,345.7985866095146
20,HEURISTIC.SIMPLE_COLLISION,345.76697125748774
20,HEURISTIC.SIMPLE_COLLISION,346.1666355802253
20,HEURISTIC.SIMPLE_COLLISION,346.49091630256555
20,HEURISTIC.SIMPLE_COLLISION,346.87401546466936
20,HEURISTIC.SIMPLE_COLLISION,346.91233982103824
20,HEURISTIC.SIMPLE_COLLISION,346.79282712983616
20,HEURISTIC.SIMPLE_COLLISION,347.0888299172501
20,HEURISTIC.SIMPLE_COLLISION,347.08796970225836
20,HEURISTIC.SIMPLE_COLLISION,331.3176579213571
20,HEURISTIC.SIMPLE_COLLISION,346.2513178704922
20,HEURISTIC.SIMPLE_COLLISION,345.86300297995103
20,HEURISTIC.SIMPLE_COLLISION,346.21970251846534
20,HEURISTIC.SIMPLE_COLLISION,346.7285290729212
20,HEURISTIC.SIMPLE_COLLISION,346.9436475635431
20,HEURISTIC.SIMPLE_COLLISION,347.24555839081376
20,HEURISTIC.SIMPLE_COLLISION,347.3267467256469
20,HEURISTIC.SIMPLE_COLLISION,347.3650710820158
20,HEURISTIC.SIMPLE_COLLISION,347.5415611782277
20,HEURISTIC.SIMPLE_COLLISION,347.54070096323596
20,HEURISTIC.SIMPLE_COLLISION,332.3403696435577
20,HEURISTIC.SIMPLE_COLLISION,346.32092234512083
20,HEURISTIC.SIMPLE_COLLISION,346.70923723566204
20,HEURISTIC.SIMPLE_COLLISION,346.6776218836352
20,HEURISTIC.SIMPLE_COLLISION,347.0772862063727
20,HEURISTIC.SIMPLE_COLLISION,347.7846660908167
20,HEURISTIC.SIMPLE_COLLISION,347.4015669287129
20,HEURISTIC.SIMPLE_COLLISION,347.8229904471856
20,HEURISTIC.SIMPLE_COLLISION,347.7034777559836
20,HEURISTIC.SIMPLE_COLLISION,347.99948054339757
20,HEURISTIC.SIMPLE_COLLISION,347.99862032840576
20,HEURISTIC.SIMPLE_COLLISION,332.2175983191204
20,HEURISTIC.SIMPLE_COLLISION,347.1282898829131
20,HEURISTIC.SIMPLE_COLLISION,347.51660477345433
20,HEURISTIC.SIMPLE_COLLISION,347.48498942142743
20,HEURISTIC.SIMPLE_COLLISION,347.884653744165
20,HEURISTIC.SIMPLE_COLLISION,348.592033628609
20,HEURISTIC.SIMPLE_COLLISION,348.2089344665052
20,HEURISTIC.SIMPLE_COLLISION,348.6303579849779
20,HEURISTIC.SIMPLE_COLLISION,348.5108452937759
20,HEURISTIC.SIMPLE_COLLISION,348.80684808118986
20,HEURISTIC.SIMPLE_COLLISION,348.80598786619805
20,HEURISTIC.SIMPLE_COLLISION,331.0670605031802
20,HEURISTIC.SIMPLE_COLLISION,350.0393437716409
20,HEURISTIC.SIMPLE_COLLISION,349.7078932436789
20,HEURISTIC.SIMPLE_COLLISION,350.2403287134813
20,HEURISTIC.SIMPLE_COLLISION,350.74765590961675
20,HEURISTIC.SIMPLE_COLLISION,350.92786498828457
20,HEURISTIC.SIMPLE_COLLISION,351.0335842919625
20,HEURISTIC.SIMPLE_COLLISION,351.1147726267956
20,HEURISTIC.SIMPLE_COLLISION,351.32958707937644
20,HEURISTIC.SIMPLE_COLLISION,351.1530969831645
20,HEURISTIC.SIMPLE_COLLISION,351.32872686438463
20,HEURISTIC.SIMPLE_COLLISION,330.9326085963545
20,HEURISTIC.SIMPLE_COLLISION,350.6438827803719
20,HEURISTIC.SIMPLE_COLLISION,350.3568611936892
20,HEURISTIC.SIMPLE_COLLISION,350.88502291014066
20,HEURISTIC.SIMPLE_COLLISION,351.39384946459654
20,HEURISTIC.SIMPLE_COLLISION,351.57683293829484
20,HEURISTIC.SIMPLE_COLLISION,351.63812330069345
20,HEURISTIC.SIMPLE_COLLISION,351.71931163552654
20,HEURISTIC.SIMPLE_COLLISION,351.7576359918954
20,HEURISTIC.SIMPLE_COLLISION,351.93412608810735
20,HEURISTIC.SIMPLE_COLLISION,351.9332658731156
20,HEURISTIC.SIMPLE_COLLISION,331.89342891318506
20,HEURISTIC.SIMPLE_COLLISION,351.1258678743345
20,HEURISTIC.SIMPLE_COLLISION,350.7375529837933
20,HEURISTIC.SIMPLE_COLLISION,351.09425252230767
20,HEURISTIC.SIMPLE_COLLISION,351.4939168450452
20,HEURISTIC.SIMPLE_COLLISION,352.2012967294892
20,HEURISTIC.SIMPLE_COLLISION,352.23962108585806
20,HEURISTIC.SIMPLE_COLLISION,351.8181975673854
20,HEURISTIC.SIMPLE_COLLISION,352.1201083946561
20,HEURISTIC.SIMPLE_COLLISION,352.41611118207004
20,HEURISTIC.SIMPLE_COLLISION,352.41525096707824
20,HEURISTIC.SIMPLE_COLLISION,331.53338977159547
20,HEURISTIC.SIMPLE_COLLISION,351.15937106214847
20,HEURISTIC.SIMPLE_COLLISION,350.7710561716073
20,HEURISTIC.SIMPLE_COLLISION,351.1277557101216
20,HEURISTIC.SIMPLE_COLLISION,351.5274200328592
20,HEURISTIC.SIMPLE_COLLISION,352.2347999173032
20,HEURISTIC.SIMPLE_COLLISION,352.27312427367207
20,HEURISTIC.SIMPLE_COLLISION,351.85170075519943
20,HEURISTIC.SIMPLE_COLLISION,352.15361158247003
20,HEURISTIC.SIMPLE_COLLISION,352.449614369884
20,HEURISTIC.SIMPLE_COLLISION,352.44875415489224
20,HEURISTIC.SIMPLE_COLLISION,331.1103218671584
20,HEURISTIC.SIMPLE_COLLISION,352.5501552955978
20,HEURISTIC.SIMPLE_COLLISION,352.16184040505664
20,HEURISTIC.SIMPLE_COLLISION,352.694275874859
20,HEURISTIC.SIMPLE_COLLISION,353.20160307099445
20,HEURISTIC.SIMPLE_COLLISION,353.38181214966227
20,HEURISTIC.SIMPLE_COLLISION,353.5443958159193
20,HEURISTIC.SIMPLE_COLLISION,353.6255841507525
20,HEURISTIC.SIMPLE_COLLISION,353.6639085071214
20,HEURISTIC.SIMPLE_COLLISION,353.84039860333326
20,HEURISTIC.SIMPLE_COLLISION,353.83953838834157
20,HEURISTIC.SIMPLE_COLLISION,346.7743136063241
20,HEURISTIC.SIMPLE_COLLISION,346.5940270407327
20,HEURISTIC.SIMPLE_COLLISION,315.7346437144737
20,HEURISTIC.SIMPLE_COLLISION,345.5807789361878
20,HEURISTIC.SIMPLE_COLLISION,345.1924640456466
20,HEURISTIC.SIMPLE_COLLISION,345.5491635841609
20,HEURISTIC.SIMPLE_COLLISION,345.9488279068985
20,HEURISTIC.SIMPLE_COLLISION,346.69453214771136
20,HEURISTIC.SIMPLE_COLLISION,346.27310862923866
20,HEURISTIC.SIMPLE_COLLISION,346.5750194565093
20,HEURISTIC.SIMPLE_COLLISION,346.65620779134247
20,HEURISTIC.SIMPLE_COLLISION,346.8710222439233
20,HEURISTIC.SIMPLE_COLLISION,346.87016202893153
20,HEURISTIC.SIMPLE_COLLISION,332.2247862994852
20,HEURISTIC.SIMPLE_COLLISION,345.2698138368005
20,HEURISTIC.SIMPLE_COLLISION,345.6581287273417
20,HEURISTIC.SIMPLE_COLLISION,345.6265133753148
20,HEURISTIC.SIMPLE_COLLISION,346.0261776980524
20,HEURISTIC.SIMPLE_COLLISION,346.35045842039256
20,HEURISTIC.SIMPLE_COLLISION,346.73355758249636
20,HEURISTIC.SIMPLE_COLLISION,346.77188193886525
20,HEURISTIC.SIMPLE_COLLISION,346.6523692476632
20,HEURISTIC.SIMPLE_COLLISION,346.94837203507717
20,HEURISTIC.SIMPLE_COLLISION,346.9475118200854
20,HEURISTIC.SIMPLE_COLLISION,331.336220606173
20,HEURISTIC.SIMPLE_COLLISION,346.0761740110102
20,HEURISTIC.SIMPLE_COLLISION,345.68785912046906
20,HEURISTIC.SIMPLE_COLLISION,346.04455865898336
20,HEURISTIC.SIMPLE_COLLISION,346.55338521343924
20,HEURISTIC.SIMPLE_COLLISION,346.7685037040611
20,HEURISTIC.SIMPLE_COLLISION,347.0704145313318
20,HEURISTIC.SIMPLE_COLLISION,347.1516028661649
20,HEURISTIC.SIMPLE_COLLISION,347.1899272225338
20,HEURISTIC.SIMPLE_COLLISION,347.36641731874573
20,HEURISTIC.SIMPLE_COLLISION,347.365557103754
20,HEURISTIC.SIMPLE_COLLISION,332.3589323283736
20,HEURISTIC.SIMPLE_COLLISION,346.1700305360923
20,HEURISTIC.SIMPLE_COLLISION,346.5583454266334
20,HEURISTIC.SIMPLE_COLLISION,346.5267300746066
20,HEURISTIC.SIMPLE_COLLISION,346.92639439734415
20,HEURISTIC.SIMPLE_COLLISION,347.6337742817882
20,HEURISTIC.SIMPLE_COLLISION,347.2506751196844
20,HEURISTIC.SIMPLE_COLLISION,347.6720986381571
20,HEURISTIC.SIMPLE_COLLISION,347.552585946955
20,HEURISTIC.SIMPLE_COLLISION,347.84858873436895
20,HEURISTIC.SIMPLE_COLLISION,347.8477285193772
20,HEURISTIC.SIMPLE_COLLISION,332.2361610039362
20,HEURISTIC.SIMPLE_COLLISION,346.95279874680796
20,HEURISTIC.SIMPLE_COLLISION,347.34111363734917
20,HEURISTIC.SIMPLE_COLLISION,347.30949828532226
20,HEURISTIC.SIMPLE_COLLISION,347.70916260805984
20,HEURISTIC.SIMPLE_COLLISION,348.4165424925038
20,HEURISTIC.SIMPLE_COLLISION,348.0334433304
20,HEURISTIC.SIMPLE_COLLISION,348.4548668488727
20,HEURISTIC.SIMPLE_COLLISION,348.33535415767074
20,HEURISTIC.SIMPLE_COLLISION,348.6313569450847
20,HEURISTIC.SIMPLE_COLLISION,348.6304967300929
20,HEURISTIC.SIMPLE_COLLISION,331.0856231879961
20,HEURISTIC.SIMPLE_COLLISION,349.74252491594035
20,HEURISTIC.SIMPLE_COLLISION,349.4110743879783
20,HEURISTIC.SIMPLE_COLLISION,349.94350985778067
20,HEURISTIC.SIMPLE_COLLISION,350.4508370539162
20,HEURISTIC.SIMPLE_COLLISION,350.63104613258395
20,HEURISTIC.SIMPLE_COLLISION,350.7367654362619
20,HEURISTIC.SIMPLE_COLLISION,350.81795377109506
20,HEURISTIC.SIMPLE_COLLISION,351.0327682236759
20,HEURISTIC.SIMPLE_COLLISION,350.85627812746395
20,HEURISTIC.SIMPLE_COLLISION,351.0319080086841
20,HEURISTIC.SIMPLE_COLLISION,330.9511712811704
20,HEURISTIC.SIMPLE_COLLISION,350.3205500243496
20,HEURISTIC.SIMPLE_COLLISION,350.0335284376669
20,HEURISTIC.SIMPLE_COLLISION,350.56169015411837
20,HEURISTIC.SIMPLE_COLLISION,351.07051670857425
20,HEURISTIC.SIMPLE_COLLISION,351.25350018227255
20,HEURISTIC.SIMPLE_COLLISION,351.31479054467115
20,HEURISTIC.SIMPLE_COLLISION,351.39597887950424
20,HEURISTIC.SIMPLE_COLLISION,351.43430323587313
20,HEURISTIC.SIMPLE_COLLISION,351.61079333208505
20,HEURISTIC.SIMPLE_COLLISION,351.6099331170933
20,HEURISTIC.SIMPLE_COLLISION,331.1288845519743
20,HEURISTIC.SIMPLE_COLLISION,350.9903754112825
20,HEURISTIC.SIMPLE_COLLISION,350.60206052074136
20,HEURISTIC.SIMPLE_COLLISION,351.1344959905437
20,HEURISTIC.SIMPLE_COLLISION,351.6418231866792
20,HEURISTIC.SIMPLE_COLLISION,351.822032265347
20,HEURISTIC.SIMPLE_COLLISION,351.984615931604
20,HEURISTIC.SIMPLE_COLLISION,352.0658042664372
20,HEURISTIC.SIMPLE_COLLISION,352.1041286228061
20,HEURISTIC.SIMPLE_COLLISION,352.280618719018
20,HEURISTIC.SIMPLE_COLLISION,352.2797585040263
20,HEURISTIC.SIMPLE_COLLISION,331.9119915980009
20,HEURISTIC.SIMPLE_COLLISION,351.70233903411525
20,HEURISTIC.SIMPLE_COLLISION,351.3140241435741
20,HEURISTIC.SIMPLE_COLLISION,351.67072368208835
20,HEURISTIC.SIMPLE_COLLISION,352.070388004826
20,HEURISTIC.SIMPLE_COLLISION,352.77776788926997
20,HEURISTIC.SIMPLE_COLLISION,352.81609224563886
20,HEURISTIC.SIMPLE_COLLISION,352.39466872716616
20,HEURISTIC.SIMPLE_COLLISION,352.69657955443677
20,HEURISTIC.SIMPLE_COLLISION,352.9925823418507
20,HEURISTIC.SIMPLE_COLLISION,352.99172212685903
20,HEURISTIC.SIMPLE_COLLISION,331.5519524564113
20,HEURISTIC.SIMPLE_COLLISION,351.7009513598018
20,HEURISTIC.SIMPLE_COLLISION,351.31263646926067
20,HEURISTIC.SIMPLE_COLLISION,351.669336007775
20,HEURISTIC.SIMPLE_COLLISION,352.06900033051255
20,HEURISTIC.SIMPLE_COLLISION,352.77638021495653
20,HEURISTIC.SIMPLE_COLLISION,352.8147045713254
20,HEURISTIC.SIMPLE_COLLISION,352.3932810528528
20,HEURISTIC.SIMPLE_COLLISION,352.6951918801234
20,HEURISTIC.SIMPLE_COLLISION,352.99119466753734
20,HEURISTIC.SIMPLE_COLLISION,352.9903344525456
20,HEURISTIC.SIMPLE_COLLISION,346.15787357842726
20,HEURISTIC.SIMPLE_COLLISION,370.42445570005833
20,HEURISTIC.SIMPLE_COLLISION,315.6906578545112
20,HEURISTIC.SIMPLE_COLLISION,347.9167031062028
20,HEURISTIC.SIMPLE_COLLISION,347.5283882156616
20,HEURISTIC.SIMPLE_COLLISION,347.8850877541759
20,HEURISTIC.SIMPLE_COLLISION,348.2847520769135
20,HEURISTIC.SIMPLE_COLLISION,349.03045631772636
20,HEURISTIC.SIMPLE_COLLISION,348.60903279925367
20,HEURISTIC.SIMPLE_COLLISION,348.91094362652433
20,HEURISTIC.SIMPLE_COLLISION,348.9921319613575
20,HEURISTIC.SIMPLE_COLLISION,349.2069464139383
20,HEURISTIC.SIMPLE_COLLISION,349.20608619894654
20,HEURISTIC.SIMPLE_COLLISION,333.43863537721165
20,HEURISTIC.SIMPLE_COLLISION,348.2315381970472
20,HEURISTIC.SIMPLE_COLLISION,348.61985308758835
20,HEURISTIC.SIMPLE_COLLISION,348.5882377355615
20,HEURISTIC.SIMPLE_COLLISION,348.9879020582991
20,HEURISTIC.SIMPLE_COLLISION,349.3121827806393
20,HEURISTIC.SIMPLE_COLLISION,349.6952819427431
20,HEURISTIC.SIMPLE_COLLISION,349.733606299112
20,HEURISTIC.SIMPLE_COLLISION,349.6140936079099
20,HEURISTIC.SIMPLE_COLLISION,349.9100963953239
20,HEURISTIC.SIMPLE_COLLISION,349.90923618033213
20,HEURISTIC.SIMPLE_COLLISION,332.55006968389944
20,HEURISTIC.SIMPLE_COLLISION,349.11599910620924
20,HEURISTIC.SIMPLE_COLLISION,348.7276842156681
20,HEURISTIC.SIMPLE_COLLISION,349.0843837541824
20,HEURISTIC.SIMPLE_COLLISION,349.5932103086383
20,HEURISTIC.SIMPLE_COLLISION,349.80832879926015
20,HEURISTIC.SIMPLE_COLLISION,350.1102396265308
20,HEURISTIC.SIMPLE_COLLISION,350.19142796136396
20,HEURISTIC.SIMPLE_COLLISION,350.22975231773285
20,HEURISTIC.SIMPLE_COLLISION,350.40624241394477
20,HEURISTIC.SIMPLE_COLLISION,350.405382198953
20,HEURISTIC.SIMPLE_COLLISION,333.57278140610003
20,HEURISTIC.SIMPLE_COLLISION,348.5821621432357
20,HEURISTIC.SIMPLE_COLLISION,348.9704770337768
20,HEURISTIC.SIMPLE_COLLISION,348.9388616817499
20,HEURISTIC.SIMPLE_COLLISION,349.3385260044875
20,HEURISTIC.SIMPLE_COLLISION,350.04590588893154
20,HEURISTIC.SIMPLE_COLLISION,349.66280672682774
20,HEURISTIC.SIMPLE_COLLISION,350.08423024530043
20,HEURISTIC.SIMPLE_COLLISION,349.96471755409834
20,HEURISTIC.SIMPLE_COLLISION,350.2607203415123
20,HEURISTIC.SIMPLE_COLLISION,350.25986012652055
20,HEURISTIC.SIMPLE_COLLISION,333.4500100816627
20,HEURISTIC.SIMPLE_COLLISION,348.80740357006744
20,HEURISTIC.SIMPLE_COLLISION,349.19571846060865
20,HEURISTIC.SIMPLE_COLLISION,349.16410310858174
20,HEURISTIC.SIMPLE_COLLISION,349.5637674313193
20,HEURISTIC.SIMPLE_COLLISION,350.2711473157633
20,HEURISTIC.SIMPLE_COLLISION,349.8880481536595
20,HEURISTIC.SIMPLE_COLLISION,350.3094716721322
20,HEURISTIC.SIMPLE_COLLISION,350.1899589809302
20,HEURISTIC.SIMPLE_COLLISION,350.48596176834417
20,HEURISTIC.SIMPLE_COLLISION,350.48510155335237
20,HEURISTIC.SIMPLE_COLLISION,332.3427336297008
20,HEURISTIC.SIMPLE_COLLISION,354.03751476463594
20,HEURISTIC.SIMPLE_COLLISION,353.64919987409473
20,HEURISTIC.SIMPLE_COLLISION,354.18163534389714
20,HEURISTIC.SIMPLE_COLLISION,354.68896254003266
20,HEURISTIC.SIMPLE_COLLISION,354.8691716187004
20,HEURISTIC.SIMPLE_COLLISION,355.0317552849575
20,HEURISTIC.SIMPLE_COLLISION,355.11294361979066
20,HEURISTIC.SIMPLE_COLLISION,355.15126797615955
20,HEURISTIC.SIMPLE_COLLISION,355.32775807237147
20,HEURISTIC.SIMPLE_COLLISION,355.32689785737966
20,HEURISTIC.SIMPLE_COLLISION,332.29947226572256
20,HEURISTIC.SIMPLE_COLLISION,354.75640380526175
20,HEURISTIC.SIMPLE_COLLISION,354.4249532772997
20,HEURISTIC.SIMPLE_COLLISION,354.9573887471021
20,HEURISTIC.SIMPLE_COLLISION,355.4647159432376
20,HEURISTIC.SIMPLE_COLLISION,355.64492502190535
20,HEURISTIC.SIMPLE_COLLISION,355.7506443255833
20,HEURISTIC.SIMPLE_COLLISION,355.83183266041647
20,HEURISTIC.SIMPLE_COLLISION,356.0466471129973
20,HEURISTIC.SIMPLE_COLLISION,355.87015701678536
20,HEURISTIC.SIMPLE_COLLISION,356.04578689800553
20,HEURISTIC.SIMPLE_COLLISION,333.1258406757274
20,HEURISTIC.SIMPLE_COLLISION,354.42837566742423
20,HEURISTIC.SIMPLE_COLLISION,354.040060776883
20,HEURISTIC.SIMPLE_COLLISION,354.3967603153974
20,HEURISTIC.SIMPLE_COLLISION,354.7964246381349
20,HEURISTIC.SIMPLE_COLLISION,355.5038045225789
20,HEURISTIC.SIMPLE_COLLISION,355.5421288789478
20,HEURISTIC.SIMPLE_COLLISION,355.12070536047514
20,HEURISTIC.SIMPLE_COLLISION,355.4226161877458
20,HEURISTIC.SIMPLE_COLLISION,355.71861897515976
20,HEURISTIC.SIMPLE_COLLISION,355.71775876016795
20,HEURISTIC.SIMPLE_COLLISION,332.7658015341378
20,HEURISTIC.SIMPLE_COLLISION,354.4551020004334
20,HEURISTIC.SIMPLE_COLLISION,354.06678710989223
20,HEURISTIC.SIMPLE_COLLISION,354.42348664840654
20,HEURISTIC.SIMPLE_COLLISION,354.8231509711441
20,HEURISTIC.SIMPLE_COLLISION,355.5305308555881
20,HEURISTIC.SIMPLE_COLLISION,355.568855211957
20,HEURISTIC.SIMPLE_COLLISION,355.14743169348435
20,HEURISTIC.SIMPLE_COLLISION,355.44934252075495
20,HEURISTIC.SIMPLE_COLLISION,355.7453453081689
20,HEURISTIC.SIMPLE_COLLISION,355.74448509317716
20,HEURISTIC.SIMPLE_COLLISION,332.16502035889687
20,HEURISTIC.SIMPLE_COLLISION,355.38364070081707
20,HEURISTIC.SIMPLE_COLLISION,355.0966191141344
20,HEURISTIC.SIMPLE_COLLISION,355.62478083058585
20,HEURISTIC.SIMPLE_COLLISION,356.1336073850417
20,HEURISTIC.SIMPLE_COLLISION,356.31659085874
20,HEURISTIC.SIMPLE_COLLISION,356.37788122113864
20,HEURISTIC.SIMPLE_COLLISION,356.4590695559717
20,HEURISTIC.SIMPLE_COLLISION,356.4973939123406
20,HEURISTIC.SIMPLE_COLLISION,356.67388400855253
20,HEURISTIC.SIMPLE_COLLISION,356.6730237935608
20,HEURISTIC.SIMPLE_COLLISION,346.5663391361481
20,HEURISTIC.SIMPLE_COLLISION,370.48750505861756
20,HEURISTIC.SIMPLE_COLLISION,315.6790139172551
20,HEURISTIC.SIMPLE_COLLISION,348.646993802697
20,HEURISTIC.SIMPLE_COLLISION,348.25867891215586
20,HEURISTIC.SIMPLE_COLLISION,348.61537845067016
20,HEURISTIC.SIMPLE_COLLISION,349.01504277340774
20,HEURISTIC.SIMPLE_COLLISION,349.7607470142206
20,HEURISTIC.SIMPLE_COLLISION,349.339323495748
20,HEURISTIC.SIMPLE_COLLISION,349.6412343230186
20,HEURISTIC.SIMPLE_COLLISION,349.7224226578517
20,HEURISTIC.SIMPLE_COLLISION,349.93723711043253
20,HEURISTIC.SIMPLE_COLLISION,349.9363768954408
20,HEURISTIC.SIMPLE_COLLISION,334.5822161980424
20,HEURISTIC.SIMPLE_COLLISION,348.22675660412347
20,HEURISTIC.SIMPLE_COLLISION,348.6150714946647
20,HEURISTIC.SIMPLE_COLLISION,348.5834561426378
20,HEURISTIC.SIMPLE_COLLISION,348.98312046537535
20,HEURISTIC.SIMPLE_COLLISION,349.3074011877155
20,HEURISTIC.SIMPLE_COLLISION,349.69050034981933
20,HEURISTIC.SIMPLE_COLLISION,349.7288247061882
20,HEURISTIC.SIMPLE_COLLISION,349.6093120149862
20,HEURISTIC.SIMPLE_COLLISION,349.90531480240014
20,HEURISTIC.SIMPLE_COLLISION,349.9044545874084
20,HEURISTIC.SIMPLE_COLLISION,333.69365050473016
20,HEURISTIC.SIMPLE_COLLISION,349.58787367815285
20,HEURISTIC.SIMPLE_COLLISION,349.1995587876117
20,HEURISTIC.SIMPLE_COLLISION,349.556258326126
20,HEURISTIC.SIMPLE_COLLISION,350.0650848805819
20,HEURISTIC.SIMPLE_COLLISION,350.28020337120375
20,HEURISTIC.SIMPLE_COLLISION,350.5821141984744
20,HEURISTIC.SIMPLE_COLLISION,350.66330253330756
20,HEURISTIC.SIMPLE_COLLISION,350.70162688967645
20,HEURISTIC.SIMPLE_COLLISION,350.87811698588837
20,HEURISTIC.SIMPLE_COLLISION,350.87725677089657
20,HEURISTIC.SIMPLE_COLLISION,334.71636222693076
20,HEURISTIC.SIMPLE_COLLISION,349.29826100542505
20,HEURISTIC.SIMPLE_COLLISION,349.68657589596614
20,HEURISTIC.SIMPLE_COLLISION,349.6549605439393
20,HEURISTIC.SIMPLE_COLLISION,350.0546248666769
20,HEURISTIC.SIMPLE_COLLISION,350.7620047511209
20,HEURISTIC.SIMPLE_COLLISION,350.3789055890171
20,HEURISTIC.SIMPLE_COLLISION,350.8003291074898
20,HEURISTIC.SIMPLE_COLLISION,350.6808164162877
20,HEURISTIC.SIMPLE_COLLISION,350.97681920370167
20,HEURISTIC.SIMPLE_COLLISION,350.9759589887099
20,HEURISTIC.SIMPLE_COLLISION,334.5935909024934
20,HEURISTIC.SIMPLE_COLLISION,349.57698138615183
20,HEURISTIC.SIMPLE_COLLISION,349.96529627669304
20,HEURISTIC.SIMPLE_COLLISION,349.93368092466613
20,HEURISTIC.SIMPLE_COLLISION,350.3333452474037
20,HEURISTIC.SIMPLE_COLLISION,351.0407251318477
20,HEURISTIC.SIMPLE_COLLISION,350.6576259697439
20,HEURISTIC.SIMPLE_COLLISION,351.0790494882166
20,HEURISTIC.SIMPLE_COLLISION,350.9595367970146
20,HEURISTIC.SIMPLE_COLLISION,351.25553958442856
20,HEURISTIC.SIMPLE_COLLISION,351.25467936943676
20,HEURISTIC.SIMPLE_COLLISION,333.4430530865533
20,HEURISTIC.SIMPLE_COLLISION,353.14271471691933
20,HEURISTIC.SIMPLE_COLLISION,352.8112641889573
20,HEURISTIC.SIMPLE_COLLISION,353.34369965875965
20,HEURISTIC.SIMPLE_COLLISION,353.85102685489517
20,HEURISTIC.SIMPLE_COLLISION,354.0312359335629
20,HEURISTIC.SIMPLE_COLLISION,354.1369552372409
20,HEURISTIC.SIMPLE_COLLISION,354.21814357207404
20,HEURISTIC.SIMPLE_COLLISION,354.43295802465485
20,HEURISTIC.SIMPLE_COLLISION,354.25646792844293
20,HEURISTIC.SIMPLE_COLLISION,354.4320978096631
20,HEURISTIC.SIMPLE_COLLISION,333.3086011797276
20,HEURISTIC.SIMPLE_COLLISION,353.766591381711
20,HEURISTIC.SIMPLE_COLLISION,353.47956979502834
20,HEURISTIC.SIMPLE_COLLISION,354.0077315114798
20,HEURISTIC.SIMPLE_COLLISION,354.51655806593567
20,HEURISTIC.SIMPLE_COLLISION,354.69954153963397
20,HEURISTIC.SIMPLE_COLLISION,354.7608319020326
20,HEURISTIC.SIMPLE_COLLISION,354.84202023686566
20,HEURISTIC.SIMPLE_COLLISION,354.88034459323455
20,HEURISTIC.SIMPLE_COLLISION,355.0568346894465
20,HEURISTIC.SIMPLE_COLLISION,355.05597447445473
20,HEURISTIC.SIMPLE_COLLISION,333.4863144505315
20,HEURISTIC.SIMPLE_COLLISION,354.41497119735095
20,HEURISTIC.SIMPLE_COLLISION,354.02665630680974
20,HEURISTIC.SIMPLE_COLLISION,354.55909177661215
20,HEURISTIC.SIMPLE_COLLISION,355.06641897274767
20,HEURISTIC.SIMPLE_COLLISION,355.2466280514154
20,HEURISTIC.SIMPLE_COLLISION,355.4092117176725
20,HEURISTIC.SIMPLE_COLLISION,355.49040005250566
20,HEURISTIC.SIMPLE_COLLISION,355.52872440887455
20,HEURISTIC.SIMPLE_COLLISION,355.7052145050865
20,HEURISTIC.SIMPLE_COLLISION,355.70435429009467
20,HEURISTIC.SIMPLE_COLLISION,333.9093823549685
20,HEURISTIC.SIMPLE_COLLISION,354.8513963788972
20,HEURISTIC.SIMPLE_COLLISION,354.463081488356
20,HEURISTIC.SIMPLE_COLLISION,354.8197810268703
20,HEURISTIC.SIMPLE_COLLISION,355.2194453496079
20,HEURISTIC.SIMPLE_COLLISION,355.9268252340519
20,HEURISTIC.SIMPLE_COLLISION,355.96514959042076
20,HEURISTIC.SIMPLE_COLLISION,355.5437260719481
20,HEURISTIC.SIMPLE_COLLISION,355.84563689921873
20,HEURISTIC.SIMPLE_COLLISION,356.14163968663274
20,HEURISTIC.SIMPLE_COLLISION,356.14077947164094
20,HEURISTIC.SIMPLE_COLLISION,334.2694214965581
20,HEURISTIC.SIMPLE_COLLISION,355.5554563721188
20,HEURISTIC.SIMPLE_COLLISION,355.1671414815776
20,HEURISTIC.SIMPLE_COLLISION,355.52384102009194
20,HEURISTIC.SIMPLE_COLLISION,355.92350534282946
20,HEURISTIC.SIMPLE_COLLISION,356.63088522727344
20,HEURISTIC.SIMPLE_COLLISION,356.6692095836423
20,HEURISTIC.SIMPLE_COLLISION,356.2477860651697
20,HEURISTIC.SIMPLE_COLLISION,356.54969689244035
20,HEURISTIC.SIMPLE_COLLISION,356.8456996798543
20,HEURISTIC.SIMPLE_COLLISION,356.8448394648625
20,HEURISTIC.SIMPLE_COLLISION,347.22355646714414
20,HEURISTIC.SIMPLE_COLLISION,366.89685851819564
20,HEURISTIC.SIMPLE_COLLISION,367.63674475019235
20,HEURISTIC.SIMPLE_COLLISION,367.82528542387513
20,HEURISTIC.SIMPLE_COLLISION,367.2970963955679
20,HEURISTIC.SIMPLE_COLLISION,348.0233784947969
20,HEURISTIC.SIMPLE_COLLISION,368.3310096825406
20,HEURISTIC.SIMPLE_COLLISION,348.48726227713814
20,HEURISTIC.SIMPLE_COLLISION,347.84309192920546
20,HEURISTIC.SIMPLE_COLLISION,369.86723427364075
20,HEURISTIC.SIMPLE_COLLISION,370.60712050563745
20,HEURISTIC.SIMPLE_COLLISION,346.27182577138035
20,HEURISTIC.SIMPLE_COLLISION,370.78080496918506
20,HEURISTIC.SIMPLE_COLLISION,315.7368884971412
20,HEURISTIC.SIMPLE_COLLISION,346.82203873262483
20,HEURISTIC.SIMPLE_COLLISION,346.4337238420837
20,HEURISTIC.SIMPLE_COLLISION,346.790423380598
20,HEURISTIC.SIMPLE_COLLISION,347.19008770333556
20,HEURISTIC.SIMPLE_COLLISION,347.93579194414843
20,HEURISTIC.SIMPLE_COLLISION,347.5143684256758
20,HEURISTIC.SIMPLE_COLLISION,347.8162792529464
20,HEURISTIC.SIMPLE_COLLISION,347.89746758777954
20,HEURISTIC.SIMPLE_COLLISION,348.11228204036036
20,HEURISTIC.SIMPLE_COLLISION,348.1114218253686
20,HEURISTIC.SIMPLE_COLLISION,334.03721602942903
20,HEURISTIC.SIMPLE_COLLISION,346.5012133782089
20,HEURISTIC.SIMPLE_COLLISION,346.88952826875004
20,HEURISTIC.SIMPLE_COLLISION,346.8579129167232
20,HEURISTIC.SIMPLE_COLLISION,347.2575772394608
20,HEURISTIC.SIMPLE_COLLISION,347.581857961801
20,HEURISTIC.SIMPLE_COLLISION,347.9649571239048
20,HEURISTIC.SIMPLE_COLLISION,348.0032814802737
20,HEURISTIC.SIMPLE_COLLISION,347.8837687890716
20,HEURISTIC.SIMPLE_COLLISION,348.17977157648556
20,HEURISTIC.SIMPLE_COLLISION,348.1789113614938
20,HEURISTIC.SIMPLE_COLLISION,333.14865033611693
20,HEURISTIC.SIMPLE_COLLISION,347.37864893526455
20,HEURISTIC.SIMPLE_COLLISION,346.9903340447234
20,HEURISTIC.SIMPLE_COLLISION,347.3470335832377
20,HEURISTIC.SIMPLE_COLLISION,347.8558601376936
20,HEURISTIC.SIMPLE_COLLISION,348.07097862831546
20,HEURISTIC.SIMPLE_COLLISION,348.3728894555861
20,HEURISTIC.SIMPLE_COLLISION,348.45407779041926
20,HEURISTIC.SIMPLE_COLLISION,348.49240214678815
20,HEURISTIC.SIMPLE_COLLISION,348.6688922430001
20,HEURISTIC.SIMPLE_COLLISION,348.66803202800827
20,HEURISTIC.SIMPLE_COLLISION,334.17136205831747
20,HEURISTIC.SIMPLE_COLLISION,347.41539514358465
20,HEURISTIC.SIMPLE_COLLISION,347.80371003412574
20,HEURISTIC.SIMPLE_COLLISION,347.7720946820989
20,HEURISTIC.SIMPLE_COLLISION,348.1717590048365
20,HEURISTIC.SIMPLE_COLLISION,348.8791388892805
20,HEURISTIC.SIMPLE_COLLISION,348.4960397271767
20,HEURISTIC.SIMPLE_COLLISION,348.9174632456494
20,HEURISTIC.SIMPLE_COLLISION,348.7979505544473
20,HEURISTIC.SIMPLE_COLLISION,349.09395334186127
20,HEURISTIC.SIMPLE_COLLISION,349.0930931268695
20,HEURISTIC.SIMPLE_COLLISION,334.04859073388013
20,HEURISTIC.SIMPLE_COLLISION,348.9180170244613
20,HEURISTIC.SIMPLE_COLLISION,349.3063319150024
20,HEURISTIC.SIMPLE_COLLISION,349.2747165629755
20,HEURISTIC.SIMPLE_COLLISION,349.6743808857131
20,HEURISTIC.SIMPLE_COLLISION,350.38176077015714
20,HEURISTIC.SIMPLE_COLLISION,349.99866160805334
20,HEURISTIC.SIMPLE_COLLISION,350.42008512652603
20,HEURISTIC.SIMPLE_COLLISION,350.30057243532394
20,HEURISTIC.SIMPLE_COLLISION,350.5965752227379
20,HEURISTIC.SIMPLE_COLLISION,350.59571500774615
20,HEURISTIC.SIMPLE_COLLISION,332.89805291793994
20,HEURISTIC.SIMPLE_COLLISION,351.0384284079587
20,HEURISTIC.SIMPLE_COLLISION,350.70697787999666
20,HEURISTIC.SIMPLE_COLLISION,351.23941334979907
20,HEURISTIC.SIMPLE_COLLISION,351.74674054593453
20,HEURISTIC.SIMPLE_COLLISION,351.92694962460234
20,HEURISTIC.SIMPLE_COLLISION,352.03266892828026
20,HEURISTIC.SIMPLE_COLLISION,352.1138572631134
20,HEURISTIC.SIMPLE_COLLISION,352.3286717156942
20,HEURISTIC.SIMPLE_COLLISION,352.1521816194823
20,HEURISTIC.SIMPLE_COLLISION,352.3278115007024
20,HEURISTIC.SIMPLE_COLLISION,332.76360101111425
20,HEURISTIC.SIMPLE_COLLISION,352.2507898147776
20,HEURISTIC.SIMPLE_COLLISION,351.9637682280949
20,HEURISTIC.SIMPLE_COLLISION,352.49192994454637
20,HEURISTIC.SIMPLE_COLLISION,353.00075649900225
20,HEURISTIC.SIMPLE_COLLISION,353.18373997270055
20,HEURISTIC.SIMPLE_COLLISION,353.24503033509916
20,HEURISTIC.SIMPLE_COLLISION,353.32621866993225
20,HEURISTIC.SIMPLE_COLLISION,353.36454302630113
20,HEURISTIC.SIMPLE_COLLISION,353.54103312251306
20,HEURISTIC.SIMPLE_COLLISION,353.5401729075213
20,HEURISTIC.SIMPLE_COLLISION,332.9413142819182
20,HEURISTIC.SIMPLE_COLLISION,352.1509279414316
20,HEURISTIC.SIMPLE_COLLISION,351.7626130508904
20,HEURISTIC.SIMPLE_COLLISION,352.2950485206928
20,HEURISTIC.SIMPLE_COLLISION,352.80237571682824
20,HEURISTIC.SIMPLE_COLLISION,352.98258479549605
20,HEURISTIC.SIMPLE_COLLISION,353.1451684617531
20,HEURISTIC.SIMPLE_COLLISION,353.2263567965863
20,HEURISTIC.SIMPLE_COLLISION,353.2646811529552
20,HEURISTIC.SIMPLE_COLLISION,353.44117124916704
20,HEURISTIC.SIMPLE_COLLISION,353.44031103417535
20,HEURISTIC.SIMPLE_COLLISION,333.72442132794475
20,HEURISTIC.SIMPLE_COLLISION,352.27716696498123
20,HEURISTIC.SIMPLE_COLLISION,351.88885207444
20,HEURISTIC.SIMPLE_COLLISION,352.2455516129544
20,HEURISTIC.SIMPLE_COLLISION,352.6452159356919
20,HEURISTIC.SIMPLE_COLLISION,353.3525958201359
20,HEURISTIC.SIMPLE_COLLISION,353.3909201765048
20,HEURISTIC.SIMPLE_COLLISION,352.96949665803214
20,HEURISTIC.SIMPLE_COLLISION,353.2714074853028
20,HEURISTIC.SIMPLE_COLLISION,353.56741027271676
20,HEURISTIC.SIMPLE_COLLISION,353.56655005772495
20,HEURISTIC.SIMPLE_COLLISION,333.3643821863552
20,HEURISTIC.SIMPLE_COLLISION,352.3270586503496
20,HEURISTIC.SIMPLE_COLLISION,351.93874375980846
20,HEURISTIC.SIMPLE_COLLISION,352.29544329832277
20,HEURISTIC.SIMPLE_COLLISION,352.69510762106034
20,HEURISTIC.SIMPLE_COLLISION,353.4024875055043
20,HEURISTIC.SIMPLE_COLLISION,353.4408118618732
20,HEURISTIC.SIMPLE_COLLISION,353.0193883434006
20,HEURISTIC.SIMPLE_COLLISION,353.3212991706712
20,HEURISTIC.SIMPLE_COLLISION,353.61730195808514
20,HEURISTIC.SIMPLE_COLLISION,353.6164417430934
20,HEURISTIC.SIMPLE_COLLISION,315.67741959745956
20,HEURISTIC.SIMPLE_COLLISION,349.4044052156124
20,HEURISTIC.SIMPLE_COLLISION,349.0160903250712
20,HEURISTIC.SIMPLE_COLLISION,349.3727898635855
20,HEURISTIC.SIMPLE_COLLISION,349.7724541863231
20,HEURISTIC.SIMPLE_COLLISION,350.518158427136
20,HEURISTIC.SIMPLE_COLLISION,350.0967349086633
20,HEURISTIC.SIMPLE_COLLISION,350.39864573593394
20,HEURISTIC.SIMPLE_COLLISION,350.4798340707671
20,HEURISTIC.SIMPLE_COLLISION,350.6946485233479
20,HEURISTIC.SIMPLE_COLLISION,350.69378830835615
20,HEURISTIC.SIMPLE_COLLISION,335.57215485261173
20,HEURISTIC.SIMPLE_COLLISION,348.9631943898324
20,HEURISTIC.SIMPLE_COLLISION,349.35150928037353
20,HEURISTIC.SIMPLE_COLLISION,349.3198939283467
20,HEURISTIC.SIMPLE_COLLISION,349.71955825108427
20,HEURISTIC.SIMPLE_COLLISION,350.0438389734245
20,HEURISTIC.SIMPLE_COLLISION,350.4269381355283
20,HEURISTIC.SIMPLE_COLLISION,350.4652624918972
20,HEURISTIC.SIMPLE_COLLISION,350.3457498006951
20,HEURISTIC.SIMPLE_COLLISION,350.64175258810906
20,HEURISTIC.SIMPLE_COLLISION,350.6408923731173
20,HEURISTIC.SIMPLE_COLLISION,334.6835891592996
20,HEURISTIC.SIMPLE_COLLISION,350.45688748946765
20,HEURISTIC.SIMPLE_COLLISION,350.0685725989265
20,HEURISTIC.SIMPLE_COLLISION,350.4252721374408
20,HEURISTIC.SIMPLE_COLLISION,350.9340986918967
20,HEURISTIC.SIMPLE_COLLISION,351.14921718251856
20,HEURISTIC.SIMPLE_COLLISION,351.4511280097892
20,HEURISTIC.SIMPLE_COLLISION,351.53231634462236
20,HEURISTIC.SIMPLE_COLLISION,351.57064070099125
20,HEURISTIC.SIMPLE_COLLISION,351.74713079720317
20,HEURISTIC.SIMPLE_COLLISION,351.7462705822114
20,HEURISTIC.SIMPLE_COLLISION,335.70630088150017
20,HEURISTIC.SIMPLE_COLLISION,350.04012248367974
20,HEURISTIC.SIMPLE_COLLISION,350.42843737422095
20,HEURISTIC.SIMPLE_COLLISION,350.3968220221941
20,HEURISTIC.SIMPLE_COLLISION,350.7964863449316
20,HEURISTIC.SIMPLE_COLLISION,351.5038662293756
20,HEURISTIC.SIMPLE_COLLISION,351.1207670672718
20,HEURISTIC.SIMPLE_COLLISION,351.5421905857445
20,HEURISTIC.SIMPLE_COLLISION,351.4226778945425
20,HEURISTIC.SIMPLE_COLLISION,351.71868068195647
20,HEURISTIC.SIMPLE_COLLISION,351.71782046696467
20,HEURISTIC.SIMPLE_COLLISION,335.5835295570628
20,HEURISTIC.SIMPLE_COLLISION,350.3273237088607
20,HEURISTIC.SIMPLE_COLLISION,350.7156385994018
20,HEURISTIC.SIMPLE_COLLISION,350.68402324737497
20,HEURISTIC.SIMPLE_COLLISION,351.08368757011255
20,HEURISTIC.SIMPLE_COLLISION,351.7910674545566
20,HEURISTIC.SIMPLE_COLLISION,351.4079682924528
20,HEURISTIC.SIMPLE_COLLISION,351.8293918109255
20,HEURISTIC.SIMPLE_COLLISION,351.7098791197234
20,HEURISTIC.SIMPLE_COLLISION,352.00588190713734
20,HEURISTIC.SIMPLE_COLLISION,352.0050216921456
20,HEURISTIC.SIMPLE_COLLISION,334.43299174112263
20,HEURISTIC.SIMPLE_COLLISION,353.992638965981
20,HEURISTIC.SIMPLE_COLLISION,353.66118843801894
20,HEURISTIC.SIMPLE_COLLISION,354.19362390782135
20,HEURISTIC.SIMPLE_COLLISION,354.7009511039568
20,HEURISTIC.SIMPLE_COLLISION,354.8811601826246
20,HEURISTIC.SIMPLE_COLLISION,354.98687948630254
20,HEURISTIC.SIMPLE_COLLISION,355.0680678211357
20,HEURISTIC.SIMPLE_COLLISION,355.2828822737165
20,HEURISTIC.SIMPLE_COLLISION,355.1063921775046
20,HEURISTIC.SIMPLE_COLLISION,355.2820220587247
20,HEURISTIC.SIMPLE_COLLISION,334.3294484998381
20,HEURISTIC.SIMPLE_COLLISION,354.63368115748693
20,HEURISTIC.SIMPLE_COLLISION,354.34665957080426
20,HEURISTIC.SIMPLE_COLLISION,354.8748212872557
20,HEURISTIC.SIMPLE_COLLISION,355.3836478417116
20,HEURISTIC.SIMPLE_COLLISION,355.56663131540995
20,HEURISTIC.SIMPLE_COLLISION,355.62792167780844
20,HEURISTIC.SIMPLE_COLLISION,355.70911001264164
20,HEURISTIC.SIMPLE_COLLISION,355.74743436901053
20,HEURISTIC.SIMPLE_COLLISION,355.9239244652224
20,HEURISTIC.SIMPLE_COLLISION,355.9230642502307
20,HEURISTIC.SIMPLE_COLLISION,334.4762533634147
20,HEURISTIC.SIMPLE_COLLISION,355.1426110505223
20,HEURISTIC.SIMPLE_COLLISION,354.7542961599811
20,HEURISTIC.SIMPLE_COLLISION,355.2867316297835
20,HEURISTIC.SIMPLE_COLLISION,355.794058825919
20,HEURISTIC.SIMPLE_COLLISION,355.9742679045868
20,HEURISTIC.SIMPLE_COLLISION,356.1368515708439
20,HEURISTIC.SIMPLE_COLLISION,356.218039905677
20,HEURISTIC.SIMPLE_COLLISION,356.2563642620459
20,HEURISTIC.SIMPLE_COLLISION,356.4328543582578
20,HEURISTIC.SIMPLE_COLLISION,356.431994143266
20,HEURISTIC.SIMPLE_COLLISION,335.25936015112745
20,HEURISTIC.SIMPLE_COLLISION,355.45896722336704
20,HEURISTIC.SIMPLE_COLLISION,355.07065233282583
20,HEURISTIC.SIMPLE_COLLISION,355.4273518713402
20,HEURISTIC.SIMPLE_COLLISION,355.8270161940777
20,HEURISTIC.SIMPLE_COLLISION,356.5343960785217
20,HEURISTIC.SIMPLE_COLLISION,356.5727204348906
20,HEURISTIC.SIMPLE_COLLISION,356.15129691641795
20,HEURISTIC.SIMPLE_COLLISION,356.4532077436886
20,HEURISTIC.SIMPLE_COLLISION,356.74921053110256
20,HEURISTIC.SIMPLE_COLLISION,356.74835031611076
20,HEURISTIC.SIMPLE_COLLISION,334.89932100953786
20,HEURISTIC.SIMPLE_COLLISION,356.49238137220425
20,HEURISTIC.SIMPLE_COLLISION,356.1040664816631
20,HEURISTIC.SIMPLE_COLLISION,356.4607660201774
20,HEURISTIC.SIMPLE_COLLISION,356.860430342915
20,HEURISTIC.SIMPLE_COLLISION,357.56781022735896
20,HEURISTIC.SIMPLE_COLLISION,357.60613458372785
20,HEURISTIC.SIMPLE_COLLISION,357.1847110652552
20,HEURISTIC.SIMPLE_COLLISION,357.4866218925258
20,HEURISTIC.SIMPLE_COLLISION,357.7826246799398
20,HEURISTIC.SIMPLE_COLLISION,357.781764464948
20,HEURISTIC.SIMPLE_COLLISION,348.1736115334665
20,HEURISTIC.SIMPLE_COLLISION,367.5032856472577
20,HEURISTIC.SIMPLE_COLLISION,368.2431718792544
20,HEURISTIC.SIMPLE_COLLISION,368.43171255293726
20,HEURISTIC.SIMPLE_COLLISION,367.9035235246299
20,HEURISTIC.SIMPLE_COLLISION,348.97343356111924
20,HEURISTIC.SIMPLE_COLLISION,368.94009367247367
20,HEURISTIC.SIMPLE_COLLISION,348.7931469955279
20,HEURISTIC.SIMPLE_COLLISION,370.4764098227
20,HEURISTIC.SIMPLE_COLLISION,347.2218808377027
20,HEURISTIC.SIMPLE_COLLISION,371.3840798134063
20,HEURISTIC.SIMPLE_COLLISION,320.8558539519586
20,HEURISTIC.SIMPLE_COLLISION,356.35188883843136
20,HEURISTIC.SIMPLE_COLLISION,356.4685919010709
20,HEURISTIC.SIMPLE_COLLISION,355.9039283788761
20,HEURISTIC.SIMPLE_COLLISION,355.6256207645905
20,HEURISTIC.SIMPLE_COLLISION,356.6074066219664
20,HEURISTIC.SIMPLE_COLLISION,356.57218283709483
20,HEURISTIC.SIMPLE_COLLISION,355.7175158700006
20,HEURISTIC.SIMPLE_COLLISION,356.2429359606334
20,HEURISTIC.SIMPLE_COLLISION,356.0837270567206
20,HEURISTIC.SIMPLE_COLLISION,338.22661557993206
20,HEURISTIC.SIMPLE_COLLISION,356.4484796862072
20,HEURISTIC.SIMPLE_COLLISION,355.8635016776608
20,HEURISTIC.SIMPLE_COLLISION,356.75626294760986
20,HEURISTIC.SIMPLE_COLLISION,356.04820405719
20,HEURISTIC.SIMPLE_COLLISION,357.0040505634154
20,HEURISTIC.SIMPLE_COLLISION,356.9761206525137
20,HEURISTIC.SIMPLE_COLLISION,356.33925364085246
20,HEURISTIC.SIMPLE_COLLISION,356.8426131183919
20,HEURISTIC.SIMPLE_COLLISION,356.7782637604996
20,HEURISTIC.SIMPLE_COLLISION,339.312346131856
20,HEURISTIC.SIMPLE_COLLISION,357.8566462498128
20,HEURISTIC.SIMPLE_COLLISION,357.9847434277578
20,HEURISTIC.SIMPLE_COLLISION,357.61085265573774
20,HEURISTIC.SIMPLE_COLLISION,357.4538595986912
20,HEURISTIC.SIMPLE_COLLISION,357.99487927403
20,HEURISTIC.SIMPLE_COLLISION,357.7264849663225
20,HEURISTIC.SIMPLE_COLLISION,357.5887860078434
20,HEURISTIC.SIMPLE_COLLISION,357.0818916948541
20,HEURISTIC.SIMPLE_COLLISION,357.17651020887985
20,HEURISTIC.SIMPLE_COLLISION,339.5744141286301
20,HEURISTIC.SIMPLE_COLLISION,358.3551207019327
20,HEURISTIC.SIMPLE_COLLISION,358.42600261313254
20,HEURISTIC.SIMPLE_COLLISION,357.99234092379606
20,HEURISTIC.SIMPLE_COLLISION,357.81680280974956
20,HEURISTIC.SIMPLE_COLLISION,358.6721441518477
20,HEURISTIC.SIMPLE_COLLISION,358.4140639876995
20,HEURISTIC.SIMPLE_COLLISION,358.3154313851771
20,HEURISTIC.SIMPLE_COLLISION,357.7086456905881
20,HEURISTIC.SIMPLE_COLLISION,357.8382551995159
20,HEURISTIC.SIMPLE_COLLISION,338.2854210393406
20,HEURISTIC.SIMPLE_COLLISION,358.2135866040268
20,HEURISTIC.SIMPLE_COLLISION,358.49839823227836
20,HEURISTIC.SIMPLE_COLLISION,358.0475210340612
20,HEURISTIC.SIMPLE_COLLISION,359.09183429885275
20,HEURISTIC.SIMPLE_COLLISION,359.2300164730732
20,HEURISTIC.SIMPLE_COLLISION,358.8454172675158
20,HEURISTIC.SIMPLE_COLLISION,359.1113412320577
20,HEURISTIC.SIMPLE_COLLISION,359.38568745913386
20,HEURISTIC.SIMPLE_COLLISION,359.45325539919486
20,HEURISTIC.SIMPLE_COLLISION,338.8027348808479
20,HEURISTIC.SIMPLE_COLLISION,360.12490010440956
20,HEURISTIC.SIMPLE_COLLISION,360.3002623318455
20,HEURISTIC.SIMPLE_COLLISION,360.9045145644624
20,HEURISTIC.SIMPLE_COLLISION,360.6196246310331
20,HEURISTIC.SIMPLE_COLLISION,361.1573893690811
20,HEURISTIC.SIMPLE_COLLISION,361.41759208877716
20,HEURISTIC.SIMPLE_COLLISION,361.6171856042647
20,HEURISTIC.SIMPLE_COLLISION,361.60244993533524
20,HEURISTIC.SIMPLE_COLLISION,361.6700178753962
20,HEURISTIC.SIMPLE_COLLISION,338.96491349578224
20,HEURISTIC.SIMPLE_COLLISION,360.7103077474211
20,HEURISTIC.SIMPLE_COLLISION,360.877721362938
20,HEURISTIC.SIMPLE_COLLISION,361.4831297137083
20,HEURISTIC.SIMPLE_COLLISION,361.41910853279285
20,HEURISTIC.SIMPLE_COLLISION,361.73607624035344
20,HEURISTIC.SIMPLE_COLLISION,362.14664431184224
20,HEURISTIC.SIMPLE_COLLISION,362.3462378273298
20,HEURISTIC.SIMPLE_COLLISION,362.1811368066076
20,HEURISTIC.SIMPLE_COLLISION,362.2487047466685
20,HEURISTIC.SIMPLE_COLLISION,339.4014740361796
20,HEURISTIC.SIMPLE_COLLISION,361.3233535215743
20,HEURISTIC.SIMPLE_COLLISION,361.42063214187215
20,HEURISTIC.SIMPLE_COLLISION,361.7754091398008
20,HEURISTIC.SIMPLE_COLLISION,362.03977601537497
20,HEURISTIC.SIMPLE_COLLISION,362.20641619845696
20,HEURISTIC.SIMPLE_COLLISION,362.75468388330444
20,HEURISTIC.SIMPLE_COLLISION,362.954277398792
20,HEURISTIC.SIMPLE_COLLISION,362.5858471297071
20,HEURISTIC.SIMPLE_COLLISION,362.76285716134225
20,HEURISTIC.SIMPLE_COLLISION,342.24189556069723
20,HEURISTIC.SIMPLE_COLLISION,366.1873353901992
20,HEURISTIC.SIMPLE_COLLISION,365.60587599613393
20,HEURISTIC.SIMPLE_COLLISION,366.9653683485566
20,HEURISTIC.SIMPLE_COLLISION,367.03395369186086
20,HEURISTIC.SIMPLE_COLLISION,366.0793045082898
20,HEURISTIC.SIMPLE_COLLISION,365.96778210414664
20,HEURISTIC.SIMPLE_COLLISION,367.37725198341803
20,HEURISTIC.SIMPLE_COLLISION,367.1613899411434
20,HEURISTIC.SIMPLE_COLLISION,366.524978955001
20,HEURISTIC.SIMPLE_COLLISION,342.1841129294206
20,HEURISTIC.SIMPLE_COLLISION,366.43218267817815
20,HEURISTIC.SIMPLE_COLLISION,365.8507232841129
20,HEURISTIC.SIMPLE_COLLISION,367.2102156365356
20,HEURISTIC.SIMPLE_COLLISION,367.27880097983984
20,HEURISTIC.SIMPLE_COLLISION,366.21262939212556
20,HEURISTIC.SIMPLE_COLLISION,366.3241517962688
20,HEURISTIC.SIMPLE_COLLISION,367.622099271397
20,HEURISTIC.SIMPLE_COLLISION,367.4062372291223
20,HEURISTIC.SIMPLE_COLLISION,366.76982624298
20,HEURISTIC.SIMPLE_COLLISION,342.1168684846217
20,HEURISTIC.SIMPLE_COLLISION,366.6708121477942
20,HEURISTIC.SIMPLE_COLLISION,366.089352753729
20,HEURISTIC.SIMPLE_COLLISION,367.4488451061516
20,HEURISTIC.SIMPLE_COLLISION,367.5174304494559
20,HEURISTIC.SIMPLE_COLLISION,366.4512588617416
20,HEURISTIC.SIMPLE_COLLISION,366.5627812658848
20,HEURISTIC.SIMPLE_COLLISION,367.00845571259606
20,HEURISTIC.SIMPLE_COLLISION,367.860728741013
20,HEURISTIC.SIMPLE_COLLISION,367.6448666987384
20,HEURISTIC.SIMPLE_COLLISION,342.4950562231057
20,HEURISTIC.SIMPLE_COLLISION,369.1621537988494
20,HEURISTIC.SIMPLE_COLLISION,368.58069440478414
20,HEURISTIC.SIMPLE_COLLISION,369.9401867572068
20,HEURISTIC.SIMPLE_COLLISION,370.008772100511
20,HEURISTIC.SIMPLE_COLLISION,342.11911326728926
20,HEURISTIC.SIMPLE_COLLISION,368.51766845976977
20,HEURISTIC.SIMPLE_COLLISION,367.9362090657046
20,HEURISTIC.SIMPLE_COLLISION,369.29570141812724
20,HEURISTIC.SIMPLE_COLLISION,369.36428676143146
20,HEURISTIC.SIMPLE_COLLISION,368.2981151737172
20,HEURISTIC.SIMPLE_COLLISION,368.4096375778604
20,HEURISTIC.SIMPLE_COLLISION,368.8553120245716
20,HEURISTIC.SIMPLE_COLLISION,369.70758505298863
20,HEURISTIC.SIMPLE_COLLISION,369.491723010714
20,HEURISTIC.SIMPLE_COLLISION,339.2099535171267
20,HEURISTIC.SIMPLE_COLLISION,366.5331874889762
20,HEURISTIC.SIMPLE_COLLISION,366.7297738475804
20,HEURISTIC.SIMPLE_COLLISION,366.85343955027196
20,HEURISTIC.SIMPLE_COLLISION,366.220772402899
20,HEURISTIC.SIMPLE_COLLISION,367.4171603661434
20,HEURISTIC.SIMPLE_COLLISION,367.6263378606426
20,HEURISTIC.SIMPLE_COLLISION,367.5277052581202
20,HEURISTIC.SIMPLE_COLLISION,366.8666405138662
20,HEURISTIC.SIMPLE_COLLISION,367.10848183775386
20,HEURISTIC.SIMPLE_COLLISION,342.7231704638085
20,HEURISTIC.SIMPLE_COLLISION,370.67264542375557
20,HEURISTIC.SIMPLE_COLLISION,370.09118602969033
20,HEURISTIC.SIMPLE_COLLISION,371.450678382113
20,HEURISTIC.SIMPLE_COLLISION,371.5192637254172
20,HEURISTIC.SIMPLE_COLLISION,339.6769440036809
20,HEURISTIC.SIMPLE_COLLISION,367.5144825184053
20,HEURISTIC.SIMPLE_COLLISION,367.6381482210968
20,HEURISTIC.SIMPLE_COLLISION,367.05763098312053
20,HEURISTIC.SIMPLE_COLLISION,367.2984316132744
20,HEURISTIC.SIMPLE_COLLISION,368.2548616788187
20,HEURISTIC.SIMPLE_COLLISION,368.60273830146633
20,HEURISTIC.SIMPLE_COLLISION,368.5891618738195
20,HEURISTIC.SIMPLE_COLLISION,368.01121790340926
20,HEURISTIC.SIMPLE_COLLISION,368.253059227297
20,HEURISTIC.SIMPLE_COLLISION,342.7855547190725
20,HEURISTIC.SIMPLE_COLLISION,371.5824495489164
20,HEURISTIC.SIMPLE_COLLISION,371.00099015485114
20,HEURISTIC.SIMPLE_COLLISION,372.3604825072738
20,HEURISTIC.SIMPLE_COLLISION,372.429067850578
20,HEURISTIC.SIMPLE_COLLISION,342.2422649061775
20,HEURISTIC.SIMPLE_COLLISION,372.123358989049
20,HEURISTIC.SIMPLE_COLLISION,371.54189959498376
20,HEURISTIC.SIMPLE_COLLISION,372.9013919474064
20,HEURISTIC.SIMPLE_COLLISION,372.96997729071063
20,HEURISTIC.SIMPLE_COLLISION,342.47655006038747
20,HEURISTIC.SIMPLE_COLLISION,374.96090824211365
20,HEURISTIC.SIMPLE_COLLISION,342.4839922525407
20,HEURISTIC.SIMPLE_COLLISION,375.5055107172566
20,HEURISTIC.SIMPLE_COLLISION,315.7453475056312
20,HEURISTIC.SIMPLE_COLLISION,347.98931194346176
20,HEURISTIC.SIMPLE_COLLISION,347.6009970529206
20,HEURISTIC.SIMPLE_COLLISION,347.9576965914349
20,HEURISTIC.SIMPLE_COLLISION,348.3573609141725
20,HEURISTIC.SIMPLE_COLLISION,349.10306515498536
20,HEURISTIC.SIMPLE_COLLISION,348.6816416365127
20,HEURISTIC.SIMPLE_COLLISION,348.9835524637833
20,HEURISTIC.SIMPLE_COLLISION,349.06474079861647
20,HEURISTIC.SIMPLE_COLLISION,349.2795552511973
20,HEURISTIC.SIMPLE_COLLISION,349.27869503620553
20,HEURISTIC.SIMPLE_COLLISION,335.44021672792053
20,HEURISTIC.SIMPLE_COLLISION,347.6512520627123
20,HEURISTIC.SIMPLE_COLLISION,348.0395669532535
20,HEURISTIC.SIMPLE_COLLISION,348.0079516012266
20,HEURISTIC.SIMPLE_COLLISION,348.40761592396416
20,HEURISTIC.SIMPLE_COLLISION,348.73189664630434
20,HEURISTIC.SIMPLE_COLLISION,349.11499580840814
20,HEURISTIC.SIMPLE_COLLISION,349.153320164777
20,HEURISTIC.SIMPLE_COLLISION,349.033807473575
20,HEURISTIC.SIMPLE_COLLISION,349.32981026098895
20,HEURISTIC.SIMPLE_COLLISION,349.3289500459972
20,HEURISTIC.SIMPLE_COLLISION,334.55165103460837
20,HEURISTIC.SIMPLE_COLLISION,348.62415875005723
20,HEURISTIC.SIMPLE_COLLISION,348.2358438595161
20,HEURISTIC.SIMPLE_COLLISION,348.5925433980304
20,HEURISTIC.SIMPLE_COLLISION,349.10136995248627
20,HEURISTIC.SIMPLE_COLLISION,349.31648844310814
20,HEURISTIC.SIMPLE_COLLISION,349.6183992703788
20,HEURISTIC.SIMPLE_COLLISION,349.69958760521195
20,HEURISTIC.SIMPLE_COLLISION,349.73791196158083
20,HEURISTIC.SIMPLE_COLLISION,349.91440205779276
20,HEURISTIC.DILIGENT,195.25167412786212
20,HEURISTIC.DILIGENT,360.3490485368982
20,HEURISTIC.DILIGENT,359.96073364635697
20,HEURISTIC.DILIGENT,360.3174331848713
20,HEURISTIC.DILIGENT,361.3432890572197
20,HEURISTIC.DILIGENT,360.71709750760886
20,HEURISTIC.DILIGENT,361.42447739205284
20,HEURISTIC.DILIGENT,361.4628017484217
20,HEURISTIC.DILIGENT,361.04137822994903
20,HEURISTIC.DILIGENT,361.63929184463365
20,HEURISTIC.DILIGENT,361.6384316296419
20,HEURISTIC.DILIGENT,344.23753326671704
20,HEURISTIC.DILIGENT,360.48388005443167
20,HEURISTIC.DILIGENT,360.09556516389046
20,HEURISTIC.DILIGENT,360.45226470240476
20,HEURISTIC.DILIGENT,361.4781205747532
20,HEURISTIC.DILIGENT,360.85192902514234
20,HEURISTIC.DILIGENT,361.5593089095863
20,HEURISTIC.DILIGENT,361.5976332659552
20,HEURISTIC.DILIGENT,361.1762097474825
20,HEURISTIC.DILIGENT,361.77412336216713
20,HEURISTIC.DILIGENT,361.7732631471754
20,HEURISTIC.DILIGENT,343.3489675734048
20,HEURISTIC.DILIGENT,361.04495733840014
20,HEURISTIC.DILIGENT,360.656642447859
20,HEURISTIC.DILIGENT,361.0133419863733
20,HEURISTIC.DILIGENT,362.0391978587217
20,HEURISTIC.DILIGENT,362.12038619355485
20,HEURISTIC.DILIGENT,361.52216854082917
20,HEURISTIC.DILIGENT,362.15871054992374
20,HEURISTIC.DILIGENT,361.73728703145105
20,HEURISTIC.DILIGENT,362.33520064613566
20,HEURISTIC.DILIGENT,362.3343404311439
20,HEURISTIC.DILIGENT,344.3716792956054
20,HEURISTIC.DILIGENT,361.65846736090816
20,HEURISTIC.DILIGENT,361.27015247036707
20,HEURISTIC.DILIGENT,361.6268520088813
20,HEURISTIC.DILIGENT,362.65270788122973
20,HEURISTIC.DILIGENT,362.0265163316189
20,HEURISTIC.DILIGENT,362.73389621606293
20,HEURISTIC.DILIGENT,362.7722205724318
20,HEURISTIC.DILIGENT,362.3507970539591
20,HEURISTIC.DILIGENT,362.9487106686437
20,HEURISTIC.DILIGENT,362.94785045365194
20,HEURISTIC.DILIGENT,344.2489079711681
20,HEURISTIC.DILIGENT,361.93853050709845
20,HEURISTIC.DILIGENT,361.55021561655735
20,HEURISTIC.DILIGENT,361.9069151550716
20,HEURISTIC.DILIGENT,362.93277102742
20,HEURISTIC.DILIGENT,362.3065794778092
20,HEURISTIC.DILIGENT,363.0139593622532
20,HEURISTIC.DILIGENT,363.0522837186221
20,HEURISTIC.DILIGENT,362.6308602001494
20,HEURISTIC.DILIGENT,363.22877381483397
20,HEURISTIC.DILIGENT,363.2279135998422
20,HEURISTIC.DILIGENT,343.09837015522794
20,HEURISTIC.DILIGENT,362.1842927898296
20,HEURISTIC.DILIGENT,361.8528422618676
20,HEURISTIC.DILIGENT,362.38527773166993
20,HEURISTIC.DILIGENT,363.1785333101512
20,HEURISTIC.DILIGENT,363.2597216449843
20,HEURISTIC.DILIGENT,363.2980460013532
20,HEURISTIC.DILIGENT,362.89260492780545
20,HEURISTIC.DILIGENT,363.0728140064732
20,HEURISTIC.DILIGENT,363.47453609756514
20,HEURISTIC.DILIGENT,363.4736758825734
20,HEURISTIC.DILIGENT,342.96391824840225
20,HEURISTIC.DILIGENT,362.46068514030196
20,HEURISTIC.DILIGENT,362.1736635536193
20,HEURISTIC.DILIGENT,362.70182527007074
20,HEURISTIC.DILIGENT,363.45492566062353
20,HEURISTIC.DILIGENT,363.5361139954566
20,HEURISTIC.DILIGENT,363.5744383518255
20,HEURISTIC.DILIGENT,363.2106518245266
20,HEURISTIC.DILIGENT,363.3936352982249
20,HEURISTIC.DILIGENT,363.7509284480374
20,HEURISTIC.DILIGENT,363.7500682330457
20,HEURISTIC.DILIGENT,343.14163151920616
20,HEURISTIC.DILIGENT,363.12036263989944
20,HEURISTIC.DILIGENT,362.73204774935823
20,HEURISTIC.DILIGENT,363.26448321916064
20,HEURISTIC.DILIGENT,364.114603160221
20,HEURISTIC.DILIGENT,364.19579149505415
20,HEURISTIC.DILIGENT,364.23411585142304
20,HEURISTIC.DILIGENT,363.77181041529616
20,HEURISTIC.DILIGENT,363.9520194939639
20,HEURISTIC.DILIGENT,364.41060594763496
20,HEURISTIC.DILIGENT,364.40974573264316
20,HEURISTIC.DILIGENT,343.92473856523276
20,HEURISTIC.DILIGENT,363.52237387737915
20,HEURISTIC.DILIGENT,363.134058986838
20,HEURISTIC.DILIGENT,363.49075852535225
20,HEURISTIC.DILIGENT,364.51661439770066
20,HEURISTIC.DILIGENT,363.8904228480899
20,HEURISTIC.DILIGENT,364.59780273253386
20,HEURISTIC.DILIGENT,364.63612708890275
20,HEURISTIC.DILIGENT,364.21470357043006
20,HEURISTIC.DILIGENT,364.8126171851146
20,HEURISTIC.DILIGENT,364.81175697012293
20,HEURISTIC.DILIGENT,343.56469942364316
20,HEURISTIC.DILIGENT,363.44760432939006
20,HEURISTIC.DILIGENT,363.05928943884885
20,HEURISTIC.DILIGENT,363.41598897736316
20,HEURISTIC.DILIGENT,364.4418448497116
20,HEURISTIC.DILIGENT,363.81565330010073
20,HEURISTIC.DILIGENT,364.5230331845447
20,HEURISTIC.DILIGENT,364.5613575409136
20,HEURISTIC.DILIGENT,364.1399340224409
20,HEURISTIC.DILIGENT,364.7378476371256
20,HEURISTIC.DILIGENT,364.7369874221338
20,HEURISTIC.DILIGENT,322.7620711423384
20,HEURISTIC.DILIGENT,360.1103759807256
20,HEURISTIC.DILIGENT,359.7220610901844
20,HEURISTIC.DILIGENT,360.0787606286987
20,HEURISTIC.DILIGENT,361.10461650104713
20,HEURISTIC.DILIGENT,360.4784249514363
20,HEURISTIC.DILIGENT,361.1858048358803
20,HEURISTIC.DILIGENT,361.22412919224917
20,HEURISTIC.DILIGENT,360.8027056737765
20,HEURISTIC.DILIGENT,361.4006192884611
20,HEURISTIC.DILIGENT,361.39975907346934
20,HEURISTIC.DILIGENT,344.47012820439
20,HEURISTIC.DILIGENT,360.2452074982591
20,HEURISTIC.DILIGENT,359.8568926077179
20,HEURISTIC.DILIGENT,360.2135921462322
20,HEURISTIC.DILIGENT,361.2394480185806
20,HEURISTIC.DILIGENT,360.6132564689698
20,HEURISTIC.DILIGENT,361.32063635341376
20,HEURISTIC.DILIGENT,361.35896070978265
20,HEURISTIC.DILIGENT,360.93753719130996
20,HEURISTIC.DILIGENT,361.53545080599457
20,HEURISTIC.DILIGENT,361.5345905910028
20,HEURISTIC.DILIGENT,343.5815625110778
20,HEURISTIC.DILIGENT,360.8062847822276
20,HEURISTIC.DILIGENT,360.4179698916864
20,HEURISTIC.DILIGENT,360.77466943020073
20,HEURISTIC.DILIGENT,361.80052530254915
20,HEURISTIC.DILIGENT,361.8817136373823
20,HEURISTIC.DILIGENT,361.2834959846566
20,HEURISTIC.DILIGENT,361.9200379937512
20,HEURISTIC.DILIGENT,361.4986144752785
20,HEURISTIC.DILIGENT,362.0965280899631
20,HEURISTIC.DILIGENT,362.09566787497135
20,HEURISTIC.DILIGENT,344.6042742332784
20,HEURISTIC.DILIGENT,361.4197948047356
20,HEURISTIC.DILIGENT,361.0314799141945
20,HEURISTIC.DILIGENT,361.38817945270875
20,HEURISTIC.DILIGENT,362.41403532505717
20,HEURISTIC.DILIGENT,361.78784377544633
20,HEURISTIC.DILIGENT,362.49522365989037
20,HEURISTIC.DILIGENT,362.53354801625926
20,HEURISTIC.DILIGENT,362.11212449778657
20,HEURISTIC.DILIGENT,362.7100381124711
20,HEURISTIC.DILIGENT,362.7091778974794
20,HEURISTIC.DILIGENT,344.481502908841
20,HEURISTIC.DILIGENT,361.6998579509259
20,HEURISTIC.DILIGENT,361.3115430603848
20,HEURISTIC.DILIGENT,361.66824259889904
20,HEURISTIC.DILIGENT,362.69409847124746
20,HEURISTIC.DILIGENT,362.0679069216366
20,HEURISTIC.DILIGENT,362.77528680608066
20,HEURISTIC.DILIGENT,362.81361116244955
20,HEURISTIC.DILIGENT,362.39218764397685
20,HEURISTIC.DILIGENT,362.9901012586614
20,HEURISTIC.DILIGENT,362.98924104366967
20,HEURISTIC.DILIGENT,343.3309650929009
20,HEURISTIC.DILIGENT,361.94562023365705
20,HEURISTIC.DILIGENT,361.614169705695
20,HEURISTIC.DILIGENT,362.14660517549737
20,HEURISTIC.DILIGENT,362.9398607539786
20,HEURISTIC.DILIGENT,363.02104908881176
20,HEURISTIC.DILIGENT,363.05937344518065
20,HEURISTIC.DILIGENT,362.6539323716329
20,HEURISTIC.DILIGENT,362.83414145030065
20,HEURISTIC.DILIGENT,363.2358635413926
20,HEURISTIC.DILIGENT,363.23500332640083
20,HEURISTIC.DILIGENT,343.1965131860752
20,HEURISTIC.DILIGENT,362.2220125841294
20,HEURISTIC.DILIGENT,361.93499099744673
20,HEURISTIC.DILIGENT,362.4631527138982
20,HEURISTIC.DILIGENT,363.21625310445097
20,HEURISTIC.DILIGENT,363.29744143928406
20,HEURISTIC.DILIGENT,363.33576579565295
20,HEURISTIC.DILIGENT,362.97197926835406
20,HEURISTIC.DILIGENT,363.15496274205236
20,HEURISTIC.DILIGENT,363.51225589186487
20,HEURISTIC.DILIGENT,363.5113956768731
20,HEURISTIC.DILIGENT,343.3742264568791
20,HEURISTIC.DILIGENT,362.8816900837269
20,HEURISTIC.DILIGENT,362.49337519318567
20,HEURISTIC.DILIGENT,363.0258106629881
20,HEURISTIC.DILIGENT,363.87593060404845
20,HEURISTIC.DILIGENT,363.9571189388816
20,HEURISTIC.DILIGENT,363.9954432952505
20,HEURISTIC.DILIGENT,363.5331378591236
20,HEURISTIC.DILIGENT,363.71334693779136
20,HEURISTIC.DILIGENT,364.1719333914624
20,HEURISTIC.DILIGENT,364.1710731764706
20,HEURISTIC.DILIGENT,344.15733350290566
20,HEURISTIC.DILIGENT,363.2837013212066
20,HEURISTIC.DILIGENT,362.89538643066544
20,HEURISTIC.DILIGENT,363.2520859691797
20,HEURISTIC.DILIGENT,364.2779418415281
20,HEURISTIC.DILIGENT,363.6517502919173
20,HEURISTIC.DILIGENT,364.3591301763613
20,HEURISTIC.DILIGENT,364.3974545327302
20,HEURISTIC.DILIGENT,363.9760310142575
20,HEURISTIC.DILIGENT,364.57394462894206
20,HEURISTIC.DILIGENT,364.57308441395037
20,HEURISTIC.DILIGENT,343.79729436131606
20,HEURISTIC.DILIGENT,363.2089317732175
20,HEURISTIC.DILIGENT,362.8206168826763
20,HEURISTIC.DILIGENT,363.1773164211906
20,HEURISTIC.DILIGENT,364.203172293539
20,HEURISTIC.DILIGENT,363.5769807439282
20,HEURISTIC.DILIGENT,364.28436062837216
20,HEURISTIC.DILIGENT,364.32268498474104
20,HEURISTIC.DILIGENT,363.90126146626835
20,HEURISTIC.DILIGENT,364.499175080953
20,HEURISTIC.DILIGENT,364.4983148659612
20,HEURISTIC.DILIGENT,322.71811948356594
20,HEURISTIC.DILIGENT,360.25317777314706
20,HEURISTIC.DILIGENT,359.86486288260585
20,HEURISTIC.DILIGENT,360.22156242112015
20,HEURISTIC.DILIGENT,361.24741829346857
20,HEURISTIC.DILIGENT,360.62122674385773
20,HEURISTIC.DILIGENT,361.3286066283017
20,HEURISTIC.DILIGENT,361.3669309846706
20,HEURISTIC.DILIGENT,360.9455074661979
20,HEURISTIC.DILIGENT,361.5434210808825
20,HEURISTIC.DILIGENT,361.5425608658908
20,HEURISTIC.DILIGENT,344.73919501404055
20,HEURISTIC.DILIGENT,360.38800929068043
20,HEURISTIC.DILIGENT,359.9996944001393
20,HEURISTIC.DILIGENT,360.3563939386536
20,HEURISTIC.DILIGENT,361.382249811002
20,HEURISTIC.DILIGENT,360.75605826139116
20,HEURISTIC.DILIGENT,361.4634381458352
20,HEURISTIC.DILIGENT,361.5017625022041
20,HEURISTIC.DILIGENT,361.0803389837314
20,HEURISTIC.DILIGENT,361.67825259841595
20,HEURISTIC.DILIGENT,361.6773923834242
20,HEURISTIC.DILIGENT,343.8506293207284
20,HEURISTIC.DILIGENT,360.949086574649
20,HEURISTIC.DILIGENT,360.56077168410786
20,HEURISTIC.DILIGENT,360.91747122262217
20,HEURISTIC.DILIGENT,361.9433270949706
20,HEURISTIC.DILIGENT,362.0245154298037
20,HEURISTIC.DILIGENT,361.42629777707805
20,HEURISTIC.DILIGENT,362.0628397861726
20,HEURISTIC.DILIGENT,361.6414162676999
20,HEURISTIC.DILIGENT,362.23932988238454
20,HEURISTIC.DILIGENT,362.2384696673928
20,HEURISTIC.DILIGENT,344.873341042929
20,HEURISTIC.DILIGENT,361.56259659715704
20,HEURISTIC.DILIGENT,361.17428170661594
20,HEURISTIC.DILIGENT,361.5309812451302
20,HEURISTIC.DILIGENT,362.5568371174786
20,HEURISTIC.DILIGENT,361.93064556786777
20,HEURISTIC.DILIGENT,362.6380254523118
20,HEURISTIC.DILIGENT,362.6763498086807
20,HEURISTIC.DILIGENT,362.254926290208
20,HEURISTIC.DILIGENT,362.85283990489256
20,HEURISTIC.DILIGENT,362.8519796899008
20,HEURISTIC.DILIGENT,344.75056971849165
20,HEURISTIC.DILIGENT,361.8426597433473
20,HEURISTIC.DILIGENT,361.45434485280623
20,HEURISTIC.DILIGENT,361.8110443913205
20,HEURISTIC.DILIGENT,362.8369002636689
20,HEURISTIC.DILIGENT,362.21070871405806
20,HEURISTIC.DILIGENT,362.9180885985021
20,HEURISTIC.DILIGENT,362.956412954871
20,HEURISTIC.DILIGENT,362.5349894363983
20,HEURISTIC.DILIGENT,363.13290305108285
20,HEURISTIC.DILIGENT,363.1320428360911
20,HEURISTIC.DILIGENT,343.60003190255145
20,HEURISTIC.DILIGENT,362.0884220260785
20,HEURISTIC.DILIGENT,361.75697149811646
20,HEURISTIC.DILIGENT,362.2894069679188
20,HEURISTIC.DILIGENT,363.08266254640006
20,HEURISTIC.DILIGENT,363.1638508812332
20,HEURISTIC.DILIGENT,363.2021752376021
20,HEURISTIC.DILIGENT,362.7967341640543
20,HEURISTIC.DILIGENT,362.9769432427221
20,HEURISTIC.DILIGENT,363.378665333814
20,HEURISTIC.DILIGENT,363.37780511882227
20,HEURISTIC.DILIGENT,343.46557999572576
20,HEURISTIC.DILIGENT,362.36481437655084
20,HEURISTIC.DILIGENT,362.07779278986817
20,HEURISTIC.DILIGENT,362.6059545063196
20,HEURISTIC.DILIGENT,363.3590548968724
20,HEURISTIC.DILIGENT,363.4402432317055
20,HEURISTIC.DILIGENT,363.4785675880744
20,HEURISTIC.DILIGENT,363.1147810607755
20,HEURISTIC.DILIGENT,363.2977645344738
20,HEURISTIC.DILIGENT,363.6550576842863
20,HEURISTIC.DILIGENT,363.65419746929456
20,HEURISTIC.DILIGENT,343.64329326652967
20,HEURISTIC.DILIGENT,363.0244918761483
20,HEURISTIC.DILIGENT,362.6361769856071
20,HEURISTIC.DILIGENT,363.1686124554095
20,HEURISTIC.DILIGENT,364.0187323964699
20,HEURISTIC.DILIGENT,364.09992073130303
20,HEURISTIC.DILIGENT,364.1382450876719
20,HEURISTIC.DILIGENT,363.67593965154504
20,HEURISTIC.DILIGENT,363.8561487302128
20,HEURISTIC.DILIGENT,364.31473518388384
20,HEURISTIC.DILIGENT,364.31387496889204
20,HEURISTIC.DILIGENT,344.4264003125563
20,HEURISTIC.DILIGENT,363.42650311362803
20,HEURISTIC.DILIGENT,363.0381882230869
20,HEURISTIC.DILIGENT,363.3948877616011
20,HEURISTIC.DILIGENT,364.42074363394954
20,HEURISTIC.DILIGENT,363.79455208433876
20,HEURISTIC.DILIGENT,364.50193196878274
20,HEURISTIC.DILIGENT,364.54025632515163
20,HEURISTIC.DILIGENT,364.11883280667894
20,HEURISTIC.DILIGENT,364.7167464213635
20,HEURISTIC.DILIGENT,364.7158862063718
20,HEURISTIC.DILIGENT,344.06636117096673
20,HEURISTIC.DILIGENT,363.35173356563894
20,HEURISTIC.DILIGENT,362.9634186750977
20,HEURISTIC.DILIGENT,363.32011821361203
20,HEURISTIC.DILIGENT,364.34597408596045
20,HEURISTIC.DILIGENT,363.7197825363496
20,HEURISTIC.DILIGENT,364.4271624207936
20,HEURISTIC.DILIGENT,364.4654867771625
20,HEURISTIC.DILIGENT,364.0440632586898
20,HEURISTIC.DILIGENT,364.64197687337446
20,HEURISTIC.DILIGENT,364.64111665838266
20,HEURISTIC.DILIGENT,328.41311422132975
20,HEURISTIC.DILIGENT,362.89879314498614
20,HEURISTIC.DILIGENT,362.53617936526666
20,HEURISTIC.DILIGENT,362.60449224301783
20,HEURISTIC.DILIGENT,362.6123806796883
20,HEURISTIC.DILIGENT,363.37479896883787
20,HEURISTIC.DILIGENT,363.8934079974928
20,HEURISTIC.DILIGENT,351.0710750880271
20,HEURISTIC.DILIGENT,363.73150898133406
20,HEURISTIC.DILIGENT,363.3688952016146
20,HEURISTIC.DILIGENT,363.4372080793658
20,HEURISTIC.DILIGENT,363.44509651603624
20,HEURISTIC.DILIGENT,364.20751480518584
20,HEURISTIC.DILIGENT,350.9467173931322
20,HEURISTIC.DILIGENT,363.866578247427
20,HEURISTIC.DILIGENT,363.50396446770753
20,HEURISTIC.DILIGENT,363.5722773454587
20,HEURISTIC.DILIGENT,363.58016578212914
20,HEURISTIC.DILIGENT,364.34258407127874
20,HEURISTIC.DILIGENT,349.3825894052599
20,HEURISTIC.DILIGENT,363.1370061364555
20,HEURISTIC.DILIGENT,362.774392356736
20,HEURISTIC.DILIGENT,362.8427052344872
20,HEURISTIC.DILIGENT,362.85059367115764
20,HEURISTIC.DILIGENT,363.61301196030723
20,HEURISTIC.DILIGENT,364.13162098896214
20,HEURISTIC.DILIGENT,363.43605150346366
20,HEURISTIC.DILIGENT,350.9509901226234
20,HEURISTIC.DILIGENT,364.59579347036396
20,HEURISTIC.DILIGENT,364.2331796906444
20,HEURISTIC.DILIGENT,364.3014925683957
20,HEURISTIC.DILIGENT,364.30938100506614
20,HEURISTIC.DILIGENT,349.10780773898534
20,HEURISTIC.DILIGENT,363.6874731189604
20,HEURISTIC.DILIGENT,363.3248593392409
20,HEURISTIC.DILIGENT,363.3931722169921
20,HEURISTIC.DILIGENT,363.4010606536625
20,HEURISTIC.DILIGENT,364.16347894281216
20,HEURISTIC.DILIGENT,364.682087971467
20,HEURISTIC.DILIGENT,363.9865184859686
20,HEURISTIC.DILIGENT,350.47976452331704
20,HEURISTIC.DILIGENT,365.2947077023806
20,HEURISTIC.DILIGENT,364.9320939226611
20,HEURISTIC.DILIGENT,365.0004068004123
20,HEURISTIC.DILIGENT,365.00829523708273
20,HEURISTIC.DILIGENT,349.0633499408022
20,HEURISTIC.DILIGENT,364.83056447730326
20,HEURISTIC.DILIGENT,364.4679506975837
20,HEURISTIC.DILIGENT,364.53626357533494
20,HEURISTIC.DILIGENT,364.5441520120054
20,HEURISTIC.DILIGENT,365.306570301155
20,HEURISTIC.DILIGENT,350.1471186657816
20,HEURISTIC.DILIGENT,365.5103081111418
20,HEURISTIC.DILIGENT,365.14769433142226
20,HEURISTIC.DILIGENT,365.21600720917354
20,HEURISTIC.DILIGENT,365.223895645844
20,HEURISTIC.DILIGENT,349.28947387886114
20,HEURISTIC.DILIGENT,365.0820672509828
20,HEURISTIC.DILIGENT,364.71945347126325
20,HEURISTIC.DILIGENT,364.78776634901453
20,HEURISTIC.DILIGENT,364.795654785685
20,HEURISTIC.DILIGENT,365.5580730748345
20,HEURISTIC.DILIGENT,351.09980727342804
20,HEURISTIC.DILIGENT,367.2043544943492
20,HEURISTIC.DILIGENT,367.286667852806
20,HEURISTIC.DILIGENT,367.61280704874144
20,HEURISTIC.DILIGENT,367.3205161759972
20,HEURISTIC.DILIGENT,351.7963502554162
20,HEURISTIC.DILIGENT,368.04026287883005
20,HEURISTIC.DILIGENT,368.10874526478267
20,HEURISTIC.DILIGENT,368.31875046807215
20,HEURISTIC.DILIGENT,350.69447064492863
20,HEURISTIC.DILIGENT,367.54219742446185
20,HEURISTIC.DILIGENT,367.6245107829185
20,HEURISTIC.DILIGENT,367.950649978854
20,HEURISTIC.DILIGENT,367.45970874097856
20,HEURISTIC.DILIGENT,351.47778341720135
20,HEURISTIC.DILIGENT,368.55057287835393
20,HEURISTIC.DILIGENT,368.6203122731938
20,HEURISTIC.DILIGENT,368.76057808164353
20,HEURISTIC.DILIGENT,350.5809288614903
20,HEURISTIC.DILIGENT,370.0800113384488
20,HEURISTIC.DILIGENT,370.16232469690544
20,HEURISTIC.DILIGENT,322.76700903141295
20,HEURISTIC.DILIGENT,360.57581753513796
20,HEURISTIC.DILIGENT,360.18750264459675
20,HEURISTIC.DILIGENT,360.54420218311105
20,HEURISTIC.DILIGENT,361.57005805545947
20,HEURISTIC.DILIGENT,360.94386650584863
20,HEURISTIC.DILIGENT,361.6512463902926
20,HEURISTIC.DILIGENT,361.6895707466615
20,HEURISTIC.DILIGENT,361.2681472281888
20,HEURISTIC.DILIGENT,361.8660608428734
20,HEURISTIC.DILIGENT,361.8652006278817
20,HEURISTIC.DILIGENT,345.3390844241199
20,HEURISTIC.DILIGENT,360.71064905267144
20,HEURISTIC.DILIGENT,360.32233416213023
20,HEURISTIC.DILIGENT,360.67903370064454
20,HEURISTIC.DILIGENT,361.70488957299295
20,HEURISTIC.DILIGENT,361.0786980233821
20,HEURISTIC.DILIGENT,361.7860779078261
20,HEURISTIC.DILIGENT,361.824402264195
20,HEURISTIC.DILIGENT,361.4029787457223
20,HEURISTIC.DILIGENT,362.0008923604069
20,HEURISTIC.DILIGENT,362.00003214541516
20,HEURISTIC.DILIGENT,344.45051873080774
20,HEURISTIC.DILIGENT,361.2717263366399
20,HEURISTIC.DILIGENT,360.88341144609876
20,HEURISTIC.DILIGENT,361.24011098461307
20,HEURISTIC.DILIGENT,362.2659668569615
20,HEURISTIC.DILIGENT,362.3471551917946
20,HEURISTIC.DILIGENT,361.74893753906895
20,HEURISTIC.DILIGENT,362.3854795481635
20,HEURISTIC.DILIGENT,361.9640560296908
20,HEURISTIC.DILIGENT,362.56196964437544
20,HEURISTIC.DILIGENT,362.5611094293837
20,HEURISTIC.DILIGENT,345.47323045300834
20,HEURISTIC.DILIGENT,361.88523635914794
20,HEURISTIC.DILIGENT,361.49692146860684
20,HEURISTIC.DILIGENT,361.8536210071211
20,HEURISTIC.DILIGENT,362.8794768794695
20,HEURISTIC.DILIGENT,362.25328532985867
20,HEURISTIC.DILIGENT,362.9606652143027
20,HEURISTIC.DILIGENT,362.9989895706716
20,HEURISTIC.DILIGENT,362.5775660521989
20,HEURISTIC.DILIGENT,363.17547966688346
20,HEURISTIC.DILIGENT,363.1746194518917
20,HEURISTIC.DILIGENT,345.35045912857095
20,HEURISTIC.DILIGENT,362.1652995053382
20,HEURISTIC.DILIGENT,361.77698461479713
20,HEURISTIC.DILIGENT,362.1336841533114
20,HEURISTIC.DILIGENT,363.1595400256598
20,HEURISTIC.DILIGENT,362.53334847604896
20,HEURISTIC.DILIGENT,363.240728360493
20,HEURISTIC.DILIGENT,363.2790527168619
20,HEURISTIC.DILIGENT,362.8576291983892
20,HEURISTIC.DILIGENT,363.45554281307375
20,HEURISTIC.DILIGENT,363.454682598082
20,HEURISTIC.DILIGENT,344.1999213126308
20,HEURISTIC.DILIGENT,362.4110617880694
20,HEURISTIC.DILIGENT,362.07961126010736
20,HEURISTIC.DILIGENT,362.6120467299097
20,HEURISTIC.DILIGENT,363.40530230839096
20,HEURISTIC.DILIGENT,363.4864906432241
20,HEURISTIC.DILIGENT,363.524814999593
20,HEURISTIC.DILIGENT,363.1193739260452
20,HEURISTIC.DILIGENT,363.299583004713
20,HEURISTIC.DILIGENT,363.7013050958049
20,HEURISTIC.DILIGENT,363.70044488081317
20,HEURISTIC.DILIGENT,344.0654694058051
20,HEURISTIC.DILIGENT,362.68745413854174
20,HEURISTIC.DILIGENT,362.40043255185907
20,HEURISTIC.DILIGENT,362.9285942683105
20,HEURISTIC.DILIGENT,363.6816946588633
20,HEURISTIC.DILIGENT,363.7628829936964
20,HEURISTIC.DILIGENT,363.8012073500653
20,HEURISTIC.DILIGENT,363.4374208227664
20,HEURISTIC.DILIGENT,363.6204042964647
20,HEURISTIC.DILIGENT,363.9776974462772
20,HEURISTIC.DILIGENT,363.97683723128546
20,HEURISTIC.DILIGENT,344.243182676609
20,HEURISTIC.DILIGENT,363.3471316381392
20,HEURISTIC.DILIGENT,362.958816747598
20,HEURISTIC.DILIGENT,363.4912522174004
20,HEURISTIC.DILIGENT,364.3413721584608
20,HEURISTIC.DILIGENT,364.42256049329393
20,HEURISTIC.DILIGENT,364.4608848496628
20,HEURISTIC.DILIGENT,363.99857941353594
20,HEURISTIC.DILIGENT,364.1787884922037
20,HEURISTIC.DILIGENT,364.63737494587474
20,HEURISTIC.DILIGENT,364.63651473088294
20,HEURISTIC.DILIGENT,345.0262897226356
20,HEURISTIC.DILIGENT,363.74914287561893
20,HEURISTIC.DILIGENT,363.3608279850778
20,HEURISTIC.DILIGENT,363.717527523592
20,HEURISTIC.DILIGENT,364.74338339594044
20,HEURISTIC.DILIGENT,364.11719184632966
20,HEURISTIC.DILIGENT,364.82457173077364
20,HEURISTIC.DILIGENT,364.86289608714253
20,HEURISTIC.DILIGENT,364.44147256866984
20,HEURISTIC.DILIGENT,365.0393861833544
20,HEURISTIC.DILIGENT,365.0385259683627
20,HEURISTIC.DILIGENT,344.66625058104603
20,HEURISTIC.DILIGENT,363.67437332762984
20,HEURISTIC.DILIGENT,363.2860584370887
20,HEURISTIC.DILIGENT,363.642757975603
20,HEURISTIC.DILIGENT,364.6686138479514
20,HEURISTIC.DILIGENT,364.04242229834057
20,HEURISTIC.DILIGENT,364.74980218278455
20,HEURISTIC.DILIGENT,364.78812653915344
20,HEURISTIC.DILIGENT,364.3667030206808
20,HEURISTIC.DILIGENT,364.96461663536536
20,HEURISTIC.DILIGENT,364.9637564203736
20,HEURISTIC.DILIGENT,322.7113792341944
20,HEURISTIC.DILIGENT,361.9154171024669
20,HEURISTIC.DILIGENT,361.52710221192575
20,HEURISTIC.DILIGENT,361.88380175044006
20,HEURISTIC.DILIGENT,362.9096576227885
20,HEURISTIC.DILIGENT,362.28346607317764
20,HEURISTIC.DILIGENT,362.9908459576216
20,HEURISTIC.DILIGENT,363.0291703139905
20,HEURISTIC.DILIGENT,362.60774679551787
20,HEURISTIC.DILIGENT,363.2056604102024
20,HEURISTIC.DILIGENT,363.2048001952107
20,HEURISTIC.DILIGENT,346.1123665624917
20,HEURISTIC.DILIGENT,362.0502486200004
20,HEURISTIC.DILIGENT,361.6619337294592
20,HEURISTIC.DILIGENT,362.0186332679735
20,HEURISTIC.DILIGENT,363.0444891403219
20,HEURISTIC.DILIGENT,362.41829759071106
20,HEURISTIC.DILIGENT,363.12567747515504
20,HEURISTIC.DILIGENT,363.16400183152393
20,HEURISTIC.DILIGENT,362.74257831305124
20,HEURISTIC.DILIGENT,363.34049192773585
20,HEURISTIC.DILIGENT,363.3396317127441
20,HEURISTIC.DILIGENT,345.2238008691795
20,HEURISTIC.DILIGENT,362.6113259039689
20,HEURISTIC.DILIGENT,362.22301101342777
20,HEURISTIC.DILIGENT,362.57971055194207
20,HEURISTIC.DILIGENT,363.6055664242905
20,HEURISTIC.DILIGENT,363.68675475912363
20,HEURISTIC.DILIGENT,363.08853710639795
20,HEURISTIC.DILIGENT,363.7250791154925
20,HEURISTIC.DILIGENT,363.3036555970198
20,HEURISTIC.DILIGENT,363.90156921170444
20,HEURISTIC.DILIGENT,363.90070899671264
20,HEURISTIC.DILIGENT,346.2465125913801
20,HEURISTIC.DILIGENT,363.224835926477
20,HEURISTIC.DILIGENT,362.8365210359358
20,HEURISTIC.DILIGENT,363.19322057445015
20,HEURISTIC.DILIGENT,364.21907644679857
20,HEURISTIC.DILIGENT,363.5928848971877
20,HEURISTIC.DILIGENT,364.30026478163165
20,HEURISTIC.DILIGENT,364.33858913800054
20,HEURISTIC.DILIGENT,363.91716561952785
20,HEURISTIC.DILIGENT,364.5150792342125
20,HEURISTIC.DILIGENT,364.5142190192207
20,HEURISTIC.DILIGENT,346.1237412669427
20,HEURISTIC.DILIGENT,363.5048990726673
20,HEURISTIC.DILIGENT,363.1165841821261
20,HEURISTIC.DILIGENT,363.4732837206404
20,HEURISTIC.DILIGENT,364.49913959298885
20,HEURISTIC.DILIGENT,363.87294804337796
20,HEURISTIC.DILIGENT,364.58032792782194
20,HEURISTIC.DILIGENT,364.61865228419083
20,HEURISTIC.DILIGENT,364.19722876571814
20,HEURISTIC.DILIGENT,364.7951423804028
20,HEURISTIC.DILIGENT,364.794282165411
20,HEURISTIC.DILIGENT,344.9732034510026
20,HEURISTIC.DILIGENT,363.7506613553984
20,HEURISTIC.DILIGENT,363.41921082743636
20,HEURISTIC.DILIGENT,363.95164629723877
20,HEURISTIC.DILIGENT,364.74490187571996
20,HEURISTIC.DILIGENT,364.8260902105531
20,HEURISTIC.DILIGENT,364.864414566922
20,HEURISTIC.DILIGENT,364.45897349337423
20,HEURISTIC.DILIGENT,364.63918257204205
20,HEURISTIC.DILIGENT,365.0409046631339
20,HEURISTIC.DILIGENT,365.0400444481421
20,HEURISTIC.DILIGENT,344.83875154417683
20,HEURISTIC.DILIGENT,364.02705370587074
20,HEURISTIC.DILIGENT,363.7400321191881
20,HEURISTIC.DILIGENT,364.2681938356395
20,HEURISTIC.DILIGENT,365.02129422619225
20,HEURISTIC.DILIGENT,365.10248256102545
20,HEURISTIC.DILIGENT,365.14080691739434
20,HEURISTIC.DILIGENT,364.7770203900954
20,HEURISTIC.DILIGENT,364.96000386379376
20,HEURISTIC.DILIGENT,365.3172970136062
20,HEURISTIC.DILIGENT,365.3164367986145
20,HEURISTIC.DILIGENT,345.01646481498074
20,HEURISTIC.DILIGENT,364.6867312054682
20,HEURISTIC.DILIGENT,364.29841631492707
20,HEURISTIC.DILIGENT,364.8308517847294
20,HEURISTIC.DILIGENT,365.68097172578973
20,HEURISTIC.DILIGENT,365.76216006062293
20,HEURISTIC.DILIGENT,365.8004844169918
20,HEURISTIC.DILIGENT,365.3381789808649
20,HEURISTIC.DILIGENT,365.5183880595327
20,HEURISTIC.DILIGENT,365.9769745132037
20,HEURISTIC.DILIGENT,365.976114298212
20,HEURISTIC.DILIGENT,345.7995718610074
20,HEURISTIC.DILIGENT,365.08874244294793
20,HEURISTIC.DILIGENT,364.7004275524067
20,HEURISTIC.DILIGENT,365.0571270909211
20,HEURISTIC.DILIGENT,366.0829829632695
20,HEURISTIC.DILIGENT,365.4567914136586
20,HEURISTIC.DILIGENT,366.1641712981026
20,HEURISTIC.DILIGENT,366.2024956544715
20,HEURISTIC.DILIGENT,365.78107213599884
20,HEURISTIC.DILIGENT,366.37898575068346
20,HEURISTIC.DILIGENT,366.37812553569165
20,HEURISTIC.DILIGENT,345.4395327194178
20,HEURISTIC.DILIGENT,365.0139728949588
20,HEURISTIC.DILIGENT,364.62565800441763
20,HEURISTIC.DILIGENT,364.98235754293194
20,HEURISTIC.DILIGENT,366.00821341528035
20,HEURISTIC.DILIGENT,365.3820218656695
20,HEURISTIC.DILIGENT,366.0894017501135
20,HEURISTIC.DILIGENT,366.1277261064824
20,HEURISTIC.DILIGENT,365.70630258800975
20,HEURISTIC.DILIGENT,366.3042162026943
20,HEURISTIC.DILIGENT,366.30335598770256
20,HEURISTIC.DILIGENT,328.0117962694878
20,HEURISTIC.DILIGENT,362.5760367162895
20,HEURISTIC.DILIGENT,362.21342293656994
20,HEURISTIC.DILIGENT,362.2817358143212
20,HEURISTIC.DILIGENT,362.2896242509916
20,HEURISTIC.DILIGENT,363.0520425401412
20,HEURISTIC.DILIGENT,363.5706515687961
20,HEURISTIC.DILIGENT,351.1859820606792
20,HEURISTIC.DILIGENT,363.56789177329824
20,HEURISTIC.DILIGENT,363.20527799357876
20,HEURISTIC.DILIGENT,363.27359087133
20,HEURISTIC.DILIGENT,363.2814793080004
20,HEURISTIC.DILIGENT,364.04389759715
20,HEURISTIC.DILIGENT,351.0804878612508
20,HEURISTIC.DILIGENT,363.70296103939125
20,HEURISTIC.DILIGENT,363.3403472596717
20,HEURISTIC.DILIGENT,363.408660137423
20,HEURISTIC.DILIGENT,363.41654857409344
20,HEURISTIC.DILIGENT,364.178966863243
20,HEURISTIC.DILIGENT,351.27584078950514
20,HEURISTIC.DILIGENT,364.4321762623282
20,HEURISTIC.DILIGENT,364.0695624826087
20,HEURISTIC.DILIGENT,364.1378753603599
20,HEURISTIC.DILIGENT,364.1457637970303
20,HEURISTIC.DILIGENT,364.90818208618
20,HEURISTIC.DILIGENT,349.8423523182022
20,HEURISTIC.DILIGENT,363.7402696953884
20,HEURISTIC.DILIGENT,363.3776559156689
20,HEURISTIC.DILIGENT,363.44596879342015
20,HEURISTIC.DILIGENT,363.4538572300906
20,HEURISTIC.DILIGENT,364.2162755192402
20,HEURISTIC.DILIGENT,364.73488454789504
20,HEURISTIC.DILIGENT,349.7667251301799
20,HEURISTIC.DILIGENT,364.689045634398
20,HEURISTIC.DILIGENT,364.3264318546785
20,HEURISTIC.DILIGENT,364.39474473242973
20,HEURISTIC.DILIGENT,364.4026331691001
20,HEURISTIC.DILIGENT,365.16505145824976
20,HEURISTIC.DILIGENT,350.91358808510887
20,HEURISTIC.DILIGENT,366.2290887156787
20,HEURISTIC.DILIGENT,365.8664749359592
20,HEURISTIC.DILIGENT,349.795066264924
20,HEURISTIC.DILIGENT,365.97773485859534
20,HEURISTIC.DILIGENT,365.61512107887586
20,HEURISTIC.DILIGENT,365.6834339566271
20,HEURISTIC.DILIGENT,365.6913223932975
20,HEURISTIC.DILIGENT,366.4537406824471
20,HEURISTIC.DILIGENT,350.5882361015432
20,HEURISTIC.DILIGENT,366.6544391799104
20,HEURISTIC.DILIGENT,366.2918254001909
20,HEURISTIC.DILIGENT,349.92633065696236
20,HEURISTIC.DILIGENT,366.22619831975135
20,HEURISTIC.DILIGENT,365.86358454003187
20,HEURISTIC.DILIGENT,365.93189741778303
20,HEURISTIC.DILIGENT,365.9397858544535
20,HEURISTIC.DILIGENT,351.5251136703989
20,HEURISTIC.DILIGENT,367.42918590948466
20,HEURISTIC.DILIGENT,367.5114992679414
20,HEURISTIC.DILIGENT,367.8376384638769
20,HEURISTIC.DILIGENT,352.2216566523871
20,HEURISTIC.DILIGENT,368.2650942939655
20,HEURISTIC.DILIGENT,368.3335766799181
20,HEURISTIC.DILIGENT,351.1197770418995
20,HEURISTIC.DILIGENT,367.76702883959734
20,HEURISTIC.DILIGENT,367.84934219805405
20,HEURISTIC.DILIGENT,368.1754813939895
20,HEURISTIC.DILIGENT,367.68454015611405
20,HEURISTIC.DILIGENT,351.90308981417223
20,HEURISTIC.DILIGENT,368.7754042934894
20,HEURISTIC.DILIGENT,368.84514368832924
20,HEURISTIC.DILIGENT,351.0062352584612
20,HEURISTIC.DILIGENT,370.30484275358424
20,HEURISTIC.DILIGENT,370.3871561120409
20,HEURISTIC.DILIGENT,329.4232603429425
20,HEURISTIC.DILIGENT,365.3896896249147
20,HEURISTIC.DILIGENT,365.0270758451952
20,HEURISTIC.DILIGENT,365.0953887229464
20,HEURISTIC.DILIGENT,352.5245686902523
20,HEURISTIC.DILIGENT,365.6372342763729
20,HEURISTIC.DILIGENT,365.27462049665337
20,HEURISTIC.DILIGENT,352.74223737448506
20,HEURISTIC.DILIGENT,365.7692131267727
20,HEURISTIC.DILIGENT,365.40659934705315
20,HEURISTIC.DILIGENT,352.593988971783
20,HEURISTIC.DILIGENT,351.53052339413154
20,HEURISTIC.DILIGENT,365.5081427569663
20,HEURISTIC.DILIGENT,365.14552897724684
20,HEURISTIC.DILIGENT,365.2138418549981
20,HEURISTIC.DILIGENT,365.2217302916685
20,HEURISTIC.DILIGENT,351.0761082644211
20,HEURISTIC.DILIGENT,365.4915787155374
20,HEURISTIC.DILIGENT,365.12896493581786
20,HEURISTIC.DILIGENT,365.19727781356914
20,HEURISTIC.DILIGENT,365.2051662502396
20,HEURISTIC.DILIGENT,351.53076644403507
20,HEURISTIC.DILIGENT,365.85479663881733
20,HEURISTIC.DILIGENT,365.4921828590978
20,HEURISTIC.DILIGENT,365.560495736849
20,HEURISTIC.DILIGENT,350.175742450125
20,HEURISTIC.DILIGENT,365.27604081832203
20,HEURISTIC.DILIGENT,364.91342703860255
20,HEURISTIC.DILIGENT,364.9817399163537
20,HEURISTIC.DILIGENT,364.98962835302416
20,HEURISTIC.DILIGENT,365.7520466421738
20,HEURISTIC.DILIGENT,350.2034459300046
20,HEURISTIC.DILIGENT,365.5321928805197
20,HEURISTIC.DILIGENT,365.16957910080015
20,HEURISTIC.DILIGENT,365.2378919785514
20,HEURISTIC.DILIGENT,365.2457804152218
20,HEURISTIC.DILIGENT,366.0081987043714
20,HEURISTIC.DILIGENT,351.02639071387125
20,HEURISTIC.DILIGENT,365.9460754935438
20,HEURISTIC.DILIGENT,365.5834617138243
20,HEURISTIC.DILIGENT,365.65177459157553
20,HEURISTIC.DILIGENT,365.659663028246
20,HEURISTIC.DILIGENT,352.0344839191475
20,HEURISTIC.DILIGENT,367.1856250987448
20,HEURISTIC.DILIGENT,367.2679384572016
20,HEURISTIC.DILIGENT,367.59407765313705
20,HEURISTIC.DILIGENT,367.30178678039283
20,HEURISTIC.DILIGENT,352.7310269011356
20,HEURISTIC.DILIGENT,368.02153348322565
20,HEURISTIC.DILIGENT,368.0900158691783
20,HEURISTIC.DILIGENT,368.30002107246776
20,HEURISTIC.DILIGENT,351.629147290648
20,HEURISTIC.DILIGENT,367.5234680288575
20,HEURISTIC.DILIGENT,367.6057813873142
20,HEURISTIC.DILIGENT,367.9319205832497
20,HEURISTIC.DILIGENT,367.4409793453742
20,HEURISTIC.DILIGENT,352.4124600629208
20,HEURISTIC.DILIGENT,368.53184348274954
20,HEURISTIC.DILIGENT,368.6015828775894
20,HEURISTIC.DILIGENT,368.74184868603913
20,HEURISTIC.DILIGENT,351.51560550720967
20,HEURISTIC.DILIGENT,370.0612819428444
20,HEURISTIC.DILIGENT,370.14359530130105
20,HEURISTIC.DILIGENT,322.7097849143988
20,HEURISTIC.DILIGENT,362.64558200624526
20,HEURISTIC.DILIGENT,362.2572671157041
20,HEURISTIC.DILIGENT,362.6139666542184
20,HEURISTIC.DILIGENT,363.63982252656683
20,HEURISTIC.DILIGENT,363.013630976956
20,HEURISTIC.DILIGENT,363.7210108614
20,HEURISTIC.DILIGENT,363.75933521776886
20,HEURISTIC.DILIGENT,363.3379116992962
20,HEURISTIC.DILIGENT,363.9358253139808
20,HEURISTIC.DILIGENT,363.93496509898904
20,HEURISTIC.DILIGENT,347.1693246497078
20,HEURISTIC.DILIGENT,362.78041352377875
20,HEURISTIC.DILIGENT,362.39209863323754
20,HEURISTIC.DILIGENT,362.74879817175184
20,HEURISTIC.DILIGENT,363.77465404410026
20,HEURISTIC.DILIGENT,363.1484624944894
20,HEURISTIC.DILIGENT,363.8558423789334
20,HEURISTIC.DILIGENT,363.8941667353023
20,HEURISTIC.DILIGENT,363.4727432168296
20,HEURISTIC.DILIGENT,364.0706568315142
20,HEURISTIC.DILIGENT,364.06979661652247
20,HEURISTIC.DILIGENT,346.28075895639563
20,HEURISTIC.DILIGENT,363.3414908077473
20,HEURISTIC.DILIGENT,362.9531759172061
20,HEURISTIC.DILIGENT,363.30987545572043
20,HEURISTIC.DILIGENT,364.33573132806885
20,HEURISTIC.DILIGENT,364.416919662902
20,HEURISTIC.DILIGENT,363.8187020101763
20,HEURISTIC.DILIGENT,364.4552440192709
20,HEURISTIC.DILIGENT,364.0338205007982
20,HEURISTIC.DILIGENT,364.6317341154828
20,HEURISTIC.DILIGENT,364.630873900491
20,HEURISTIC.DILIGENT,347.3034706785962
20,HEURISTIC.DILIGENT,363.95500083025536
20,HEURISTIC.DILIGENT,363.56668593971415
20,HEURISTIC.DILIGENT,363.9233854782285
20,HEURISTIC.DILIGENT,364.9492413505769
20,HEURISTIC.DILIGENT,364.32304980096603
20,HEURISTIC.DILIGENT,365.03042968541
20,HEURISTIC.DILIGENT,365.0687540417789
20,HEURISTIC.DILIGENT,364.6473305233062
20,HEURISTIC.DILIGENT,365.2452441379909
20,HEURISTIC.DILIGENT,365.2443839229991
20,HEURISTIC.DILIGENT,347.18069935415883
20,HEURISTIC.DILIGENT,364.23506397644564
20,HEURISTIC.DILIGENT,363.84674908590443
20,HEURISTIC.DILIGENT,364.20344862441874
20,HEURISTIC.DILIGENT,365.2293044967672
20,HEURISTIC.DILIGENT,364.6031129471563
20,HEURISTIC.DILIGENT,365.3104928316003
20,HEURISTIC.DILIGENT,365.3488171879692
20,HEURISTIC.DILIGENT,364.9273936694965
20,HEURISTIC.DILIGENT,365.52530728418117
20,HEURISTIC.DILIGENT,365.52444706918936
20,HEURISTIC.DILIGENT,346.0301615382187
20,HEURISTIC.DILIGENT,364.48082625917675
20,HEURISTIC.DILIGENT,364.1493757312147
20,HEURISTIC.DILIGENT,364.6818112010171
20,HEURISTIC.DILIGENT,365.4750667794983
20,HEURISTIC.DILIGENT,365.55625511433146
20,HEURISTIC.DILIGENT,365.59457947070035
20,HEURISTIC.DILIGENT,365.1891383971526
20,HEURISTIC.DILIGENT,365.3693474758204
20,HEURISTIC.DILIGENT,365.7710695669123
20,HEURISTIC.DILIGENT,365.77020935192047
20,HEURISTIC.DILIGENT,345.9266182969342
20,HEURISTIC.DILIGENT,364.8190359407315
20,HEURISTIC.DILIGENT,364.53201435404884
20,HEURISTIC.DILIGENT,365.0601760705003
20,HEURISTIC.DILIGENT,365.8132764610531
20,HEURISTIC.DILIGENT,365.89446479588617
20,HEURISTIC.DILIGENT,365.93278915225505
20,HEURISTIC.DILIGENT,365.56900262495617
20,HEURISTIC.DILIGENT,365.75198609865447
20,HEURISTIC.DILIGENT,366.109279248467
20,HEURISTIC.DILIGENT,366.10841903347523
20,HEURISTIC.DILIGENT,346.07342316051074
20,HEURISTIC.DILIGENT,365.41689662587413
20,HEURISTIC.DILIGENT,365.028581735333
20,HEURISTIC.DILIGENT,365.56101720513533
20,HEURISTIC.DILIGENT,366.41113714619564
20,HEURISTIC.DILIGENT,366.49232548102884
20,HEURISTIC.DILIGENT,366.53064983739773
20,HEURISTIC.DILIGENT,366.0683444012708
20,HEURISTIC.DILIGENT,366.2485534799386
20,HEURISTIC.DILIGENT,366.7071399336096
20,HEURISTIC.DILIGENT,366.7062797186179
20,HEURISTIC.DILIGENT,346.8565299482235
20,HEURISTIC.DILIGENT,365.8189073467263
20,HEURISTIC.DILIGENT,365.4305924561851
20,HEURISTIC.DILIGENT,365.78729199469944
20,HEURISTIC.DILIGENT,366.81314786704786
20,HEURISTIC.DILIGENT,366.18695631743697
20,HEURISTIC.DILIGENT,366.89433620188095
20,HEURISTIC.DILIGENT,366.93266055824984
20,HEURISTIC.DILIGENT,366.5112370397772
20,HEURISTIC.DILIGENT,367.1091506544618
20,HEURISTIC.DILIGENT,367.10829043947
20,HEURISTIC.DILIGENT,346.4964908066339
20,HEURISTIC.DILIGENT,365.74413779873714
20,HEURISTIC.DILIGENT,365.355822908196
20,HEURISTIC.DILIGENT,365.7125224467103
20,HEURISTIC.DILIGENT,366.7383783190587
20,HEURISTIC.DILIGENT,366.1121867694479
20,HEURISTIC.DILIGENT,366.81956665389185
20,HEURISTIC.DILIGENT,366.85789101026074
20,HEURISTIC.DILIGENT,366.4364674917881
20,HEURISTIC.DILIGENT,367.03438110647267
20,HEURISTIC.DILIGENT,367.0335208914809
20,HEURISTIC.DILIGENT,329.56166263702517
20,HEURISTIC.DILIGENT,366.0007433404034
20,HEURISTIC.DILIGENT,365.63812956068386
20,HEURISTIC.DILIGENT,353.2308616478455
20,HEURISTIC.DILIGENT,353.44853033207824
20,HEURISTIC.DILIGENT,352.07472930515894
20,HEURISTIC.DILIGENT,365.885224104332
20,HEURISTIC.DILIGENT,365.5226103246125
20,HEURISTIC.DILIGENT,365.5909232023638
20,HEURISTIC.DILIGENT,351.6017691184484
20,HEURISTIC.DILIGENT,365.83156994890294
20,HEURISTIC.DILIGENT,365.46895616918346
20,HEURISTIC.DILIGENT,365.5372690469346
20,HEURISTIC.DILIGENT,365.54515748360507
20,HEURISTIC.DILIGENT,352.381063108381
20,HEURISTIC.DILIGENT,350.965214088828
20,HEURISTIC.DILIGENT,366.14365362103905
20,HEURISTIC.DILIGENT,365.7810398413195
20,HEURISTIC.DILIGENT,365.8493527190708
20,HEURISTIC.DILIGENT,365.85724115574124
20,HEURISTIC.DILIGENT,351.0279085636097
20,HEURISTIC.DILIGENT,366.46978767304074
20,HEURISTIC.DILIGENT,366.1071738933212
20,HEURISTIC.DILIGENT,366.1754867710724
20,HEURISTIC.DILIGENT,366.18337520774287
20,HEURISTIC.DILIGENT,351.91575373417385
20,HEURISTIC.DILIGENT,367.01347105945996
20,HEURISTIC.DILIGENT,366.6508572797405
20,HEURISTIC.DILIGENT,352.55445772609494
20,HEURISTIC.DILIGENT,367.5142422379507
20,HEURISTIC.DILIGENT,367.59655559640737
20,HEURISTIC.DILIGENT,367.9226947923429
20,HEURISTIC.DILIGENT,353.2510007080831
20,HEURISTIC.DILIGENT,368.35015062243156
20,HEURISTIC.DILIGENT,368.41863300838406
20,HEURISTIC.DILIGENT,352.1491210975955
20,HEURISTIC.DILIGENT,367.8520851680633
20,HEURISTIC.DILIGENT,367.93439852652
20,HEURISTIC.DILIGENT,368.26053772245547
20,HEURISTIC.DILIGENT,367.76959648458
20,HEURISTIC.DILIGENT,352.9324338698682
20,HEURISTIC.DILIGENT,368.86046062195544
20,HEURISTIC.DILIGENT,368.93020001679525
20,HEURISTIC.DILIGENT,352.0355793141571
20,HEURISTIC.DILIGENT,370.3898990820502
20,HEURISTIC.DILIGENT,322.76925381408046
20,HEURISTIC.DILIGENT,361.80038774087654
20,HEURISTIC.DILIGENT,361.4120728503354
20,HEURISTIC.DILIGENT,361.7687723888497
20,HEURISTIC.DILIGENT,362.7946282611981
20,HEURISTIC.DILIGENT,362.1684367115873
20,HEURISTIC.DILIGENT,362.87581659603126
20,HEURISTIC.DILIGENT,362.91414095240015
20,HEURISTIC.DILIGENT,362.4927174339275
20,HEURISTIC.DILIGENT,363.09063104861207
20,HEURISTIC.DILIGENT,363.0897708336203
20,HEURISTIC.DILIGENT,347.1656620798078
20,HEURISTIC.DILIGENT,361.93521925841003
20,HEURISTIC.DILIGENT,361.5469043678689
20,HEURISTIC.DILIGENT,361.9036039063832
20,HEURISTIC.DILIGENT,362.9294597787316
20,HEURISTIC.DILIGENT,362.30326822912076
20,HEURISTIC.DILIGENT,363.0106481135648
20,HEURISTIC.DILIGENT,363.0489724699337
20,HEURISTIC.DILIGENT,362.627548951461
20,HEURISTIC.DILIGENT,363.22546256614555
20,HEURISTIC.DILIGENT,363.2246023511538
20,HEURISTIC.DILIGENT,346.2770963864957
20,HEURISTIC.DILIGENT,362.49629654237856
20,HEURISTIC.DILIGENT,362.1079816518374
20,HEURISTIC.DILIGENT,362.4646811903517
20,HEURISTIC.DILIGENT,363.4905370627001
20,HEURISTIC.DILIGENT,363.57172539753327
20,HEURISTIC.DILIGENT,362.9735077448076
20,HEURISTIC.DILIGENT,363.61004975390216
20,HEURISTIC.DILIGENT,363.18862623542947
20,HEURISTIC.DILIGENT,363.7865398501141
20,HEURISTIC.DILIGENT,363.7856796351223
20,HEURISTIC.DILIGENT,347.29980810869625
20,HEURISTIC.DILIGENT,363.10980656488664
20,HEURISTIC.DILIGENT,362.72149167434543
20,HEURISTIC.DILIGENT,363.0781912128598
20,HEURISTIC.DILIGENT,364.1040470852082
20,HEURISTIC.DILIGENT,363.4778555355973
20,HEURISTIC.DILIGENT,364.1852354200413
20,HEURISTIC.DILIGENT,364.2235597764102
20,HEURISTIC.DILIGENT,363.8021362579375
20,HEURISTIC.DILIGENT,364.40004987262216
20,HEURISTIC.DILIGENT,364.39918965763036
20,HEURISTIC.DILIGENT,347.1770367842589
20,HEURISTIC.DILIGENT,363.3898697110769
20,HEURISTIC.DILIGENT,363.0015548205357
20,HEURISTIC.DILIGENT,363.35825435905
20,HEURISTIC.DILIGENT,364.3841102313985
20,HEURISTIC.DILIGENT,363.7579186817876
20,HEURISTIC.DILIGENT,364.4652985662316
20,HEURISTIC.DILIGENT,364.50362292260047
20,HEURISTIC.DILIGENT,364.0821994041278
20,HEURISTIC.DILIGENT,364.68011301881245
20,HEURISTIC.DILIGENT,364.67925280382065
20,HEURISTIC.DILIGENT,346.0264989683187
20,HEURISTIC.DILIGENT,363.63563199380803
20,HEURISTIC.DILIGENT,363.304181465846
20,HEURISTIC.DILIGENT,363.8366169356484
20,HEURISTIC.DILIGENT,364.6298725141296
20,HEURISTIC.DILIGENT,364.71106084896275
20,HEURISTIC.DILIGENT,364.74938520533163
20,HEURISTIC.DILIGENT,364.34394413178387
20,HEURISTIC.DILIGENT,364.5241532104517
20,HEURISTIC.DILIGENT,364.92587530154356
20,HEURISTIC.DILIGENT,364.92501508655175
20,HEURISTIC.DILIGENT,345.89204706149303
20,HEURISTIC.DILIGENT,363.91202434428044
20,HEURISTIC.DILIGENT,363.62500275759777
20,HEURISTIC.DILIGENT,364.1531644740492
20,HEURISTIC.DILIGENT,364.906264864602
20,HEURISTIC.DILIGENT,364.9874531994351
20,HEURISTIC.DILIGENT,365.025777555804
20,HEURISTIC.DILIGENT,364.6619910285051
20,HEURISTIC.DILIGENT,364.8449745022034
20,HEURISTIC.DILIGENT,365.2022676520159
20,HEURISTIC.DILIGENT,365.20140743702416
