no.blocks,heuristic,mb_cost_per_iteration
50,HEURISTIC.LAZY,461.6714373114576
50,HEURISTIC.LAZY,845.9322330677089
50,HEURISTIC.LAZY,846.364973396009
50,HEURISTIC.LAZY,846.049922651355
50,HEURISTIC.LAZY,846.5151403392488
50,HEURISTIC.LAZY,847.4797002296164
50,HEURISTIC.LAZY,847.1506776510815
50,HEURISTIC.LAZY,847.3513995143278
50,HEURISTIC.LAZY,847.5038676996505
50,HEURISTIC.LAZY,826.9109059813424
50,HEURISTIC.LAZY,846.8856474445847
50,HEURISTIC.LAZY,847.3634454639463
50,HEURISTIC.LAZY,846.9815667622813
50,HEURISTIC.LAZY,847.4228804348056
50,HEURISTIC.LAZY,848.4515058242714
50,HEURISTIC.LAZY,848.0606088940663
50,HEURISTIC.LAZY,848.2704801333814
50,HEURISTIC.LAZY,848.4399692343952
50,HEURISTIC.LAZY,826.2212390612943
50,HEURISTIC.LAZY,846.7355896255762
50,HEURISTIC.LAZY,847.1277134554628
50,HEURISTIC.LAZY,846.872668570375
50,HEURISTIC.LAZY,847.3586579722039
50,HEURISTIC.LAZY,848.2619704620904
50,HEURISTIC.LAZY,847.9900456294276
50,HEURISTIC.LAZY,848.1815506341693
50,HEURISTIC.LAZY,848.3178547359132
50,HEURISTIC.LAZY,827.014907449111
50,HEURISTIC.LAZY,847.962546693776
50,HEURISTIC.LAZY,848.4595369833269
50,HEURISTIC.LAZY,848.0491716409513
50,HEURISTIC.LAZY,848.4802765782485
50,HEURISTIC.LAZY,849.5345070587609
50,HEURISTIC.LAZY,849.1182554008896
50,HEURISTIC.LAZY,849.3315941304946
50,HEURISTIC.LAZY,849.5078657128279
50,HEURISTIC.LAZY,828.6394850060799
50,HEURISTIC.LAZY,849.8568496047324
50,HEURISTIC.LAZY,850.4778744475639
50,HEURISTIC.LAZY,850.8848272686608
50,HEURISTIC.LAZY,850.9959960607849
50,HEURISTIC.LAZY,851.427729607376
50,HEURISTIC.LAZY,851.3580862480017
50,HEURISTIC.LAZY,828.6771139396185
50,HEURISTIC.LAZY,850.2961007500897
50,HEURISTIC.LAZY,850.8574315302172
50,HEURISTIC.LAZY,851.2665626058215
50,HEURISTIC.LAZY,851.4558021130297
50,HEURISTIC.LAZY,851.8443938075118
50,HEURISTIC.LAZY,851.7947802349793
50,HEURISTIC.LAZY,828.698796624099
50,HEURISTIC.LAZY,850.7534649184782
50,HEURISTIC.LAZY,851.2984044176906
50,HEURISTIC.LAZY,851.7079076385775
50,HEURISTIC.LAZY,851.9182501686666
50,HEURISTIC.LAZY,852.2947803458212
50,HEURISTIC.LAZY,852.2506494604567
50,HEURISTIC.LAZY,826.7757326997737
50,HEURISTIC.LAZY,850.1005821766469
50,HEURISTIC.LAZY,850.5943817444463
50,HEURISTIC.LAZY,850.1907148764429
50,HEURISTIC.LAZY,850.6274403301709
50,HEURISTIC.LAZY,851.6710700013164
50,HEURISTIC.LAZY,851.2652990308004
50,HEURISTIC.LAZY,851.476555608017
50,HEURISTIC.LAZY,851.6493897628949
50,HEURISTIC.LAZY,826.2503967131145
50,HEURISTIC.LAZY,849.9709883781888
50,HEURISTIC.LAZY,850.3922999160197
50,HEURISTIC.LAZY,850.0972476333046
50,HEURISTIC.LAZY,850.5737598359749
50,HEURISTIC.LAZY,851.511803448996
50,HEURISTIC.LAZY,851.2071721494756
50,HEURISTIC.LAZY,851.4029713479315
50,HEURISTIC.LAZY,851.5476637518741
50,HEURISTIC.LAZY,826.539724851929
50,HEURISTIC.LAZY,850.3544027705288
50,HEURISTIC.LAZY,850.8225868391814
50,HEURISTIC.LAZY,850.4581053575944
50,HEURISTIC.LAZY,850.9104992585682
50,HEURISTIC.LAZY,851.9158217150078
50,HEURISTIC.LAZY,851.547406766638
50,HEURISTIC.LAZY,851.752997245633
50,HEURISTIC.LAZY,851.9153879639316
50,HEURISTIC.LAZY,828.727132479666
50,HEURISTIC.LAZY,851.7733351036243
50,HEURISTIC.LAZY,852.2986373666101
50,HEURISTIC.LAZY,852.7084635750648
50,HEURISTIC.LAZY,852.9440522214072
50,HEURISTIC.LAZY,853.3057345380142
50,HEURISTIC.LAZY,853.2682214421731
50,HEURISTIC.LAZY,828.6619180014892
50,HEURISTIC.LAZY,853.0045215804041
50,HEURISTIC.LAZY,853.6722459546828
50,HEURISTIC.LAZY,854.0762843490083
50,HEURISTIC.LAZY,854.1274107093411
50,HEURISTIC.LAZY,854.5892621252914
50,HEURISTIC.LAZY,854.5048049205673
50,HEURISTIC.LAZY,828.7270099465977
50,HEURISTIC.LAZY,853.5300750840089
50,HEURISTIC.LAZY,854.0492028284759
50,HEURISTIC.LAZY,854.4590737472686
50,HEURISTIC.LAZY,854.7034044657075
50,HEURISTIC.LAZY,855.0589394281169
50,HEURISTIC.LAZY,855.0238422959719
50,HEURISTIC.LAZY,828.6396527473999
50,HEURISTIC.LAZY,854.3837807894994
50,HEURISTIC.LAZY,855.0063945030893
50,HEURISTIC.LAZY,855.4129380255378
50,HEURISTIC.LAZY,855.5260348661108
50,HEURISTIC.LAZY,855.9535885873512
50,HEURISTIC.LAZY,855.8849690261515
50,HEURISTIC.LAZY,828.6669455998083
50,HEURISTIC.LAZY,854.670167117856
50,HEURISTIC.LAZY,855.230418586915
50,HEURISTIC.LAZY,855.6393811808277
50,HEURISTIC.LAZY,855.8331606510193
50,HEURISTIC.LAZY,856.2161939530118
50,HEURISTIC.LAZY,856.1681799874493
50,HEURISTIC.LAZY,828.6472826035496
50,HEURISTIC.LAZY,854.7201753720794
50,HEURISTIC.LAZY,855.3073824812183
50,HEURISTIC.LAZY,855.7154536953343
50,HEURISTIC.LAZY,855.8749372434497
50,HEURISTIC.LAZY,856.2768998935239
50,HEURISTIC.LAZY,856.2201183747661
50,HEURISTIC.LAZY,812.0930926530275
50,HEURISTIC.LAZY,845.9102051681248
50,HEURISTIC.LAZY,846.3429454964248
50,HEURISTIC.LAZY,846.0278947517709
50,HEURISTIC.LAZY,846.4931124396646
50,HEURISTIC.LAZY,847.4576723300322
50,HEURISTIC.LAZY,847.1286497514974
50,HEURISTIC.LAZY,847.3293716147436
50,HEURISTIC.LAZY,847.4818398000664
50,HEURISTIC.LAZY,827.3011137038718
50,HEURISTIC.LAZY,846.8279918667045
50,HEURISTIC.LAZY,847.305789886066
50,HEURISTIC.LAZY,846.923911184401
50,HEURISTIC.LAZY,847.3652248569254
50,HEURISTIC.LAZY,848.3938502463911
50,HEURISTIC.LAZY,848.002953316186
50,HEURISTIC.LAZY,848.2128245555011
50,HEURISTIC.LAZY,848.382313656515
50,HEURISTIC.LAZY,826.6598337269709
50,HEURISTIC.LAZY,846.7747079339899
50,HEURISTIC.LAZY,847.1668317638765
50,HEURISTIC.LAZY,846.9117868787889
50,HEURISTIC.LAZY,847.3977762806177
50,HEURISTIC.LAZY,848.3010887705042
50,HEURISTIC.LAZY,848.0291639378414
50,HEURISTIC.LAZY,848.220668942583
50,HEURISTIC.LAZY,848.3569730443271
50,HEURISTIC.LAZY,827.4045568029834
50,HEURISTIC.LAZY,847.9037743785816
50,HEURISTIC.LAZY,848.4007646681325
50,HEURISTIC.LAZY,847.9903993257569
50,HEURISTIC.LAZY,848.4215042630542
50,HEURISTIC.LAZY,849.4757347435666
50,HEURISTIC.LAZY,849.0594830856952
50,HEURISTIC.LAZY,849.2728218153003
50,HEURISTIC.LAZY,849.4490933976335
50,HEURISTIC.LAZY,828.9851551791194
50,HEURISTIC.LAZY,849.7101189278719
50,HEURISTIC.LAZY,850.3311437707034
50,HEURISTIC.LAZY,850.7380965918004
50,HEURISTIC.LAZY,850.8492653839245
50,HEURISTIC.LAZY,851.2809989305156
50,HEURISTIC.LAZY,851.2113555711412
50,HEURISTIC.LAZY,829.0019115060808
50,HEURISTIC.LAZY,850.107624860075
50,HEURISTIC.LAZY,850.6689556402025
50,HEURISTIC.LAZY,851.0780867158069
50,HEURISTIC.LAZY,851.2673262230151
50,HEURISTIC.LAZY,851.6559179174969
50,HEURISTIC.LAZY,851.6063043449647
50,HEURISTIC.LAZY,829.0188172824014
50,HEURISTIC.LAZY,850.5554352121437
50,HEURISTIC.LAZY,851.1003747113562
50,HEURISTIC.LAZY,851.509877932243
50,HEURISTIC.LAZY,851.7202204623321
50,HEURISTIC.LAZY,852.0967506394867
50,HEURISTIC.LAZY,852.0526197541221
50,HEURISTIC.LAZY,827.1878837512623
50,HEURISTIC.LAZY,850.086813256685
50,HEURISTIC.LAZY,850.5806128244844
50,HEURISTIC.LAZY,850.1769459564811
50,HEURISTIC.LAZY,850.613671410209
50,HEURISTIC.LAZY,851.6573010813545
50,HEURISTIC.LAZY,851.2515301108385
50,HEURISTIC.LAZY,851.4627866880551
50,HEURISTIC.LAZY,851.635620842933
50,HEURISTIC.LAZY,826.6976551247956
50,HEURISTIC.LAZY,850.027434178612
50,HEURISTIC.LAZY,850.448745716443
50,HEURISTIC.LAZY,850.1536934337278
50,HEURISTIC.LAZY,850.630205636398
50,HEURISTIC.LAZY,851.5682492494191
50,HEURISTIC.LAZY,851.2636179498987
50,HEURISTIC.LAZY,851.4594171483545
50,HEURISTIC.LAZY,851.6041095522974
50,HEURISTIC.LAZY,829.0427103395305
50,HEURISTIC.LAZY,851.566419800414
50,HEURISTIC.LAZY,852.0917220633999
50,HEURISTIC.LAZY,852.5015482718545
50,HEURISTIC.LAZY,852.7371369181969
50,HEURISTIC.LAZY,853.098819234804
50,HEURISTIC.LAZY,853.0613061389628
50,HEURISTIC.LAZY,826.9671722369671
50,HEURISTIC.LAZY,850.371226517666
50,HEURISTIC.LAZY,850.8394105863185
50,HEURISTIC.LAZY,850.4749291047317
50,HEURISTIC.LAZY,850.9273230057054
50,HEURISTIC.LAZY,851.932645462145
50,HEURISTIC.LAZY,851.5642305137751
50,HEURISTIC.LAZY,851.7698209927703
50,HEURISTIC.LAZY,851.9322117110687
50,HEURISTIC.LAZY,829.022475939451
50,HEURISTIC.LAZY,852.8875664333887
50,HEURISTIC.LAZY,853.5552908076673
50,HEURISTIC.LAZY,853.9593292019929
50,HEURISTIC.LAZY,854.0104555623257
50,HEURISTIC.LAZY,854.4723069782759
50,HEURISTIC.LAZY,854.3878497735518
50,HEURISTIC.LAZY,829.0438382613283
50,HEURISTIC.LAZY,853.3256606905311
50,HEURISTIC.LAZY,853.8447884349981
50,HEURISTIC.LAZY,854.2546593537908
50,HEURISTIC.LAZY,854.4989900722298
50,HEURISTIC.LAZY,854.8545250346392
50,HEURISTIC.LAZY,854.8194279024942
50,HEURISTIC.LAZY,828.9857034506069
50,HEURISTIC.LAZY,854.2378111729745
50,HEURISTIC.LAZY,854.8604248865645
50,HEURISTIC.LAZY,855.2669684090129
50,HEURISTIC.LAZY,855.3800652495859
50,HEURISTIC.LAZY,855.8076189708263
50,HEURISTIC.LAZY,855.7389994096266
50,HEURISTIC.LAZY,828.9961879707936
50,HEURISTIC.LAZY,854.4905808368874
50,HEURISTIC.LAZY,855.0508323059463
50,HEURISTIC.LAZY,855.4597948998592
50,HEURISTIC.LAZY,855.6535743700506
50,HEURISTIC.LAZY,856.0366076720431
50,HEURISTIC.LAZY,855.9885937064805
50,HEURISTIC.LAZY,828.9836741854095
50,HEURISTIC.LAZY,854.55488751286
50,HEURISTIC.LAZY,855.1420946219989
50,HEURISTIC.LAZY,855.550165836115
50,HEURISTIC.LAZY,855.7096493842305
50,HEURISTIC.LAZY,856.1116120343045
50,HEURISTIC.LAZY,856.0548305155469
50,HEURISTIC.LAZY,813.2735129246629
50,HEURISTIC.LAZY,846.7998372970542
50,HEURISTIC.LAZY,847.2325776253542
50,HEURISTIC.LAZY,846.9175268807003
50,HEURISTIC.LAZY,847.382744568594
50,HEURISTIC.LAZY,848.3473044589616
50,HEURISTIC.LAZY,848.0182818804268
50,HEURISTIC.LAZY,848.219003743673
50,HEURISTIC.LAZY,848.3714719289958
50,HEURISTIC.LAZY,827.0498660039716
50,HEURISTIC.LAZY,847.5139856633405
50,HEURISTIC.LAZY,847.9061094932271
50,HEURISTIC.LAZY,847.6510646081394
50,HEURISTIC.LAZY,848.1370540099682
50,HEURISTIC.LAZY,849.0403664998547
50,HEURISTIC.LAZY,848.768441667192
50,HEURISTIC.LAZY,848.9599466719335
50,HEURISTIC.LAZY,849.0962507736776
50,HEURISTIC.LAZY,827.8096874516846
50,HEURISTIC.LAZY,847.8043525376788
50,HEURISTIC.LAZY,848.2821505570404
50,HEURISTIC.LAZY,847.9002718553754
50,HEURISTIC.LAZY,848.3415855278997
50,HEURISTIC.LAZY,849.3702109173655
50,HEURISTIC.LAZY,848.9793139871604
50,HEURISTIC.LAZY,849.1891852264755
50,HEURISTIC.LAZY,849.3586743274893
50,HEURISTIC.LAZY,827.9133114051848
50,HEURISTIC.LAZY,848.8804967583334
50,HEURISTIC.LAZY,849.3774870478843
50,HEURISTIC.LAZY,848.9671217055087
50,HEURISTIC.LAZY,849.398226642806
50,HEURISTIC.LAZY,850.4524571233184
50,HEURISTIC.LAZY,850.036205465447
50,HEURISTIC.LAZY,850.2495441950521
50,HEURISTIC.LAZY,850.4258157773854
50,HEURISTIC.LAZY,829.6117753791871
50,HEURISTIC.LAZY,850.9225725033564
50,HEURISTIC.LAZY,851.5435973461877
50,HEURISTIC.LAZY,851.9505501672847
50,HEURISTIC.LAZY,852.0617189594088
50,HEURISTIC.LAZY,852.493452506
50,HEURISTIC.LAZY,852.4238091466256
50,HEURISTIC.LAZY,829.6877535293587
50,HEURISTIC.LAZY,851.4385220819797
50,HEURISTIC.LAZY,851.9998528621072
50,HEURISTIC.LAZY,852.4089839377116
50,HEURISTIC.LAZY,852.5982234449198
50,HEURISTIC.LAZY,852.9868151394016
50,HEURISTIC.LAZY,852.9372015668694
50,HEURISTIC.LAZY,829.718369696064
50,HEURISTIC.LAZY,851.9137532148177
50,HEURISTIC.LAZY,852.4586927140301
50,HEURISTIC.LAZY,852.8681959349169
50,HEURISTIC.LAZY,853.0785384650061
50,HEURISTIC.LAZY,853.4550686421607
50,HEURISTIC.LAZY,853.4109377567961
50,HEURISTIC.LAZY,827.0630607902192
50,HEURISTIC.LAZY,850.7174586848083
50,HEURISTIC.LAZY,851.1387702226393
50,HEURISTIC.LAZY,850.8437179399241
50,HEURISTIC.LAZY,851.3202301425944
50,HEURISTIC.LAZY,852.2582737556154
50,HEURISTIC.LAZY,851.953642456095
50,HEURISTIC.LAZY,852.1494416545509
50,HEURISTIC.LAZY,852.2941340584937
50,HEURISTIC.LAZY,827.6379589689237
50,HEURISTIC.LAZY,850.9461768673566
50,HEURISTIC.LAZY,851.439976435156
50,HEURISTIC.LAZY,851.0363095671528
50,HEURISTIC.LAZY,851.4730350208807
50,HEURISTIC.LAZY,852.5166646920262
50,HEURISTIC.LAZY,852.1108937215101
50,HEURISTIC.LAZY,852.3221502987268
50,HEURISTIC.LAZY,852.4949844536047
50,HEURISTIC.LAZY,827.3795652997353
50,HEURISTIC.LAZY,851.1552258185513
50,HEURISTIC.LAZY,851.6234098872039
50,HEURISTIC.LAZY,851.2589284056169
50,HEURISTIC.LAZY,851.7113223065907
50,HEURISTIC.LAZY,852.7166447630303
50,HEURISTIC.LAZY,852.3482298146605
50,HEURISTIC.LAZY,852.5538202936555
50,HEURISTIC.LAZY,852.7162110119541
50,HEURISTIC.LAZY,829.7547289779609
50,HEURISTIC.LAZY,852.949670252624
50,HEURISTIC.LAZY,853.4749725156099
50,HEURISTIC.LAZY,853.8847987240646
50,HEURISTIC.LAZY,854.1203873704069
50,HEURISTIC.LAZY,854.482069687014
50,HEURISTIC.LAZY,854.4445565911728
50,HEURISTIC.LAZY,829.6054600139487
50,HEURISTIC.LAZY,854.012747757733
50,HEURISTIC.LAZY,854.6804721320117
50,HEURISTIC.LAZY,855.0845105263372
50,HEURISTIC.LAZY,855.13563688667
50,HEURISTIC.LAZY,855.5974883026203
50,HEURISTIC.LAZY,855.5130310978961
50,HEURISTIC.LAZY,829.7507634493466
50,HEURISTIC.LAZY,854.6987242419165
50,HEURISTIC.LAZY,855.2178519863835
50,HEURISTIC.LAZY,855.6277229051761
50,HEURISTIC.LAZY,855.8720536236151
50,HEURISTIC.LAZY,856.2275885860245
50,HEURISTIC.LAZY,856.1924914538795
50,HEURISTIC.LAZY,829.607487230707
50,HEURISTIC.LAZY,855.4405919085235
50,HEURISTIC.LAZY,856.0632056221134
50,HEURISTIC.LAZY,856.4697491445619
50,HEURISTIC.LAZY,856.5828459851349
50,HEURISTIC.LAZY,857.0103997063753
50,HEURISTIC.LAZY,856.9417801451756
50,HEURISTIC.LAZY,829.6656134149212
50,HEURISTIC.LAZY,855.7886449004916
50,HEURISTIC.LAZY,856.3488963695505
50,HEURISTIC.LAZY,856.7578589634634
50,HEURISTIC.LAZY,856.9516384336548
50,HEURISTIC.LAZY,857.3346717356474
50,HEURISTIC.LAZY,857.2866577700847
50,HEURISTIC.LAZY,829.6324745407832
50,HEURISTIC.LAZY,855.8117013989563
50,HEURISTIC.LAZY,856.3989085080951
50,HEURISTIC.LAZY,856.8069797222112
50,HEURISTIC.LAZY,856.9664632703266
50,HEURISTIC.LAZY,857.3684259204008
50,HEURISTIC.LAZY,857.311644401643
50,HEURISTIC.LAZY,814.7793930475866
50,HEURISTIC.LAZY,850.3524745334454
50,HEURISTIC.LAZY,850.2814207613997
50,HEURISTIC.LAZY,851.3269727979662
50,HEURISTIC.LAZY,850.833584310792
50,HEURISTIC.LAZY,851.5388042308468
50,HEURISTIC.LAZY,851.5536760434329
50,HEURISTIC.LAZY,851.6513099744357
50,HEURISTIC.LAZY,851.587839034455
50,HEURISTIC.LAZY,829.3821254735249
50,HEURISTIC.LAZY,851.093682282358
50,HEURISTIC.LAZY,851.0921538614832
50,HEURISTIC.LAZY,852.0667724169878
50,HEURISTIC.LAZY,851.6569596219706
50,HEURISTIC.LAZY,852.2899125627849
50,HEURISTIC.LAZY,852.3473175475981
50,HEURISTIC.LAZY,852.4342482863515
50,HEURISTIC.LAZY,852.3847659632656
50,HEURISTIC.LAZY,829.9546060962141
50,HEURISTIC.LAZY,851.309115352218
50,HEURISTIC.LAZY,851.169989760801
50,HEURISTIC.LAZY,852.2818841275116
50,HEURISTIC.LAZY,851.7086172659731
50,HEURISTIC.LAZY,852.4815223844035
50,HEURISTIC.LAZY,852.4544634622623
50,HEURISTIC.LAZY,852.5621319960865
50,HEURISTIC.LAZY,852.4853999703282
50,HEURISTIC.LAZY,830.0152567997127
50,HEURISTIC.LAZY,852.3605044244741
50,HEURISTIC.LAZY,852.1965675714856
50,HEURISTIC.LAZY,852.7302826082814
50,HEURISTIC.LAZY,853.3317344227523
50,HEURISTIC.LAZY,853.5265681598805
50,HEURISTIC.LAZY,853.4843481399662
50,HEURISTIC.LAZY,853.595462557998
50,HEURISTIC.LAZY,853.5141510823228
50,HEURISTIC.LAZY,829.3457962143748
50,HEURISTIC.LAZY,854.259415157007
50,HEURISTIC.LAZY,854.2418099640113
50,HEURISTIC.LAZY,855.2333866410281
50,HEURISTIC.LAZY,854.8056971050576
50,HEURISTIC.LAZY,855.4525968055666
50,HEURISTIC.LAZY,855.4994942815811
50,HEURISTIC.LAZY,855.5884435445871
50,HEURISTIC.LAZY,855.5364214145218
50,HEURISTIC.LAZY,829.7570517214292
50,HEURISTIC.LAZY,854.4221218539703
50,HEURISTIC.LAZY,854.2848305534334
50,HEURISTIC.LAZY,855.3945684522205
50,HEURISTIC.LAZY,854.8261476632376
50,HEURISTIC.LAZY,855.5934100602516
50,HEURISTIC.LAZY,855.5678536424301
50,HEURISTIC.LAZY,855.674568218156
50,HEURISTIC.LAZY,855.5991887356233
50,HEURISTIC.LAZY,829.5607579236331
50,HEURISTIC.LAZY,854.6556858886627
50,HEURISTIC.LAZY,854.5657808617802
50,HEURISTIC.LAZY,855.6298283128726
50,HEURISTIC.LAZY,855.1170243751478
50,HEURISTIC.LAZY,855.8367972103714
50,HEURISTIC.LAZY,855.8400002595359
50,HEURISTIC.LAZY,855.9396785919798
50,HEURISTIC.LAZY,855.8736263349829
50,HEURISTIC.LAZY,831.7888645787214
50,HEURISTIC.LAZY,855.5605377721757
50,HEURISTIC.LAZY,856.0882809367339
50,HEURISTIC.LAZY,856.4980147927689
50,HEURISTIC.LAZY,856.7318011009191
50,HEURISTIC.LAZY,857.093149337135
50,HEURISTIC.LAZY,857.0553412053742
50,HEURISTIC.LAZY,831.974161337112
50,HEURISTIC.LAZY,856.7840332824027
50,HEURISTIC.LAZY,856.3264446455094
50,HEURISTIC.LAZY,857.194144652706
50,HEURISTIC.LAZY,857.8254568839959
50,HEURISTIC.LAZY,857.5136708398253
50,HEURISTIC.LAZY,857.8100345735788
50,HEURISTIC.LAZY,831.6834459563636
50,HEURISTIC.LAZY,857.5736812365677
50,HEURISTIC.LAZY,858.1570068223888
50,HEURISTIC.LAZY,858.5651478776452
50,HEURISTIC.LAZY,858.7305814670068
50,HEURISTIC.LAZY,859.1284049653791
50,HEURISTIC.LAZY,859.0732729915485
50,HEURISTIC.LAZY,832.10089911768
50,HEURISTIC.LAZY,858.5646168101093
50,HEURISTIC.LAZY,858.1554151163632
50,HEURISTIC.LAZY,858.9741698117557
50,HEURISTIC.LAZY,859.6279837406619
50,HEURISTIC.LAZY,859.3513050566837
50,HEURISTIC.LAZY,859.6278577637943
50,HEURISTIC.LAZY,831.6892194259455
50,HEURISTIC.LAZY,858.4948931011186
50,HEURISTIC.LAZY,859.0703241344436
50,HEURISTIC.LAZY,859.478680040402
50,HEURISTIC.LAZY,859.6550504952468
50,HEURISTIC.LAZY,860.0460348724121
50,HEURISTIC.LAZY,859.9938131555855
50,HEURISTIC.LAZY,832.071315876871
50,HEURISTIC.LAZY,860.228426454448
50,HEURISTIC.LAZY,859.8253473763966
50,HEURISTIC.LAZY,860.6379434104117
50,HEURISTIC.LAZY,861.2934827933548
50,HEURISTIC.LAZY,861.0227511267453
50,HEURISTIC.LAZY,861.2954858538867
50,HEURISTIC.LAZY,831.7631952038519
50,HEURISTIC.LAZY,860.014979131101
50,HEURISTIC.LAZY,860.5341119408806
50,HEURISTIC.LAZY,860.9438280019385
50,HEURISTIC.LAZY,861.1915472066653
50,HEURISTIC.LAZY,861.5412644407197
50,HEURISTIC.LAZY,861.507522366983
50,HEURISTIC.LAZY,831.8138148466643
50,HEURISTIC.LAZY,860.2233900141991
50,HEURISTIC.LAZY,860.7153752047518
50,HEURISTIC.LAZY,861.1254273713969
50,HEURISTIC.LAZY,861.736929234617
50,HEURISTIC.LAZY,861.406137276837
50,HEURISTIC.LAZY,861.7117306158634
50,HEURISTIC.LAZY,831.8225901372141
50,HEURISTIC.LAZY,860.4307728155575
50,HEURISTIC.LAZY,860.9173891417116
50,HEURISTIC.LAZY,861.3274776619476
50,HEURISTIC.LAZY,861.9415986705625
50,HEURISTIC.LAZY,861.6147677979027
50,HEURISTIC.LAZY,861.918127047714
50,HEURISTIC.LAZY,815.0637457477419
50,HEURISTIC.LAZY,850.6271355680325
50,HEURISTIC.LAZY,850.5560817959868
50,HEURISTIC.LAZY,851.6016338325533
50,HEURISTIC.LAZY,851.1082453453791
50,HEURISTIC.LAZY,851.8134652654339
50,HEURISTIC.LAZY,851.82833707802
50,HEURISTIC.LAZY,851.9259710090228
50,HEURISTIC.LAZY,851.8625000690421
50,HEURISTIC.LAZY,829.536832074408
50,HEURISTIC.LAZY,851.3467123259893
50,HEURISTIC.LAZY,851.3451839051145
50,HEURISTIC.LAZY,852.319802460619
50,HEURISTIC.LAZY,851.9099896656019
50,HEURISTIC.LAZY,852.5429426064162
50,HEURISTIC.LAZY,852.6003475912294
50,HEURISTIC.LAZY,852.6872783299827
50,HEURISTIC.LAZY,852.6377960068969
50,HEURISTIC.LAZY,830.1257039780126
50,HEURISTIC.LAZY,851.5949279576796
50,HEURISTIC.LAZY,851.4558023662624
50,HEURISTIC.LAZY,852.567696732973
50,HEURISTIC.LAZY,851.9944298714347
50,HEURISTIC.LAZY,852.767334989865
50,HEURISTIC.LAZY,852.7402760677239
50,HEURISTIC.LAZY,852.8479446015481
50,HEURISTIC.LAZY,852.7712125757897
50,HEURISTIC.LAZY,830.1859825362286
50,HEURISTIC.LAZY,852.6455727393707
50,HEURISTIC.LAZY,852.4816358863822
50,HEURISTIC.LAZY,853.015350923178
50,HEURISTIC.LAZY,853.6168027376489
50,HEURISTIC.LAZY,853.8116364747771
50,HEURISTIC.LAZY,853.7694164548627
50,HEURISTIC.LAZY,853.8805308728945
50,HEURISTIC.LAZY,853.7992193972193
50,HEURISTIC.LAZY,829.4954189280097
50,HEURISTIC.LAZY,854.5022774261415
50,HEURISTIC.LAZY,854.4846722331457
50,HEURISTIC.LAZY,855.4762489101624
50,HEURISTIC.LAZY,855.0485593741921
50,HEURISTIC.LAZY,855.6954590747011
50,HEURISTIC.LAZY,855.7423565507154
50,HEURISTIC.LAZY,855.8313058137217
50,HEURISTIC.LAZY,855.7792836836563
50,HEURISTIC.LAZY,829.9187359523916
50,HEURISTIC.LAZY,854.6891071577597
50,HEURISTIC.LAZY,854.5518158572227
50,HEURISTIC.LAZY,855.6615537560097
50,HEURISTIC.LAZY,855.0931329670268
50,HEURISTIC.LAZY,855.8603953640409
50,HEURISTIC.LAZY,855.8348389462194
50,HEURISTIC.LAZY,855.9415535219453
50,HEURISTIC.LAZY,855.8661740394126
50,HEURISTIC.LAZY,829.7169594674276
50,HEURISTIC.LAZY,854.9117058181163
50,HEURISTIC.LAZY,854.8218007912338
50,HEURISTIC.LAZY,855.8858482423261
50,HEURISTIC.LAZY,855.3730443046013
50,HEURISTIC.LAZY,856.092817139825
50,HEURISTIC.LAZY,856.0960201889895
50,HEURISTIC.LAZY,856.1956985214335
50,HEURISTIC.LAZY,856.1296462644364
50,HEURISTIC.LAZY,831.9879649592341
50,HEURISTIC.LAZY,855.9023553750661
50,HEURISTIC.LAZY,856.4300985396243
50,HEURISTIC.LAZY,856.8398323956593
50,HEURISTIC.LAZY,857.0736187038095
50,HEURISTIC.LAZY,857.4349669400253
50,HEURISTIC.LAZY,857.3971588082646
50,HEURISTIC.LAZY,832.1799856447388
50,HEURISTIC.LAZY,857.1392987395211
50,HEURISTIC.LAZY,856.6817101026279
50,HEURISTIC.LAZY,857.5494101098245
50,HEURISTIC.LAZY,858.1807223411145
50,HEURISTIC.LAZY,857.8689362969437
50,HEURISTIC.LAZY,858.1653000306974
50,HEURISTIC.LAZY,831.8752485524615
50,HEURISTIC.LAZY,857.9009032706283
50,HEURISTIC.LAZY,858.4842288564494
50,HEURISTIC.LAZY,858.8923699117058
50,HEURISTIC.LAZY,859.0578035010674
50,HEURISTIC.LAZY,859.4556269994396
50,HEURISTIC.LAZY,859.400495025609
50,HEURISTIC.LAZY,832.3091316437908
50,HEURISTIC.LAZY,858.9246987041955
50,HEURISTIC.LAZY,858.5154970104493
50,HEURISTIC.LAZY,859.3342517058419
50,HEURISTIC.LAZY,859.988065634748
50,HEURISTIC.LAZY,859.7113869507698
50,HEURISTIC.LAZY,859.9879396578805
50,HEURISTIC.LAZY,831.8812781794752
50,HEURISTIC.LAZY,858.8226274500427
50,HEURISTIC.LAZY,859.3980584833678
50,HEURISTIC.LAZY,859.806414389326
50,HEURISTIC.LAZY,859.982784844171
50,HEURISTIC.LAZY,860.373769221336
50,HEURISTIC.LAZY,860.3215475045095
50,HEURISTIC.LAZY,832.2776985104306
50,HEURISTIC.LAZY,860.5848085634317
50,HEURISTIC.LAZY,860.1817294853804
50,HEURISTIC.LAZY,860.9943255193954
50,HEURISTIC.LAZY,861.6498649023384
50,HEURISTIC.LAZY,861.379133235729
50,HEURISTIC.LAZY,861.6518679628705
50,HEURISTIC.LAZY,831.9592502807825
50,HEURISTIC.LAZY,860.3507061268272
50,HEURISTIC.LAZY,860.8698389366068
50,HEURISTIC.LAZY,861.2795549976647
50,HEURISTIC.LAZY,861.5272742023915
50,HEURISTIC.LAZY,861.8769914364459
50,HEURISTIC.LAZY,861.8432493627092
50,HEURISTIC.LAZY,832.0119936271933
50,HEURISTIC.LAZY,860.5633644171219
50,HEURISTIC.LAZY,861.0553496076745
50,HEURISTIC.LAZY,861.4654017743196
50,HEURISTIC.LAZY,862.0769036375398
50,HEURISTIC.LAZY,861.7461116797597
50,HEURISTIC.LAZY,862.0517050187862
50,HEURISTIC.LAZY,832.0210233419584
50,HEURISTIC.LAZY,860.7712560669108
50,HEURISTIC.LAZY,861.257872393065
50,HEURISTIC.LAZY,861.6679609133009
50,HEURISTIC.LAZY,862.2820819219158
50,HEURISTIC.LAZY,861.955251049256
50,HEURISTIC.LAZY,862.2586102990674
50,HEURISTIC.LAZY,814.3038128461246
50,HEURISTIC.LAZY,850.0629877519146
50,HEURISTIC.LAZY,849.9919339798689
50,HEURISTIC.LAZY,851.0374860164354
50,HEURISTIC.LAZY,850.5440975292613
50,HEURISTIC.LAZY,851.2493174493161
50,HEURISTIC.LAZY,851.2641892619022
50,HEURISTIC.LAZY,851.3618231929049
50,HEURISTIC.LAZY,851.2983522529242
50,HEURISTIC.LAZY,829.3941635446131
50,HEURISTIC.LAZY,850.8302516924966
50,HEURISTIC.LAZY,850.8287232716218
50,HEURISTIC.LAZY,851.8033418271264
50,HEURISTIC.LAZY,851.3935290321092
50,HEURISTIC.LAZY,852.0264819729235
50,HEURISTIC.LAZY,852.0838869577367
50,HEURISTIC.LAZY,852.1708176964901
50,HEURISTIC.LAZY,852.1213353734042
50,HEURISTIC.LAZY,829.947006931076
50,HEURISTIC.LAZY,851.0064102899039
50,HEURISTIC.LAZY,850.8672846984869
50,HEURISTIC.LAZY,851.9791790651975
50,HEURISTIC.LAZY,851.405912203659
50,HEURISTIC.LAZY,852.1788173220895
50,HEURISTIC.LAZY,852.1517583999482
50,HEURISTIC.LAZY,852.2594269337724
50,HEURISTIC.LAZY,852.1826949080141
50,HEURISTIC.LAZY,830.0079806221424
50,HEURISTIC.LAZY,852.0584453372956
50,HEURISTIC.LAZY,851.894508484307
50,HEURISTIC.LAZY,852.4282235211028
50,HEURISTIC.LAZY,853.0296753355738
50,HEURISTIC.LAZY,853.224509072702
50,HEURISTIC.LAZY,853.1822890527876
50,HEURISTIC.LAZY,853.2934034708194
50,HEURISTIC.LAZY,853.2120919951442
50,HEURISTIC.LAZY,829.3637661530577
50,HEURISTIC.LAZY,854.0078483023349
50,HEURISTIC.LAZY,853.9902431093391
50,HEURISTIC.LAZY,854.9818197863558
50,HEURISTIC.LAZY,854.5541302503855
50,HEURISTIC.LAZY,855.2010299508945
50,HEURISTIC.LAZY,855.2479274269087
50,HEURISTIC.LAZY,855.336876689915
50,HEURISTIC.LAZY,855.2848545598497
50,HEURISTIC.LAZY,829.7601737995647
50,HEURISTIC.LAZY,854.1408592782032
50,HEURISTIC.LAZY,854.0035679776662
50,HEURISTIC.LAZY,855.1133058764533
50,HEURISTIC.LAZY,854.5448850874704
50,HEURISTIC.LAZY,855.3121474844844
50,HEURISTIC.LAZY,855.2865910666629
50,HEURISTIC.LAZY,855.3933056423888
50,HEURISTIC.LAZY,855.3179261598561
50,HEURISTIC.LAZY,829.5704977912918
50,HEURISTIC.LAZY,854.3876588919422
50,HEURISTIC.LAZY,854.2977538650598
50,HEURISTIC.LAZY,855.3618013161522
50,HEURISTIC.LAZY,854.8489973784274
50,HEURISTIC.LAZY,855.568770213651
50,HEURISTIC.LAZY,855.5719732628155
50,HEURISTIC.LAZY,855.6716515952594
50,HEURISTIC.LAZY,855.6055993382624
50,HEURISTIC.LAZY,831.7518886066396
50,HEURISTIC.LAZY,855.1990790959746
50,HEURISTIC.LAZY,855.7268222605328
50,HEURISTIC.LAZY,856.1365561165678
50,HEURISTIC.LAZY,856.370342424718
50,HEURISTIC.LAZY,856.731690660934
50,HEURISTIC.LAZY,856.6938825291732
50,HEURISTIC.LAZY,831.9312001660461
50,HEURISTIC.LAZY,856.4106042082329
50,HEURISTIC.LAZY,855.9530155713396
50,HEURISTIC.LAZY,856.8207155785362
50,HEURISTIC.LAZY,857.4520278098262
50,HEURISTIC.LAZY,857.1402417656556
50,HEURISTIC.LAZY,857.4366054994091
50,HEURISTIC.LAZY,831.6533546698786
50,HEURISTIC.LAZY,857.2259919315597
50,HEURISTIC.LAZY,857.8093175173808
50,HEURISTIC.LAZY,858.2174585726373
50,HEURISTIC.LAZY,858.3828921619988
50,HEURISTIC.LAZY,858.780715660371
50,HEURISTIC.LAZY,858.7255836865404
50,HEURISTIC.LAZY,832.0558793799157
50,HEURISTIC.LAZY,858.187070602543
50,HEURISTIC.LAZY,857.7778689087968
50,HEURISTIC.LAZY,858.5966236041894
50,HEURISTIC.LAZY,859.2504375330955
50,HEURISTIC.LAZY,858.9737588491173
50,HEURISTIC.LAZY,859.250311556228
50,HEURISTIC.LAZY,831.658841821239
50,HEURISTIC.LAZY,858.1466311596678
50,HEURISTIC.LAZY,858.7220621929928
50,HEURISTIC.LAZY,859.1304180989512
50,HEURISTIC.LAZY,859.306788553796
50,HEURISTIC.LAZY,859.6977729309613
50,HEURISTIC.LAZY,859.6455512141347
50,HEURISTIC.LAZY,832.0277963342387
50,HEURISTIC.LAZY,859.8538806371455
50,HEURISTIC.LAZY,859.4508015590941
50,HEURISTIC.LAZY,860.2633975931092
50,HEURISTIC.LAZY,860.9189369760522
50,HEURISTIC.LAZY,860.6482053094428
50,HEURISTIC.LAZY,860.9209400365842
50,HEURISTIC.LAZY,831.7289156847498
50,HEURISTIC.LAZY,859.6589133608593
50,HEURISTIC.LAZY,860.1780461706387
50,HEURISTIC.LAZY,860.5877622316968
50,HEURISTIC.LAZY,860.8354814364235
50,HEURISTIC.LAZY,861.185198670478
50,HEURISTIC.LAZY,861.1514565967412
50,HEURISTIC.LAZY,831.7775424779909
50,HEURISTIC.LAZY,859.8633385448145
50,HEURISTIC.LAZY,860.3553237353672
50,HEURISTIC.LAZY,860.7653759020122
50,HEURISTIC.LAZY,861.3768777652324
50,HEURISTIC.LAZY,861.0460858074523
50,HEURISTIC.LAZY,861.3516791464788
50,HEURISTIC.LAZY,831.7860767596401
50,HEURISTIC.LAZY,860.0702393283714
50,HEURISTIC.LAZY,860.5568556545256
50,HEURISTIC.LAZY,860.9669441747616
50,HEURISTIC.LAZY,861.5810651833765
50,HEURISTIC.LAZY,861.2542343107168
50,HEURISTIC.LAZY,861.5575935605281
50,HEURISTIC.LAZY,811.8773131768285
50,HEURISTIC.LAZY,846.6081342717532
50,HEURISTIC.LAZY,847.0408746000533
50,HEURISTIC.LAZY,846.7258238553993
50,HEURISTIC.LAZY,847.1910415432931
50,HEURISTIC.LAZY,848.1556014336606
50,HEURISTIC.LAZY,847.8265788551258
50,HEURISTIC.LAZY,848.0273007183721
50,HEURISTIC.LAZY,848.1797689036948
50,HEURISTIC.LAZY,828.5925308774304
50,HEURISTIC.LAZY,847.5231428377449
50,HEURISTIC.LAZY,848.0009408571063
50,HEURISTIC.LAZY,847.6190621554415
50,HEURISTIC.LAZY,848.0603758279658
50,HEURISTIC.LAZY,849.0890012174316
50,HEURISTIC.LAZY,848.6981042872263
50,HEURISTIC.LAZY,848.9079755265415
50,HEURISTIC.LAZY,849.0774646275552
50,HEURISTIC.LAZY,827.9573735162243
50,HEURISTIC.LAZY,847.48210413642
50,HEURISTIC.LAZY,847.8742279663066
50,HEURISTIC.LAZY,847.619183081219
50,HEURISTIC.LAZY,848.1051724830478
50,HEURISTIC.LAZY,849.0084849729343
50,HEURISTIC.LAZY,848.7365601402715
50,HEURISTIC.LAZY,848.9280651450131
50,HEURISTIC.LAZY,849.0643692467572
50,HEURISTIC.LAZY,828.6959379308593
50,HEURISTIC.LAZY,848.5988532582567
50,HEURISTIC.LAZY,849.0958435478076
50,HEURISTIC.LAZY,848.685478205432
50,HEURISTIC.LAZY,849.1165831427293
50,HEURISTIC.LAZY,850.1708136232417
50,HEURISTIC.LAZY,849.7545619653703
50,HEURISTIC.LAZY,849.9679006949754
50,HEURISTIC.LAZY,850.1441722773086
50,HEURISTIC.LAZY,830.2790121530436
50,HEURISTIC.LAZY,850.4101494996439
50,HEURISTIC.LAZY,851.0311743424752
50,HEURISTIC.LAZY,851.4381271635723
50,HEURISTIC.LAZY,851.5492959556964
50,HEURISTIC.LAZY,851.9810295022876
50,HEURISTIC.LAZY,851.9113861429131
50,HEURISTIC.LAZY,830.3006505586604
50,HEURISTIC.LAZY,850.8174195891576
50,HEURISTIC.LAZY,851.3787503692851
50,HEURISTIC.LAZY,851.7878814448893
50,HEURISTIC.LAZY,851.9771209520975
50,HEURISTIC.LAZY,852.3657126465796
50,HEURISTIC.LAZY,852.3160990740471
50,HEURISTIC.LAZY,830.3191239573198
50,HEURISTIC.LAZY,851.2683651859038
50,HEURISTIC.LAZY,851.8133046851162
50,HEURISTIC.LAZY,852.222807906003
50,HEURISTIC.LAZY,852.4331504360922
50,HEURISTIC.LAZY,852.8096806132468
50,HEURISTIC.LAZY,852.7655497278822
50,HEURISTIC.LAZY,828.4809903331752
50,HEURISTIC.LAZY,850.7853430444338
50,HEURISTIC.LAZY,851.2791426122333
50,HEURISTIC.LAZY,850.8754757442299
50,HEURISTIC.LAZY,851.3122011979578
50,HEURISTIC.LAZY,852.3558308691033
50,HEURISTIC.LAZY,851.9500598985874
50,HEURISTIC.LAZY,852.1613164758039
50,HEURISTIC.LAZY,852.3341506306818
50,HEURISTIC.LAZY,827.996708724077
50,HEURISTIC.LAZY,850.7378580010983
50,HEURISTIC.LAZY,851.1591695389293
50,HEURISTIC.LAZY,850.8641172562141
50,HEURISTIC.LAZY,851.3406294588843
50,HEURISTIC.LAZY,852.2786730719054
50,HEURISTIC.LAZY,851.974041772385
50,HEURISTIC.LAZY,852.1698409708408
50,HEURISTIC.LAZY,852.3145333747837
50,HEURISTIC.LAZY,830.3446621144121
50,HEURISTIC.LAZY,852.2826399741007
50,HEURISTIC.LAZY,852.8079422370865
50,HEURISTIC.LAZY,853.2177684455412
50,HEURISTIC.LAZY,853.4533570918836
50,HEURISTIC.LAZY,853.8150394084906
50,HEURISTIC.LAZY,853.7775263126495
50,HEURISTIC.LAZY,828.2624078562795
50,HEURISTIC.LAZY,851.0740143802138
50,HEURISTIC.LAZY,851.5421984488664
50,HEURISTIC.LAZY,851.1777169672796
50,HEURISTIC.LAZY,851.6301108682533
50,HEURISTIC.LAZY,852.6354333246929
50,HEURISTIC.LAZY,852.267018376323
50,HEURISTIC.LAZY,852.4726088553182
50,HEURISTIC.LAZY,852.6349995736166
50,HEURISTIC.LAZY,830.3145132276768
50,HEURISTIC.LAZY,853.5839576337632
50,HEURISTIC.LAZY,854.251682008042
50,HEURISTIC.LAZY,854.6557204023676
50,HEURISTIC.LAZY,854.7068467627004
50,HEURISTIC.LAZY,855.1686981786506
50,HEURISTIC.LAZY,855.0842409739266
50,HEURISTIC.LAZY,830.3453711461859
50,HEURISTIC.LAZY,854.0410430841695
50,HEURISTIC.LAZY,854.5601708286365
50,HEURISTIC.LAZY,854.9700417474291
50,HEURISTIC.LAZY,855.2143724658681
50,HEURISTIC.LAZY,855.5699074282775
50,HEURISTIC.LAZY,855.5348102961325
50,HEURISTIC.LAZY,830.2796029225301
50,HEURISTIC.LAZY,854.9379267407442
50,HEURISTIC.LAZY,855.5605404543342
50,HEURISTIC.LAZY,855.9670839767825
50,HEURISTIC.LAZY,856.0801808173555
50,HEURISTIC.LAZY,856.507734538596
50,HEURISTIC.LAZY,856.4391149773962
50,HEURISTIC.LAZY,830.2937658105651
50,HEURISTIC.LAZY,855.1980531403535
50,HEURISTIC.LAZY,855.7583046094126
50,HEURISTIC.LAZY,856.1672672033253
50,HEURISTIC.LAZY,856.3610466735169
50,HEURISTIC.LAZY,856.7440799755094
50,HEURISTIC.LAZY,856.6960660099469
50,HEURISTIC.LAZY,830.2794696776076
50,HEURISTIC.LAZY,855.2587951211794
50,HEURISTIC.LAZY,855.8460022303184
50,HEURISTIC.LAZY,856.2540734444344
50,HEURISTIC.LAZY,856.41355699255
50,HEURISTIC.LAZY,856.8155196426239
50,HEURISTIC.LAZY,856.7587381238664
50,HEURISTIC.LAZY,815.7472197258396
50,HEURISTIC.LAZY,851.7050934434188
50,HEURISTIC.LAZY,851.6340396713731
50,HEURISTIC.LAZY,852.6795917079396
50,HEURISTIC.LAZY,852.1862032207655
50,HEURISTIC.LAZY,852.8914231408203
50,HEURISTIC.LAZY,852.9062949534064
50,HEURISTIC.LAZY,853.0039288844091
50,HEURISTIC.LAZY,852.9404579444284
50,HEURISTIC.LAZY,830.5397867523233
50,HEURISTIC.LAZY,852.3451435308557
50,HEURISTIC.LAZY,852.3436151099809
50,HEURISTIC.LAZY,853.3182336654854
50,HEURISTIC.LAZY,852.9084208704683
50,HEURISTIC.LAZY,853.5413738112826
50,HEURISTIC.LAZY,853.5987787960958
50,HEURISTIC.LAZY,853.6857095348491
50,HEURISTIC.LAZY,853.6362272117633
50,HEURISTIC.LAZY,831.1883527186316
50,HEURISTIC.LAZY,852.712747287954
50,HEURISTIC.LAZY,852.5736216965369
50,HEURISTIC.LAZY,853.6855160632474
50,HEURISTIC.LAZY,853.1122492017091
50,HEURISTIC.LAZY,853.8851543201395
50,HEURISTIC.LAZY,853.8580953979983
50,HEURISTIC.LAZY,853.9657639318225
50,HEURISTIC.LAZY,853.8890319060641
50,HEURISTIC.LAZY,831.2464530223403
50,HEURISTIC.LAZY,853.7590355606303
50,HEURISTIC.LAZY,853.5950987076418
50,HEURISTIC.LAZY,854.1288137444376
50,HEURISTIC.LAZY,854.7302655589085
50,HEURISTIC.LAZY,854.9250992960367
50,HEURISTIC.LAZY,854.8828792761224
50,HEURISTIC.LAZY,854.9939936941541
50,HEURISTIC.LAZY,854.912682218479
50,HEURISTIC.LAZY,830.4778186990375
50,HEURISTIC.LAZY,855.459598817233
50,HEURISTIC.LAZY,855.4419936242372
50,HEURISTIC.LAZY,856.4335703012539
50,HEURISTIC.LAZY,856.0058807652836
50,HEURISTIC.LAZY,856.6527804657926
50,HEURISTIC.LAZY,856.6996779418068
50,HEURISTIC.LAZY,856.7886272048131
50,HEURISTIC.LAZY,856.7366050747478
50,HEURISTIC.LAZY,830.9442775755284
50,HEURISTIC.LAZY,855.7327122530696
50,HEURISTIC.LAZY,855.5954209525325
50,HEURISTIC.LAZY,856.7051588513195
50,HEURISTIC.LAZY,856.1367380623367
50,HEURISTIC.LAZY,856.9040004593508
50,HEURISTIC.LAZY,856.8784440415293
50,HEURISTIC.LAZY,856.9851586172551
50,HEURISTIC.LAZY,856.9097791347225
50,HEURISTIC.LAZY,830.7224713037224
50,HEURISTIC.LAZY,855.9152513397421
50,HEURISTIC.LAZY,855.8253463128597
50,HEURISTIC.LAZY,856.8893937639521
50,HEURISTIC.LAZY,856.3765898262272
50,HEURISTIC.LAZY,857.0963626614508
50,HEURISTIC.LAZY,857.0995657106154
50,HEURISTIC.LAZY,857.1992440430593
50,HEURISTIC.LAZY,857.1331917860623
50,HEURISTIC.LAZY,833.1605252327481
50,HEURISTIC.LAZY,857.2399977711301
50,HEURISTIC.LAZY,857.7677409356883
50,HEURISTIC.LAZY,858.1774747917233
50,HEURISTIC.LAZY,858.4112610998735
50,HEURISTIC.LAZY,858.7726093360893
50,HEURISTIC.LAZY,858.7348012043286
50,HEURISTIC.LAZY,833.3814760412438
50,HEURISTIC.LAZY,858.534801381567
50,HEURISTIC.LAZY,858.0772127446737
50,HEURISTIC.LAZY,858.9449127518703
50,HEURISTIC.LAZY,859.5762249831603
50,HEURISTIC.LAZY,859.2644389389897
50,HEURISTIC.LAZY,859.5608026727432
50,HEURISTIC.LAZY,833.0162561573077
50,HEURISTIC.LAZY,859.1754403293569
50,HEURISTIC.LAZY,859.758765915178
50,HEURISTIC.LAZY,860.1669069704344
50,HEURISTIC.LAZY,860.332340559796
50,HEURISTIC.LAZY,860.7301640581682
50,HEURISTIC.LAZY,860.6750320843375
50,HEURISTIC.LAZY,833.5206535059319
50,HEURISTIC.LAZY,860.3402642775139
50,HEURISTIC.LAZY,859.9310625837677
50,HEURISTIC.LAZY,860.7498172791603
50,HEURISTIC.LAZY,861.4036312080664
50,HEURISTIC.LAZY,861.1269525240882
50,HEURISTIC.LAZY,861.4035052311989
50,HEURISTIC.LAZY,833.0229707977745
50,HEURISTIC.LAZY,860.0985345356776
50,HEURISTIC.LAZY,860.6739655690026
50,HEURISTIC.LAZY,861.082321474961
50,HEURISTIC.LAZY,861.2586919298058
50,HEURISTIC.LAZY,861.6496763069711
50,HEURISTIC.LAZY,861.5974545901445
50,HEURISTIC.LAZY,833.4803460633477
50,HEURISTIC.LAZY,861.9826255183021
50,HEURISTIC.LAZY,861.5795464402509
50,HEURISTIC.LAZY,862.3921424742658
50,HEURISTIC.LAZY,863.0476818572089
50,HEURISTIC.LAZY,862.7769501905995
50,HEURISTIC.LAZY,863.0496849177409
50,HEURISTIC.LAZY,833.1170774946104
50,HEURISTIC.LAZY,861.6588824035189
50,HEURISTIC.LAZY,862.1780152132985
50,HEURISTIC.LAZY,862.5877312743564
50,HEURISTIC.LAZY,862.8354504790832
50,HEURISTIC.LAZY,863.1851677131376
50,HEURISTIC.LAZY,863.1514256394009
50,HEURISTIC.LAZY,833.1787598053058
50,HEURISTIC.LAZY,861.8894186223829
50,HEURISTIC.LAZY,862.3814038129358
50,HEURISTIC.LAZY,862.7914559795809
50,HEURISTIC.LAZY,863.402957842801
50,HEURISTIC.LAZY,863.0721658850208
50,HEURISTIC.LAZY,863.3777592240474
50,HEURISTIC.SIMPLE_COLLISION,490.0105080214832
50,HEURISTIC.SIMPLE_COLLISION,939.6767630896161
50,HEURISTIC.SIMPLE_COLLISION,940.0009292189939
50,HEURISTIC.SIMPLE_COLLISION,940.5853868874811
50,HEURISTIC.SIMPLE_COLLISION,939.7733435448283
50,HEURISTIC.SIMPLE_COLLISION,923.7018104204453
50,HEURISTIC.SIMPLE_COLLISION,940.2127133284885
50,HEURISTIC.SIMPLE_COLLISION,940.643223291109
50,HEURISTIC.SIMPLE_COLLISION,939.9739450344873
50,HEURISTIC.SIMPLE_COLLISION,941.2150121242493
50,HEURISTIC.SIMPLE_COLLISION,926.3054310237254
50,HEURISTIC.SIMPLE_COLLISION,944.6077734961153
50,HEURISTIC.SIMPLE_COLLISION,944.8378897077672
50,HEURISTIC.SIMPLE_COLLISION,944.4638835289511
50,HEURISTIC.SIMPLE_COLLISION,926.0155865584486
50,HEURISTIC.SIMPLE_COLLISION,944.6242166667078
50,HEURISTIC.SIMPLE_COLLISION,944.3757998831771
50,HEURISTIC.SIMPLE_COLLISION,944.8543328783596
50,HEURISTIC.SIMPLE_COLLISION,922.3583972428142
50,HEURISTIC.SIMPLE_COLLISION,941.6617611038162
50,HEURISTIC.SIMPLE_COLLISION,941.9859272331939
50,HEURISTIC.SIMPLE_COLLISION,942.5703849016813
50,HEURISTIC.SIMPLE_COLLISION,941.8216614885268
50,HEURISTIC.SIMPLE_COLLISION,925.3705602209467
50,HEURISTIC.SIMPLE_COLLISION,945.185690946957
50,HEURISTIC.SIMPLE_COLLISION,944.8124569373231
50,HEURISTIC.SIMPLE_COLLISION,945.415807158609
50,HEURISTIC.SIMPLE_COLLISION,925.1885795160667
50,HEURISTIC.SIMPLE_COLLISION,945.7461938632455
50,HEURISTIC.SIMPLE_COLLISION,945.4265679647931
50,HEURISTIC.SIMPLE_COLLISION,945.9763100748974
50,HEURISTIC.SIMPLE_COLLISION,922.0217204042299
50,HEURISTIC.SIMPLE_COLLISION,943.0581402739275
50,HEURISTIC.SIMPLE_COLLISION,943.3823064033053
50,HEURISTIC.SIMPLE_COLLISION,943.2150892933118
50,HEURISTIC.SIMPLE_COLLISION,943.9667640717926
50,HEURISTIC.SIMPLE_COLLISION,944.578489810722
50,HEURISTIC.SIMPLE_COLLISION,924.0964848625554
50,HEURISTIC.SIMPLE_COLLISION,944.6960079268614
50,HEURISTIC.SIMPLE_COLLISION,945.1265178894821
50,HEURISTIC.SIMPLE_COLLISION,945.6983067226223
50,HEURISTIC.SIMPLE_COLLISION,944.1761127342012
50,HEURISTIC.SIMPLE_COLLISION,923.8142606188815
50,HEURISTIC.SIMPLE_COLLISION,945.9134327025438
50,HEURISTIC.SIMPLE_COLLISION,946.3439426651644
50,HEURISTIC.SIMPLE_COLLISION,946.9157314983047
50,HEURISTIC.SIMPLE_COLLISION,945.3935375098836
50,HEURISTIC.SIMPLE_COLLISION,927.3731278594968
50,HEURISTIC.SIMPLE_COLLISION,922.6823532262017
50,HEURISTIC.SIMPLE_COLLISION,945.9444832114398
50,HEURISTIC.SIMPLE_COLLISION,946.3749931740604
50,HEURISTIC.SIMPLE_COLLISION,945.6852178573511
50,HEURISTIC.SIMPLE_COLLISION,946.9467820072007
50,HEURISTIC.SIMPLE_COLLISION,922.5943310187815
50,HEURISTIC.SIMPLE_COLLISION,946.0621319420575
50,HEURISTIC.SIMPLE_COLLISION,946.4926419046781
50,HEURISTIC.SIMPLE_COLLISION,945.8288224862891
50,HEURISTIC.SIMPLE_COLLISION,947.0644307378183
50,HEURISTIC.SIMPLE_COLLISION,923.0101932548216
50,HEURISTIC.SIMPLE_COLLISION,946.4863864722008
50,HEURISTIC.SIMPLE_COLLISION,946.9168964348214
50,HEURISTIC.SIMPLE_COLLISION,947.4886852679617
50,HEURISTIC.SIMPLE_COLLISION,946.0477078447832
50,HEURISTIC.SIMPLE_COLLISION,925.4333031443562
50,HEURISTIC.SIMPLE_COLLISION,951.2792879091105
50,HEURISTIC.SIMPLE_COLLISION,951.5094041207624
50,HEURISTIC.SIMPLE_COLLISION,925.7943927691426
50,HEURISTIC.SIMPLE_COLLISION,898.2962566234717
50,HEURISTIC.SIMPLE_COLLISION,941.9125349554643
50,HEURISTIC.SIMPLE_COLLISION,942.236701084842
50,HEURISTIC.SIMPLE_COLLISION,942.8211587533293
50,HEURISTIC.SIMPLE_COLLISION,942.0091154106765
50,HEURISTIC.SIMPLE_COLLISION,926.3623583894826
50,HEURISTIC.SIMPLE_COLLISION,942.3922171213746
50,HEURISTIC.SIMPLE_COLLISION,942.8227270839952
50,HEURISTIC.SIMPLE_COLLISION,942.1534488273735
50,HEURISTIC.SIMPLE_COLLISION,943.3945159171354
50,HEURISTIC.SIMPLE_COLLISION,928.3706830429508
50,HEURISTIC.SIMPLE_COLLISION,946.7594983492836
50,HEURISTIC.SIMPLE_COLLISION,946.3862643396496
50,HEURISTIC.SIMPLE_COLLISION,946.9896145609356
50,HEURISTIC.SIMPLE_COLLISION,929.0157093804528
50,HEURISTIC.SIMPLE_COLLISION,947.0566212966303
50,HEURISTIC.SIMPLE_COLLISION,946.8082045130997
50,HEURISTIC.SIMPLE_COLLISION,947.2867375082822
50,HEURISTIC.SIMPLE_COLLISION,929.3055538457295
50,HEURISTIC.SIMPLE_COLLISION,947.2574241936404
50,HEURISTIC.SIMPLE_COLLISION,947.4875404052923
50,HEURISTIC.SIMPLE_COLLISION,947.1135342264761
50,HEURISTIC.SIMPLE_COLLISION,925.0189452118516
50,HEURISTIC.SIMPLE_COLLISION,943.8228285623416
50,HEURISTIC.SIMPLE_COLLISION,944.1469946917193
50,HEURISTIC.SIMPLE_COLLISION,944.7314523602067
50,HEURISTIC.SIMPLE_COLLISION,943.9827289470522
50,HEURISTIC.SIMPLE_COLLISION,927.8637500698327
50,HEURISTIC.SIMPLE_COLLISION,947.9416094887894
50,HEURISTIC.SIMPLE_COLLISION,947.6219835903371
50,HEURISTIC.SIMPLE_COLLISION,948.1717257004414
50,HEURISTIC.SIMPLE_COLLISION,924.6822683732671
50,HEURISTIC.SIMPLE_COLLISION,945.1898851764427
50,HEURISTIC.SIMPLE_COLLISION,945.5140513058204
50,HEURISTIC.SIMPLE_COLLISION,945.346834195827
50,HEURISTIC.SIMPLE_COLLISION,946.0985089743078
50,HEURISTIC.SIMPLE_COLLISION,926.7570328315927
50,HEURISTIC.SIMPLE_COLLISION,947.0574605322147
50,HEURISTIC.SIMPLE_COLLISION,947.4879704948354
50,HEURISTIC.SIMPLE_COLLISION,948.0597593279756
50,HEURISTIC.SIMPLE_COLLISION,946.5375653395545
50,HEURISTIC.SIMPLE_COLLISION,926.4748085879187
50,HEURISTIC.SIMPLE_COLLISION,948.0030197021835
50,HEURISTIC.SIMPLE_COLLISION,948.4335296648042
50,HEURISTIC.SIMPLE_COLLISION,949.0053184979442
50,HEURISTIC.SIMPLE_COLLISION,947.4831245095231
50,HEURISTIC.SIMPLE_COLLISION,925.3429011952389
50,HEURISTIC.SIMPLE_COLLISION,948.0828955361429
50,HEURISTIC.SIMPLE_COLLISION,948.5134054987636
50,HEURISTIC.SIMPLE_COLLISION,947.8236301820541
50,HEURISTIC.SIMPLE_COLLISION,949.0851943319037
50,HEURISTIC.SIMPLE_COLLISION,925.2548789878188
50,HEURISTIC.SIMPLE_COLLISION,948.1977835574437
50,HEURISTIC.SIMPLE_COLLISION,948.6282935200643
50,HEURISTIC.SIMPLE_COLLISION,947.9644741016754
50,HEURISTIC.SIMPLE_COLLISION,949.2000823532045
50,HEURISTIC.SIMPLE_COLLISION,925.6707412238588
50,HEURISTIC.SIMPLE_COLLISION,948.6601887792557
50,HEURISTIC.SIMPLE_COLLISION,949.0906987418764
50,HEURISTIC.SIMPLE_COLLISION,949.6624875750165
50,HEURISTIC.SIMPLE_COLLISION,948.2215101518381
50,HEURISTIC.SIMPLE_COLLISION,928.0938511133934
50,HEURISTIC.SIMPLE_COLLISION,953.4261947648633
50,HEURISTIC.SIMPLE_COLLISION,899.0868732829251
50,HEURISTIC.SIMPLE_COLLISION,943.9456099573074
50,HEURISTIC.SIMPLE_COLLISION,944.2697760866852
50,HEURISTIC.SIMPLE_COLLISION,944.8542337551725
50,HEURISTIC.SIMPLE_COLLISION,944.0421904125196
50,HEURISTIC.SIMPLE_COLLISION,927.3865697056185
50,HEURISTIC.SIMPLE_COLLISION,944.1921884966134
50,HEURISTIC.SIMPLE_COLLISION,944.622698459234
50,HEURISTIC.SIMPLE_COLLISION,943.9534202026123
50,HEURISTIC.SIMPLE_COLLISION,945.1944872923742
50,HEURISTIC.SIMPLE_COLLISION,929.4610858418656
50,HEURISTIC.SIMPLE_COLLISION,948.255202984087
50,HEURISTIC.SIMPLE_COLLISION,948.0067862005563
50,HEURISTIC.SIMPLE_COLLISION,948.4853191957388
50,HEURISTIC.SIMPLE_COLLISION,929.6876332488583
50,HEURISTIC.SIMPLE_COLLISION,948.3984970162913
50,HEURISTIC.SIMPLE_COLLISION,948.6286132279432
50,HEURISTIC.SIMPLE_COLLISION,948.2546070491271
50,HEURISTIC.SIMPLE_COLLISION,929.051077174594
50,HEURISTIC.SIMPLE_COLLISION,948.472885832324
50,HEURISTIC.SIMPLE_COLLISION,948.0996518226899
50,HEURISTIC.SIMPLE_COLLISION,948.7030020439759
50,HEURISTIC.SIMPLE_COLLISION,926.0431565279874
50,HEURISTIC.SIMPLE_COLLISION,946.0700945070106
50,HEURISTIC.SIMPLE_COLLISION,946.3942606363884
50,HEURISTIC.SIMPLE_COLLISION,946.9787183048757
50,HEURISTIC.SIMPLE_COLLISION,946.2299948917212
50,HEURISTIC.SIMPLE_COLLISION,928.8690964697139
50,HEURISTIC.SIMPLE_COLLISION,949.9502240050113
50,HEURISTIC.SIMPLE_COLLISION,949.6305981065589
50,HEURISTIC.SIMPLE_COLLISION,925.7064796894031
50,HEURISTIC.SIMPLE_COLLISION,947.5750300832909
50,HEURISTIC.SIMPLE_COLLISION,947.8991962126687
50,HEURISTIC.SIMPLE_COLLISION,947.7319791026753
50,HEURISTIC.SIMPLE_COLLISION,948.483653881156
50,HEURISTIC.SIMPLE_COLLISION,927.7812441477286
50,HEURISTIC.SIMPLE_COLLISION,949.456104418121
50,HEURISTIC.SIMPLE_COLLISION,949.8866143807417
50,HEURISTIC.SIMPLE_COLLISION,950.4584032138819
50,HEURISTIC.SIMPLE_COLLISION,927.4990199040546
50,HEURISTIC.SIMPLE_COLLISION,950.8800956174761
50,HEURISTIC.SIMPLE_COLLISION,951.3106055800968
50,HEURISTIC.SIMPLE_COLLISION,951.8823944132369
50,HEURISTIC.SIMPLE_COLLISION,926.3671125113749
50,HEURISTIC.SIMPLE_COLLISION,950.4829709909436
50,HEURISTIC.SIMPLE_COLLISION,950.9134809535642
50,HEURISTIC.SIMPLE_COLLISION,950.2237056368549
50,HEURISTIC.SIMPLE_COLLISION,951.4852697867045
50,HEURISTIC.SIMPLE_COLLISION,926.2790903039547
50,HEURISTIC.SIMPLE_COLLISION,950.6106067237313
50,HEURISTIC.SIMPLE_COLLISION,951.0411166863519
50,HEURISTIC.SIMPLE_COLLISION,950.377297267963
50,HEURISTIC.SIMPLE_COLLISION,951.6129055194921
50,HEURISTIC.SIMPLE_COLLISION,926.6949525399948
50,HEURISTIC.SIMPLE_COLLISION,951.3901428317553
50,HEURISTIC.SIMPLE_COLLISION,951.820652794376
50,HEURISTIC.SIMPLE_COLLISION,952.3924416275161
50,HEURISTIC.SIMPLE_COLLISION,950.9514642043376
50,HEURISTIC.SIMPLE_COLLISION,898.3704820555287
50,HEURISTIC.SIMPLE_COLLISION,941.9243945629696
50,HEURISTIC.SIMPLE_COLLISION,942.2485606923474
50,HEURISTIC.SIMPLE_COLLISION,942.8330183608347
50,HEURISTIC.SIMPLE_COLLISION,942.0209750181818
50,HEURISTIC.SIMPLE_COLLISION,926.7579006971442
50,HEURISTIC.SIMPLE_COLLISION,942.3809422319341
50,HEURISTIC.SIMPLE_COLLISION,942.8114521945547
50,HEURISTIC.SIMPLE_COLLISION,942.142173937933
50,HEURISTIC.SIMPLE_COLLISION,943.3832410276949
50,HEURISTIC.SIMPLE_COLLISION,929.6357426552088
50,HEURISTIC.SIMPLE_COLLISION,946.88967222529
50,HEURISTIC.SIMPLE_COLLISION,947.1197884369419
50,HEURISTIC.SIMPLE_COLLISION,946.7457822581257
50,HEURISTIC.SIMPLE_COLLISION,929.345898189932
50,HEURISTIC.SIMPLE_COLLISION,946.8444909947016
50,HEURISTIC.SIMPLE_COLLISION,946.596074211171
50,HEURISTIC.SIMPLE_COLLISION,947.0746072063534
50,HEURISTIC.SIMPLE_COLLISION,928.70087185243
50,HEURISTIC.SIMPLE_COLLISION,946.7612156373261
50,HEURISTIC.SIMPLE_COLLISION,946.3879816276922
50,HEURISTIC.SIMPLE_COLLISION,946.9913318489781
50,HEURISTIC.SIMPLE_COLLISION,925.4144875195132
50,HEURISTIC.SIMPLE_COLLISION,943.9248686360744
50,HEURISTIC.SIMPLE_COLLISION,944.2490347654522
50,HEURISTIC.SIMPLE_COLLISION,944.8334924339395
50,HEURISTIC.SIMPLE_COLLISION,944.084769020785
50,HEURISTIC.SIMPLE_COLLISION,928.2592923774944
50,HEURISTIC.SIMPLE_COLLISION,947.8742758432494
50,HEURISTIC.SIMPLE_COLLISION,947.5546499447971
50,HEURISTIC.SIMPLE_COLLISION,948.1043920549014
50,HEURISTIC.SIMPLE_COLLISION,925.0778106809287
50,HEURISTIC.SIMPLE_COLLISION,945.3763051205348
50,HEURISTIC.SIMPLE_COLLISION,945.7004712499125
50,HEURISTIC.SIMPLE_COLLISION,945.5332541399191
50,HEURISTIC.SIMPLE_COLLISION,946.2849289183998
50,HEURISTIC.SIMPLE_COLLISION,927.1525751392544
50,HEURISTIC.SIMPLE_COLLISION,946.8164670131501
50,HEURISTIC.SIMPLE_COLLISION,947.2469769757708
50,HEURISTIC.SIMPLE_COLLISION,947.818765808911
50,HEURISTIC.SIMPLE_COLLISION,946.2965718204899
50,HEURISTIC.SIMPLE_COLLISION,926.8703508955803
50,HEURISTIC.SIMPLE_COLLISION,948.096309681342
50,HEURISTIC.SIMPLE_COLLISION,948.5268196439627
50,HEURISTIC.SIMPLE_COLLISION,949.0986084771027
50,HEURISTIC.SIMPLE_COLLISION,947.5764144886816
50,HEURISTIC.SIMPLE_COLLISION,925.7384435029006
50,HEURISTIC.SIMPLE_COLLISION,948.2372275360138
50,HEURISTIC.SIMPLE_COLLISION,948.6677374986346
50,HEURISTIC.SIMPLE_COLLISION,947.977962181925
50,HEURISTIC.SIMPLE_COLLISION,949.2395263317746
50,HEURISTIC.SIMPLE_COLLISION,925.6504212954806
50,HEURISTIC.SIMPLE_COLLISION,948.3621341884614
50,HEURISTIC.SIMPLE_COLLISION,948.792644151082
50,HEURISTIC.SIMPLE_COLLISION,948.128824732693
50,HEURISTIC.SIMPLE_COLLISION,949.3644329842222
50,HEURISTIC.SIMPLE_COLLISION,926.0662835315204
50,HEURISTIC.SIMPLE_COLLISION,949.3362250947912
50,HEURISTIC.SIMPLE_COLLISION,949.7667350574118
50,HEURISTIC.SIMPLE_COLLISION,950.3385238905521
50,HEURISTIC.SIMPLE_COLLISION,948.8975464673736
50,HEURISTIC.SIMPLE_COLLISION,928.4893934210551
50,HEURISTIC.SIMPLE_COLLISION,953.3497076702437
50,HEURISTIC.SIMPLE_COLLISION,898.2413277809654
50,HEURISTIC.SIMPLE_COLLISION,942.4258894151772
50,HEURISTIC.SIMPLE_COLLISION,942.7500555445549
50,HEURISTIC.SIMPLE_COLLISION,943.3345132130422
50,HEURISTIC.SIMPLE_COLLISION,942.5224698703894
50,HEURISTIC.SIMPLE_COLLISION,927.1084496948467
50,HEURISTIC.SIMPLE_COLLISION,942.9269272569804
50,HEURISTIC.SIMPLE_COLLISION,943.357437219601
50,HEURISTIC.SIMPLE_COLLISION,942.6881589629793
50,HEURISTIC.SIMPLE_COLLISION,943.9292260527412
50,HEURISTIC.SIMPLE_COLLISION,929.7565216513813
50,HEURISTIC.SIMPLE_COLLISION,947.5608586196045
50,HEURISTIC.SIMPLE_COLLISION,947.3124418360738
50,HEURISTIC.SIMPLE_COLLISION,947.7909748312563
50,HEURISTIC.SIMPLE_COLLISION,930.046366116658
50,HEURISTIC.SIMPLE_COLLISION,947.7656798946358
50,HEURISTIC.SIMPLE_COLLISION,947.9957961062877
50,HEURISTIC.SIMPLE_COLLISION,947.6217899274716
50,HEURISTIC.SIMPLE_COLLISION,929.1114953138792
50,HEURISTIC.SIMPLE_COLLISION,947.5528551309937
50,HEURISTIC.SIMPLE_COLLISION,947.1796211213597
50,HEURISTIC.SIMPLE_COLLISION,947.7829713426456
50,HEURISTIC.SIMPLE_COLLISION,925.7650365172158
50,HEURISTIC.SIMPLE_COLLISION,944.3572393164842
50,HEURISTIC.SIMPLE_COLLISION,944.681405445862
50,HEURISTIC.SIMPLE_COLLISION,945.2658631143493
50,HEURISTIC.SIMPLE_COLLISION,944.5171397011948
50,HEURISTIC.SIMPLE_COLLISION,928.6098413751969
50,HEURISTIC.SIMPLE_COLLISION,948.3609437574213
50,HEURISTIC.SIMPLE_COLLISION,948.041317858969
50,HEURISTIC.SIMPLE_COLLISION,948.5910599690733
50,HEURISTIC.SIMPLE_COLLISION,925.4283596786313
50,HEURISTIC.SIMPLE_COLLISION,945.7538949521739
50,HEURISTIC.SIMPLE_COLLISION,946.0780610815517
50,HEURISTIC.SIMPLE_COLLISION,945.9108439715583
50,HEURISTIC.SIMPLE_COLLISION,946.662518750039
50,HEURISTIC.SIMPLE_COLLISION,927.5031241369569
50,HEURISTIC.SIMPLE_COLLISION,947.5139493794567
50,HEURISTIC.SIMPLE_COLLISION,947.9444593420774
50,HEURISTIC.SIMPLE_COLLISION,948.5162481752176
50,HEURISTIC.SIMPLE_COLLISION,946.9940541867965
50,HEURISTIC.SIMPLE_COLLISION,927.2208998932829
50,HEURISTIC.SIMPLE_COLLISION,948.5808583394843
50,HEURISTIC.SIMPLE_COLLISION,949.011368302105
50,HEURISTIC.SIMPLE_COLLISION,949.5831571352451
50,HEURISTIC.SIMPLE_COLLISION,948.060963146824
50,HEURISTIC.SIMPLE_COLLISION,926.0889925006031
50,HEURISTIC.SIMPLE_COLLISION,948.6365205915057
50,HEURISTIC.SIMPLE_COLLISION,949.0670305541264
50,HEURISTIC.SIMPLE_COLLISION,948.3772552374169
50,HEURISTIC.SIMPLE_COLLISION,949.6388193872665
50,HEURISTIC.SIMPLE_COLLISION,926.000970293183
50,HEURISTIC.SIMPLE_COLLISION,948.7550506924281
50,HEURISTIC.SIMPLE_COLLISION,949.1855606550488
50,HEURISTIC.SIMPLE_COLLISION,948.5217412366599
50,HEURISTIC.SIMPLE_COLLISION,949.757349488189
50,HEURISTIC.SIMPLE_COLLISION,926.416832529223
50,HEURISTIC.SIMPLE_COLLISION,949.3526401341975
50,HEURISTIC.SIMPLE_COLLISION,949.7831500968182
50,HEURISTIC.SIMPLE_COLLISION,950.3549389299583
50,HEURISTIC.SIMPLE_COLLISION,948.9139615067799
50,HEURISTIC.SIMPLE_COLLISION,928.8399424187576
50,HEURISTIC.SIMPLE_COLLISION,953.8442899938917
50,HEURISTIC.SIMPLE_COLLISION,892.3779204093526
50,HEURISTIC.SIMPLE_COLLISION,933.2129876455401
50,HEURISTIC.SIMPLE_COLLISION,933.2127030642764
50,HEURISTIC.SIMPLE_COLLISION,934.8031617694669
50,HEURISTIC.SIMPLE_COLLISION,934.8393589542294
50,HEURISTIC.SIMPLE_COLLISION,933.7702467000929
50,HEURISTIC.SIMPLE_COLLISION,934.5193449497425
50,HEURISTIC.SIMPLE_COLLISION,934.4871462867939
50,HEURISTIC.SIMPLE_COLLISION,934.666434962041
50,HEURISTIC.SIMPLE_COLLISION,917.3818897598666
50,HEURISTIC.SIMPLE_COLLISION,934.3594983131495
50,HEURISTIC.SIMPLE_COLLISION,933.7162555826735
50,HEURISTIC.SIMPLE_COLLISION,935.3344334143821
50,HEURISTIC.SIMPLE_COLLISION,935.3706305991448
50,HEURISTIC.SIMPLE_COLLISION,934.0055836008692
50,HEURISTIC.SIMPLE_COLLISION,935.0034930347398
50,HEURISTIC.SIMPLE_COLLISION,934.9836736679541
50,HEURISTIC.SIMPLE_COLLISION,935.1977066069563
50,HEURISTIC.SIMPLE_COLLISION,917.7015697310494
50,HEURISTIC.SIMPLE_COLLISION,935.4973376198118
50,HEURISTIC.SIMPLE_COLLISION,934.8540948893358
50,HEURISTIC.SIMPLE_COLLISION,936.4722727210444
50,HEURISTIC.SIMPLE_COLLISION,936.508469905807
50,HEURISTIC.SIMPLE_COLLISION,935.1434229075314
50,HEURISTIC.SIMPLE_COLLISION,936.1413323414022
50,HEURISTIC.SIMPLE_COLLISION,936.1215129746165
50,HEURISTIC.SIMPLE_COLLISION,936.3355459136186
50,HEURISTIC.SIMPLE_COLLISION,919.2026903173255
50,HEURISTIC.SIMPLE_COLLISION,937.8260971989357
50,HEURISTIC.SIMPLE_COLLISION,937.1828544684597
50,HEURISTIC.SIMPLE_COLLISION,938.8010323001683
50,HEURISTIC.SIMPLE_COLLISION,938.837229484931
50,HEURISTIC.SIMPLE_COLLISION,937.4721824866554
50,HEURISTIC.SIMPLE_COLLISION,938.4700919205261
50,HEURISTIC.SIMPLE_COLLISION,938.4502725537403
50,HEURISTIC.SIMPLE_COLLISION,938.6643054927425
50,HEURISTIC.SIMPLE_COLLISION,917.985085680208
50,HEURISTIC.SIMPLE_COLLISION,938.4862731437844
50,HEURISTIC.SIMPLE_COLLISION,937.8430304133083
50,HEURISTIC.SIMPLE_COLLISION,939.461208245017
50,HEURISTIC.SIMPLE_COLLISION,939.4974054297795
50,HEURISTIC.SIMPLE_COLLISION,938.1323584315039
50,HEURISTIC.SIMPLE_COLLISION,939.1302678653747
50,HEURISTIC.SIMPLE_COLLISION,939.110448498589
50,HEURISTIC.SIMPLE_COLLISION,939.3244814375912
50,HEURISTIC.SIMPLE_COLLISION,918.3606286216868
50,HEURISTIC.SIMPLE_COLLISION,939.6440072020406
50,HEURISTIC.SIMPLE_COLLISION,939.0007644715645
50,HEURISTIC.SIMPLE_COLLISION,940.6189423032732
50,HEURISTIC.SIMPLE_COLLISION,940.6551394880357
50,HEURISTIC.SIMPLE_COLLISION,939.2900924897601
50,HEURISTIC.SIMPLE_COLLISION,940.2880019236309
50,HEURISTIC.SIMPLE_COLLISION,940.2681825568452
50,HEURISTIC.SIMPLE_COLLISION,940.4822154958474
50,HEURISTIC.SIMPLE_COLLISION,918.3931300877082
50,HEURISTIC.SIMPLE_COLLISION,942.6312082968077
50,HEURISTIC.SIMPLE_COLLISION,942.8794518529679
50,HEURISTIC.SIMPLE_COLLISION,944.1381090120685
50,HEURISTIC.SIMPLE_COLLISION,943.4691283775405
50,HEURISTIC.SIMPLE_COLLISION,944.2575796054969
50,HEURISTIC.SIMPLE_COLLISION,944.3331837507324
50,HEURISTIC.SIMPLE_COLLISION,944.1538950754853
50,HEURISTIC.SIMPLE_COLLISION,944.186093738434
50,HEURISTIC.SIMPLE_COLLISION,919.6425265018054
50,HEURISTIC.SIMPLE_COLLISION,943.2585635839991
50,HEURISTIC.SIMPLE_COLLISION,943.2305598762171
50,HEURISTIC.SIMPLE_COLLISION,944.8487377079257
50,HEURISTIC.SIMPLE_COLLISION,943.5994273898842
50,HEURISTIC.SIMPLE_COLLISION,944.8849348926883
50,HEURISTIC.SIMPLE_COLLISION,944.4979779614977
50,HEURISTIC.SIMPLE_COLLISION,944.5177973282835
50,HEURISTIC.SIMPLE_COLLISION,944.7120109004999
50,HEURISTIC.SIMPLE_COLLISION,919.4368340742467
50,HEURISTIC.SIMPLE_COLLISION,943.9364849205795
50,HEURISTIC.SIMPLE_COLLISION,943.2932421901035
50,HEURISTIC.SIMPLE_COLLISION,944.9114200218121
50,HEURISTIC.SIMPLE_COLLISION,943.5825702082991
50,HEURISTIC.SIMPLE_COLLISION,944.9476172065747
50,HEURISTIC.SIMPLE_COLLISION,944.5804796421698
50,HEURISTIC.SIMPLE_COLLISION,944.5606602753841
50,HEURISTIC.SIMPLE_COLLISION,944.7746932143863
50,HEURISTIC.SIMPLE_COLLISION,920.078561240641
50,HEURISTIC.SIMPLE_COLLISION,943.602286916621
50,HEURISTIC.SIMPLE_COLLISION,943.5742832088389
50,HEURISTIC.SIMPLE_COLLISION,943.9431507225061
50,HEURISTIC.SIMPLE_COLLISION,945.2286582253103
50,HEURISTIC.SIMPLE_COLLISION,945.1924610405476
50,HEURISTIC.SIMPLE_COLLISION,944.8615206609052
50,HEURISTIC.SIMPLE_COLLISION,944.8417012941195
50,HEURISTIC.SIMPLE_COLLISION,945.0557342331217
50,HEURISTIC.SIMPLE_COLLISION,927.5386923573062
50,HEURISTIC.SIMPLE_COLLISION,960.3013780814056
50,HEURISTIC.SIMPLE_COLLISION,959.5057140941734
50,HEURISTIC.SIMPLE_COLLISION,961.0087690984674
50,HEURISTIC.SIMPLE_COLLISION,960.476959916317
50,HEURISTIC.SIMPLE_COLLISION,928.5954169946017
50,HEURISTIC.SIMPLE_COLLISION,960.9336131850082
50,HEURISTIC.SIMPLE_COLLISION,960.3136851290642
50,HEURISTIC.SIMPLE_COLLISION,928.6509286463847
50,HEURISTIC.SIMPLE_COLLISION,962.0712142468714
50,HEURISTIC.SIMPLE_COLLISION,927.3386515509208
50,HEURISTIC.SIMPLE_COLLISION,963.658038542502
50,HEURISTIC.SIMPLE_COLLISION,892.1599560347427
50,HEURISTIC.SIMPLE_COLLISION,933.040058130922
50,HEURISTIC.SIMPLE_COLLISION,933.0397735496583
50,HEURISTIC.SIMPLE_COLLISION,934.6302322548488
50,HEURISTIC.SIMPLE_COLLISION,934.6664294396113
50,HEURISTIC.SIMPLE_COLLISION,933.5973171854748
50,HEURISTIC.SIMPLE_COLLISION,934.3464154351244
50,HEURISTIC.SIMPLE_COLLISION,934.3142167721758
50,HEURISTIC.SIMPLE_COLLISION,934.4935054474229
50,HEURISTIC.SIMPLE_COLLISION,917.3892238827631
50,HEURISTIC.SIMPLE_COLLISION,934.1838241070527
50,HEURISTIC.SIMPLE_COLLISION,933.5405813765765
50,HEURISTIC.SIMPLE_COLLISION,935.1587592082852
50,HEURISTIC.SIMPLE_COLLISION,935.1949563930478
50,HEURISTIC.SIMPLE_COLLISION,933.8299093947721
50,HEURISTIC.SIMPLE_COLLISION,934.8278188286429
50,HEURISTIC.SIMPLE_COLLISION,934.8079994618572
50,HEURISTIC.SIMPLE_COLLISION,935.0220324008594
50,HEURISTIC.SIMPLE_COLLISION,917.7089038539459
50,HEURISTIC.SIMPLE_COLLISION,935.3174368522214
50,HEURISTIC.SIMPLE_COLLISION,934.6741941217454
50,HEURISTIC.SIMPLE_COLLISION,936.292371953454
50,HEURISTIC.SIMPLE_COLLISION,936.3285691382166
50,HEURISTIC.SIMPLE_COLLISION,934.963522139941
50,HEURISTIC.SIMPLE_COLLISION,935.9614315738118
50,HEURISTIC.SIMPLE_COLLISION,935.9416122070261
50,HEURISTIC.SIMPLE_COLLISION,936.1556451460282
50,HEURISTIC.SIMPLE_COLLISION,919.2172574255412
50,HEURISTIC.SIMPLE_COLLISION,937.6421132532882
50,HEURISTIC.SIMPLE_COLLISION,936.998870522812
50,HEURISTIC.SIMPLE_COLLISION,938.6170483545209
50,HEURISTIC.SIMPLE_COLLISION,938.6532455392834
50,HEURISTIC.SIMPLE_COLLISION,937.2881985410078
50,HEURISTIC.SIMPLE_COLLISION,938.2861079748784
50,HEURISTIC.SIMPLE_COLLISION,938.2662886080927
50,HEURISTIC.SIMPLE_COLLISION,938.480321547095
50,HEURISTIC.SIMPLE_COLLISION,917.9924198031044
50,HEURISTIC.SIMPLE_COLLISION,938.3046517227225
50,HEURISTIC.SIMPLE_COLLISION,937.6614089922464
50,HEURISTIC.SIMPLE_COLLISION,939.2795868239551
50,HEURISTIC.SIMPLE_COLLISION,939.3157840087176
50,HEURISTIC.SIMPLE_COLLISION,937.950737010442
50,HEURISTIC.SIMPLE_COLLISION,938.9486464443128
50,HEURISTIC.SIMPLE_COLLISION,938.9288270775271
50,HEURISTIC.SIMPLE_COLLISION,939.1428600165293
50,HEURISTIC.SIMPLE_COLLISION,918.3751957299025
50,HEURISTIC.SIMPLE_COLLISION,939.4265189867241
50,HEURISTIC.SIMPLE_COLLISION,938.783276256248
50,HEURISTIC.SIMPLE_COLLISION,940.4014540879567
50,HEURISTIC.SIMPLE_COLLISION,940.4376512727192
50,HEURISTIC.SIMPLE_COLLISION,939.0726042744436
50,HEURISTIC.SIMPLE_COLLISION,940.0705137083144
50,HEURISTIC.SIMPLE_COLLISION,940.0506943415287
50,HEURISTIC.SIMPLE_COLLISION,940.2647272805309
50,HEURISTIC.SIMPLE_COLLISION,918.407697195924
50,HEURISTIC.SIMPLE_COLLISION,942.481513275564
50,HEURISTIC.SIMPLE_COLLISION,942.7297568317242
50,HEURISTIC.SIMPLE_COLLISION,943.9884139908248
50,HEURISTIC.SIMPLE_COLLISION,943.3194333562968
50,HEURISTIC.SIMPLE_COLLISION,944.1078845842533
50,HEURISTIC.SIMPLE_COLLISION,944.1834887294887
50,HEURISTIC.SIMPLE_COLLISION,944.0042000542416
50,HEURISTIC.SIMPLE_COLLISION,944.0363987171902
50,HEURISTIC.SIMPLE_COLLISION,919.4514011824624
50,HEURISTIC.SIMPLE_COLLISION,943.7674465591731
50,HEURISTIC.SIMPLE_COLLISION,943.1242038286971
50,HEURISTIC.SIMPLE_COLLISION,944.7423816604057
50,HEURISTIC.SIMPLE_COLLISION,943.4135318468927
50,HEURISTIC.SIMPLE_COLLISION,944.7785788451683
50,HEURISTIC.SIMPLE_COLLISION,944.4114412807635
50,HEURISTIC.SIMPLE_COLLISION,944.3916219139777
50,HEURISTIC.SIMPLE_COLLISION,944.6056548529799
50,HEURISTIC.SIMPLE_COLLISION,919.6570936100212
50,HEURISTIC.SIMPLE_COLLISION,943.1126890810972
50,HEURISTIC.SIMPLE_COLLISION,943.0846853733151
50,HEURISTIC.SIMPLE_COLLISION,944.702863205024
50,HEURISTIC.SIMPLE_COLLISION,943.4535528869824
50,HEURISTIC.SIMPLE_COLLISION,944.7390603897866
50,HEURISTIC.SIMPLE_COLLISION,944.3521034585958
50,HEURISTIC.SIMPLE_COLLISION,944.3719228253815
50,HEURISTIC.SIMPLE_COLLISION,944.566136397598
50,HEURISTIC.SIMPLE_COLLISION,920.0931283488567
50,HEURISTIC.SIMPLE_COLLISION,943.4504130418867
50,HEURISTIC.SIMPLE_COLLISION,943.4224093341046
50,HEURISTIC.SIMPLE_COLLISION,943.7912768477718
50,HEURISTIC.SIMPLE_COLLISION,945.076784350576
50,HEURISTIC.SIMPLE_COLLISION,945.0405871658133
50,HEURISTIC.SIMPLE_COLLISION,944.7096467861709
50,HEURISTIC.SIMPLE_COLLISION,944.6898274193852
50,HEURISTIC.SIMPLE_COLLISION,944.9038603583874
50,HEURISTIC.SIMPLE_COLLISION,927.5881118387691
50,HEURISTIC.SIMPLE_COLLISION,960.2898138142461
50,HEURISTIC.SIMPLE_COLLISION,959.494149827014
50,HEURISTIC.SIMPLE_COLLISION,960.997204831308
50,HEURISTIC.SIMPLE_COLLISION,960.4653956491576
50,HEURISTIC.SIMPLE_COLLISION,928.7072779338645
50,HEURISTIC.SIMPLE_COLLISION,960.9161881417192
50,HEURISTIC.SIMPLE_COLLISION,960.2962600857752
50,HEURISTIC.SIMPLE_COLLISION,927.3459856738173
50,HEURISTIC.SIMPLE_COLLISION,963.535831930373
50,HEURISTIC.SIMPLE_COLLISION,900.6196253500136
50,HEURISTIC.SIMPLE_COLLISION,946.3742008582003
50,HEURISTIC.SIMPLE_COLLISION,946.8047108208209
50,HEURISTIC.SIMPLE_COLLISION,946.1354325641992
50,HEURISTIC.SIMPLE_COLLISION,947.3764996539611
50,HEURISTIC.SIMPLE_COLLISION,928.2822327006959
50,HEURISTIC.SIMPLE_COLLISION,946.4134987991465
50,HEURISTIC.SIMPLE_COLLISION,946.7376649285243
50,HEURISTIC.SIMPLE_COLLISION,947.3221225970117
50,HEURISTIC.SIMPLE_COLLISION,946.5100792543589
50,HEURISTIC.SIMPLE_COLLISION,931.4126988347757
50,HEURISTIC.SIMPLE_COLLISION,950.0230334180296
50,HEURISTIC.SIMPLE_COLLISION,950.2531496296815
50,HEURISTIC.SIMPLE_COLLISION,931.2029653630966
50,HEURISTIC.SIMPLE_COLLISION,949.976645215126
50,HEURISTIC.SIMPLE_COLLISION,930.792956695825
50,HEURISTIC.SIMPLE_COLLISION,950.1366973277375
50,HEURISTIC.SIMPLE_COLLISION,927.7850360492184
50,HEURISTIC.SIMPLE_COLLISION,948.018888359333
50,HEURISTIC.SIMPLE_COLLISION,948.3430544887108
50,HEURISTIC.SIMPLE_COLLISION,948.9275121571982
50,HEURISTIC.SIMPLE_COLLISION,948.1787887440437
50,HEURISTIC.SIMPLE_COLLISION,930.610975990945
50,HEURISTIC.SIMPLE_COLLISION,927.5278987061056
50,HEURISTIC.SIMPLE_COLLISION,949.6065070476858
50,HEURISTIC.SIMPLE_COLLISION,949.9306731770636
50,HEURISTIC.SIMPLE_COLLISION,949.7634560670701
50,HEURISTIC.SIMPLE_COLLISION,950.5151308455509
50,HEURISTIC.SIMPLE_COLLISION,929.5231236689597
50,HEURISTIC.SIMPLE_COLLISION,952.4402482729151
50,HEURISTIC.SIMPLE_COLLISION,952.8707582355358
50,HEURISTIC.SIMPLE_COLLISION,953.442547068676
50,HEURISTIC.SIMPLE_COLLISION,929.2408994252856
50,HEURISTIC.SIMPLE_COLLISION,952.6924768626901
50,HEURISTIC.SIMPLE_COLLISION,953.1229868253108
50,HEURISTIC.SIMPLE_COLLISION,953.6947756584509
50,HEURISTIC.SIMPLE_COLLISION,928.1089920326059
50,HEURISTIC.SIMPLE_COLLISION,952.6469435206695
50,HEURISTIC.SIMPLE_COLLISION,953.0774534832901
50,HEURISTIC.SIMPLE_COLLISION,928.0209698251858
50,HEURISTIC.SIMPLE_COLLISION,952.7812896483492
50,HEURISTIC.SIMPLE_COLLISION,953.2117996109699
50,HEURISTIC.SIMPLE_COLLISION,928.4368320612258
50,HEURISTIC.SIMPLE_COLLISION,953.6076816769987
50,HEURISTIC.SIMPLE_COLLISION,954.0381916396193
50,HEURISTIC.SIMPLE_COLLISION,900.6544511853872
50,HEURISTIC.SIMPLE_COLLISION,946.53989071875
50,HEURISTIC.SIMPLE_COLLISION,946.9704006813706
50,HEURISTIC.SIMPLE_COLLISION,946.3011224247489
50,HEURISTIC.SIMPLE_COLLISION,947.5421895145108
50,HEURISTIC.SIMPLE_COLLISION,928.7821369818955
50,HEURISTIC.SIMPLE_COLLISION,946.7686066734482
50,HEURISTIC.SIMPLE_COLLISION,947.092772802826
50,HEURISTIC.SIMPLE_COLLISION,947.6772304713134
50,HEURISTIC.SIMPLE_COLLISION,946.8651871286605
50,HEURISTIC.SIMPLE_COLLISION,931.9126031159753
50,HEURISTIC.SIMPLE_COLLISION,950.1840622778349
50,HEURISTIC.SIMPLE_COLLISION,950.4141784894867
50,HEURISTIC.SIMPLE_COLLISION,931.7028696442962
50,HEURISTIC.SIMPLE_COLLISION,950.2308047646702
50,HEURISTIC.SIMPLE_COLLISION,931.2928609770246
50,HEURISTIC.SIMPLE_COLLISION,950.1205739716049
50,HEURISTIC.SIMPLE_COLLISION,928.2849403304181
50,HEURISTIC.SIMPLE_COLLISION,948.783895800374
50,HEURISTIC.SIMPLE_COLLISION,949.1080619297518
50,HEURISTIC.SIMPLE_COLLISION,949.6925195982392
50,HEURISTIC.SIMPLE_COLLISION,948.9437961850847
50,HEURISTIC.SIMPLE_COLLISION,931.1108802721446
50,HEURISTIC.SIMPLE_COLLISION,928.0278029873052
50,HEURISTIC.SIMPLE_COLLISION,950.2238026198114
50,HEURISTIC.SIMPLE_COLLISION,950.5479687491892
50,HEURISTIC.SIMPLE_COLLISION,950.3807516391958
50,HEURISTIC.SIMPLE_COLLISION,951.1324264176765
50,HEURISTIC.SIMPLE_COLLISION,930.0230279501593
50,HEURISTIC.SIMPLE_COLLISION,951.983774553398
50,HEURISTIC.SIMPLE_COLLISION,952.4142845160187
50,HEURISTIC.SIMPLE_COLLISION,952.9860733491589
50,HEURISTIC.SIMPLE_COLLISION,929.7408037064853
50,HEURISTIC.SIMPLE_COLLISION,953.8216003692254
50,HEURISTIC.SIMPLE_COLLISION,954.2521103318461
50,HEURISTIC.SIMPLE_COLLISION,928.6088963138055
50,HEURISTIC.SIMPLE_COLLISION,953.6918876951556
50,HEURISTIC.SIMPLE_COLLISION,954.1223976577762
50,HEURISTIC.SIMPLE_COLLISION,928.9367363424253
50,HEURISTIC.SIMPLE_COLLISION,953.968589630082
50,HEURISTIC.SIMPLE_COLLISION,954.3990995927027
50,HEURISTIC.SIMPLE_COLLISION,928.5208741063853
50,HEURISTIC.SIMPLE_COLLISION,953.8503590792998
50,HEURISTIC.SIMPLE_COLLISION,954.2808690419205
50,HEURISTIC.SIMPLE_COLLISION,891.7499473674709
50,HEURISTIC.SIMPLE_COLLISION,933.232388061127
50,HEURISTIC.SIMPLE_COLLISION,933.2321034798633
50,HEURISTIC.SIMPLE_COLLISION,934.8225621850538
50,HEURISTIC.SIMPLE_COLLISION,934.8587593698163
50,HEURISTIC.SIMPLE_COLLISION,933.7896471156798
50,HEURISTIC.SIMPLE_COLLISION,934.5387453653294
50,HEURISTIC.SIMPLE_COLLISION,934.5065467023808
50,HEURISTIC.SIMPLE_COLLISION,934.6858353776279
50,HEURISTIC.SIMPLE_COLLISION,917.8917029405554
50,HEURISTIC.SIMPLE_COLLISION,934.3799821430212
50,HEURISTIC.SIMPLE_COLLISION,933.7367394125449
50,HEURISTIC.SIMPLE_COLLISION,935.3549172442537
50,HEURISTIC.SIMPLE_COLLISION,935.3911144290163
50,HEURISTIC.SIMPLE_COLLISION,934.0260674307406
50,HEURISTIC.SIMPLE_COLLISION,935.0239768646113
50,HEURISTIC.SIMPLE_COLLISION,935.0041574978256
50,HEURISTIC.SIMPLE_COLLISION,935.2181904368279
50,HEURISTIC.SIMPLE_COLLISION,918.2113829117383
50,HEURISTIC.SIMPLE_COLLISION,935.5224402264441
50,HEURISTIC.SIMPLE_COLLISION,934.8791974959681
50,HEURISTIC.SIMPLE_COLLISION,936.4973753276768
50,HEURISTIC.SIMPLE_COLLISION,936.5335725124394
50,HEURISTIC.SIMPLE_COLLISION,935.1685255141638
50,HEURISTIC.SIMPLE_COLLISION,936.1664349480345
50,HEURISTIC.SIMPLE_COLLISION,936.1466155812489
50,HEURISTIC.SIMPLE_COLLISION,936.360648520251
50,HEURISTIC.SIMPLE_COLLISION,919.8046463051551
50,HEURISTIC.SIMPLE_COLLISION,937.9332578453705
50,HEURISTIC.SIMPLE_COLLISION,937.2900151148942
50,HEURISTIC.SIMPLE_COLLISION,938.9081929466031
50,HEURISTIC.SIMPLE_COLLISION,938.9443901313656
50,HEURISTIC.SIMPLE_COLLISION,937.57934313309
50,HEURISTIC.SIMPLE_COLLISION,938.5772525669606
50,HEURISTIC.SIMPLE_COLLISION,938.557433200175
50,HEURISTIC.SIMPLE_COLLISION,938.7714661391772
50,HEURISTIC.SIMPLE_COLLISION,918.4948988608969
50,HEURISTIC.SIMPLE_COLLISION,938.514733174535
50,HEURISTIC.SIMPLE_COLLISION,937.8714904440588
50,HEURISTIC.SIMPLE_COLLISION,939.4896682757676
50,HEURISTIC.SIMPLE_COLLISION,939.5258654605302
50,HEURISTIC.SIMPLE_COLLISION,938.1608184622546
50,HEURISTIC.SIMPLE_COLLISION,939.1587278961252
50,HEURISTIC.SIMPLE_COLLISION,939.1389085293395
50,HEURISTIC.SIMPLE_COLLISION,939.3529414683417
50,HEURISTIC.SIMPLE_COLLISION,918.9625846095164
50,HEURISTIC.SIMPLE_COLLISION,939.6217408663638
50,HEURISTIC.SIMPLE_COLLISION,938.9784981358877
50,HEURISTIC.SIMPLE_COLLISION,940.5966759675964
50,HEURISTIC.SIMPLE_COLLISION,940.632873152359
50,HEURISTIC.SIMPLE_COLLISION,939.2678261540834
50,HEURISTIC.SIMPLE_COLLISION,940.265735587954
50,HEURISTIC.SIMPLE_COLLISION,940.2459162211683
50,HEURISTIC.SIMPLE_COLLISION,940.4599491601705
50,HEURISTIC.SIMPLE_COLLISION,918.9950860755378
50,HEURISTIC.SIMPLE_COLLISION,942.9615708897965
50,HEURISTIC.SIMPLE_COLLISION,943.2098144459567
50,HEURISTIC.SIMPLE_COLLISION,944.4684716050573
50,HEURISTIC.SIMPLE_COLLISION,943.7994909705293
50,HEURISTIC.SIMPLE_COLLISION,944.5879421984857
50,HEURISTIC.SIMPLE_COLLISION,944.6635463437211
50,HEURISTIC.SIMPLE_COLLISION,944.484257668474
50,HEURISTIC.SIMPLE_COLLISION,944.5164563314227
50,HEURISTIC.SIMPLE_COLLISION,920.0387900620763
50,HEURISTIC.SIMPLE_COLLISION,944.1463954487151
50,HEURISTIC.SIMPLE_COLLISION,943.5031527182391
50,HEURISTIC.SIMPLE_COLLISION,945.1213305499477
50,HEURISTIC.SIMPLE_COLLISION,943.7924807364348
50,HEURISTIC.SIMPLE_COLLISION,945.1575277347104
50,HEURISTIC.SIMPLE_COLLISION,944.7903901703055
50,HEURISTIC.SIMPLE_COLLISION,944.7705708035197
50,HEURISTIC.SIMPLE_COLLISION,944.9846037425219
50,HEURISTIC.SIMPLE_COLLISION,920.244482489635
50,HEURISTIC.SIMPLE_COLLISION,943.5896882854763
50,HEURISTIC.SIMPLE_COLLISION,943.5616845776942
50,HEURISTIC.SIMPLE_COLLISION,945.1798624094031
50,HEURISTIC.SIMPLE_COLLISION,943.9305520913615
50,HEURISTIC.SIMPLE_COLLISION,945.2160595941657
50,HEURISTIC.SIMPLE_COLLISION,944.829102662975
50,HEURISTIC.SIMPLE_COLLISION,944.8489220297606
50,HEURISTIC.SIMPLE_COLLISION,945.0431356019772
50,HEURISTIC.SIMPLE_COLLISION,920.6805172284705
50,HEURISTIC.SIMPLE_COLLISION,943.9021040090681
50,HEURISTIC.SIMPLE_COLLISION,943.874100301286
50,HEURISTIC.SIMPLE_COLLISION,944.2429678149532
50,HEURISTIC.SIMPLE_COLLISION,945.5284753177573
50,HEURISTIC.SIMPLE_COLLISION,945.4922781329947
50,HEURISTIC.SIMPLE_COLLISION,945.1613377533524
50,HEURISTIC.SIMPLE_COLLISION,945.1415183865668
50,HEURISTIC.SIMPLE_COLLISION,945.355551325569
50,HEURISTIC.SIMPLE_COLLISION,928.0905908965615
50,HEURISTIC.SIMPLE_COLLISION,960.5606265797969
50,HEURISTIC.SIMPLE_COLLISION,959.7649625925648
50,HEURISTIC.SIMPLE_COLLISION,961.2680175968587
50,HEURISTIC.SIMPLE_COLLISION,960.7362084147084
50,HEURISTIC.SIMPLE_COLLISION,927.8484647316096
50,HEURISTIC.SIMPLE_COLLISION,963.7098930258784
50,HEURISTIC.SIMPLE_COLLISION,898.3279511927956
50,HEURISTIC.SIMPLE_COLLISION,944.0962241285374
50,HEURISTIC.SIMPLE_COLLISION,944.4203902579152
50,HEURISTIC.SIMPLE_COLLISION,945.0048479264025
50,HEURISTIC.SIMPLE_COLLISION,944.1928045837496
50,HEURISTIC.SIMPLE_COLLISION,929.123247697384
50,HEURISTIC.SIMPLE_COLLISION,944.9206719651856
50,HEURISTIC.SIMPLE_COLLISION,945.3511819278064
50,HEURISTIC.SIMPLE_COLLISION,944.6819036711847
50,HEURISTIC.SIMPLE_COLLISION,945.9229707609466
50,HEURISTIC.SIMPLE_COLLISION,931.6509889433803
50,HEURISTIC.SIMPLE_COLLISION,948.9637990382136
50,HEURISTIC.SIMPLE_COLLISION,931.940833408657
50,HEURISTIC.SIMPLE_COLLISION,949.1582123206898
50,HEURISTIC.SIMPLE_COLLISION,949.3883285323417
50,HEURISTIC.SIMPLE_COLLISION,931.0059626058783
50,HEURISTIC.SIMPLE_COLLISION,948.8922373485927
50,HEURISTIC.SIMPLE_COLLISION,948.5190033389588
50,HEURISTIC.SIMPLE_COLLISION,949.1223535602447
50,HEURISTIC.SIMPLE_COLLISION,927.779834519753
50,HEURISTIC.SIMPLE_COLLISION,946.1471989460167
50,HEURISTIC.SIMPLE_COLLISION,946.4713650753945
50,HEURISTIC.SIMPLE_COLLISION,947.0558227438819
50,HEURISTIC.SIMPLE_COLLISION,946.3070993307274
50,HEURISTIC.SIMPLE_COLLISION,930.6246393777342
50,HEURISTIC.SIMPLE_COLLISION,950.0617436206771
50,HEURISTIC.SIMPLE_COLLISION,927.4431576811685
50,HEURISTIC.SIMPLE_COLLISION,947.6405730385629
50,HEURISTIC.SIMPLE_COLLISION,947.9647391679407
50,HEURISTIC.SIMPLE_COLLISION,947.7975220579473
50,HEURISTIC.SIMPLE_COLLISION,948.5491968364281
50,HEURISTIC.SIMPLE_COLLISION,929.5179221394941
50,HEURISTIC.SIMPLE_COLLISION,948.9715365266665
50,HEURISTIC.SIMPLE_COLLISION,949.4020464892872
50,HEURISTIC.SIMPLE_COLLISION,949.9738353224274
50,HEURISTIC.SIMPLE_COLLISION,929.2356978958201
50,HEURISTIC.SIMPLE_COLLISION,950.2314621808941
50,HEURISTIC.SIMPLE_COLLISION,950.6619721435147
50,HEURISTIC.SIMPLE_COLLISION,951.233760976655
50,HEURISTIC.SIMPLE_COLLISION,949.7115669882339
50,HEURISTIC.SIMPLE_COLLISION,928.1037905031403
50,HEURISTIC.SIMPLE_COLLISION,950.4803626405918
50,HEURISTIC.SIMPLE_COLLISION,950.9108726032125
50,HEURISTIC.SIMPLE_COLLISION,950.221097286503
50,HEURISTIC.SIMPLE_COLLISION,951.4826614363526
50,HEURISTIC.SIMPLE_COLLISION,928.0157682957202
50,HEURISTIC.SIMPLE_COLLISION,950.6103174094155
50,HEURISTIC.SIMPLE_COLLISION,951.0408273720362
50,HEURISTIC.SIMPLE_COLLISION,950.3770079536473
50,HEURISTIC.SIMPLE_COLLISION,951.6126162051764
50,HEURISTIC.SIMPLE_COLLISION,928.4316305317602
50,HEURISTIC.SIMPLE_COLLISION,951.543598441974
50,HEURISTIC.SIMPLE_COLLISION,951.9741084045947
50,HEURISTIC.SIMPLE_COLLISION,952.5458972377348
50,HEURISTIC.SIMPLE_COLLISION,951.1049198145564
50,HEURISTIC.SIMPLE_COLLISION,900.5790029635037
50,HEURISTIC.SIMPLE_COLLISION,947.2842916685463
50,HEURISTIC.SIMPLE_COLLISION,947.714801631167
50,HEURISTIC.SIMPLE_COLLISION,947.0455233745454
50,HEURISTIC.SIMPLE_COLLISION,948.2865904643072
50,HEURISTIC.SIMPLE_COLLISION,930.5336113164809
50,HEURISTIC.SIMPLE_COLLISION,947.645106089645
50,HEURISTIC.SIMPLE_COLLISION,947.9692722190227
50,HEURISTIC.SIMPLE_COLLISION,948.55372988751
50,HEURISTIC.SIMPLE_COLLISION,947.7416865448572
50,HEURISTIC.SIMPLE_COLLISION,933.2058158414578
50,HEURISTIC.SIMPLE_COLLISION,951.0280845084468
50,HEURISTIC.SIMPLE_COLLISION,933.4155493131368
50,HEURISTIC.SIMPLE_COLLISION,951.2877726923156
50,HEURISTIC.SIMPLE_COLLISION,951.5178889039674
50,HEURISTIC.SIMPLE_COLLISION,932.7958071741862
50,HEURISTIC.SIMPLE_COLLISION,932.6138264693062
50,HEURISTIC.SIMPLE_COLLISION,930.3126619289458
50,HEURISTIC.SIMPLE_COLLISION,950.1147994818084
50,HEURISTIC.SIMPLE_COLLISION,950.4389656111862
50,HEURISTIC.SIMPLE_COLLISION,930.2763335967384
50,HEURISTIC.SIMPLE_COLLISION,951.4537606691044
50,HEURISTIC.SIMPLE_COLLISION,951.7779267984822
50,HEURISTIC.SIMPLE_COLLISION,951.6107096884888
50,HEURISTIC.SIMPLE_COLLISION,952.3623844669696
50,HEURISTIC.SIMPLE_COLLISION,931.6912288760789
50,HEURISTIC.SIMPLE_COLLISION,952.4735309287861
50,HEURISTIC.SIMPLE_COLLISION,952.9040408914068
50,HEURISTIC.SIMPLE_COLLISION,953.475829724547
50,HEURISTIC.SIMPLE_COLLISION,931.4922780410707
50,HEURISTIC.SIMPLE_COLLISION,954.2666435764705
50,HEURISTIC.SIMPLE_COLLISION,954.6971535390912
50,HEURISTIC.SIMPLE_COLLISION,930.6238236827842
50,HEURISTIC.SIMPLE_COLLISION,954.6978710715629
50,HEURISTIC.SIMPLE_COLLISION,930.5878195050984
50,HEURISTIC.SIMPLE_COLLISION,954.8492082897835
50,HEURISTIC.SIMPLE_COLLISION,930.9367388144346
50,HEURISTIC.SIMPLE_COLLISION,955.0983938883161
50,HEURISTIC.SIMPLE_COLLISION,893.0435158728717
50,HEURISTIC.SIMPLE_COLLISION,937.0074458405768
50,HEURISTIC.SIMPLE_COLLISION,936.6246959287416
50,HEURISTIC.SIMPLE_COLLISION,936.7798372241703
50,HEURISTIC.SIMPLE_COLLISION,937.7017174082446
50,HEURISTIC.SIMPLE_COLLISION,937.3034688339628
50,HEURISTIC.SIMPLE_COLLISION,938.0861878291811
50,HEURISTIC.SIMPLE_COLLISION,937.5871377997114
50,HEURISTIC.SIMPLE_COLLISION,938.1703233239759
50,HEURISTIC.SIMPLE_COLLISION,919.1533885066577
50,HEURISTIC.SIMPLE_COLLISION,936.7414983546457
50,HEURISTIC.SIMPLE_COLLISION,936.4671563512234
50,HEURISTIC.SIMPLE_COLLISION,936.7463034079782
50,HEURISTIC.SIMPLE_COLLISION,937.4357699223135
50,HEURISTIC.SIMPLE_COLLISION,937.3799949716599
50,HEURISTIC.SIMPLE_COLLISION,938.1627139668781
50,HEURISTIC.SIMPLE_COLLISION,937.6636639374084
50,HEURISTIC.SIMPLE_COLLISION,938.192849740713
50,HEURISTIC.SIMPLE_COLLISION,920.9339789778825
50,HEURISTIC.SIMPLE_COLLISION,938.0411398004835
50,HEURISTIC.SIMPLE_COLLISION,937.865400932357
50,HEURISTIC.SIMPLE_COLLISION,937.8849492190561
50,HEURISTIC.SIMPLE_COLLISION,938.9582806875562
50,HEURISTIC.SIMPLE_COLLISION,938.4997758664831
50,HEURISTIC.SIMPLE_COLLISION,939.2824948617013
50,HEURISTIC.SIMPLE_COLLISION,938.7834448322317
50,HEURISTIC.SIMPLE_COLLISION,939.3666303564961
50,HEURISTIC.SIMPLE_COLLISION,921.0842529828442
50,HEURISTIC.SIMPLE_COLLISION,939.7190999366964
50,HEURISTIC.SIMPLE_COLLISION,939.320491749165
50,HEURISTIC.SIMPLE_COLLISION,939.2799655721174
50,HEURISTIC.SIMPLE_COLLISION,940.4133715043641
50,HEURISTIC.SIMPLE_COLLISION,939.8947922195443
50,HEURISTIC.SIMPLE_COLLISION,940.6775112147626
50,HEURISTIC.SIMPLE_COLLISION,940.1784611852929
50,HEURISTIC.SIMPLE_COLLISION,940.7616467095575
50,HEURISTIC.SIMPLE_COLLISION,922.3958740251903
50,HEURISTIC.SIMPLE_COLLISION,940.2018565025637
50,HEURISTIC.SIMPLE_COLLISION,940.0261176344372
50,HEURISTIC.SIMPLE_COLLISION,940.3052646911922
50,HEURISTIC.SIMPLE_COLLISION,941.1189973896365
50,HEURISTIC.SIMPLE_COLLISION,940.9347139233479
50,HEURISTIC.SIMPLE_COLLISION,941.7174329185661
50,HEURISTIC.SIMPLE_COLLISION,941.2183828890963
50,HEURISTIC.SIMPLE_COLLISION,941.751811023927
50,HEURISTIC.SIMPLE_COLLISION,921.4173147543074
50,HEURISTIC.SIMPLE_COLLISION,940.7837239728408
50,HEURISTIC.SIMPLE_COLLISION,941.0065932922457
50,HEURISTIC.SIMPLE_COLLISION,940.5621798932309
50,HEURISTIC.SIMPLE_COLLISION,941.7008648599135
50,HEURISTIC.SIMPLE_COLLISION,941.177006540658
50,HEURISTIC.SIMPLE_COLLISION,941.9597255358763
50,HEURISTIC.SIMPLE_COLLISION,941.4606755064066
50,HEURISTIC.SIMPLE_COLLISION,942.043861030671
50,HEURISTIC.SIMPLE_COLLISION,920.8342535501292
50,HEURISTIC.SIMPLE_COLLISION,944.4534284158988
50,HEURISTIC.SIMPLE_COLLISION,944.3699488921955
50,HEURISTIC.SIMPLE_COLLISION,944.6490959489502
50,HEURISTIC.SIMPLE_COLLISION,945.0681761370797
50,HEURISTIC.SIMPLE_COLLISION,945.2827875126319
50,HEURISTIC.SIMPLE_COLLISION,946.0655065078502
50,HEURISTIC.SIMPLE_COLLISION,945.5664564783804
50,HEURISTIC.SIMPLE_COLLISION,946.0956422816851
50,HEURISTIC.SIMPLE_COLLISION,922.4173337747517
50,HEURISTIC.SIMPLE_COLLISION,946.1772116584416
50,HEURISTIC.SIMPLE_COLLISION,946.0769181994244
50,HEURISTIC.SIMPLE_COLLISION,946.3560652561792
50,HEURISTIC.SIMPLE_COLLISION,946.8183260920475
50,HEURISTIC.SIMPLE_COLLISION,946.989756819861
50,HEURISTIC.SIMPLE_COLLISION,947.7724758150791
50,HEURISTIC.SIMPLE_COLLISION,947.2734257856096
50,HEURISTIC.SIMPLE_COLLISION,947.8026115889141
50,HEURISTIC.SIMPLE_COLLISION,922.1525393943093
50,HEURISTIC.SIMPLE_COLLISION,946.3806063237153
50,HEURISTIC.SIMPLE_COLLISION,946.439885125819
50,HEURISTIC.SIMPLE_COLLISION,946.7190321825738
50,HEURISTIC.SIMPLE_COLLISION,947.1381123707033
50,HEURISTIC.SIMPLE_COLLISION,947.3527237462555
50,HEURISTIC.SIMPLE_COLLISION,948.1354427414738
50,HEURISTIC.SIMPLE_COLLISION,948.1655785153087
50,HEURISTIC.SIMPLE_COLLISION,947.636392712004
50,HEURISTIC.SIMPLE_COLLISION,922.4976205461388
50,HEURISTIC.SIMPLE_COLLISION,946.5992748633039
50,HEURISTIC.SIMPLE_COLLISION,946.6585536654077
50,HEURISTIC.SIMPLE_COLLISION,946.9377007221626
50,HEURISTIC.SIMPLE_COLLISION,947.356780910292
50,HEURISTIC.SIMPLE_COLLISION,947.5713922858442
50,HEURISTIC.SIMPLE_COLLISION,948.3541112810624
50,HEURISTIC.SIMPLE_COLLISION,947.8550612515928
50,HEURISTIC.SIMPLE_COLLISION,928.9587564788799
50,HEURISTIC.SIMPLE_COLLISION,959.9669579721024
50,HEURISTIC.SIMPLE_COLLISION,959.1991407078888
50,HEURISTIC.SIMPLE_COLLISION,960.4393531733479
50,HEURISTIC.SIMPLE_COLLISION,960.1129868955524
50,HEURISTIC.SIMPLE_COLLISION,928.8901835470059
50,HEURISTIC.SIMPLE_COLLISION,960.3756364707633
50,HEURISTIC.SIMPLE_COLLISION,959.6078192065497
50,HEURISTIC.SIMPLE_COLLISION,960.8552646573282
50,HEURISTIC.SIMPLE_COLLISION,928.940074580921
50,HEURISTIC.SIMPLE_COLLISION,961.3635822273723
50,HEURISTIC.SIMPLE_COLLISION,960.5957649631586
50,HEURISTIC.SIMPLE_COLLISION,961.9281202357586
50,HEURISTIC.SIMPLE_COLLISION,929.1133114147972
50,HEURISTIC.SIMPLE_COLLISION,891.942256522204
50,HEURISTIC.SIMPLE_COLLISION,934.6544327657664
50,HEURISTIC.SIMPLE_COLLISION,934.6541481845027
50,HEURISTIC.SIMPLE_COLLISION,936.2446068896929
50,HEURISTIC.SIMPLE_COLLISION,936.2808040744555
50,HEURISTIC.SIMPLE_COLLISION,935.2116918203192
50,HEURISTIC.SIMPLE_COLLISION,935.9607900699687
50,HEURISTIC.SIMPLE_COLLISION,935.92859140702
50,HEURISTIC.SIMPLE_COLLISION,936.1078800822671
50,HEURISTIC.SIMPLE_COLLISION,919.6733421304416
50,HEURISTIC.SIMPLE_COLLISION,935.7812377540761
50,HEURISTIC.SIMPLE_COLLISION,935.1379950236001
50,HEURISTIC.SIMPLE_COLLISION,936.7561728553087
50,HEURISTIC.SIMPLE_COLLISION,936.7923700400713
50,HEURISTIC.SIMPLE_COLLISION,935.4273230417957
50,HEURISTIC.SIMPLE_COLLISION,936.4252324756663
50,HEURISTIC.SIMPLE_COLLISION,936.4054131088807
50,HEURISTIC.SIMPLE_COLLISION,936.6194460478829
50,HEURISTIC.SIMPLE_COLLISION,920.0835551083586
50,HEURISTIC.SIMPLE_COLLISION,936.9757346535484
50,HEURISTIC.SIMPLE_COLLISION,936.3324919230724
50,HEURISTIC.SIMPLE_COLLISION,937.9506697547811
50,HEURISTIC.SIMPLE_COLLISION,937.9868669395437
50,HEURISTIC.SIMPLE_COLLISION,936.6218199412681
50,HEURISTIC.SIMPLE_COLLISION,937.6197293751388
50,HEURISTIC.SIMPLE_COLLISION,937.5999100083532
50,HEURISTIC.SIMPLE_COLLISION,937.8139429473553
50,HEURISTIC.SIMPLE_COLLISION,921.8196715104509
50,HEURISTIC.SIMPLE_COLLISION,940.0239706190755
50,HEURISTIC.SIMPLE_COLLISION,939.3807278885995
50,HEURISTIC.SIMPLE_COLLISION,940.9989057203081
50,HEURISTIC.SIMPLE_COLLISION,941.0351029050707
50,HEURISTIC.SIMPLE_COLLISION,939.6700559067951
50,HEURISTIC.SIMPLE_COLLISION,940.6679653406659
50,HEURISTIC.SIMPLE_COLLISION,940.6481459738801
50,HEURISTIC.SIMPLE_COLLISION,940.8621789128823
50,HEURISTIC.SIMPLE_COLLISION,920.3966239689787
50,HEURISTIC.SIMPLE_COLLISION,939.9870983860546
50,HEURISTIC.SIMPLE_COLLISION,939.3438556555785
50,HEURISTIC.SIMPLE_COLLISION,940.9620334872873
50,HEURISTIC.SIMPLE_COLLISION,940.9982306720499
50,HEURISTIC.SIMPLE_COLLISION,939.6331836737743
50,HEURISTIC.SIMPLE_COLLISION,940.6310931076449
50,HEURISTIC.SIMPLE_COLLISION,940.6112737408591
50,HEURISTIC.SIMPLE_COLLISION,940.8253066798613
50,HEURISTIC.SIMPLE_COLLISION,920.9001455741327
50,HEURISTIC.SIMPLE_COLLISION,941.195379619007
50,HEURISTIC.SIMPLE_COLLISION,940.5521368885309
50,HEURISTIC.SIMPLE_COLLISION,942.1703147202396
50,HEURISTIC.SIMPLE_COLLISION,942.2065119050021
50,HEURISTIC.SIMPLE_COLLISION,940.8414649067265
50,HEURISTIC.SIMPLE_COLLISION,941.8393743405973
50,HEURISTIC.SIMPLE_COLLISION,941.8195549738116
50,HEURISTIC.SIMPLE_COLLISION,942.0335879128138
50,HEURISTIC.SIMPLE_COLLISION,922.0682429109431
50,HEURISTIC.SIMPLE_COLLISION,946.1913069658276
50,HEURISTIC.SIMPLE_COLLISION,945.5480642353516
50,HEURISTIC.SIMPLE_COLLISION,947.1662420670602
50,HEURISTIC.SIMPLE_COLLISION,945.8373922535473
50,HEURISTIC.SIMPLE_COLLISION,947.2024392518229
50,HEURISTIC.SIMPLE_COLLISION,946.835301687418
50,HEURISTIC.SIMPLE_COLLISION,946.8154823206322
50,HEURISTIC.SIMPLE_COLLISION,947.0295152596344
50,HEURISTIC.SIMPLE_COLLISION,921.3804349144718
50,HEURISTIC.SIMPLE_COLLISION,945.3706115196795
50,HEURISTIC.SIMPLE_COLLISION,945.6188550758397
50,HEURISTIC.SIMPLE_COLLISION,946.8775122349404
50,HEURISTIC.SIMPLE_COLLISION,946.2085316004124
50,HEURISTIC.SIMPLE_COLLISION,946.9969828283688
50,HEURISTIC.SIMPLE_COLLISION,947.0725869736042
50,HEURISTIC.SIMPLE_COLLISION,946.8932982983571
50,HEURISTIC.SIMPLE_COLLISION,946.9254969613057
50,HEURISTIC.SIMPLE_COLLISION,922.5559624328447
50,HEURISTIC.SIMPLE_COLLISION,945.9056476250967
50,HEURISTIC.SIMPLE_COLLISION,945.8776439173146
50,HEURISTIC.SIMPLE_COLLISION,947.4958217490234
50,HEURISTIC.SIMPLE_COLLISION,946.2465114309819
50,HEURISTIC.SIMPLE_COLLISION,947.532018933786
50,HEURISTIC.SIMPLE_COLLISION,947.1450620025953
50,HEURISTIC.SIMPLE_COLLISION,947.164881369381
50,HEURISTIC.SIMPLE_COLLISION,947.3590949415975
50,HEURISTIC.SIMPLE_COLLISION,922.8803207711992
50,HEURISTIC.SIMPLE_COLLISION,946.1437181681362
50,HEURISTIC.SIMPLE_COLLISION,946.1157144603541
50,HEURISTIC.SIMPLE_COLLISION,946.4845819740212
50,HEURISTIC.SIMPLE_COLLISION,947.7700894768254
50,HEURISTIC.SIMPLE_COLLISION,947.7338922920628
50,HEURISTIC.SIMPLE_COLLISION,947.4029519124203
50,HEURISTIC.SIMPLE_COLLISION,947.3831325456347
50,HEURISTIC.SIMPLE_COLLISION,947.5971654846369
50,HEURISTIC.SIMPLE_COLLISION,929.7343175621388
50,HEURISTIC.SIMPLE_COLLISION,961.5430046722261
50,HEURISTIC.SIMPLE_COLLISION,960.7473406849939
50,HEURISTIC.SIMPLE_COLLISION,929.4921913971868
50,HEURISTIC.SIMPLE_COLLISION,899.5314138222072
50,HEURISTIC.SIMPLE_COLLISION,946.148746124913
50,HEURISTIC.SIMPLE_COLLISION,946.5792560875336
50,HEURISTIC.SIMPLE_COLLISION,945.9099778309119
50,HEURISTIC.SIMPLE_COLLISION,947.1510449206738
50,HEURISTIC.SIMPLE_COLLISION,930.4810905366662
50,HEURISTIC.SIMPLE_COLLISION,946.4165399127387
50,HEURISTIC.SIMPLE_COLLISION,946.7407060421165
50,HEURISTIC.SIMPLE_COLLISION,947.3251637106038
50,HEURISTIC.DILIGENT,481.01039180498725
50,HEURISTIC.DILIGENT,883.2618680286685
50,HEURISTIC.DILIGENT,883.4057579958328
50,HEURISTIC.DILIGENT,883.6358742074847
50,HEURISTIC.DILIGENT,883.9358447697867
50,HEURISTIC.DILIGENT,884.2511278083639
50,HEURISTIC.DILIGENT,884.4252862224787
50,HEURISTIC.DILIGENT,884.4250028338295
50,HEURISTIC.DILIGENT,884.4935216721763
50,HEURISTIC.DILIGENT,862.7932708807975
50,HEURISTIC.DILIGENT,883.7915809849701
50,HEURISTIC.DILIGENT,883.9354709521344
50,HEURISTIC.DILIGENT,884.1655871637863
50,HEURISTIC.DILIGENT,884.4655577260884
50,HEURISTIC.DILIGENT,884.7808407646655
50,HEURISTIC.DILIGENT,884.9547157901311
50,HEURISTIC.DILIGENT,884.9549991787803
50,HEURISTIC.DILIGENT,885.0232346284779
50,HEURISTIC.DILIGENT,861.9444419446877
50,HEURISTIC.DILIGENT,883.5617365296092
50,HEURISTIC.DILIGENT,883.8101533131398
50,HEURISTIC.DILIGENT,884.0402695247917
50,HEURISTIC.DILIGENT,884.2357132707275
50,HEURISTIC.DILIGENT,884.6555231256709
50,HEURISTIC.DILIGENT,884.7251547234195
50,HEURISTIC.DILIGENT,884.8293981511365
50,HEURISTIC.DILIGENT,884.8979169894833
50,HEURISTIC.DILIGENT,860.1593653994023
50,HEURISTIC.DILIGENT,881.4703053815559
50,HEURISTIC.DILIGENT,881.6153197704864
50,HEURISTIC.DILIGENT,882.0458297331071
50,HEURISTIC.DILIGENT,882.652535044765
50,HEURISTIC.DILIGENT,882.6176185662473
50,HEURISTIC.DILIGENT,883.1194662595274
50,HEURISTIC.DILIGENT,882.9123598150634
50,HEURISTIC.DILIGENT,882.8511073820425
50,HEURISTIC.DILIGENT,861.6824120274102
50,HEURISTIC.DILIGENT,884.2315347093286
50,HEURISTIC.DILIGENT,884.6047687189625
50,HEURISTIC.DILIGENT,884.8348849306145
50,HEURISTIC.DILIGENT,884.9055114504467
50,HEURISTIC.DILIGENT,885.4422989013672
50,HEURISTIC.DILIGENT,885.3949529031388
50,HEURISTIC.DILIGENT,885.5704054457776
50,HEURISTIC.DILIGENT,885.6234094028582
50,HEURISTIC.DILIGENT,860.1433636556546
50,HEURISTIC.DILIGENT,881.8806688065577
50,HEURISTIC.DILIGENT,881.9238093966258
50,HEURISTIC.DILIGENT,882.2479755260035
50,HEURISTIC.DILIGENT,882.8324331944909
50,HEURISTIC.DILIGENT,883.2963841338674
50,HEURISTIC.DILIGENT,883.7633046348801
50,HEURISTIC.DILIGENT,883.4386148370177
50,HEURISTIC.DILIGENT,883.547754502195
50,HEURISTIC.DILIGENT,861.6741223741187
50,HEURISTIC.DILIGENT,885.7990113027702
50,HEURISTIC.DILIGENT,886.1186372012226
50,HEURISTIC.DILIGENT,886.3487534128744
50,HEURISTIC.DILIGENT,886.4729880438884
50,HEURISTIC.DILIGENT,886.9640070137536
50,HEURISTIC.DILIGENT,886.9624294965804
50,HEURISTIC.DILIGENT,887.1378820392192
50,HEURISTIC.DILIGENT,887.1908859962998
50,HEURISTIC.DILIGENT,860.1478921692201
50,HEURISTIC.DILIGENT,883.4812033916446
50,HEURISTIC.DILIGENT,883.5243439817128
50,HEURISTIC.DILIGENT,883.8485101110906
50,HEURISTIC.DILIGENT,884.4329677795779
50,HEURISTIC.DILIGENT,884.9602386484527
50,HEURISTIC.DILIGENT,885.4271591494654
50,HEURISTIC.DILIGENT,885.0446935185073
50,HEURISTIC.DILIGENT,885.2116090167802
50,HEURISTIC.DILIGENT,863.0474211774565
50,HEURISTIC.DILIGENT,887.3325030632266
50,HEURISTIC.DILIGENT,887.4763930303909
50,HEURISTIC.DILIGENT,887.7065092420428
50,HEURISTIC.DILIGENT,888.0064798043448
50,HEURISTIC.DILIGENT,888.321762842922
50,HEURISTIC.DILIGENT,888.4959212570368
50,HEURISTIC.DILIGENT,888.4956378683876
50,HEURISTIC.DILIGENT,888.5641567067345
50,HEURISTIC.DILIGENT,860.451481062997
50,HEURISTIC.DILIGENT,884.4350000304087
50,HEURISTIC.DILIGENT,884.5800144193391
50,HEURISTIC.DILIGENT,885.0105243819598
50,HEURISTIC.DILIGENT,885.1055560513373
50,HEURISTIC.DILIGENT,885.5823132151
50,HEURISTIC.DILIGENT,885.790286821471
50,HEURISTIC.DILIGENT,885.7378072051571
50,HEURISTIC.DILIGENT,885.8158020308953
50,HEURISTIC.DILIGENT,861.9011225091817
50,HEURISTIC.DILIGENT,887.2739079882945
50,HEURISTIC.DILIGENT,887.4177979554588
50,HEURISTIC.DILIGENT,887.6479141671107
50,HEURISTIC.DILIGENT,887.9478847294127
50,HEURISTIC.DILIGENT,888.2631677679899
50,HEURISTIC.DILIGENT,888.4373261821047
50,HEURISTIC.DILIGENT,888.4370427934555
50,HEURISTIC.DILIGENT,888.5055616318023
50,HEURISTIC.DILIGENT,862.1454586664927
50,HEURISTIC.DILIGENT,887.5303183258022
50,HEURISTIC.DILIGENT,887.6742082929666
50,HEURISTIC.DILIGENT,887.9043245046184
50,HEURISTIC.DILIGENT,888.2042950669204
50,HEURISTIC.DILIGENT,888.5195781054975
50,HEURISTIC.DILIGENT,888.6934531309632
50,HEURISTIC.DILIGENT,888.6937365196125
50,HEURISTIC.DILIGENT,888.76197196931
50,HEURISTIC.DILIGENT,860.3560629469159
50,HEURISTIC.DILIGENT,885.1852022849639
50,HEURISTIC.DILIGENT,885.3302166738944
50,HEURISTIC.DILIGENT,885.7607266365151
50,HEURISTIC.DILIGENT,885.913457066561
50,HEURISTIC.DILIGENT,886.3325154696552
50,HEURISTIC.DILIGENT,886.5404890760262
50,HEURISTIC.DILIGENT,886.4880094597123
50,HEURISTIC.DILIGENT,886.5660042854504
50,HEURISTIC.DILIGENT,862.9264510020505
50,HEURISTIC.DILIGENT,888.1415608005716
50,HEURISTIC.DILIGENT,888.2854507677359
50,HEURISTIC.DILIGENT,888.5155669793878
50,HEURISTIC.DILIGENT,888.8155375416898
50,HEURISTIC.DILIGENT,889.1308205802669
50,HEURISTIC.DILIGENT,889.3049789943818
50,HEURISTIC.DILIGENT,889.3046956057326
50,HEURISTIC.DILIGENT,889.3732144440794
50,HEURISTIC.DILIGENT,860.1086124716865
50,HEURISTIC.DILIGENT,885.1580721664695
50,HEURISTIC.DILIGENT,885.2012127565378
50,HEURISTIC.DILIGENT,885.5253788859155
50,HEURISTIC.DILIGENT,886.1098365544028
50,HEURISTIC.DILIGENT,886.6341560579513
50,HEURISTIC.DILIGENT,887.1010765589641
50,HEURISTIC.DILIGENT,886.7215622933322
50,HEURISTIC.DILIGENT,886.8855264262788
50,HEURISTIC.DILIGENT,860.0940482241033
50,HEURISTIC.DILIGENT,886.1124258301609
50,HEURISTIC.DILIGENT,886.2574402190913
50,HEURISTIC.DILIGENT,886.687950181712
50,HEURISTIC.DILIGENT,887.0807418301637
50,HEURISTIC.DILIGENT,887.2597390148521
50,HEURISTIC.DILIGENT,887.5489291864659
50,HEURISTIC.DILIGENT,887.4350752527578
50,HEURISTIC.DILIGENT,887.4932278306474
50,HEURISTIC.DILIGENT,860.1391990407876
50,HEURISTIC.DILIGENT,886.1924041010727
50,HEURISTIC.DILIGENT,886.3374184900033
50,HEURISTIC.DILIGENT,886.7679284526239
50,HEURISTIC.DILIGENT,887.3541474179438
50,HEURISTIC.DILIGENT,887.3397172857642
50,HEURISTIC.DILIGENT,887.8210679189565
50,HEURISTIC.DILIGENT,887.5732061015594
50,HEURISTIC.DILIGENT,887.6139614744925
50,HEURISTIC.DILIGENT,860.1317137037563
50,HEURISTIC.DILIGENT,886.3250042676045
50,HEURISTIC.DILIGENT,886.4700186565351
50,HEURISTIC.DILIGENT,886.9005286191557
50,HEURISTIC.DILIGENT,887.512703482796
50,HEURISTIC.DILIGENT,887.4723174522959
50,HEURISTIC.DILIGENT,887.9796239838088
50,HEURISTIC.DILIGENT,887.7058062680911
50,HEURISTIC.DILIGENT,887.7725175393446
50,HEURISTIC.DILIGENT,844.655016272705
50,HEURISTIC.DILIGENT,884.4343563330951
50,HEURISTIC.DILIGENT,884.5782463002594
50,HEURISTIC.DILIGENT,884.8083625119112
50,HEURISTIC.DILIGENT,885.1083330742133
50,HEURISTIC.DILIGENT,885.4236161127903
50,HEURISTIC.DILIGENT,885.5977745269054
50,HEURISTIC.DILIGENT,885.5974911382561
50,HEURISTIC.DILIGENT,885.6660099766028
50,HEURISTIC.DILIGENT,863.5266328630244
50,HEURISTIC.DILIGENT,884.9640692893968
50,HEURISTIC.DILIGENT,885.107959256561
50,HEURISTIC.DILIGENT,885.3380754682129
50,HEURISTIC.DILIGENT,885.6380460305149
50,HEURISTIC.DILIGENT,885.953329069092
50,HEURISTIC.DILIGENT,886.1272040945578
50,HEURISTIC.DILIGENT,886.127487483207
50,HEURISTIC.DILIGENT,886.1957229329045
50,HEURISTIC.DILIGENT,862.5257594666746
50,HEURISTIC.DILIGENT,884.7342248340358
50,HEURISTIC.DILIGENT,884.9826416175664
50,HEURISTIC.DILIGENT,885.2127578292183
50,HEURISTIC.DILIGENT,885.408201575154
50,HEURISTIC.DILIGENT,885.8280114300974
50,HEURISTIC.DILIGENT,885.897643027846
50,HEURISTIC.DILIGENT,886.0018864555631
50,HEURISTIC.DILIGENT,886.07040529391
50,HEURISTIC.DILIGENT,860.5927041713951
50,HEURISTIC.DILIGENT,882.0427472655144
50,HEURISTIC.DILIGENT,882.187761654445
50,HEURISTIC.DILIGENT,882.6182716170656
50,HEURISTIC.DILIGENT,883.2249769287237
50,HEURISTIC.DILIGENT,883.1900604502058
50,HEURISTIC.DILIGENT,883.691908143486
50,HEURISTIC.DILIGENT,883.4848016990218
50,HEURISTIC.DILIGENT,883.423549266001
50,HEURISTIC.DILIGENT,860.5767024276474
50,HEURISTIC.DILIGENT,882.4531106905162
50,HEURISTIC.DILIGENT,882.4962512805844
50,HEURISTIC.DILIGENT,882.8204174099621
50,HEURISTIC.DILIGENT,883.4048750784494
50,HEURISTIC.DILIGENT,883.8688260178258
50,HEURISTIC.DILIGENT,884.3357465188386
50,HEURISTIC.DILIGENT,884.0110567209761
50,HEURISTIC.DILIGENT,884.1201963861533
50,HEURISTIC.DILIGENT,862.115750799403
50,HEURISTIC.DILIGENT,885.3010328681348
50,HEURISTIC.DILIGENT,885.6742668777688
50,HEURISTIC.DILIGENT,885.9043830894208
50,HEURISTIC.DILIGENT,885.975009609253
50,HEURISTIC.DILIGENT,886.5117970601734
50,HEURISTIC.DILIGENT,886.464451061945
50,HEURISTIC.DILIGENT,886.6399036045839
50,HEURISTIC.DILIGENT,886.6929075616645
50,HEURISTIC.DILIGENT,862.1074611461115
50,HEURISTIC.DILIGENT,886.5211273583993
50,HEURISTIC.DILIGENT,886.8407532568516
50,HEURISTIC.DILIGENT,887.0708694685036
50,HEURISTIC.DILIGENT,887.1951040995175
50,HEURISTIC.DILIGENT,887.6861230693827
50,HEURISTIC.DILIGENT,887.6845455522096
50,HEURISTIC.DILIGENT,887.8599980948484
50,HEURISTIC.DILIGENT,887.913002051929
50,HEURISTIC.DILIGENT,860.5812309412129
50,HEURISTIC.DILIGENT,884.0536452756032
50,HEURISTIC.DILIGENT,884.0967858656713
50,HEURISTIC.DILIGENT,884.4209519950491
50,HEURISTIC.DILIGENT,885.0054096635365
50,HEURISTIC.DILIGENT,885.5326805324112
50,HEURISTIC.DILIGENT,885.9996010334239
50,HEURISTIC.DILIGENT,885.6171354024659
50,HEURISTIC.DILIGENT,885.7840509007387
50,HEURISTIC.DILIGENT,860.8848198349898
50,HEURISTIC.DILIGENT,885.0074419143672
50,HEURISTIC.DILIGENT,885.1524563032976
50,HEURISTIC.DILIGENT,885.5829662659183
50,HEURISTIC.DILIGENT,885.6779979352957
50,HEURISTIC.DILIGENT,886.1547550990585
50,HEURISTIC.DILIGENT,886.3627287054296
50,HEURISTIC.DILIGENT,886.3102490891156
50,HEURISTIC.DILIGENT,886.3882439148538
50,HEURISTIC.DILIGENT,863.7807831596833
50,HEURISTIC.DILIGENT,888.7169422074967
50,HEURISTIC.DILIGENT,888.8608321746609
50,HEURISTIC.DILIGENT,889.0909483863129
50,HEURISTIC.DILIGENT,889.3909189486149
50,HEURISTIC.DILIGENT,889.7062019871919
50,HEURISTIC.DILIGENT,889.8803604013069
50,HEURISTIC.DILIGENT,889.8800770126577
50,HEURISTIC.DILIGENT,889.9485958510045
50,HEURISTIC.DILIGENT,862.3344612811745
50,HEURISTIC.DILIGENT,888.0399556934283
50,HEURISTIC.DILIGENT,888.1838456605925
50,HEURISTIC.DILIGENT,888.4139618722444
50,HEURISTIC.DILIGENT,888.7139324345465
50,HEURISTIC.DILIGENT,889.0292154731235
50,HEURISTIC.DILIGENT,889.2030904985893
50,HEURISTIC.DILIGENT,889.2033738872385
50,HEURISTIC.DILIGENT,889.2716093369361
50,HEURISTIC.DILIGENT,860.7894017189088
50,HEURISTIC.DILIGENT,885.7576441689223
50,HEURISTIC.DILIGENT,885.9026585578529
50,HEURISTIC.DILIGENT,886.3331685204735
50,HEURISTIC.DILIGENT,886.4858989505195
50,HEURISTIC.DILIGENT,886.9049573536138
50,HEURISTIC.DILIGENT,887.1129309599849
50,HEURISTIC.DILIGENT,887.0604513436708
50,HEURISTIC.DILIGENT,887.138446169409
50,HEURISTIC.DILIGENT,862.5787974384855
50,HEURISTIC.DILIGENT,888.5298729658872
50,HEURISTIC.DILIGENT,888.6737629330514
50,HEURISTIC.DILIGENT,888.9038791447034
50,HEURISTIC.DILIGENT,889.2038497070055
50,HEURISTIC.DILIGENT,889.5191327455825
50,HEURISTIC.DILIGENT,889.6932911596974
50,HEURISTIC.DILIGENT,889.6930077710482
50,HEURISTIC.DILIGENT,889.761526609395
50,HEURISTIC.DILIGENT,860.5419512436793
50,HEURISTIC.DILIGENT,885.7305140504282
50,HEURISTIC.DILIGENT,885.7736546404963
50,HEURISTIC.DILIGENT,886.097820769874
50,HEURISTIC.DILIGENT,886.6822784383614
50,HEURISTIC.DILIGENT,887.2065979419099
50,HEURISTIC.DILIGENT,887.6735184429226
50,HEURISTIC.DILIGENT,887.2940041772907
50,HEURISTIC.DILIGENT,887.4579683102374
50,HEURISTIC.DILIGENT,863.3597897740433
50,HEURISTIC.DILIGENT,889.2110589593779
50,HEURISTIC.DILIGENT,889.3549489265422
50,HEURISTIC.DILIGENT,889.5850651381941
50,HEURISTIC.DILIGENT,889.885035700496
50,HEURISTIC.DILIGENT,890.2003187390732
50,HEURISTIC.DILIGENT,890.3744771531881
50,HEURISTIC.DILIGENT,890.3741937645389
50,HEURISTIC.DILIGENT,890.4427126028856
50,HEURISTIC.DILIGENT,860.5273869960961
50,HEURISTIC.DILIGENT,886.6848677141193
50,HEURISTIC.DILIGENT,886.8298821030498
50,HEURISTIC.DILIGENT,887.2603920656704
50,HEURISTIC.DILIGENT,887.6531837141222
50,HEURISTIC.DILIGENT,887.8321808988107
50,HEURISTIC.DILIGENT,888.1213710704244
50,HEURISTIC.DILIGENT,888.0075171367163
50,HEURISTIC.DILIGENT,888.065669714606
50,HEURISTIC.DILIGENT,860.5725378127804
50,HEURISTIC.DILIGENT,886.7648459850313
50,HEURISTIC.DILIGENT,886.9098603739618
50,HEURISTIC.DILIGENT,887.3403703365825
50,HEURISTIC.DILIGENT,887.9265893019023
50,HEURISTIC.DILIGENT,887.9121591697226
50,HEURISTIC.DILIGENT,888.3935098029151
50,HEURISTIC.DILIGENT,888.1456479855178
50,HEURISTIC.DILIGENT,888.1864033584509
50,HEURISTIC.DILIGENT,860.565052475749
50,HEURISTIC.DILIGENT,886.897446151563
50,HEURISTIC.DILIGENT,887.0424605404935
50,HEURISTIC.DILIGENT,887.4729705031142
50,HEURISTIC.DILIGENT,888.0851453667544
50,HEURISTIC.DILIGENT,888.0447593362544
50,HEURISTIC.DILIGENT,888.5520658677672
50,HEURISTIC.DILIGENT,888.2782481520496
50,HEURISTIC.DILIGENT,888.3449594233032
50,HEURISTIC.DILIGENT,845.0633799782195
50,HEURISTIC.DILIGENT,885.1685345265041
50,HEURISTIC.DILIGENT,885.3124244936683
50,HEURISTIC.DILIGENT,885.5425407053202
50,HEURISTIC.DILIGENT,885.8425112676223
50,HEURISTIC.DILIGENT,886.1577943061993
50,HEURISTIC.DILIGENT,886.3319527203143
50,HEURISTIC.DILIGENT,886.3316693316651
50,HEURISTIC.DILIGENT,886.4001881700118
50,HEURISTIC.DILIGENT,861.1664037719131
50,HEURISTIC.DILIGENT,882.2121602728048
50,HEURISTIC.DILIGENT,882.3571746617354
50,HEURISTIC.DILIGENT,882.787684624356
50,HEURISTIC.DILIGENT,883.394389936014
50,HEURISTIC.DILIGENT,883.3594734574962
50,HEURISTIC.DILIGENT,883.8613211507763
50,HEURISTIC.DILIGENT,883.6542147063121
50,HEURISTIC.DILIGENT,883.5929622732914
50,HEURISTIC.DILIGENT,863.3479872046164
50,HEURISTIC.DILIGENT,885.096605195694
50,HEURISTIC.DILIGENT,885.3450219792246
50,HEURISTIC.DILIGENT,885.5751381908765
50,HEURISTIC.DILIGENT,885.7705819368123
50,HEURISTIC.DILIGENT,886.1903917917557
50,HEURISTIC.DILIGENT,886.2600233895042
50,HEURISTIC.DILIGENT,886.3642668172213
50,HEURISTIC.DILIGENT,886.4327856555681
50,HEURISTIC.DILIGENT,864.5458936655799
50,HEURISTIC.DILIGENT,886.0246047007622
50,HEURISTIC.DILIGENT,886.1684946679264
50,HEURISTIC.DILIGENT,886.3986108795783
50,HEURISTIC.DILIGENT,886.6985814418804
50,HEURISTIC.DILIGENT,887.0138644804574
50,HEURISTIC.DILIGENT,887.1877395059232
50,HEURISTIC.DILIGENT,887.1880228945724
50,HEURISTIC.DILIGENT,887.2562583442699
50,HEURISTIC.DILIGENT,861.1504020281654
50,HEURISTIC.DILIGENT,882.6225236978065
50,HEURISTIC.DILIGENT,882.6656642878747
50,HEURISTIC.DILIGENT,882.9898304172525
50,HEURISTIC.DILIGENT,883.5742880857398
50,HEURISTIC.DILIGENT,884.0382390251161
50,HEURISTIC.DILIGENT,884.505159526129
50,HEURISTIC.DILIGENT,884.1804697282664
50,HEURISTIC.DILIGENT,884.2896093934437
50,HEURISTIC.DILIGENT,862.9379785373449
50,HEURISTIC.DILIGENT,885.4704458754252
50,HEURISTIC.DILIGENT,885.8436798850591
50,HEURISTIC.DILIGENT,886.0737960967111
50,HEURISTIC.DILIGENT,886.1444226165434
50,HEURISTIC.DILIGENT,886.6812100674638
50,HEURISTIC.DILIGENT,886.6338640692354
50,HEURISTIC.DILIGENT,886.8093166118742
50,HEURISTIC.DILIGENT,886.8623205689548
50,HEURISTIC.DILIGENT,861.0730972006722
50,HEURISTIC.DILIGENT,884.0593916007763
50,HEURISTIC.DILIGENT,884.1025321908444
50,HEURISTIC.DILIGENT,884.4266983202222
50,HEURISTIC.DILIGENT,885.0111559887096
50,HEURISTIC.DILIGENT,885.5384268575842
50,HEURISTIC.DILIGENT,886.005347358597
50,HEURISTIC.DILIGENT,885.622881727639
50,HEURISTIC.DILIGENT,885.7897972259118
50,HEURISTIC.DILIGENT,862.7559978324648
50,HEURISTIC.DILIGENT,886.6905403656897
50,HEURISTIC.DILIGENT,887.010166264142
50,HEURISTIC.DILIGENT,887.240282475794
50,HEURISTIC.DILIGENT,887.3645171068079
50,HEURISTIC.DILIGENT,887.855536076673
50,HEURISTIC.DILIGENT,887.8539585594999
50,HEURISTIC.DILIGENT,888.0294111021387
50,HEURISTIC.DILIGENT,888.0824150592193
50,HEURISTIC.DILIGENT,861.4585194355077
50,HEURISTIC.DILIGENT,885.1768549216577
50,HEURISTIC.DILIGENT,885.3218693105881
50,HEURISTIC.DILIGENT,885.7523792732088
50,HEURISTIC.DILIGENT,885.8474109425863
50,HEURISTIC.DILIGENT,886.324168106349
50,HEURISTIC.DILIGENT,886.53214171272
50,HEURISTIC.DILIGENT,886.4796620964061
50,HEURISTIC.DILIGENT,886.5576569221442
50,HEURISTIC.DILIGENT,863.0049637922803
50,HEURISTIC.DILIGENT,888.2093687007186
50,HEURISTIC.DILIGENT,888.3532586678829
50,HEURISTIC.DILIGENT,888.5833748795347
50,HEURISTIC.DILIGENT,888.8833454418368
50,HEURISTIC.DILIGENT,889.1986284804138
50,HEURISTIC.DILIGENT,889.3727868945289
50,HEURISTIC.DILIGENT,889.3725035058796
50,HEURISTIC.DILIGENT,889.4410223442264
50,HEURISTIC.DILIGENT,861.3631013194267
50,HEURISTIC.DILIGENT,885.9270571762129
50,HEURISTIC.DILIGENT,886.0720715651433
50,HEURISTIC.DILIGENT,886.502581527764
50,HEURISTIC.DILIGENT,886.65531195781
50,HEURISTIC.DILIGENT,887.0743703609041
50,HEURISTIC.DILIGENT,887.2823439672752
50,HEURISTIC.DILIGENT,887.2298643509613
50,HEURISTIC.DILIGENT,887.3078591766994
50,HEURISTIC.DILIGENT,863.3660534170667
50,HEURISTIC.DILIGENT,888.6992859731777
50,HEURISTIC.DILIGENT,888.843175940342
50,HEURISTIC.DILIGENT,889.0732921519939
50,HEURISTIC.DILIGENT,889.3732627142958
50,HEURISTIC.DILIGENT,889.688545752873
50,HEURISTIC.DILIGENT,889.8627041669879
50,HEURISTIC.DILIGENT,889.8624207783387
50,HEURISTIC.DILIGENT,889.9309396166855
50,HEURISTIC.DILIGENT,861.0338175031385
50,HEURISTIC.DILIGENT,885.7362603756012
50,HEURISTIC.DILIGENT,885.7794009656693
50,HEURISTIC.DILIGENT,886.1035670950471
50,HEURISTIC.DILIGENT,886.6880247635345
50,HEURISTIC.DILIGENT,887.2123442670829
50,HEURISTIC.DILIGENT,887.6792647680957
50,HEURISTIC.DILIGENT,887.2997505024638
50,HEURISTIC.DILIGENT,887.4637146354105
50,HEURISTIC.DILIGENT,864.8000439622388
50,HEURISTIC.DILIGENT,889.7774776188621
50,HEURISTIC.DILIGENT,889.9213675860263
50,HEURISTIC.DILIGENT,890.1514837976783
50,HEURISTIC.DILIGENT,890.4514543599803
50,HEURISTIC.DILIGENT,890.7667373985573
50,HEURISTIC.DILIGENT,890.9408958126724
50,HEURISTIC.DILIGENT,890.9406124240231
50,HEURISTIC.DILIGENT,891.0091312623699
50,HEURISTIC.DILIGENT,864.1820175119851
50,HEURISTIC.DILIGENT,889.3804719666683
50,HEURISTIC.DILIGENT,889.5243619338326
50,HEURISTIC.DILIGENT,889.7544781454844
50,HEURISTIC.DILIGENT,890.0544487077866
50,HEURISTIC.DILIGENT,890.3697317463636
50,HEURISTIC.DILIGENT,890.5436067718292
50,HEURISTIC.DILIGENT,890.5438901604786
50,HEURISTIC.DILIGENT,890.6121256101761
50,HEURISTIC.DILIGENT,861.1010865966141
50,HEURISTIC.DILIGENT,886.8542807214099
50,HEURISTIC.DILIGENT,886.9992951103403
50,HEURISTIC.DILIGENT,887.429805072961
50,HEURISTIC.DILIGENT,887.8225967214127
50,HEURISTIC.DILIGENT,888.0015939061011
50,HEURISTIC.DILIGENT,888.2907840777149
50,HEURISTIC.DILIGENT,888.1769301440067
50,HEURISTIC.DILIGENT,888.2350827218963
50,HEURISTIC.DILIGENT,861.0669670145736
50,HEURISTIC.DILIGENT,886.7705923102044
50,HEURISTIC.DILIGENT,886.9156066991349
50,HEURISTIC.DILIGENT,887.3461166617556
50,HEURISTIC.DILIGENT,887.9323356270753
50,HEURISTIC.DILIGENT,887.9179054948956
50,HEURISTIC.DILIGENT,888.3992561280882
50,HEURISTIC.DILIGENT,888.1513943106909
50,HEURISTIC.DILIGENT,888.1921496836239
50,HEURISTIC.DILIGENT,861.0569187352082
50,HEURISTIC.DILIGENT,886.9031924767361
50,HEURISTIC.DILIGENT,887.0482068656665
50,HEURISTIC.DILIGENT,887.4787168282872
50,HEURISTIC.DILIGENT,888.0908916919275
50,HEURISTIC.DILIGENT,888.0505056614275
50,HEURISTIC.DILIGENT,888.5578121929402
50,HEURISTIC.DILIGENT,888.2839944772227
50,HEURISTIC.DILIGENT,888.3507057484762
50,HEURISTIC.DILIGENT,842.0934047474875
50,HEURISTIC.DILIGENT,882.6041031786344
50,HEURISTIC.DILIGENT,882.7479931457988
50,HEURISTIC.DILIGENT,882.9781093574506
50,HEURISTIC.DILIGENT,883.2780799197527
50,HEURISTIC.DILIGENT,883.5933629583299
50,HEURISTIC.DILIGENT,883.7675213724447
50,HEURISTIC.DILIGENT,883.7672379837954
50,HEURISTIC.DILIGENT,883.8357568221422
50,HEURISTIC.DILIGENT,863.342864656551
50,HEURISTIC.DILIGENT,883.1338161349361
50,HEURISTIC.DILIGENT,883.2777061021004
50,HEURISTIC.DILIGENT,883.5078223137523
50,HEURISTIC.DILIGENT,883.8077928760544
50,HEURISTIC.DILIGENT,884.1230759146315
50,HEURISTIC.DILIGENT,884.2969509400971
50,HEURISTIC.DILIGENT,884.2972343287463
50,HEURISTIC.DILIGENT,884.3654697784439
50,HEURISTIC.DILIGENT,862.4940357204412
50,HEURISTIC.DILIGENT,882.9039716795752
50,HEURISTIC.DILIGENT,883.1523884631058
50,HEURISTIC.DILIGENT,883.3825046747577
50,HEURISTIC.DILIGENT,883.5779484206935
50,HEURISTIC.DILIGENT,883.9977582756369
50,HEURISTIC.DILIGENT,884.0673898733854
50,HEURISTIC.DILIGENT,884.1716333011025
50,HEURISTIC.DILIGENT,884.2401521394493
50,HEURISTIC.DILIGENT,860.604411825489
50,HEURISTIC.DILIGENT,880.6034458321883
50,HEURISTIC.DILIGENT,880.7484602211189
50,HEURISTIC.DILIGENT,881.1789701837395
50,HEURISTIC.DILIGENT,881.7856754953975
50,HEURISTIC.DILIGENT,881.7507590168797
50,HEURISTIC.DILIGENT,882.2526067101599
50,HEURISTIC.DILIGENT,882.0455002656956
50,HEURISTIC.DILIGENT,881.9842478326749
50,HEURISTIC.DILIGENT,862.1274584534967
50,HEURISTIC.DILIGENT,883.364675159961
50,HEURISTIC.DILIGENT,883.737909169595
50,HEURISTIC.DILIGENT,883.968025381247
50,HEURISTIC.DILIGENT,884.0386519010792
50,HEURISTIC.DILIGENT,884.5754393519996
50,HEURISTIC.DILIGENT,884.5280933537713
50,HEURISTIC.DILIGENT,884.7035458964101
50,HEURISTIC.DILIGENT,884.7565498534907
50,HEURISTIC.DILIGENT,860.5884100817414
50,HEURISTIC.DILIGENT,881.0138092571901
50,HEURISTIC.DILIGENT,881.0569498472582
50,HEURISTIC.DILIGENT,881.381115976636
50,HEURISTIC.DILIGENT,881.9655736451234
50,HEURISTIC.DILIGENT,882.4295245844999
50,HEURISTIC.DILIGENT,882.8964450855126
50,HEURISTIC.DILIGENT,882.5717552876501
50,HEURISTIC.DILIGENT,882.6808949528274
50,HEURISTIC.DILIGENT,862.1191688002054
50,HEURISTIC.DILIGENT,884.9321517534026
50,HEURISTIC.DILIGENT,885.251777651855
50,HEURISTIC.DILIGENT,885.4818938635069
50,HEURISTIC.DILIGENT,885.6061284945209
50,HEURISTIC.DILIGENT,886.0971474643861
50,HEURISTIC.DILIGENT,886.0955699472129
50,HEURISTIC.DILIGENT,886.2710224898517
50,HEURISTIC.DILIGENT,886.3240264469323
50,HEURISTIC.DILIGENT,860.5929385953068
50,HEURISTIC.DILIGENT,882.6143438422771
50,HEURISTIC.DILIGENT,882.6574844323453
50,HEURISTIC.DILIGENT,882.9816505617231
50,HEURISTIC.DILIGENT,883.5661082302104
50,HEURISTIC.DILIGENT,884.0933790990852
50,HEURISTIC.DILIGENT,884.5602996000979
50,HEURISTIC.DILIGENT,884.1778339691398
50,HEURISTIC.DILIGENT,884.3447494674127
50,HEURISTIC.DILIGENT,860.8965274890836
50,HEURISTIC.DILIGENT,883.5681404810412
50,HEURISTIC.DILIGENT,883.7131548699716
50,HEURISTIC.DILIGENT,884.1436648325923
50,HEURISTIC.DILIGENT,884.2386965019698
50,HEURISTIC.DILIGENT,884.7154536657325
50,HEURISTIC.DILIGENT,884.9234272721035
50,HEURISTIC.DILIGENT,884.8709476557896
50,HEURISTIC.DILIGENT,884.9489424815278
50,HEURISTIC.DILIGENT,863.59701495321
50,HEURISTIC.DILIGENT,886.886689053036
50,HEURISTIC.DILIGENT,887.0305790202003
50,HEURISTIC.DILIGENT,887.2606952318522
50,HEURISTIC.DILIGENT,887.5606657941543
50,HEURISTIC.DILIGENT,887.8759488327314
50,HEURISTIC.DILIGENT,888.0501072468462
50,HEURISTIC.DILIGENT,888.049823858197
50,HEURISTIC.DILIGENT,888.1183426965439
50,HEURISTIC.DILIGENT,862.3461689352685
50,HEURISTIC.DILIGENT,886.407048438927
50,HEURISTIC.DILIGENT,886.5509384060913
50,HEURISTIC.DILIGENT,886.7810546177432
50,HEURISTIC.DILIGENT,887.0810251800452
50,HEURISTIC.DILIGENT,887.3963082186224
50,HEURISTIC.DILIGENT,887.570183244088
50,HEURISTIC.DILIGENT,887.5704666327372
50,HEURISTIC.DILIGENT,887.6387020824347
50,HEURISTIC.DILIGENT,862.5905050925793
50,HEURISTIC.DILIGENT,886.6634587764347
50,HEURISTIC.DILIGENT,886.807348743599
50,HEURISTIC.DILIGENT,887.0374649552509
50,HEURISTIC.DILIGENT,887.3374355175529
50,HEURISTIC.DILIGENT,887.65271855613
50,HEURISTIC.DILIGENT,887.8265935815957
50,HEURISTIC.DILIGENT,887.8268769702449
50,HEURISTIC.DILIGENT,887.8951124199425
50,HEURISTIC.DILIGENT,860.8011093730026
50,HEURISTIC.DILIGENT,884.3183427355964
50,HEURISTIC.DILIGENT,884.4633571245269
50,HEURISTIC.DILIGENT,884.8938670871476
50,HEURISTIC.DILIGENT,885.0465975171935
50,HEURISTIC.DILIGENT,885.4656559202876
50,HEURISTIC.DILIGENT,885.6736295266587
50,HEURISTIC.DILIGENT,885.6211499103448
50,HEURISTIC.DILIGENT,885.6991447360829
50,HEURISTIC.DILIGENT,863.3714974281372
50,HEURISTIC.DILIGENT,887.2747012512041
50,HEURISTIC.DILIGENT,887.4185912183684
50,HEURISTIC.DILIGENT,887.6487074300203
50,HEURISTIC.DILIGENT,887.9486779923222
50,HEURISTIC.DILIGENT,888.2639610308994
50,HEURISTIC.DILIGENT,888.4381194450143
50,HEURISTIC.DILIGENT,888.4378360563651
50,HEURISTIC.DILIGENT,888.5063548947119
50,HEURISTIC.DILIGENT,860.5536588977731
50,HEURISTIC.DILIGENT,884.291212617102
50,HEURISTIC.DILIGENT,884.3343532071702
50,HEURISTIC.DILIGENT,884.658519336548
50,HEURISTIC.DILIGENT,885.2429770050353
50,HEURISTIC.DILIGENT,885.7672965085837
50,HEURISTIC.DILIGENT,886.2342170095966
50,HEURISTIC.DILIGENT,885.8547027439647
50,HEURISTIC.DILIGENT,886.0186668769113
50,HEURISTIC.DILIGENT,860.5390946501899
50,HEURISTIC.DILIGENT,885.2455662807934
50,HEURISTIC.DILIGENT,885.3905806697238
50,HEURISTIC.DILIGENT,885.8210906323445
50,HEURISTIC.DILIGENT,886.2138822807962
50,HEURISTIC.DILIGENT,886.3928794654846
50,HEURISTIC.DILIGENT,886.6820696370984
50,HEURISTIC.DILIGENT,886.5682157033903
50,HEURISTIC.DILIGENT,886.6263682812798
50,HEURISTIC.DILIGENT,860.5842454668741
50,HEURISTIC.DILIGENT,885.3255445517052
50,HEURISTIC.DILIGENT,885.4705589406357
50,HEURISTIC.DILIGENT,885.9010689032564
50,HEURISTIC.DILIGENT,886.4872878685761
50,HEURISTIC.DILIGENT,886.4728577363965
50,HEURISTIC.DILIGENT,886.954208369589
50,HEURISTIC.DILIGENT,886.7063465521917
50,HEURISTIC.DILIGENT,886.7471019251248
50,HEURISTIC.DILIGENT,860.5767601298429
50,HEURISTIC.DILIGENT,885.458144718237
50,HEURISTIC.DILIGENT,885.6031591071676
50,HEURISTIC.DILIGENT,886.0336690697882
50,HEURISTIC.DILIGENT,886.6458439334285
50,HEURISTIC.DILIGENT,886.6054579029284
50,HEURISTIC.DILIGENT,887.1127644344413
50,HEURISTIC.DILIGENT,886.8389467187236
50,HEURISTIC.DILIGENT,886.905657989977
50,HEURISTIC.DILIGENT,844.9423140058925
50,HEURISTIC.DILIGENT,885.3953104263089
50,HEURISTIC.DILIGENT,885.5392003934733
50,HEURISTIC.DILIGENT,885.7693166051251
50,HEURISTIC.DILIGENT,886.0692871674272
50,HEURISTIC.DILIGENT,886.3845702060044
50,HEURISTIC.DILIGENT,886.5587286201192
50,HEURISTIC.DILIGENT,886.5584452314699
50,HEURISTIC.DILIGENT,886.6269640698167
50,HEURISTIC.DILIGENT,861.6276335939474
50,HEURISTIC.DILIGENT,882.4389361726097
50,HEURISTIC.DILIGENT,882.5839505615402
50,HEURISTIC.DILIGENT,883.0144605241609
50,HEURISTIC.DILIGENT,883.6211658358188
50,HEURISTIC.DILIGENT,883.5862493573011
50,HEURISTIC.DILIGENT,884.0880970505812
50,HEURISTIC.DILIGENT,883.8809906061172
50,HEURISTIC.DILIGENT,883.8197381730963
50,HEURISTIC.DILIGENT,863.8092170266508
50,HEURISTIC.DILIGENT,885.323381095499
50,HEURISTIC.DILIGENT,885.5717978790296
50,HEURISTIC.DILIGENT,885.8019140906815
50,HEURISTIC.DILIGENT,885.9973578366173
50,HEURISTIC.DILIGENT,886.4171676915607
50,HEURISTIC.DILIGENT,886.4867992893093
50,HEURISTIC.DILIGENT,886.5910427170263
50,HEURISTIC.DILIGENT,886.6595615553731
50,HEURISTIC.DILIGENT,861.5045373111345
50,HEURISTIC.DILIGENT,882.6351105194808
50,HEURISTIC.DILIGENT,882.6782511095489
50,HEURISTIC.DILIGENT,883.0024172389267
50,HEURISTIC.DILIGENT,883.5868749074141
50,HEURISTIC.DILIGENT,884.0508258467905
50,HEURISTIC.DILIGENT,884.5177463478033
50,HEURISTIC.DILIGENT,884.1930565499408
50,HEURISTIC.DILIGENT,884.3021962151181
50,HEURISTIC.DILIGENT,865.0071234876143
50,HEURISTIC.DILIGENT,886.2513806005672
50,HEURISTIC.DILIGENT,886.3952705677315
50,HEURISTIC.DILIGENT,886.6253867793833
50,HEURISTIC.DILIGENT,886.9253573416854
50,HEURISTIC.DILIGENT,887.2406403802624
50,HEURISTIC.DILIGENT,887.4147987943775
50,HEURISTIC.DILIGENT,887.4145154057283
50,HEURISTIC.DILIGENT,887.4830342440749
50,HEURISTIC.DILIGENT,863.3992083593791
50,HEURISTIC.DILIGENT,885.6972217752302
50,HEURISTIC.DILIGENT,886.0704557848642
50,HEURISTIC.DILIGENT,886.3005719965162
50,HEURISTIC.DILIGENT,886.3711985163484
50,HEURISTIC.DILIGENT,886.9079859672688
50,HEURISTIC.DILIGENT,886.8606399690404
50,HEURISTIC.DILIGENT,887.0360925116793
50,HEURISTIC.DILIGENT,887.0890964687599
50,HEURISTIC.DILIGENT,861.3469078530977
50,HEURISTIC.DILIGENT,883.9113291613633
50,HEURISTIC.DILIGENT,883.9544697514315
50,HEURISTIC.DILIGENT,884.2786358808092
50,HEURISTIC.DILIGENT,884.8630935492965
50,HEURISTIC.DILIGENT,885.3903644181713
50,HEURISTIC.DILIGENT,885.857284919184
50,HEURISTIC.DILIGENT,885.474819288226
50,HEURISTIC.DILIGENT,885.6417347864989
50,HEURISTIC.DILIGENT,863.2172276544992
50,HEURISTIC.DILIGENT,886.9173162654947
50,HEURISTIC.DILIGENT,887.236942163947
50,HEURISTIC.DILIGENT,887.467058375599
50,HEURISTIC.DILIGENT,887.5912930066129
50,HEURISTIC.DILIGENT,888.0823119764781
50,HEURISTIC.DILIGENT,888.080734459305
50,HEURISTIC.DILIGENT,888.2561870019438
50,HEURISTIC.DILIGENT,888.3091909590244
50,HEURISTIC.DILIGENT,861.9197492575421
50,HEURISTIC.DILIGENT,885.4036308214626
50,HEURISTIC.DILIGENT,885.548645210393
50,HEURISTIC.DILIGENT,885.9791551730137
50,HEURISTIC.DILIGENT,886.0741868423911
50,HEURISTIC.DILIGENT,886.5509440061539
50,HEURISTIC.DILIGENT,886.758917612525
50,HEURISTIC.DILIGENT,886.706437996211
50,HEURISTIC.DILIGENT,886.7844328219492
50,HEURISTIC.DILIGENT,863.4661936143145
50,HEURISTIC.DILIGENT,888.4361446005234
50,HEURISTIC.DILIGENT,888.5800345676878
50,HEURISTIC.DILIGENT,888.8101507793397
50,HEURISTIC.DILIGENT,889.1101213416417
50,HEURISTIC.DILIGENT,889.4254043802189
50,HEURISTIC.DILIGENT,889.5995627943337
50,HEURISTIC.DILIGENT,889.5992794056845
50,HEURISTIC.DILIGENT,889.6677982440312
50,HEURISTIC.DILIGENT,861.3076281555639
50,HEURISTIC.DILIGENT,885.5881979361882
50,HEURISTIC.DILIGENT,885.6313385262564
50,HEURISTIC.DILIGENT,885.9555046556342
50,HEURISTIC.DILIGENT,886.5399623241215
50,HEURISTIC.DILIGENT,887.0642818276699
50,HEURISTIC.DILIGENT,887.5312023286828
50,HEURISTIC.DILIGENT,887.1516880630509
50,HEURISTIC.DILIGENT,887.3156521959975
50,HEURISTIC.DILIGENT,861.8243311414611
50,HEURISTIC.DILIGENT,886.1538330760177
50,HEURISTIC.DILIGENT,886.2988474649483
50,HEURISTIC.DILIGENT,886.7293574275689
50,HEURISTIC.DILIGENT,886.8820878576149
50,HEURISTIC.DILIGENT,887.3011462607092
50,HEURISTIC.DILIGENT,887.5091198670802
50,HEURISTIC.DILIGENT,887.4566402507662
50,HEURISTIC.DILIGENT,887.5346350765044
50,HEURISTIC.DILIGENT,863.827283239101
50,HEURISTIC.DILIGENT,888.9260618729826
50,HEURISTIC.DILIGENT,889.0699518401468
50,HEURISTIC.DILIGENT,889.3000680517988
50,HEURISTIC.DILIGENT,889.6000386141009
50,HEURISTIC.DILIGENT,889.9153216526779
50,HEURISTIC.DILIGENT,890.0894800667928
50,HEURISTIC.DILIGENT,890.0891966781436
50,HEURISTIC.DILIGENT,890.1577155164904
50,HEURISTIC.DILIGENT,865.2612737842732
50,HEURISTIC.DILIGENT,890.0042535186669
50,HEURISTIC.DILIGENT,890.1481434858313
50,HEURISTIC.DILIGENT,890.3782596974831
50,HEURISTIC.DILIGENT,890.6782302597852
50,HEURISTIC.DILIGENT,890.9935132983624
50,HEURISTIC.DILIGENT,891.1673883238279
50,HEURISTIC.DILIGENT,891.1676717124772
50,HEURISTIC.DILIGENT,891.2359071621748
50,HEURISTIC.DILIGENT,864.6432473340195
50,HEURISTIC.DILIGENT,889.6072478664732
50,HEURISTIC.DILIGENT,889.7511378336376
50,HEURISTIC.DILIGENT,889.9812540452895
50,HEURISTIC.DILIGENT,890.2812246075914
50,HEURISTIC.DILIGENT,890.5965076461686
50,HEURISTIC.DILIGENT,890.7703826716343
50,HEURISTIC.DILIGENT,890.7706660602835
50,HEURISTIC.DILIGENT,890.838901509981
50,HEURISTIC.DILIGENT,861.3407776669991
50,HEURISTIC.DILIGENT,886.6225298707914
50,HEURISTIC.DILIGENT,886.767544259722
50,HEURISTIC.DILIGENT,887.1980542223425
50,HEURISTIC.DILIGENT,887.7842731876624
50,HEURISTIC.DILIGENT,887.7698430554829
50,HEURISTIC.DILIGENT,888.2511936886751
50,HEURISTIC.DILIGENT,888.0033318712781
50,HEURISTIC.DILIGENT,888.0440872442111
50,HEURISTIC.DILIGENT,861.4742795253208
50,HEURISTIC.DILIGENT,886.8474807648822
50,HEURISTIC.DILIGENT,886.9924951538128
50,HEURISTIC.DILIGENT,887.4230051164334
50,HEURISTIC.DILIGENT,887.8157967648851
50,HEURISTIC.DILIGENT,887.9947939495737
50,HEURISTIC.DILIGENT,888.2839841211874
50,HEURISTIC.DILIGENT,888.1701301874792
50,HEURISTIC.DILIGENT,888.2282827653689
50,HEURISTIC.DILIGENT,861.3307293876337
50,HEURISTIC.DILIGENT,886.7551300373232
50,HEURISTIC.DILIGENT,886.9001444262537
50,HEURISTIC.DILIGENT,887.3306543888743
50,HEURISTIC.DILIGENT,887.9428292525147
50,HEURISTIC.DILIGENT,887.9024432220145
50,HEURISTIC.DILIGENT,888.4097497535274
50,HEURISTIC.DILIGENT,888.1359320378098
50,HEURISTIC.DILIGENT,888.2026433090632
50,HEURISTIC.DILIGENT,842.6761660267883
50,HEURISTIC.DILIGENT,883.3759194045308
50,HEURISTIC.DILIGENT,883.5198093716951
50,HEURISTIC.DILIGENT,883.749925583347
50,HEURISTIC.DILIGENT,884.0498961456491
50,HEURISTIC.DILIGENT,884.3651791842262
50,HEURISTIC.DILIGENT,884.539337598341
50,HEURISTIC.DILIGENT,884.5390542096918
50,HEURISTIC.DILIGENT,884.6075730480386
50,HEURISTIC.DILIGENT,863.0462784730876
50,HEURISTIC.DILIGENT,883.3039900737208
50,HEURISTIC.DILIGENT,883.5524068572514
50,HEURISTIC.DILIGENT,883.7825230689033
50,HEURISTIC.DILIGENT,883.977966814839
50,HEURISTIC.DILIGENT,884.3977766697824
50,HEURISTIC.DILIGENT,884.467408267531
50,HEURISTIC.DILIGENT,884.5716516952481
50,HEURISTIC.DILIGENT,884.640170533595
50,HEURISTIC.DILIGENT,864.2441849340511
50,HEURISTIC.DILIGENT,884.2319895787889
50,HEURISTIC.DILIGENT,884.3758795459532
50,HEURISTIC.DILIGENT,884.6059957576051
50,HEURISTIC.DILIGENT,884.9059663199072
50,HEURISTIC.DILIGENT,885.2212493584843
50,HEURISTIC.DILIGENT,885.3951243839499
50,HEURISTIC.DILIGENT,885.3954077725991
50,HEURISTIC.DILIGENT,885.4636432222967
50,HEURISTIC.DILIGENT,861.0467723347712
50,HEURISTIC.DILIGENT,880.7836997396055
50,HEURISTIC.DILIGENT,880.9287141285361
50,HEURISTIC.DILIGENT,881.3592240911566
50,HEURISTIC.DILIGENT,881.9659294028147
50,HEURISTIC.DILIGENT,881.9310129242969
50,HEURISTIC.DILIGENT,882.432860617577
50,HEURISTIC.DILIGENT,882.2257541731128
50,HEURISTIC.DILIGENT,882.1645017400921
50,HEURISTIC.DILIGENT,862.6362698058159
50,HEURISTIC.DILIGENT,883.677830753452
50,HEURISTIC.DILIGENT,884.0510647630861
50,HEURISTIC.DILIGENT,884.2811809747379
50,HEURISTIC.DILIGENT,884.3518074945703
50,HEURISTIC.DILIGENT,884.8885949454906
50,HEURISTIC.DILIGENT,884.8412489472622
50,HEURISTIC.DILIGENT,885.016701489901
50,HEURISTIC.DILIGENT,885.0697054469815
50,HEURISTIC.DILIGENT,861.0307705910236
50,HEURISTIC.DILIGENT,881.1940631646072
50,HEURISTIC.DILIGENT,881.2372037546754
50,HEURISTIC.DILIGENT,881.5613698840532
50,HEURISTIC.DILIGENT,882.1458275525405
50,HEURISTIC.DILIGENT,882.6097784919168
50,HEURISTIC.DILIGENT,883.0766989929297
50,HEURISTIC.DILIGENT,882.7520091950671
50,HEURISTIC.DILIGENT,882.8611488602444
50,HEURISTIC.DILIGENT,862.6279801525245
50,HEURISTIC.DILIGENT,885.2453073468937
50,HEURISTIC.DILIGENT,885.564933245346
50,HEURISTIC.DILIGENT,885.795049456998
50,HEURISTIC.DILIGENT,885.9192840880119
50,HEURISTIC.DILIGENT,886.4103030578771
50,HEURISTIC.DILIGENT,886.4087255407039
50,HEURISTIC.DILIGENT,886.5841780833427
50,HEURISTIC.DILIGENT,886.6371820404233
50,HEURISTIC.DILIGENT,861.0352991045891
50,HEURISTIC.DILIGENT,882.7945977496943
50,HEURISTIC.DILIGENT,882.8377383397624
50,HEURISTIC.DILIGENT,883.1619044691402
50,HEURISTIC.DILIGENT,883.7463621376276
50,HEURISTIC.DILIGENT,884.2736330065022
50,HEURISTIC.DILIGENT,884.740553507515
50,HEURISTIC.DILIGENT,884.358087876557
50,HEURISTIC.DILIGENT,884.5250033748298
50,HEURISTIC.DILIGENT,861.3388879983659
50,HEURISTIC.DILIGENT,883.7483943884583
50,HEURISTIC.DILIGENT,883.8934087773888
50,HEURISTIC.DILIGENT,884.3239187400095
50,HEURISTIC.DILIGENT,884.418950409387
50,HEURISTIC.DILIGENT,884.8957075731497
50,HEURISTIC.DILIGENT,885.1036811795207
50,HEURISTIC.DILIGENT,885.0512015632067
50,HEURISTIC.DILIGENT,885.1291963889449
50,HEURISTIC.DILIGENT,862.8549802875875
50,HEURISTIC.DILIGENT,886.720204032418
50,HEURISTIC.DILIGENT,886.8640939995822
50,HEURISTIC.DILIGENT,887.0942102112341
50,HEURISTIC.DILIGENT,887.3941807735362
50,HEURISTIC.DILIGENT,887.7094638121132
50,HEURISTIC.DILIGENT,887.8836222262282
50,HEURISTIC.DILIGENT,887.883338837579
50,HEURISTIC.DILIGENT,887.9518576759258
50,HEURISTIC.DILIGENT,863.0993164448985
50,HEURISTIC.DILIGENT,886.9766143699256
50,HEURISTIC.DILIGENT,887.1205043370899
50,HEURISTIC.DILIGENT,887.3506205487419
50,HEURISTIC.DILIGENT,887.6505911110439
50,HEURISTIC.DILIGENT,887.965874149621
50,HEURISTIC.DILIGENT,888.1397491750866
50,HEURISTIC.DILIGENT,888.1400325637359
50,HEURISTIC.DILIGENT,888.2082680134334
50,HEURISTIC.DILIGENT,861.2434698822849
50,HEURISTIC.DILIGENT,884.4985966430133
50,HEURISTIC.DILIGENT,884.6436110319439
50,HEURISTIC.DILIGENT,885.0741209945645
50,HEURISTIC.DILIGENT,885.2268514246106
50,HEURISTIC.DILIGENT,885.6459098277048
50,HEURISTIC.DILIGENT,885.8538834340759
50,HEURISTIC.DILIGENT,885.8014038177619
50,HEURISTIC.DILIGENT,885.8793986435
50,HEURISTIC.DILIGENT,864.4983352307099
50,HEURISTIC.DILIGENT,887.9848624968888
50,HEURISTIC.DILIGENT,888.1287524640532
50,HEURISTIC.DILIGENT,888.358868675705
50,HEURISTIC.DILIGENT,888.6588392380071
50,HEURISTIC.DILIGENT,888.9741222765842
50,HEURISTIC.DILIGENT,889.148280690699
50,HEURISTIC.DILIGENT,889.1479973020498
50,HEURISTIC.DILIGENT,889.2165161403967
50,HEURISTIC.DILIGENT,863.8803087804563
50,HEURISTIC.DILIGENT,887.587856844695
50,HEURISTIC.DILIGENT,887.7317468118592
50,HEURISTIC.DILIGENT,887.9618630235111
50,HEURISTIC.DILIGENT,888.2618335858133
50,HEURISTIC.DILIGENT,888.5771166243903
50,HEURISTIC.DILIGENT,888.7509916498559
50,HEURISTIC.DILIGENT,888.7512750385052
50,HEURISTIC.DILIGENT,888.8195104882028
50,HEURISTIC.DILIGENT,860.9960194070552
50,HEURISTIC.DILIGENT,884.4714665245192
50,HEURISTIC.DILIGENT,884.5146071145874
50,HEURISTIC.DILIGENT,884.8387732439652
50,HEURISTIC.DILIGENT,885.4232309124525
50,HEURISTIC.DILIGENT,885.9475504160009
50,HEURISTIC.DILIGENT,886.4144709170138
50,HEURISTIC.DILIGENT,886.0349566513819
50,HEURISTIC.DILIGENT,886.1989207843285
50,HEURISTIC.DILIGENT,860.9814551594721
50,HEURISTIC.DILIGENT,885.4258201882105
50,HEURISTIC.DILIGENT,885.570834577141
50,HEURISTIC.DILIGENT,886.0013445397617
50,HEURISTIC.DILIGENT,886.3941361882133
50,HEURISTIC.DILIGENT,886.5731333729018
50,HEURISTIC.DILIGENT,886.8623235445156
50,HEURISTIC.DILIGENT,886.7484696108074
50,HEURISTIC.DILIGENT,886.806622188697
50,HEURISTIC.DILIGENT,861.0266059761564
50,HEURISTIC.DILIGENT,885.5057984591224
50,HEURISTIC.DILIGENT,885.6508128480529
50,HEURISTIC.DILIGENT,886.0813228106736
50,HEURISTIC.DILIGENT,886.6675417759933
50,HEURISTIC.DILIGENT,886.6531116438136
50,HEURISTIC.DILIGENT,887.1344622770062
50,HEURISTIC.DILIGENT,886.8866004596089
50,HEURISTIC.DILIGENT,886.9273558325419
50,HEURISTIC.DILIGENT,861.0191206391252
50,HEURISTIC.DILIGENT,885.6383986256542
50,HEURISTIC.DILIGENT,885.7834130145848
50,HEURISTIC.DILIGENT,886.2139229772054
50,HEURISTIC.DILIGENT,886.8260978408457
50,HEURISTIC.DILIGENT,886.7857118103456
50,HEURISTIC.DILIGENT,887.2930183418584
50,HEURISTIC.DILIGENT,887.0192006261408
50,HEURISTIC.DILIGENT,887.0859118973942
50,HEURISTIC.DILIGENT,843.4211914247637
50,HEURISTIC.DILIGENT,884.2407668595592
50,HEURISTIC.DILIGENT,884.3846568267235
50,HEURISTIC.DILIGENT,884.6147730383753
50,HEURISTIC.DILIGENT,884.9147436006774
50,HEURISTIC.DILIGENT,885.2300266392544
50,HEURISTIC.DILIGENT,885.4041850533695
50,HEURISTIC.DILIGENT,885.4039016647203
50,HEURISTIC.DILIGENT,885.4724205030669
50,HEURISTIC.DILIGENT,861.4169408249514
50,HEURISTIC.DILIGENT,881.2843926058599
50,HEURISTIC.DILIGENT,881.4294069947905
50,HEURISTIC.DILIGENT,881.8599169574111
50,HEURISTIC.DILIGENT,882.4666222690691
50,HEURISTIC.DILIGENT,882.4317057905513
50,HEURISTIC.DILIGENT,882.9335534838315
50,HEURISTIC.DILIGENT,882.7264470393673
50,HEURISTIC.DILIGENT,882.6651946063465
50,HEURISTIC.DILIGENT,863.5985242576548
50,HEURISTIC.DILIGENT,884.1688375287492
50,HEURISTIC.DILIGENT,884.4172543122799
50,HEURISTIC.DILIGENT,884.6473705239317
50,HEURISTIC.DILIGENT,884.8428142698674
50,HEURISTIC.DILIGENT,885.2626241248108
50,HEURISTIC.DILIGENT,885.3322557225595
50,HEURISTIC.DILIGENT,885.4364991502765
50,HEURISTIC.DILIGENT,885.5050179886234
50,HEURISTIC.DILIGENT,864.7964307186182
50,HEURISTIC.DILIGENT,885.0968370338173
