no.blocks,heuristic,mb_cost_per_iteration
20,HEURISTIC.LAZY,175.21868859049025
20,HEURISTIC.LAZY,316.3193764061609
20,HEURISTIC.LAZY,317.4390913032002
20,HEURISTIC.LAZY,317.18915919739976
20,HEURISTIC.LAZY,317.46301439116894
20,HEURISTIC.LAZY,318.10585007822993
20,HEURISTIC.LAZY,318.37463745260567
20,HEURISTIC.LAZY,318.32713464551796
20,HEURISTIC.LAZY,318.7460472512259
20,HEURISTIC.LAZY,318.58733703862174
20,HEURISTIC.LAZY,318.9140894127998
20,HEURISTIC.LAZY,318.9148748203138
20,HEURISTIC.LAZY,301.76904539107215
20,HEURISTIC.LAZY,316.3300011679601
20,HEURISTIC.LAZY,317.44246280656176
20,HEURISTIC.LAZY,317.4190127961812
20,HEURISTIC.LAZY,317.208499041006
20,HEURISTIC.LAZY,318.1319623551972
20,HEURISTIC.LAZY,318.39745569246224
20,HEURISTIC.LAZY,318.270235340556
20,HEURISTIC.LAZY,318.53461234535627
20,HEURISTIC.LAZY,318.7522723663205
20,HEURISTIC.LAZY,318.9039976951832
20,HEURISTIC.LAZY,318.8879750206552
20,HEURISTIC.LAZY,302.26243805797503
20,HEURISTIC.LAZY,316.6407520424539
20,HEURISTIC.LAZY,317.7623187601163
20,HEURISTIC.LAZY,317.5082481409512
20,HEURISTIC.LAZY,317.79872621316713
20,HEURISTIC.LAZY,318.4230028538603
20,HEURISTIC.LAZY,318.69248957233117
20,HEURISTIC.LAZY,318.66592467310454
20,HEURISTIC.LAZY,319.06792291399154
20,HEURISTIC.LAZY,318.9248583443872
20,HEURISTIC.LAZY,319.24009207085646
20,HEURISTIC.LAZY,319.2452900120685
20,HEURISTIC.LAZY,301.6404351041304
20,HEURISTIC.LAZY,316.662412225062
20,HEURISTIC.LAZY,317.77266060449017
20,HEURISTIC.LAZY,317.7351265631812
20,HEURISTIC.LAZY,317.5434824671961
20,HEURISTIC.LAZY,318.46872624877915
20,HEURISTIC.LAZY,318.73304027157565
20,HEURISTIC.LAZY,318.58217172223806
20,HEURISTIC.LAZY,318.84760994829617
20,HEURISTIC.LAZY,319.0825661793308
20,HEURISTIC.LAZY,319.2292894317984
20,HEURISTIC.LAZY,319.2082898047664
20,HEURISTIC.LAZY,302.14641567179854
20,HEURISTIC.LAZY,316.9438027938258
20,HEURISTIC.LAZY,318.05626443242744
20,HEURISTIC.LAZY,318.0328144220469
20,HEURISTIC.LAZY,317.8223006668717
20,HEURISTIC.LAZY,318.74576398106285
20,HEURISTIC.LAZY,319.0112573183279
20,HEURISTIC.LAZY,318.88403696642166
20,HEURISTIC.LAZY,319.14841397122194
20,HEURISTIC.LAZY,319.36607399218616
20,HEURISTIC.LAZY,319.51779932104887
20,HEURISTIC.LAZY,319.50177664652085
20,HEURISTIC.LAZY,302.2776351308304
20,HEURISTIC.LAZY,317.7096370844339
20,HEURISTIC.LAZY,318.8198854638621
20,HEURISTIC.LAZY,318.782351422553
20,HEURISTIC.LAZY,318.590707326568
20,HEURISTIC.LAZY,319.515951108151
20,HEURISTIC.LAZY,319.78026513094744
20,HEURISTIC.LAZY,319.62939658160997
20,HEURISTIC.LAZY,319.894834807668
20,HEURISTIC.LAZY,320.1297910387026
20,HEURISTIC.LAZY,320.2765142911702
20,HEURISTIC.LAZY,320.25551466413833
20,HEURISTIC.LAZY,301.4300209770137
20,HEURISTIC.LAZY,318.50224552634313
20,HEURISTIC.LAZY,319.6096092894693
20,HEURISTIC.LAZY,319.5559355873172
20,HEURISTIC.LAZY,319.3866947289739
20,HEURISTIC.LAZY,320.31414574267046
20,HEURISTIC.LAZY,320.5767103658569
20,HEURISTIC.LAZY,320.39884379996806
20,HEURISTIC.LAZY,320.665189170447
20,HEURISTIC.LAZY,320.9191117802595
20,HEURISTIC.LAZY,321.0596672434628
20,HEURISTIC.LAZY,321.03307371934307
20,HEURISTIC.LAZY,302.4153452348566
20,HEURISTIC.LAZY,318.8996124217882
20,HEURISTIC.LAZY,320.0276730852687
20,HEURISTIC.LAZY,319.75893209786665
20,HEURISTIC.LAZY,320.10948942494474
20,HEURISTIC.LAZY,320.666364837819
20,HEURISTIC.LAZY,320.93785637956347
20,HEURISTIC.LAZY,320.9865517560985
20,HEURISTIC.LAZY,321.32656915230854
20,HEURISTIC.LAZY,321.24023510829716
20,HEURISTIC.LAZY,321.51294947650166
20,HEURISTIC.LAZY,321.5339381851485
20,HEURISTIC.LAZY,302.3733142972016
20,HEURISTIC.LAZY,319.01638434955555
20,HEURISTIC.LAZY,320.14401626861115
20,HEURISTIC.LAZY,319.87628445111346
20,HEURISTIC.LAZY,320.22329761364216
20,HEURISTIC.LAZY,320.78429116179956
20,HEURISTIC.LAZY,321.05565246565163
20,HEURISTIC.LAZY,321.09996050843637
20,HEURISTIC.LAZY,321.4434510664995
20,HEURISTIC.LAZY,321.3539021685198
20,HEURISTIC.LAZY,321.6289255425337
20,HEURISTIC.LAZY,321.64899076708963
20,HEURISTIC.LAZY,301.4503838927631
20,HEURISTIC.LAZY,319.13194577675813
20,HEURISTIC.LAZY,320.2406379948803
20,HEURISTIC.LAZY,320.1968767349806
20,HEURISTIC.LAZY,320.01496774698103
20,HEURISTIC.LAZY,320.94157530037063
20,HEURISTIC.LAZY,321.204848356099
20,HEURISTIC.LAZY,321.04342759542067
20,HEURISTIC.LAZY,321.30891896941466
20,HEURISTIC.LAZY,321.5504075079044
20,HEURISTIC.LAZY,321.694203108443
20,HEURISTIC.LAZY,321.6711074018493
20,HEURISTIC.LAZY,302.1110628715091
20,HEURISTIC.LAZY,320.6362971449398
20,HEURISTIC.LAZY,320.66906848671374
20,HEURISTIC.LAZY,320.29051507159284
20,HEURISTIC.LAZY,321.17625822014173
20,HEURISTIC.LAZY,320.9547717058
20,HEURISTIC.LAZY,321.0251156242832
20,HEURISTIC.LAZY,321.41016295284885
20,HEURISTIC.LAZY,321.7748429245659
20,HEURISTIC.LAZY,322.0635334091459
20,HEURISTIC.LAZY,322.01690877788656
20,HEURISTIC.LAZY,322.15933356407254
20,HEURISTIC.LAZY,301.9156730582366
20,HEURISTIC.LAZY,320.10726249864774
20,HEURISTIC.LAZY,321.228593864349
20,HEURISTIC.LAZY,320.97538967600565
20,HEURISTIC.LAZY,321.26936998234373
20,HEURISTIC.LAZY,321.89098624497956
20,HEURISTIC.LAZY,322.16014720656983
20,HEURISTIC.LAZY,322.138969161089
20,HEURISTIC.LAZY,322.53436295158286
20,HEURISTIC.LAZY,322.3967558135872
20,HEURISTIC.LAZY,322.70643865074703
20,HEURISTIC.LAZY,322.712772833049
20,HEURISTIC.LAZY,303.042794656384
20,HEURISTIC.LAZY,321.3053703156062
20,HEURISTIC.LAZY,321.34756657536434
20,HEURISTIC.LAZY,320.9330100031072
20,HEURISTIC.LAZY,321.5734943033525
20,HEURISTIC.LAZY,321.87102517895414
20,HEURISTIC.LAZY,321.6434223366351
20,HEURISTIC.LAZY,322.10499533305494
20,HEURISTIC.LAZY,322.39544794709656
20,HEURISTIC.LAZY,322.73919161914915
20,HEURISTIC.LAZY,322.6468120009443
20,HEURISTIC.LAZY,322.8233874319216
20,HEURISTIC.LAZY,301.72525411711376
20,HEURISTIC.LAZY,320.1794399171009
20,HEURISTIC.LAZY,321.29666529364545
20,HEURISTIC.LAZY,321.0526268269472
20,HEURISTIC.LAZY,321.31092651129563
20,HEURISTIC.LAZY,321.9723675593766
20,HEURISTIC.LAZY,322.2398298983064
20,HEURISTIC.LAZY,322.17445346161475
20,HEURISTIC.LAZY,322.4347995019807
20,HEURISTIC.LAZY,322.6050054184282
20,HEURISTIC.LAZY,322.76816030781214
20,HEURISTIC.LAZY,322.76524725997365
20,HEURISTIC.LAZY,303.2704566613327
20,HEURISTIC.LAZY,321.84820618928643
20,HEURISTIC.LAZY,321.8947375440586
20,HEURISTIC.LAZY,321.4641419694865
20,HEURISTIC.LAZY,322.09434352207063
20,HEURISTIC.LAZY,322.4256192146266
20,HEURISTIC.LAZY,322.1640334857434
20,HEURISTIC.LAZY,322.6594502338054
20,HEURISTIC.LAZY,322.91633541093717
20,HEURISTIC.LAZY,323.28395244231126
20,HEURISTIC.LAZY,323.1713664734441
20,HEURISTIC.LAZY,323.36272695399316
20,HEURISTIC.LAZY,300.86669579248326
20,HEURISTIC.LAZY,320.5859941542308
20,HEURISTIC.LAZY,320.62869745675727
20,HEURISTIC.LAZY,320.21633640548845
20,HEURISTIC.LAZY,320.8637992301475
20,HEURISTIC.LAZY,321.1549876366055
20,HEURISTIC.LAZY,320.93390790007027
20,HEURISTIC.LAZY,321.3888968959326
20,HEURISTIC.LAZY,321.68536393582224
20,HEURISTIC.LAZY,322.019973615858
20,HEURISTIC.LAZY,321.93373230459764
20,HEURISTIC.LAZY,322.10414911353155
20,HEURISTIC.LAZY,303.0629837870157
20,HEURISTIC.LAZY,322.115803038315
20,HEURISTIC.LAZY,322.54661847390815
20,HEURISTIC.LAZY,322.61054498678266
20,HEURISTIC.LAZY,322.70317999074734
20,HEURISTIC.LAZY,322.7715435845722
20,HEURISTIC.LAZY,323.168925813996
20,HEURISTIC.LAZY,323.4009754971028
20,HEURISTIC.LAZY,323.5211546789214
20,HEURISTIC.LAZY,323.9827967894719
20,HEURISTIC.LAZY,323.7895358825831
20,HEURISTIC.LAZY,324.0392334647578
20,HEURISTIC.LAZY,301.71953457734503
20,HEURISTIC.LAZY,322.45381057770356
20,HEURISTIC.LAZY,322.49651388023005
20,HEURISTIC.LAZY,322.08415282896124
20,HEURISTIC.LAZY,322.73161565362034
20,HEURISTIC.LAZY,323.02280406007833
20,HEURISTIC.LAZY,322.8017243235431
20,HEURISTIC.LAZY,323.2567133194053
20,HEURISTIC.LAZY,323.553180359295
20,HEURISTIC.LAZY,323.8877900393308
20,HEURISTIC.LAZY,323.80154872807043
20,HEURISTIC.LAZY,323.9719655370043
20,HEURISTIC.LAZY,303.92726790333256
20,HEURISTIC.LAZY,323.9022725319186
20,HEURISTIC.LAZY,324.33308796751174
20,HEURISTIC.LAZY,324.39701448038625
20,HEURISTIC.LAZY,324.48964948435093
20,HEURISTIC.LAZY,324.5580130781758
20,HEURISTIC.LAZY,324.9553953075996
20,HEURISTIC.LAZY,325.1874449907064
20,HEURISTIC.LAZY,325.307624172525
20,HEURISTIC.LAZY,325.76926628307547
20,HEURISTIC.LAZY,325.5760053761867
20,HEURISTIC.LAZY,325.8257029583614
20,HEURISTIC.LAZY,301.8185667521196
20,HEURISTIC.LAZY,323.2495800706299
20,HEURISTIC.LAZY,323.29879828282486
20,HEURISTIC.LAZY,322.8629180633743
20,HEURISTIC.LAZY,323.4964214349054
20,HEURISTIC.LAZY,323.83619975987165
20,HEURISTIC.LAZY,323.5662529518154
20,HEURISTIC.LAZY,324.06975153012354
20,HEURISTIC.LAZY,324.31844395778637
20,HEURISTIC.LAZY,324.6860724546075
20,HEURISTIC.LAZY,324.57173209339646
20,HEURISTIC.LAZY,324.76244891525573
20,HEURISTIC.LAZY,303.881452700724
20,HEURISTIC.LAZY,324.55235414360595
20,HEURISTIC.LAZY,324.99422131412734
20,HEURISTIC.LAZY,325.06238350678586
20,HEURISTIC.LAZY,325.12963348486966
20,HEURISTIC.LAZY,325.1976241536635
20,HEURISTIC.LAZY,325.62695100651933
20,HEURISTIC.LAZY,325.8582312297525
20,HEURISTIC.LAZY,325.9458481152502
20,HEURISTIC.LAZY,326.4286910286312
20,HEURISTIC.LAZY,326.21689281775207
20,HEURISTIC.LAZY,326.47969935218407
20,HEURISTIC.LAZY,303.47446298154546
20,HEURISTIC.LAZY,325.07455804028405
20,HEURISTIC.LAZY,325.5237400915495
20,HEURISTIC.LAZY,325.59502898003853
20,HEURISTIC.LAZY,325.64638268824785
20,HEURISTIC.LAZY,325.71419280239644
20,HEURISTIC.LAZY,326.1642438690661
20,HEURISTIC.LAZY,326.39480920991537
20,HEURISTIC.LAZY,326.4617139991276
20,HEURISTIC.LAZY,326.9565672422607
20,HEURISTIC.LAZY,326.73391986747805
20,HEURISTIC.LAZY,327.0039569872115
20,HEURISTIC.LAZY,302.5445804145426
20,HEURISTIC.LAZY,324.49934100691746
20,HEURISTIC.LAZY,324.9295908535728
20,HEURISTIC.LAZY,324.9946692813829
20,HEURISTIC.LAZY,325.09240150584054
20,HEURISTIC.LAZY,325.16106282178356
20,HEURISTIC.LAZY,325.5559720331804
20,HEURISTIC.LAZY,325.787605357791
20,HEURISTIC.LAZY,325.9116814872391
20,HEURISTIC.LAZY,326.36554646917256
20,HEURISTIC.LAZY,326.1777212014776
20,HEURISTIC.LAZY,326.42189528836127
20,HEURISTIC.LAZY,303.0290152224783
20,HEURISTIC.LAZY,325.02561966190365
20,HEURISTIC.LAZY,325.470846374516
20,HEURISTIC.LAZY,325.5410787619398
20,HEURISTIC.LAZY,325.6029156724612
20,HEURISTIC.LAZY,325.6709751408906
20,HEURISTIC.LAZY,326.1092025310596
20,HEURISTIC.LAZY,326.3399145037894
20,HEURISTIC.LAZY,326.4195177351993
20,HEURISTIC.LAZY,326.90439825211126
20,HEURISTIC.LAZY,326.69005991501854
20,HEURISTIC.LAZY,326.95367272227236
20,HEURISTIC.LAZY,292.42564663378994
20,HEURISTIC.LAZY,319.62194288863833
20,HEURISTIC.LAZY,320.109814670884
20,HEURISTIC.LAZY,319.6828755608219
20,HEURISTIC.LAZY,319.8205311989012
20,HEURISTIC.LAZY,319.8079985259303
20,HEURISTIC.LAZY,320.2786205584491
20,HEURISTIC.LAZY,320.3423977432891
20,HEURISTIC.LAZY,320.94112496829433
20,HEURISTIC.LAZY,320.9839000180481
20,HEURISTIC.LAZY,321.21170635203634
20,HEURISTIC.LAZY,305.1473404088382
20,HEURISTIC.LAZY,320.3273873465032
20,HEURISTIC.LAZY,320.11387787851186
20,HEURISTIC.LAZY,320.61042025249947
20,HEURISTIC.LAZY,320.23834502052864
20,HEURISTIC.LAZY,320.3020054402864
20,HEURISTIC.LAZY,320.6798394583968
20,HEURISTIC.LAZY,320.7449858598834
20,HEURISTIC.LAZY,321.4305224737993
20,HEURISTIC.LAZY,321.4007277033773
20,HEURISTIC.LAZY,321.6498755411316
20,HEURISTIC.LAZY,305.22925303384585
20,HEURISTIC.LAZY,320.368995257434
20,HEURISTIC.LAZY,320.1697503973041
20,HEURISTIC.LAZY,320.64957077089144
20,HEURISTIC.LAZY,320.29737639607805
20,HEURISTIC.LAZY,320.34302913122104
20,HEURISTIC.LAZY,320.7429115800511
20,HEURISTIC.LAZY,320.8077651061807
20,HEURISTIC.LAZY,321.47274587036827
20,HEURISTIC.LAZY,321.46041914928924
20,HEURISTIC.LAZY,321.7046072074773
20,HEURISTIC.LAZY,304.5986467316794
20,HEURISTIC.LAZY,319.83310621050464
20,HEURISTIC.LAZY,320.3126790284973
20,HEURISTIC.LAZY,319.8985297788661
20,HEURISTIC.LAZY,320.0386595667255
20,HEURISTIC.LAZY,320.0117413029818
20,HEURISTIC.LAZY,320.499778874053
20,HEURISTIC.LAZY,320.56325212261254
20,HEURISTIC.LAZY,321.1455977589941
20,HEURISTIC.LAZY,321.2016651211096
20,HEURISTIC.LAZY,321.4253084028644
20,HEURISTIC.LAZY,305.68393018390475
20,HEURISTIC.LAZY,321.58778058519533
20,HEURISTIC.LAZY,322.0756523674411
20,HEURISTIC.LAZY,321.6487132573789
20,HEURISTIC.LAZY,321.78636889545817
20,HEURISTIC.LAZY,321.7738362224873
20,HEURISTIC.LAZY,322.24445825500607
20,HEURISTIC.LAZY,322.30823543984616
20,HEURISTIC.LAZY,322.90696266485133
20,HEURISTIC.LAZY,322.949737714605
20,HEURISTIC.LAZY,323.1775440485934
20,HEURISTIC.LAZY,304.8731954155855
20,HEURISTIC.LAZY,321.5981594384699
20,HEURISTIC.LAZY,321.3241707862731
20,HEURISTIC.LAZY,321.89110047056414
20,HEURISTIC.LAZY,321.4350993195653
20,HEURISTIC.LAZY,321.8588187225314
20,HEURISTIC.LAZY,321.57270883892545
20,HEURISTIC.LAZY,321.92501021791924
20,HEURISTIC.LAZY,322.6955799801934
20,HEURISTIC.LAZY,322.59195992212904
20,HEURISTIC.LAZY,322.8611534130075
20,HEURISTIC.LAZY,304.87399862140825
20,HEURISTIC.LAZY,321.80559492096813
20,HEURISTIC.LAZY,321.5325444716944
20,HEURISTIC.LAZY,322.09843806208653
20,HEURISTIC.LAZY,321.64377014237203
20,HEURISTIC.LAZY,322.0679439426667
20,HEURISTIC.LAZY,321.7801690810694
20,HEURISTIC.LAZY,322.13411142734606
20,HEURISTIC.LAZY,322.9031116002975
20,HEURISTIC.LAZY,322.80081086408643
20,HEURISTIC.LAZY,323.06956842801924
20,HEURISTIC.LAZY,305.71829461293555
20,HEURISTIC.LAZY,322.29957716704496
20,HEURISTIC.LAZY,322.77914998503763
20,HEURISTIC.LAZY,322.3650007354064
20,HEURISTIC.LAZY,322.50513052326585
20,HEURISTIC.LAZY,322.47821225952214
20,HEURISTIC.LAZY,322.9662498305933
20,HEURISTIC.LAZY,323.02972307915286
20,HEURISTIC.LAZY,323.6120687155344
20,HEURISTIC.LAZY,323.66813607764993
20,HEURISTIC.LAZY,323.8917793594047
20,HEURISTIC.LAZY,304.91429072834103
20,HEURISTIC.LAZY,323.97600812399475
20,HEURISTIC.LAZY,323.7242268154891
20,HEURISTIC.LAZY,324.2661109424786
20,HEURISTIC.LAZY,323.8412844855662
20,HEURISTIC.LAZY,323.95103495431295
20,HEURISTIC.LAZY,324.2738364434306
20,HEURISTIC.LAZY,324.33953157507494
20,HEURISTIC.LAZY,325.07576650505075
20,HEURISTIC.LAZY,325.0012965188949
20,HEURISTIC.LAZY,325.2615370488454
20,HEURISTIC.LAZY,305.5953419606463
20,HEURISTIC.LAZY,324.3339717411291
20,HEURISTIC.LAZY,324.81666356112953
20,HEURISTIC.LAZY,324.3992403902047
20,HEURISTIC.LAZY,324.5396689978529
20,HEURISTIC.LAZY,324.5152059421505
20,HEURISTIC.LAZY,325.0014795753516
20,HEURISTIC.LAZY,325.0648648365142
20,HEURISTIC.LAZY,325.6486646208149
20,HEURISTIC.LAZY,325.7025983189341
20,HEURISTIC.LAZY,325.92597528357663
20,HEURISTIC.LAZY,304.97953928782636
20,HEURISTIC.LAZY,324.625851328522
20,HEURISTIC.LAZY,324.39672949095035
20,HEURISTIC.LAZY,324.9125383886136
20,HEURISTIC.LAZY,324.5192462199635
20,HEURISTIC.LAZY,324.6009244843523
20,HEURISTIC.LAZY,324.95909819882144
20,HEURISTIC.LAZY,325.02432562830404
20,HEURISTIC.LAZY,325.72762726920024
20,HEURISTIC.LAZY,325.68120663958973
20,HEURISTIC.LAZY,325.93333557748167
20,HEURISTIC.LAZY,305.4925341857992
20,HEURISTIC.LAZY,324.65343600724344
20,HEURISTIC.LAZY,325.14974783353955
20,HEURISTIC.LAZY,324.7122139563841
20,HEURISTIC.LAZY,324.8493096854793
20,HEURISTIC.LAZY,324.84659914465954
20,HEURISTIC.LAZY,325.30727085527394
20,HEURISTIC.LAZY,325.3710345470941
20,HEURISTIC.LAZY,325.9787576722429
20,HEURISTIC.LAZY,326.0127171579323
20,HEURISTIC.LAZY,326.2417651647178
20,HEURISTIC.LAZY,304.6111141147979
20,HEURISTIC.LAZY,322.91228270678414
20,HEURISTIC.LAZY,323.3185731622308
20,HEURISTIC.LAZY,323.1925166370995
20,HEURISTIC.LAZY,322.9606883608729
20,HEURISTIC.LAZY,323.47075770991563
20,HEURISTIC.LAZY,323.5599370117558
20,HEURISTIC.LAZY,324.2638598887586
20,HEURISTIC.LAZY,324.2926588227262
20,HEURISTIC.LAZY,323.836527348721
20,HEURISTIC.LAZY,324.5156345781729
20,HEURISTIC.LAZY,324.443541416503
20,HEURISTIC.LAZY,305.2793582746792
20,HEURISTIC.LAZY,323.4490287076723
20,HEURISTIC.LAZY,323.8914721590655
20,HEURISTIC.LAZY,323.77223992649596
20,HEURISTIC.LAZY,323.4836664598098
20,HEURISTIC.LAZY,324.0513330290489
20,HEURISTIC.LAZY,324.0526418115525
20,HEURISTIC.LAZY,324.83253709282667
20,HEURISTIC.LAZY,324.8580928199352
20,HEURISTIC.LAZY,324.3290345705144
20,HEURISTIC.LAZY,325.04464685385193
20,HEURISTIC.LAZY,324.95743159763424
20,HEURISTIC.LAZY,304.2536241640505
20,HEURISTIC.LAZY,323.1027673902827
20,HEURISTIC.LAZY,323.49366527915174
20,HEURISTIC.LAZY,323.36477172329796
20,HEURISTIC.LAZY,323.1570861431985
20,HEURISTIC.LAZY,323.6424489794959
20,HEURISTIC.LAZY,324.4399207443382
20,HEURISTIC.LAZY,323.769176268986
20,HEURISTIC.LAZY,324.47000169745445
20,HEURISTIC.LAZY,324.0455616798345
20,HEURISTIC.LAZY,324.7079519849615
20,HEURISTIC.LAZY,324.6424698568779
20,HEURISTIC.LAZY,305.5809144408869
20,HEURISTIC.LAZY,324.18226537943474
20,HEURISTIC.LAZY,324.64636423815296
20,HEURISTIC.LAZY,324.2085451482509
20,HEURISTIC.LAZY,324.53121685991414
20,HEURISTIC.LAZY,324.81041689909824
20,HEURISTIC.LAZY,324.7587481204778
20,HEURISTIC.LAZY,325.58345058069233
20,HEURISTIC.LAZY,325.6069365272984
20,HEURISTIC.LAZY,325.0346166750869
20,HEURISTIC.LAZY,325.7708674915684
20,HEURISTIC.LAZY,325.6747173337954
20,HEURISTIC.LAZY,304.09138831663637
20,HEURISTIC.LAZY,323.47726281257013
20,HEURISTIC.LAZY,323.86462152398667
20,HEURISTIC.LAZY,323.735193801445
20,HEURISTIC.LAZY,323.53316859860405
20,HEURISTIC.LAZY,324.0127584263018
20,HEURISTIC.LAZY,324.8110173276667
20,HEURISTIC.LAZY,324.1490003673441
20,HEURISTIC.LAZY,324.8413515632508
20,HEURISTIC.LAZY,324.42528342414596
20,HEURISTIC.LAZY,325.08277876493014
20,HEURISTIC.LAZY,325.0191047230153
20,HEURISTIC.LAZY,303.9618779414403
20,HEURISTIC.LAZY,324.689465620682
20,HEURISTIC.LAZY,325.0876574386147
20,HEURISTIC.LAZY,324.96074785629514
20,HEURISTIC.LAZY,324.74231640084975
20,HEURISTIC.LAZY,325.23885691147876
20,HEURISTIC.LAZY,326.03333664195475
20,HEURISTIC.LAZY,325.3532655742463
20,HEURISTIC.LAZY,326.0626328369602
20,HEURISTIC.LAZY,325.62964946172804
20,HEURISTIC.LAZY,326.2942129709109
20,HEURISTIC.LAZY,326.2273212729638
20,HEURISTIC.LAZY,304.0001230947938
20,HEURISTIC.LAZY,324.85347815449313
20,HEURISTIC.LAZY,325.25668400587745
20,HEURISTIC.LAZY,325.1307765361761
20,HEURISTIC.LAZY,324.9045813879769
20,HEURISTIC.LAZY,325.4090699511321
20,HEURISTIC.LAZY,326.201980777736
20,HEURISTIC.LAZY,325.51207049001243
20,HEURISTIC.LAZY,326.23083777689624
20,HEURISTIC.LAZY,325.7885247528892
20,HEURISTIC.LAZY,326.457695026259
20,HEURISTIC.LAZY,326.38891735896703
20,HEURISTIC.LAZY,303.7884963134435
20,HEURISTIC.LAZY,324.98838305731033
20,HEURISTIC.LAZY,325.475846788368
20,HEURISTIC.LAZY,325.0073676124324
20,HEURISTIC.LAZY,325.3657533380367
20,HEURISTIC.LAZY,325.64456763913245
20,HEURISTIC.LAZY,325.54535282242296
20,HEURISTIC.LAZY,326.4066359924042
20,HEURISTIC.LAZY,326.4276723089815
20,HEURISTIC.LAZY,325.82088084322277
20,HEURISTIC.LAZY,326.5695373639913
20,HEURISTIC.LAZY,326.46709161213766
20,HEURISTIC.LAZY,305.76128701198616
20,HEURISTIC.LAZY,326.4900256105027
20,HEURISTIC.LAZY,326.9954745418081
20,HEURISTIC.LAZY,326.5002225232364
20,HEURISTIC.LAZY,326.88810255201406
20,HEURISTIC.LAZY,327.1664540646569
20,HEURISTIC.LAZY,327.0143075577433
20,HEURISTIC.LAZY,327.92140203681674
20,HEURISTIC.LAZY,327.9406775517086
20,HEURISTIC.LAZY,327.28851184659277
20,HEURISTIC.LAZY,328.06042480529476
20,HEURISTIC.LAZY,327.9480114984715
20,HEURISTIC.LAZY,304.4341830971166
20,HEURISTIC.LAZY,326.5575901442466
20,HEURISTIC.LAZY,327.01295432299173
20,HEURISTIC.LAZY,326.58963782824105
20,HEURISTIC.LAZY,326.89713526736773
20,HEURISTIC.LAZY,327.1763406065087
20,HEURISTIC.LAZY,327.1576307577455
20,HEURISTIC.LAZY,327.95110537850894
20,HEURISTIC.LAZY,327.97521839569504
20,HEURISTIC.LAZY,327.43406884187846
20,HEURISTIC.LAZY,328.1511100988872
20,HEURISTIC.LAZY,328.0622713972573
20,HEURISTIC.LAZY,304.90520769448784
20,HEURISTIC.LAZY,327.19638857367045
20,HEURISTIC.LAZY,327.68385230472813
20,HEURISTIC.LAZY,327.2153731287925
20,HEURISTIC.LAZY,327.57375885439683
20,HEURISTIC.LAZY,327.85257315549256
20,HEURISTIC.LAZY,327.7533583387831
20,HEURISTIC.LAZY,328.6146415087643
20,HEURISTIC.LAZY,328.63567782534165
20,HEURISTIC.LAZY,328.0288863595829
20,HEURISTIC.LAZY,328.7775428803514
20,HEURISTIC.LAZY,328.6750971284978
20,HEURISTIC.LAZY,290.3515861836419
20,HEURISTIC.LAZY,318.1285324971501
20,HEURISTIC.LAZY,319.2482473941894
20,HEURISTIC.LAZY,318.99831528838894
20,HEURISTIC.LAZY,319.2721704821581
20,HEURISTIC.LAZY,319.9150061692191
20,HEURISTIC.LAZY,320.18379354359485
20,HEURISTIC.LAZY,320.13629073650714
20,HEURISTIC.LAZY,320.55520334221507
20,HEURISTIC.LAZY,320.3964931296109
20,HEURISTIC.LAZY,320.723245503789
20,HEURISTIC.LAZY,320.724030911303
20,HEURISTIC.LAZY,302.69229779097805
20,HEURISTIC.LAZY,318.1055861776016
20,HEURISTIC.LAZY,319.21804781620324
20,HEURISTIC.LAZY,319.1945978058227
20,HEURISTIC.LAZY,318.9840840506474
20,HEURISTIC.LAZY,319.90754736483865
20,HEURISTIC.LAZY,320.17304070210366
20,HEURISTIC.LAZY,320.04582035019746
20,HEURISTIC.LAZY,320.31019735499774
20,HEURISTIC.LAZY,320.52785737596196
20,HEURISTIC.LAZY,320.6795827048247
20,HEURISTIC.LAZY,320.66356003029665
20,HEURISTIC.LAZY,303.20367565812853
20,HEURISTIC.LAZY,318.45230745259073
20,HEURISTIC.LAZY,319.5738741702531
20,HEURISTIC.LAZY,319.31980355108794
20,HEURISTIC.LAZY,319.6102816233039
20,HEURISTIC.LAZY,320.2345582639971
20,HEURISTIC.LAZY,320.504044982468
20,HEURISTIC.LAZY,320.4774800832413
20,HEURISTIC.LAZY,320.87947832412834
20,HEURISTIC.LAZY,320.736413754524
20,HEURISTIC.LAZY,321.0516474809933
20,HEURISTIC.LAZY,321.05684542220536
20,HEURISTIC.LAZY,302.55489986164787
20,HEURISTIC.LAZY,318.42042194992666
20,HEURISTIC.LAZY,319.53067032935485
20,HEURISTIC.LAZY,319.4931362880459
20,HEURISTIC.LAZY,319.3014921920608
20,HEURISTIC.LAZY,320.2267359736438
20,HEURISTIC.LAZY,320.4910499964403
20,HEURISTIC.LAZY,320.34018144710274
20,HEURISTIC.LAZY,320.60561967316085
20,HEURISTIC.LAZY,320.8405759041955
20,HEURISTIC.LAZY,320.9872991566631
20,HEURISTIC.LAZY,320.9662995296311
20,HEURISTIC.LAZY,303.09037473248935
20,HEURISTIC.LAZY,318.76080112503723
20,HEURISTIC.LAZY,319.8732627636389
20,HEURISTIC.LAZY,319.84981275325833
20,HEURISTIC.LAZY,319.63929899808306
20,HEURISTIC.LAZY,320.5627623122743
20,HEURISTIC.LAZY,320.8282556495393
20,HEURISTIC.LAZY,320.7010352976331
20,HEURISTIC.LAZY,320.9654123024334
20,HEURISTIC.LAZY,321.1830723233976
20,HEURISTIC.LAZY,321.33479765226036
20,HEURISTIC.LAZY,321.3187749777323
20,HEURISTIC.LAZY,303.22113140306834
20,HEURISTIC.LAZY,319.52570983873954
20,HEURISTIC.LAZY,320.63595821816773
20,HEURISTIC.LAZY,320.59842417685866
20,HEURISTIC.LAZY,320.40678008087366
20,HEURISTIC.LAZY,321.33202386245665
20,HEURISTIC.LAZY,321.5963378852531
20,HEURISTIC.LAZY,321.4454693359156
20,HEURISTIC.LAZY,321.71090756197367
20,HEURISTIC.LAZY,321.94586379300824
20,HEURISTIC.LAZY,322.09258704547585
20,HEURISTIC.LAZY,322.071587418444
20,HEURISTIC.LAZY,302.3205855590476
20,HEURISTIC.LAZY,320.2124549002406
20,HEURISTIC.LAZY,321.3198186633666
20,HEURISTIC.LAZY,321.26614496121465
20,HEURISTIC.LAZY,321.09690410287124
20,HEURISTIC.LAZY,322.02435511656785
20,HEURISTIC.LAZY,322.28691973975424
20,HEURISTIC.LAZY,322.1090531738655
20,HEURISTIC.LAZY,322.3753985443443
20,HEURISTIC.LAZY,322.62932115415697
20,HEURISTIC.LAZY,322.7698766173602
20,HEURISTIC.LAZY,322.7432830932404
20,HEURISTIC.LAZY,303.35172112598264
20,HEURISTIC.LAZY,320.70144441387004
20,HEURISTIC.LAZY,321.82950507735063
20,HEURISTIC.LAZY,321.5607640899485
20,HEURISTIC.LAZY,321.9113214170266
20,HEURISTIC.LAZY,322.4681968299009
20,HEURISTIC.LAZY,322.73968837164534
20,HEURISTIC.LAZY,322.7883837481803
20,HEURISTIC.LAZY,323.1284011443904
20,HEURISTIC.LAZY,323.0420671003791
20,HEURISTIC.LAZY,323.31478146858353
20,HEURISTIC.LAZY,323.33577017723036
20,HEURISTIC.LAZY,303.30792938664206
20,HEURISTIC.LAZY,320.8146947382663
20,HEURISTIC.LAZY,321.9423266573219
20,HEURISTIC.LAZY,321.67459483982424
20,HEURISTIC.LAZY,322.02160800235293
20,HEURISTIC.LAZY,322.58260155051033
20,HEURISTIC.LAZY,322.8539628543624
20,HEURISTIC.LAZY,322.89827089714714
20,HEURISTIC.LAZY,323.2417614552103
20,HEURISTIC.LAZY,323.1522125572306
20,HEURISTIC.LAZY,323.42723593124447
20,HEURISTIC.LAZY,323.4473011558004
20,HEURISTIC.LAZY,302.3396247428465
20,HEURISTIC.LAZY,320.8395076867547
20,HEURISTIC.LAZY,321.9481999048769
20,HEURISTIC.LAZY,321.90443864497723
20,HEURISTIC.LAZY,321.72252965697766
20,HEURISTIC.LAZY,322.64913721036726
20,HEURISTIC.LAZY,322.91241026609566
20,HEURISTIC.LAZY,322.75098950541724
20,HEURISTIC.LAZY,323.01648087941135
20,HEURISTIC.LAZY,323.2579694179011
20,HEURISTIC.LAZY,323.4017650184396
20,HEURISTIC.LAZY,323.37866931184595
20,HEURISTIC.LAZY,302.82817034625356
20,HEURISTIC.LAZY,321.8613372845115
20,HEURISTIC.LAZY,322.9826686502127
20,HEURISTIC.LAZY,322.7294644618693
20,HEURISTIC.LAZY,323.02344476820747
20,HEURISTIC.LAZY,323.6450610308432
20,HEURISTIC.LAZY,323.91422199243345
20,HEURISTIC.LAZY,323.8930439469527
20,HEURISTIC.LAZY,324.28843773744654
20,HEURISTIC.LAZY,324.15083059945096
20,HEURISTIC.LAZY,324.4605134366107
20,HEURISTIC.LAZY,324.46684761891265
20,HEURISTIC.LAZY,303.05811748496046
20,HEURISTIC.LAZY,322.4594865816722
20,HEURISTIC.LAZY,322.4922579234461
20,HEURISTIC.LAZY,322.1137045083252
20,HEURISTIC.LAZY,322.99944765687417
20,HEURISTIC.LAZY,322.7779611425324
20,HEURISTIC.LAZY,322.8483050610157
20,HEURISTIC.LAZY,323.23335238958134
20,HEURISTIC.LAZY,323.59803236129835
20,HEURISTIC.LAZY,323.88672284587835
20,HEURISTIC.LAZY,323.84009821461893
20,HEURISTIC.LAZY,323.9825230008049
20,HEURISTIC.LAZY,302.627783850161
20,HEURISTIC.LAZY,321.91357959302536
20,HEURISTIC.LAZY,323.0308049695699
20,HEURISTIC.LAZY,322.7867665028716
20,HEURISTIC.LAZY,323.0450661872201
20,HEURISTIC.LAZY,323.70650723530105
20,HEURISTIC.LAZY,323.97396957423086
20,HEURISTIC.LAZY,323.9085931375392
20,HEURISTIC.LAZY,324.16893917790514
20,HEURISTIC.LAZY,324.33914509435266
20,HEURISTIC.LAZY,324.5022999837366
20,HEURISTIC.LAZY,324.4993869358981
20,HEURISTIC.LAZY,303.997803029166
20,HEURISTIC.LAZY,323.1444672709998
20,HEURISTIC.LAZY,323.186663530758
20,HEURISTIC.LAZY,322.77210695850084
20,HEURISTIC.LAZY,323.41259125874615
20,HEURISTIC.LAZY,323.7101221343478
20,HEURISTIC.LAZY,323.48251929202877
20,HEURISTIC.LAZY,323.9440922884486
20,HEURISTIC.LAZY,324.2345449024902
20,HEURISTIC.LAZY,324.5782885745428
20,HEURISTIC.LAZY,324.48590895633794
20,HEURISTIC.LAZY,324.66248438731526
20,HEURISTIC.LAZY,304.2257691235007
20,HEURISTIC.LAZY,323.6879113234522
20,HEURISTIC.LAZY,323.73444267822447
20,HEURISTIC.LAZY,323.3038471036524
20,HEURISTIC.LAZY,323.9340486562365
20,HEURISTIC.LAZY,324.26532434879243
20,HEURISTIC.LAZY,324.00373861990926
20,HEURISTIC.LAZY,324.4991553679712
20,HEURISTIC.LAZY,324.756040545103
20,HEURISTIC.LAZY,325.12365757647717
20,HEURISTIC.LAZY,325.01107160761
20,HEURISTIC.LAZY,325.20243208815896
20,HEURISTIC.LAZY,301.8230244495551
20,HEURISTIC.LAZY,322.4277316782043
20,HEURISTIC.LAZY,322.4704349807308
20,HEURISTIC.LAZY,322.05807392946195
20,HEURISTIC.LAZY,322.705536754121
20,HEURISTIC.LAZY,322.996725160579
20,HEURISTIC.LAZY,322.7756454240438
20,HEURISTIC.LAZY,323.2306344199061
20,HEURISTIC.LAZY,323.52710145979574
20,HEURISTIC.LAZY,323.8617111398315
20,HEURISTIC.LAZY,323.77546982857115
20,HEURISTIC.LAZY,323.94588663750505
20,HEURISTIC.LAZY,304.01915242837185
20,HEURISTIC.LAZY,323.95722053085706
20,HEURISTIC.LAZY,324.3880359664503
20,HEURISTIC.LAZY,324.4519624793248
20,HEURISTIC.LAZY,324.54459748328946
20,HEURISTIC.LAZY,324.6129610771144
20,HEURISTIC.LAZY,325.0103433065381
20,HEURISTIC.LAZY,325.24239298964494
20,HEURISTIC.LAZY,325.3625721714635
20,HEURISTIC.LAZY,325.82421428201405
20,HEURISTIC.LAZY,325.6309533751252
20,HEURISTIC.LAZY,325.88065095729985
20,HEURISTIC.LAZY,302.6515885439252
20,HEURISTIC.LAZY,324.24699872069357
20,HEURISTIC.LAZY,324.28970202322006
20,HEURISTIC.LAZY,323.87734097195124
20,HEURISTIC.LAZY,324.5248037966103
20,HEURISTIC.LAZY,324.8159922030683
20,HEURISTIC.LAZY,324.59491246653306
20,HEURISTIC.LAZY,325.0499014623954
20,HEURISTIC.LAZY,325.34636850228503
20,HEURISTIC.LAZY,325.6809781823208
20,HEURISTIC.LAZY,325.59473687106043
20,HEURISTIC.LAZY,325.76515367999434
20,HEURISTIC.LAZY,304.8801765358267
20,HEURISTIC.LAZY,325.7371700067366
20,HEURISTIC.LAZY,326.16798544232984
20,HEURISTIC.LAZY,326.23191195520434
20,HEURISTIC.LAZY,326.324546959169
20,HEURISTIC.LAZY,326.39291055299395
20,HEURISTIC.LAZY,326.7902927824177
20,HEURISTIC.LAZY,327.0223424655245
20,HEURISTIC.LAZY,327.1425216473431
20,HEURISTIC.LAZY,327.6041637578936
20,HEURISTIC.LAZY,327.4109028510048
20,HEURISTIC.LAZY,327.6606004331794
20,HEURISTIC.LAZY,302.74789279379695
20,HEURISTIC.LAZY,325.0373123638144
20,HEURISTIC.LAZY,325.08653057600935
20,HEURISTIC.LAZY,324.6506503565588
20,HEURISTIC.LAZY,325.2841537280899
20,HEURISTIC.LAZY,325.62393205305614
20,HEURISTIC.LAZY,325.3539852449999
20,HEURISTIC.LAZY,325.85748382330803
20,HEURISTIC.LAZY,326.10617625097086
20,HEURISTIC.LAZY,326.473804747792
20,HEURISTIC.LAZY,326.35946438658095
20,HEURISTIC.LAZY,326.5501812084402
20,HEURISTIC.LAZY,304.8313300918145
20,HEURISTIC.LAZY,326.38118913561664
20,HEURISTIC.LAZY,326.823056306138
20,HEURISTIC.LAZY,326.89121849879655
20,HEURISTIC.LAZY,326.95846847688034
20,HEURISTIC.LAZY,327.0264591456742
20,HEURISTIC.LAZY,327.45578599853
20,HEURISTIC.LAZY,327.6870662217632
20,HEURISTIC.LAZY,327.7746831072609
20,HEURISTIC.LAZY,328.2575260206419
20,HEURISTIC.LAZY,328.04572780976275
20,HEURISTIC.LAZY,328.30853434419475
20,HEURISTIC.LAZY,304.4171121058546
20,HEURISTIC.LAZY,326.88893649873205
20,HEURISTIC.LAZY,327.3381185499975
20,HEURISTIC.LAZY,327.40940743848654
20,HEURISTIC.LAZY,327.46076114669586
20,HEURISTIC.LAZY,327.52857126084444
20,HEURISTIC.LAZY,327.97862232751413
20,HEURISTIC.LAZY,328.20918766836337
20,HEURISTIC.LAZY,328.2760924575756
20,HEURISTIC.LAZY,328.7709457007087
20,HEURISTIC.LAZY,328.54829832592605
20,HEURISTIC.LAZY,328.8183354456595
20,HEURISTIC.LAZY,303.47670199103993
20,HEURISTIC.LAZY,326.29266436974183
20,HEURISTIC.LAZY,326.72291421639716
20,HEURISTIC.LAZY,326.7879926442073
20,HEURISTIC.LAZY,326.8857248686649
20,HEURISTIC.LAZY,326.9543861846079
20,HEURISTIC.LAZY,327.3492953960048
20,HEURISTIC.LAZY,327.58092872061536
20,HEURISTIC.LAZY,327.70500485006346
20,HEURISTIC.LAZY,328.1588698319969
20,HEURISTIC.LAZY,327.97104456430196
20,HEURISTIC.LAZY,328.21521865118564
20,HEURISTIC.LAZY,303.9657220487103
20,HEURISTIC.LAZY,326.8281135241973
20,HEURISTIC.LAZY,327.2733402368097
20,HEURISTIC.LAZY,327.3435726242335
20,HEURISTIC.LAZY,327.4054095347549
20,HEURISTIC.LAZY,327.4734690031843
20,HEURISTIC.LAZY,327.9116963933534
20,HEURISTIC.LAZY,328.14240836608315
20,HEURISTIC.LAZY,328.222011597493
20,HEURISTIC.LAZY,328.706892114405
20,HEURISTIC.LAZY,328.49255377731225
20,HEURISTIC.LAZY,328.756166584566
20,HEURISTIC.LAZY,291.67246764924084
20,HEURISTIC.LAZY,319.3474072188038
20,HEURISTIC.LAZY,320.4671221158431
20,HEURISTIC.LAZY,320.21719001004266
20,HEURISTIC.LAZY,320.49104520381184
20,HEURISTIC.LAZY,321.13388089087283
20,HEURISTIC.LAZY,321.40266826524856
20,HEURISTIC.LAZY,321.35516545816085
20,HEURISTIC.LAZY,321.7740780638688
20,HEURISTIC.LAZY,321.61536785126464
20,HEURISTIC.LAZY,321.9421202254427
20,HEURISTIC.LAZY,321.9429056329567
20,HEURISTIC.LAZY,303.3870456333065
20,HEURISTIC.LAZY,319.40027892076745
20,HEURISTIC.LAZY,320.5127405593691
20,HEURISTIC.LAZY,320.48929054898855
20,HEURISTIC.LAZY,320.27877679381334
20,HEURISTIC.LAZY,321.2022401080045
20,HEURISTIC.LAZY,321.4677334452696
20,HEURISTIC.LAZY,321.3405130933633
20,HEURISTIC.LAZY,321.6048900981636
20,HEURISTIC.LAZY,321.8225501191278
20,HEURISTIC.LAZY,321.9742754479905
20,HEURISTIC.LAZY,321.9582527734625
20,HEURISTIC.LAZY,303.85707342786986
20,HEURISTIC.LAZY,319.6643000505823
20,HEURISTIC.LAZY,320.78586676824466
20,HEURISTIC.LAZY,320.5317961490796
20,HEURISTIC.LAZY,320.8222742212955
20,HEURISTIC.LAZY,321.44655086198867
20,HEURISTIC.LAZY,321.71603758045956
20,HEURISTIC.LAZY,321.6894726812329
20,HEURISTIC.LAZY,322.0914709221199
20,HEURISTIC.LAZY,321.9484063525156
20,HEURISTIC.LAZY,322.26364007898485
20,HEURISTIC.LAZY,322.2688380201969
20,HEURISTIC.LAZY,303.26573056005884
20,HEURISTIC.LAZY,319.7472804052576
20,HEURISTIC.LAZY,320.85752878468577
20,HEURISTIC.LAZY,320.8199947433767
20,HEURISTIC.LAZY,320.6283506473917
20,HEURISTIC.LAZY,321.5535944289747
20,HEURISTIC.LAZY,321.81790845177113
20,HEURISTIC.LAZY,321.66703990243366
20,HEURISTIC.LAZY,321.9324781284917
20,HEURISTIC.LAZY,322.1674343595263
20,HEURISTIC.LAZY,322.3141576119939
20,HEURISTIC.LAZY,322.293157984962
20,HEURISTIC.LAZY,303.7359971137859
20,HEURISTIC.LAZY,319.9572429461392
20,HEURISTIC.LAZY,321.06970458474086
20,HEURISTIC.LAZY,321.0462545743603
20,HEURISTIC.LAZY,320.83574081918505
20,HEURISTIC.LAZY,321.7592041333763
20,HEURISTIC.LAZY,322.0246974706413
20,HEURISTIC.LAZY,321.8974771187351
20,HEURISTIC.LAZY,322.16185412353536
20,HEURISTIC.LAZY,322.3795141444996
20,HEURISTIC.LAZY,322.53123947336235
20,HEURISTIC.LAZY,322.5152167988343
20,HEURISTIC.LAZY,303.86760231090614
20,HEURISTIC.LAZY,320.723848712924
20,HEURISTIC.LAZY,321.8340970923522
20,HEURISTIC.LAZY,321.7965630510432
20,HEURISTIC.LAZY,321.6049189550581
20,HEURISTIC.LAZY,322.53016273664116
20,HEURISTIC.LAZY,322.79447675943766
20,HEURISTIC.LAZY,322.64360821010007
20,HEURISTIC.LAZY,322.9090464361582
20,HEURISTIC.LAZY,323.1440026671928
20,HEURISTIC.LAZY,323.2907259196604
20,HEURISTIC.LAZY,323.26972629262843
20,HEURISTIC.LAZY,303.0675341951785
20,HEURISTIC.LAZY,321.6115492310114
20,HEURISTIC.LAZY,322.71891299413744
20,HEURISTIC.LAZY,322.6652392919855
20,HEURISTIC.LAZY,322.49599843364206
20,HEURISTIC.LAZY,323.42344944733867
20,HEURISTIC.LAZY,323.68601407052506
20,HEURISTIC.LAZY,323.5081475046363
20,HEURISTIC.LAZY,323.77449287511513
20,HEURISTIC.LAZY,324.0284154849278
20,HEURISTIC.LAZY,324.168970948131
20,HEURISTIC.LAZY,324.1423774240112
20,HEURISTIC.LAZY,304.0162777432546
20,HEURISTIC.LAZY,321.9357547069229
20,HEURISTIC.LAZY,323.0638153704035
20,HEURISTIC.LAZY,322.7950743830014
20,HEURISTIC.LAZY,323.1456317100795
20,HEURISTIC.LAZY,323.70250712295376
20,HEURISTIC.LAZY,323.97399866469823
20,HEURISTIC.LAZY,324.0226940412332
20,HEURISTIC.LAZY,324.3627114374433
20,HEURISTIC.LAZY,324.27637739343197
20,HEURISTIC.LAZY,324.5490917616364
20,HEURISTIC.LAZY,324.57008047028324
20,HEURISTIC.LAZY,303.97669643562836
20,HEURISTIC.LAZY,322.05742589474767
20,HEURISTIC.LAZY,323.1850578138033
20,HEURISTIC.LAZY,322.91732599630564
20,HEURISTIC.LAZY,323.26433915883433
20,HEURISTIC.LAZY,323.82533270699173
20,HEURISTIC.LAZY,324.0966940108438
20,HEURISTIC.LAZY,324.14100205362854
20,HEURISTIC.LAZY,324.4844926116916
20,HEURISTIC.LAZY,324.394943713712
20,HEURISTIC.LAZY,324.6699670877258
20,HEURISTIC.LAZY,324.6900323122818
20,HEURISTIC.LAZY,303.08823764473715
20,HEURISTIC.LAZY,322.2419305490448
20,HEURISTIC.LAZY,323.350622767167
20,HEURISTIC.LAZY,323.30686150726734
20,HEURISTIC.LAZY,323.12495251926777
20,HEURISTIC.LAZY,324.05156007265737
20,HEURISTIC.LAZY,324.31483312838577
20,HEURISTIC.LAZY,324.15341236770735
20,HEURISTIC.LAZY,324.41890374170146
20,HEURISTIC.LAZY,324.6603922801912
20,HEURISTIC.LAZY,324.8041878807297
20,HEURISTIC.LAZY,324.78109217413606
20,HEURISTIC.LAZY,303.69065112972135
20,HEURISTIC.LAZY,323.62975092970305
20,HEURISTIC.LAZY,323.662522271477
20,HEURISTIC.LAZY,323.28396885635607
20,HEURISTIC.LAZY,324.16971200490497
20,HEURISTIC.LAZY,323.94822549056323
20,HEURISTIC.LAZY,324.01856940904645
20,HEURISTIC.LAZY,324.4036167376121
20,HEURISTIC.LAZY,324.76829670932915
20,HEURISTIC.LAZY,325.05698719390915
20,HEURISTIC.LAZY,325.0103625626498
20,HEURISTIC.LAZY,325.1527873488358
20,HEURISTIC.LAZY,304.6012819710685
20,HEURISTIC.LAZY,324.25662221331385
20,HEURISTIC.LAZY,324.29881847307206
20,HEURISTIC.LAZY,323.88426190081486
20,HEURISTIC.LAZY,324.5247462010601
20,HEURISTIC.LAZY,324.82227707666175
20,HEURISTIC.LAZY,324.5946742343428
20,HEURISTIC.LAZY,325.0562472307626
20,HEURISTIC.LAZY,325.3466998448042
20,HEURISTIC.LAZY,325.6904435168568
20,HEURISTIC.LAZY,325.59806389865196
20,HEURISTIC.LAZY,325.7746393296293
20,HEURISTIC.LAZY,303.54112110592365
20,HEURISTIC.LAZY,323.1924358623605
20,HEURISTIC.LAZY,324.3137672280618
20,HEURISTIC.LAZY,324.06056303971843
20,HEURISTIC.LAZY,324.3545433460565
20,HEURISTIC.LAZY,324.97615960869234
20,HEURISTIC.LAZY,325.2453205702826
20,HEURISTIC.LAZY,325.2241425248018
20,HEURISTIC.LAZY,325.61953631529565
20,HEURISTIC.LAZY,325.4819291773
20,HEURISTIC.LAZY,325.7916120144598
20,HEURISTIC.LAZY,325.79794619676176
20,HEURISTIC.LAZY,303.35699775888133
20,HEURISTIC.LAZY,323.2772044689749
20,HEURISTIC.LAZY,324.3944298455194
20,HEURISTIC.LAZY,324.15039137882115
20,HEURISTIC.LAZY,324.4086910631696
20,HEURISTIC.SIMPLE_COLLISION,201.79913857626065
20,HEURISTIC.SIMPLE_COLLISION,363.04253462389715
20,HEURISTIC.SIMPLE_COLLISION,363.67997415045403
20,HEURISTIC.SIMPLE_COLLISION,363.11038731658056
20,HEURISTIC.SIMPLE_COLLISION,363.6621626607222
20,HEURISTIC.SIMPLE_COLLISION,363.7172056307088
20,HEURISTIC.SIMPLE_COLLISION,363.21195992717537
20,HEURISTIC.SIMPLE_COLLISION,364.6030888357548
20,HEURISTIC.SIMPLE_COLLISION,363.3801128981629
20,HEURISTIC.SIMPLE_COLLISION,364.78050874382564
20,HEURISTIC.SIMPLE_COLLISION,364.42916589344975
20,HEURISTIC.SIMPLE_COLLISION,342.4301614785271
20,HEURISTIC.SIMPLE_COLLISION,362.1742280685448
20,HEURISTIC.SIMPLE_COLLISION,362.4818356135437
20,HEURISTIC.SIMPLE_COLLISION,361.9836989484286
20,HEURISTIC.SIMPLE_COLLISION,362.59051726255683
20,HEURISTIC.SIMPLE_COLLISION,362.08527155902345
20,HEURISTIC.SIMPLE_COLLISION,362.53547429257014
20,HEURISTIC.SIMPLE_COLLISION,362.2262247584457
20,HEURISTIC.SIMPLE_COLLISION,363.30247752529783
20,HEURISTIC.SIMPLE_COLLISION,363.47640046760284
20,HEURISTIC.SIMPLE_COLLISION,363.6538203756737
20,HEURISTIC.SIMPLE_COLLISION,345.40047887054743
20,HEURISTIC.SIMPLE_COLLISION,364.47546091345
20,HEURISTIC.SIMPLE_COLLISION,365.04145027124844
20,HEURISTIC.SIMPLE_COLLISION,365.09508895027494
20,HEURISTIC.SIMPLE_COLLISION,365.15013192026163
20,HEURISTIC.SIMPLE_COLLISION,364.5433136061334
20,HEURISTIC.SIMPLE_COLLISION,364.6448862167282
20,HEURISTIC.SIMPLE_COLLISION,364.7858394161505
20,HEURISTIC.SIMPLE_COLLISION,366.03601512530764
20,HEURISTIC.SIMPLE_COLLISION,365.8620921830026
20,HEURISTIC.SIMPLE_COLLISION,366.21343503337846
20,HEURISTIC.SIMPLE_COLLISION,345.0472250868743
20,HEURISTIC.SIMPLE_COLLISION,365.24196428159075
20,HEURISTIC.SIMPLE_COLLISION,364.6759749237923
20,HEURISTIC.SIMPLE_COLLISION,364.7438276164757
20,HEURISTIC.SIMPLE_COLLISION,364.8454002270705
20,HEURISTIC.SIMPLE_COLLISION,365.2956029606173
20,HEURISTIC.SIMPLE_COLLISION,365.35064593060395
20,HEURISTIC.SIMPLE_COLLISION,364.9863534264928
20,HEURISTIC.SIMPLE_COLLISION,366.23652913565
20,HEURISTIC.SIMPLE_COLLISION,366.0626061933449
20,HEURISTIC.SIMPLE_COLLISION,366.4139490437208
20,HEURISTIC.SIMPLE_COLLISION,344.77116715088334
20,HEURISTIC.SIMPLE_COLLISION,365.46122317251945
20,HEURISTIC.SIMPLE_COLLISION,366.349110322806
20,HEURISTIC.SIMPLE_COLLISION,365.9282923710937
20,HEURISTIC.SIMPLE_COLLISION,365.9833353410803
20,HEURISTIC.SIMPLE_COLLISION,365.5290758652029
20,HEURISTIC.SIMPLE_COLLISION,365.4780896375469
20,HEURISTIC.SIMPLE_COLLISION,365.79880144678526
20,HEURISTIC.SIMPLE_COLLISION,367.0217773843772
20,HEURISTIC.SIMPLE_COLLISION,367.04663845419714
20,HEURISTIC.SIMPLE_COLLISION,366.69529560382125
20,HEURISTIC.SIMPLE_COLLISION,344.75250835510366
20,HEURISTIC.SIMPLE_COLLISION,365.82141824120396
20,HEURISTIC.SIMPLE_COLLISION,366.1290257862029
20,HEURISTIC.SIMPLE_COLLISION,365.63088912108776
20,HEURISTIC.SIMPLE_COLLISION,366.237707435216
20,HEURISTIC.SIMPLE_COLLISION,365.73246173168263
20,HEURISTIC.SIMPLE_COLLISION,366.1826644652293
20,HEURISTIC.SIMPLE_COLLISION,365.8734149311049
20,HEURISTIC.SIMPLE_COLLISION,366.949667697957
20,HEURISTIC.SIMPLE_COLLISION,367.123590640262
20,HEURISTIC.SIMPLE_COLLISION,367.3010105483329
20,HEURISTIC.SIMPLE_COLLISION,345.7161172271453
20,HEURISTIC.SIMPLE_COLLISION,367.89186660007203
20,HEURISTIC.SIMPLE_COLLISION,368.77975375035857
20,HEURISTIC.SIMPLE_COLLISION,368.35893579864626
20,HEURISTIC.SIMPLE_COLLISION,368.4139787686329
20,HEURISTIC.SIMPLE_COLLISION,367.9597192927555
20,HEURISTIC.SIMPLE_COLLISION,367.90873306509945
20,HEURISTIC.SIMPLE_COLLISION,368.22944487433784
20,HEURISTIC.SIMPLE_COLLISION,369.45242081192976
20,HEURISTIC.SIMPLE_COLLISION,369.4772818817497
20,HEURISTIC.SIMPLE_COLLISION,369.12593903137383
20,HEURISTIC.SIMPLE_COLLISION,345.7738738960967
20,HEURISTIC.SIMPLE_COLLISION,369.33486836127975
20,HEURISTIC.SIMPLE_COLLISION,368.4469812109933
20,HEURISTIC.SIMPLE_COLLISION,368.7805950938549
20,HEURISTIC.SIMPLE_COLLISION,368.83563806384154
20,HEURISTIC.SIMPLE_COLLISION,368.5148339036766
20,HEURISTIC.SIMPLE_COLLISION,368.44067058298333
20,HEURISTIC.SIMPLE_COLLISION,370.0075354228509
20,HEURISTIC.SIMPLE_COLLISION,368.784559485259
20,HEURISTIC.SIMPLE_COLLISION,369.89894117695843
20,HEURISTIC.SIMPLE_COLLISION,369.54759832658254
20,HEURISTIC.SIMPLE_COLLISION,344.78164405618577
20,HEURISTIC.SIMPLE_COLLISION,367.99859259553705
20,HEURISTIC.SIMPLE_COLLISION,368.3062001405359
20,HEURISTIC.SIMPLE_COLLISION,367.80806347542085
20,HEURISTIC.SIMPLE_COLLISION,367.90963608601567
20,HEURISTIC.SIMPLE_COLLISION,368.35983881956247
20,HEURISTIC.SIMPLE_COLLISION,368.4148817895491
20,HEURISTIC.SIMPLE_COLLISION,368.050589285438
20,HEURISTIC.SIMPLE_COLLISION,369.30076499459517
20,HEURISTIC.SIMPLE_COLLISION,369.12684205229004
20,HEURISTIC.SIMPLE_COLLISION,369.47818490266593
20,HEURISTIC.SIMPLE_COLLISION,349.67411719911115
20,HEURISTIC.SIMPLE_COLLISION,370.6485388787201
20,HEURISTIC.SIMPLE_COLLISION,370.8466210741055
20,HEURISTIC.SIMPLE_COLLISION,369.6029514167699
20,HEURISTIC.SIMPLE_COLLISION,371.7031476734011
20,HEURISTIC.SIMPLE_COLLISION,370.4411893117866
20,HEURISTIC.SIMPLE_COLLISION,371.1132510013905
20,HEURISTIC.SIMPLE_COLLISION,371.95462098818695
20,HEURISTIC.SIMPLE_COLLISION,371.43637416717
20,HEURISTIC.SIMPLE_COLLISION,349.89626472409475
20,HEURISTIC.SIMPLE_COLLISION,371.22764140919355
20,HEURISTIC.SIMPLE_COLLISION,371.42572360457893
20,HEURISTIC.SIMPLE_COLLISION,370.1820539472433
20,HEURISTIC.SIMPLE_COLLISION,372.28225020387447
20,HEURISTIC.SIMPLE_COLLISION,371.0202918422601
20,HEURISTIC.SIMPLE_COLLISION,372.44082126715546
20,HEURISTIC.SIMPLE_COLLISION,371.692353531864
20,HEURISTIC.SIMPLE_COLLISION,372.5337235186604
20,HEURISTIC.SIMPLE_COLLISION,372.0154766976434
20,HEURISTIC.SIMPLE_COLLISION,344.72656529454173
20,HEURISTIC.SIMPLE_COLLISION,370.30038037268736
20,HEURISTIC.SIMPLE_COLLISION,370.65656400699294
20,HEURISTIC.SIMPLE_COLLISION,369.83652954938987
20,HEURISTIC.SIMPLE_COLLISION,369.9381021599846
20,HEURISTIC.SIMPLE_COLLISION,370.3883048935314
20,HEURISTIC.SIMPLE_COLLISION,370.44334786351806
20,HEURISTIC.SIMPLE_COLLISION,370.1062551309722
20,HEURISTIC.SIMPLE_COLLISION,371.3292310685641
20,HEURISTIC.SIMPLE_COLLISION,371.155308126259
20,HEURISTIC.SIMPLE_COLLISION,371.5066509766349
20,HEURISTIC.SIMPLE_COLLISION,345.80284142742914
20,HEURISTIC.SIMPLE_COLLISION,372.82407851970993
20,HEURISTIC.SIMPLE_COLLISION,371.9361913694234
20,HEURISTIC.SIMPLE_COLLISION,372.0040440621068
20,HEURISTIC.SIMPLE_COLLISION,372.24141624261716
20,HEURISTIC.SIMPLE_COLLISION,371.9298807414135
20,HEURISTIC.SIMPLE_COLLISION,372.2964592126038
20,HEURISTIC.SIMPLE_COLLISION,372.2737696436892
20,HEURISTIC.SIMPLE_COLLISION,349.2013877727993
20,HEURISTIC.SIMPLE_COLLISION,373.64156923321514
20,HEURISTIC.SIMPLE_COLLISION,373.8396514286005
20,HEURISTIC.SIMPLE_COLLISION,372.59598177126486
20,HEURISTIC.SIMPLE_COLLISION,374.69617802789605
20,HEURISTIC.SIMPLE_COLLISION,373.43421966628165
20,HEURISTIC.SIMPLE_COLLISION,374.10628135588547
20,HEURISTIC.SIMPLE_COLLISION,374.429404521665
20,HEURISTIC.SIMPLE_COLLISION,374.9476513426819
20,HEURISTIC.SIMPLE_COLLISION,374.85474909117704
20,HEURISTIC.SIMPLE_COLLISION,375.1193087849097
20,HEURISTIC.SIMPLE_COLLISION,345.60864528819485
20,HEURISTIC.SIMPLE_COLLISION,374.28884156880935
20,HEURISTIC.SIMPLE_COLLISION,373.4009544185228
20,HEURISTIC.SIMPLE_COLLISION,373.4688071112063
20,HEURISTIC.SIMPLE_COLLISION,373.84484652405973
20,HEURISTIC.SIMPLE_COLLISION,373.394643790513
20,HEURISTIC.SIMPLE_COLLISION,373.8998894940464
20,HEURISTIC.SIMPLE_COLLISION,373.7385326927886
20,HEURISTIC.SIMPLE_COLLISION,348.0428359053836
20,HEURISTIC.SIMPLE_COLLISION,377.14594827002543
20,HEURISTIC.SIMPLE_COLLISION,375.9032682566023
20,HEURISTIC.SIMPLE_COLLISION,376.94786607464005
20,HEURISTIC.SIMPLE_COLLISION,376.7405165077066
20,HEURISTIC.SIMPLE_COLLISION,378.00247486932096
20,HEURISTIC.SIMPLE_COLLISION,348.7300699881415
20,HEURISTIC.SIMPLE_COLLISION,377.3587228188095
20,HEURISTIC.SIMPLE_COLLISION,377.5568050141949
20,HEURISTIC.SIMPLE_COLLISION,376.3131353568593
20,HEURISTIC.SIMPLE_COLLISION,378.4133316134904
20,HEURISTIC.SIMPLE_COLLISION,377.15137325187607
20,HEURISTIC.SIMPLE_COLLISION,377.82343494147995
20,HEURISTIC.SIMPLE_COLLISION,378.1465581072594
20,HEURISTIC.SIMPLE_COLLISION,378.57190267677146
20,HEURISTIC.SIMPLE_COLLISION,378.66480492827634
20,HEURISTIC.SIMPLE_COLLISION,378.83646237050414
20,HEURISTIC.SIMPLE_COLLISION,348.7505103869223
20,HEURISTIC.SIMPLE_COLLISION,377.5165410868327
20,HEURISTIC.SIMPLE_COLLISION,377.71462328221816
20,HEURISTIC.SIMPLE_COLLISION,376.4709536248825
20,HEURISTIC.SIMPLE_COLLISION,378.5711498815137
20,HEURISTIC.SIMPLE_COLLISION,377.3091915198993
20,HEURISTIC.SIMPLE_COLLISION,377.98125320950317
20,HEURISTIC.SIMPLE_COLLISION,378.30437637528263
20,HEURISTIC.SIMPLE_COLLISION,378.7297209447947
20,HEURISTIC.SIMPLE_COLLISION,378.82262319629956
20,HEURISTIC.SIMPLE_COLLISION,378.99428063852736
20,HEURISTIC.SIMPLE_COLLISION,348.97220124122634
20,HEURISTIC.SIMPLE_COLLISION,378.56767465312714
20,HEURISTIC.SIMPLE_COLLISION,378.7657568485125
20,HEURISTIC.SIMPLE_COLLISION,377.52208719117687
20,HEURISTIC.SIMPLE_COLLISION,379.62228344780806
20,HEURISTIC.SIMPLE_COLLISION,378.36032508619365
20,HEURISTIC.SIMPLE_COLLISION,379.0323867757975
20,HEURISTIC.SIMPLE_COLLISION,379.355509941577
20,HEURISTIC.SIMPLE_COLLISION,379.78085451108905
20,HEURISTIC.SIMPLE_COLLISION,348.8599513359857
20,HEURISTIC.SIMPLE_COLLISION,378.5935655752236
20,HEURISTIC.SIMPLE_COLLISION,378.79164777060896
20,HEURISTIC.SIMPLE_COLLISION,377.5479781132733
20,HEURISTIC.SIMPLE_COLLISION,379.6481743699045
20,HEURISTIC.SIMPLE_COLLISION,378.38621600829015
20,HEURISTIC.SIMPLE_COLLISION,379.05827769789397
20,HEURISTIC.SIMPLE_COLLISION,379.8067454331855
20,HEURISTIC.SIMPLE_COLLISION,379.38140086367343
20,HEURISTIC.SIMPLE_COLLISION,350.1610801583426
20,HEURISTIC.SIMPLE_COLLISION,378.75320713657726
20,HEURISTIC.SIMPLE_COLLISION,378.9512893319627
20,HEURISTIC.SIMPLE_COLLISION,377.7086093185395
20,HEURISTIC.SIMPLE_COLLISION,378.5458575696438
20,HEURISTIC.SIMPLE_COLLISION,379.8078159312582
20,HEURISTIC.SIMPLE_COLLISION,349.07327740729454
20,HEURISTIC.SIMPLE_COLLISION,379.332529465392
20,HEURISTIC.SIMPLE_COLLISION,379.53061166077737
20,HEURISTIC.SIMPLE_COLLISION,378.28694200344177
20,HEURISTIC.SIMPLE_COLLISION,379.12517989845855
20,HEURISTIC.SIMPLE_COLLISION,380.3871382600729
20,HEURISTIC.SIMPLE_COLLISION,379.79724158806243
20,HEURISTIC.SIMPLE_COLLISION,349.47043152261153
20,HEURISTIC.SIMPLE_COLLISION,380.71457560965973
20,HEURISTIC.SIMPLE_COLLISION,379.4718955962366
20,HEURISTIC.SIMPLE_COLLISION,380.51649341427435
20,HEURISTIC.SIMPLE_COLLISION,324.3228456153545
20,HEURISTIC.SIMPLE_COLLISION,359.53349723398617
20,HEURISTIC.SIMPLE_COLLISION,359.8411047789851
20,HEURISTIC.SIMPLE_COLLISION,359.34296811387003
20,HEURISTIC.SIMPLE_COLLISION,359.9497864279982
20,HEURISTIC.SIMPLE_COLLISION,359.4445407244648
20,HEURISTIC.SIMPLE_COLLISION,359.8947434580116
20,HEURISTIC.SIMPLE_COLLISION,359.58549392388716
20,HEURISTIC.SIMPLE_COLLISION,360.66174669073916
20,HEURISTIC.SIMPLE_COLLISION,360.8356696330443
20,HEURISTIC.SIMPLE_COLLISION,361.01308954111505
20,HEURISTIC.SIMPLE_COLLISION,344.76794137082527
20,HEURISTIC.SIMPLE_COLLISION,360.5107871701217
20,HEURISTIC.SIMPLE_COLLISION,361.1482266966786
20,HEURISTIC.SIMPLE_COLLISION,360.5786398628051
20,HEURISTIC.SIMPLE_COLLISION,361.13041520694674
20,HEURISTIC.SIMPLE_COLLISION,361.18545817693337
20,HEURISTIC.SIMPLE_COLLISION,360.68021247339993
20,HEURISTIC.SIMPLE_COLLISION,362.0713413819794
20,HEURISTIC.SIMPLE_COLLISION,360.84836544438747
20,HEURISTIC.SIMPLE_COLLISION,362.2487612900502
20,HEURISTIC.SIMPLE_COLLISION,361.8974184396743
20,HEURISTIC.SIMPLE_COLLISION,344.5153591229131
20,HEURISTIC.SIMPLE_COLLISION,362.181836246961
20,HEURISTIC.SIMPLE_COLLISION,362.74782560475944
20,HEURISTIC.SIMPLE_COLLISION,362.8014642837859
20,HEURISTIC.SIMPLE_COLLISION,362.8565072537725
20,HEURISTIC.SIMPLE_COLLISION,362.24968893964433
20,HEURISTIC.SIMPLE_COLLISION,362.35126155023914
20,HEURISTIC.SIMPLE_COLLISION,362.49221474966146
20,HEURISTIC.SIMPLE_COLLISION,363.7423904588186
20,HEURISTIC.SIMPLE_COLLISION,363.5684675165135
20,HEURISTIC.SIMPLE_COLLISION,363.9198103668894
20,HEURISTIC.SIMPLE_COLLISION,344.12988827416143
20,HEURISTIC.SIMPLE_COLLISION,362.5483710553344
20,HEURISTIC.SIMPLE_COLLISION,363.4362582056209
20,HEURISTIC.SIMPLE_COLLISION,363.01544025390854
20,HEURISTIC.SIMPLE_COLLISION,363.07048322389517
20,HEURISTIC.SIMPLE_COLLISION,362.6162237480178
20,HEURISTIC.SIMPLE_COLLISION,362.5652375203618
20,HEURISTIC.SIMPLE_COLLISION,362.8859493296002
20,HEURISTIC.SIMPLE_COLLISION,364.10892526719203
20,HEURISTIC.SIMPLE_COLLISION,364.1337863370121
20,HEURISTIC.SIMPLE_COLLISION,363.7824434866362
20,HEURISTIC.SIMPLE_COLLISION,344.15747846100976
20,HEURISTIC.SIMPLE_COLLISION,363.29465383628576
20,HEURISTIC.SIMPLE_COLLISION,362.7286644784873
20,HEURISTIC.SIMPLE_COLLISION,362.79651717117065
20,HEURISTIC.SIMPLE_COLLISION,362.89808978176546
20,HEURISTIC.SIMPLE_COLLISION,363.3482925153122
20,HEURISTIC.SIMPLE_COLLISION,363.40333548529884
20,HEURISTIC.SIMPLE_COLLISION,363.0390429811878
20,HEURISTIC.SIMPLE_COLLISION,364.2892186903449
20,HEURISTIC.SIMPLE_COLLISION,364.1152957480399
20,HEURISTIC.SIMPLE_COLLISION,364.4666385984158
20,HEURISTIC.SIMPLE_COLLISION,345.07483835042336
20,HEURISTIC.SIMPLE_COLLISION,364.0228595980252
20,HEURISTIC.SIMPLE_COLLISION,364.91074674831174
20,HEURISTIC.SIMPLE_COLLISION,364.48992879659943
20,HEURISTIC.SIMPLE_COLLISION,364.54497176658606
20,HEURISTIC.SIMPLE_COLLISION,364.09071229070867
20,HEURISTIC.SIMPLE_COLLISION,364.0397260630526
20,HEURISTIC.SIMPLE_COLLISION,364.360437872291
20,HEURISTIC.SIMPLE_COLLISION,365.5834138098829
20,HEURISTIC.SIMPLE_COLLISION,365.6082748797029
20,HEURISTIC.SIMPLE_COLLISION,365.256932029327
20,HEURISTIC.SIMPLE_COLLISION,343.86276172923914
20,HEURISTIC.SIMPLE_COLLISION,363.86476442802945
20,HEURISTIC.SIMPLE_COLLISION,364.17237197302836
20,HEURISTIC.SIMPLE_COLLISION,363.67423530791325
20,HEURISTIC.SIMPLE_COLLISION,364.2810536220415
20,HEURISTIC.SIMPLE_COLLISION,363.7758079185081
20,HEURISTIC.SIMPLE_COLLISION,364.2260106520548
20,HEURISTIC.SIMPLE_COLLISION,363.9167611179304
20,HEURISTIC.SIMPLE_COLLISION,364.9930138847825
20,HEURISTIC.SIMPLE_COLLISION,365.1669368270875
20,HEURISTIC.SIMPLE_COLLISION,365.3443567351584
20,HEURISTIC.SIMPLE_COLLISION,345.1325950193748
20,HEURISTIC.SIMPLE_COLLISION,366.3275713307197
20,HEURISTIC.SIMPLE_COLLISION,365.43968418043323
20,HEURISTIC.SIMPLE_COLLISION,365.7732980632949
20,HEURISTIC.SIMPLE_COLLISION,365.8283410332815
20,HEURISTIC.SIMPLE_COLLISION,365.5075368731166
20,HEURISTIC.SIMPLE_COLLISION,365.4333735524233
20,HEURISTIC.SIMPLE_COLLISION,367.00023839229084
20,HEURISTIC.SIMPLE_COLLISION,365.777262454699
20,HEURISTIC.SIMPLE_COLLISION,366.8916441463984
20,HEURISTIC.SIMPLE_COLLISION,366.5403012960225
20,HEURISTIC.SIMPLE_COLLISION,343.89189743032125
20,HEURISTIC.SIMPLE_COLLISION,366.04416752075014
20,HEURISTIC.SIMPLE_COLLISION,366.35177506574905
20,HEURISTIC.SIMPLE_COLLISION,365.85363840063394
20,HEURISTIC.SIMPLE_COLLISION,365.95521101122876
20,HEURISTIC.SIMPLE_COLLISION,366.4054137447755
20,HEURISTIC.SIMPLE_COLLISION,366.46045671476213
20,HEURISTIC.SIMPLE_COLLISION,366.09616421065107
20,HEURISTIC.SIMPLE_COLLISION,367.3463399198082
20,HEURISTIC.SIMPLE_COLLISION,367.1724169775032
20,HEURISTIC.SIMPLE_COLLISION,367.5237598278791
20,HEURISTIC.SIMPLE_COLLISION,348.7843705732467
20,HEURISTIC.SIMPLE_COLLISION,368.6864411003538
20,HEURISTIC.SIMPLE_COLLISION,368.8845232957392
20,HEURISTIC.SIMPLE_COLLISION,367.64085363840354
20,HEURISTIC.SIMPLE_COLLISION,369.74104989503473
20,HEURISTIC.SIMPLE_COLLISION,368.4790915334204
20,HEURISTIC.SIMPLE_COLLISION,369.1511532230242
20,HEURISTIC.SIMPLE_COLLISION,369.99252320982066
20,HEURISTIC.SIMPLE_COLLISION,369.4742763888037
20,HEURISTIC.SIMPLE_COLLISION,369.8996209583157
20,HEURISTIC.SIMPLE_COLLISION,343.8368186686772
20,HEURISTIC.SIMPLE_COLLISION,367.070950226179
20,HEURISTIC.SIMPLE_COLLISION,367.42713386048456
20,HEURISTIC.SIMPLE_COLLISION,366.60709940288143
20,HEURISTIC.SIMPLE_COLLISION,366.7086720134763
20,HEURISTIC.SIMPLE_COLLISION,367.15887474702305
20,HEURISTIC.SIMPLE_COLLISION,367.2139177170097
20,HEURISTIC.SIMPLE_COLLISION,366.87682498446384
20,HEURISTIC.SIMPLE_COLLISION,368.0998009220557
20,HEURISTIC.SIMPLE_COLLISION,367.9258779797507
20,HEURISTIC.SIMPLE_COLLISION,368.27722083012657
20,HEURISTIC.SIMPLE_COLLISION,345.0984360626791
20,HEURISTIC.SIMPLE_COLLISION,368.3127232287285
20,HEURISTIC.SIMPLE_COLLISION,367.42483607844196
20,HEURISTIC.SIMPLE_COLLISION,367.49268877112536
20,HEURISTIC.SIMPLE_COLLISION,367.7300609516357
20,HEURISTIC.SIMPLE_COLLISION,367.41852545043207
20,HEURISTIC.SIMPLE_COLLISION,367.78510392162235
20,HEURISTIC.SIMPLE_COLLISION,367.76241435270776
20,HEURISTIC.SIMPLE_COLLISION,368.49706418436335
20,HEURISTIC.SIMPLE_COLLISION,368.9853902902996
20,HEURISTIC.SIMPLE_COLLISION,368.84840703473924
20,HEURISTIC.SIMPLE_COLLISION,349.00651809823023
20,HEURISTIC.SIMPLE_COLLISION,369.2704837864135
20,HEURISTIC.SIMPLE_COLLISION,369.46856598179886
20,HEURISTIC.SIMPLE_COLLISION,368.2248963244632
20,HEURISTIC.SIMPLE_COLLISION,370.3250925810944
20,HEURISTIC.SIMPLE_COLLISION,369.06313421948005
20,HEURISTIC.SIMPLE_COLLISION,370.4836636443754
20,HEURISTIC.SIMPLE_COLLISION,369.7351959090839
20,HEURISTIC.SIMPLE_COLLISION,370.5765658958803
20,HEURISTIC.SIMPLE_COLLISION,370.05831907486333
20,HEURISTIC.SIMPLE_COLLISION,344.7188986623304
20,HEURISTIC.SIMPLE_COLLISION,369.2025721934112
20,HEURISTIC.SIMPLE_COLLISION,368.31468504312465
20,HEURISTIC.SIMPLE_COLLISION,368.3825377358081
20,HEURISTIC.SIMPLE_COLLISION,368.7585771486616
20,HEURISTIC.SIMPLE_COLLISION,368.3083744151148
20,HEURISTIC.SIMPLE_COLLISION,368.81362011864826
20,HEURISTIC.SIMPLE_COLLISION,368.65226331739046
20,HEURISTIC.SIMPLE_COLLISION,369.5255803813892
20,HEURISTIC.SIMPLE_COLLISION,369.8769232317651
20,HEURISTIC.SIMPLE_COLLISION,369.8752392549824
20,HEURISTIC.SIMPLE_COLLISION,348.3116411469348
20,HEURISTIC.SIMPLE_COLLISION,370.77874292961894
20,HEURISTIC.SIMPLE_COLLISION,370.9768251250043
20,HEURISTIC.SIMPLE_COLLISION,369.7331554676687
20,HEURISTIC.SIMPLE_COLLISION,371.83335172429986
20,HEURISTIC.SIMPLE_COLLISION,370.5713933626855
20,HEURISTIC.SIMPLE_COLLISION,371.2434550522894
20,HEURISTIC.SIMPLE_COLLISION,371.56657821806886
20,HEURISTIC.SIMPLE_COLLISION,372.0848250390858
20,HEURISTIC.SIMPLE_COLLISION,371.9919227875809
20,HEURISTIC.SIMPLE_COLLISION,372.2564824813136
20,HEURISTIC.SIMPLE_COLLISION,372.2668162560036
20,HEURISTIC.SIMPLE_COLLISION,348.0824546153618
20,HEURISTIC.SIMPLE_COLLISION,374.9587904353848
20,HEURISTIC.SIMPLE_COLLISION,375.1568726307702
20,HEURISTIC.SIMPLE_COLLISION,373.9132029734345
20,HEURISTIC.SIMPLE_COLLISION,376.0133992300657
20,HEURISTIC.SIMPLE_COLLISION,374.7514408684513
20,HEURISTIC.SIMPLE_COLLISION,375.42350255805513
20,HEURISTIC.SIMPLE_COLLISION,375.74662572383465
20,HEURISTIC.SIMPLE_COLLISION,376.1719702933467
20,HEURISTIC.SIMPLE_COLLISION,376.2648725448516
20,HEURISTIC.SIMPLE_COLLISION,347.9702047101212
20,HEURISTIC.SIMPLE_COLLISION,375.11628455910034
20,HEURISTIC.SIMPLE_COLLISION,375.3143667544857
20,HEURISTIC.SIMPLE_COLLISION,374.07069709715006
20,HEURISTIC.SIMPLE_COLLISION,376.17089335378125
20,HEURISTIC.SIMPLE_COLLISION,374.9089349921669
20,HEURISTIC.SIMPLE_COLLISION,375.5809966817707
20,HEURISTIC.SIMPLE_COLLISION,376.32946441706224
20,HEURISTIC.SIMPLE_COLLISION,375.9041198475502
20,HEURISTIC.SIMPLE_COLLISION,376.594024110795
20,HEURISTIC.SIMPLE_COLLISION,376.4223666685672
20,HEURISTIC.SIMPLE_COLLISION,376.60435788548494
20,HEURISTIC.SIMPLE_COLLISION,347.15308927951907
20,HEURISTIC.SIMPLE_COLLISION,375.2303116817011
20,HEURISTIC.SIMPLE_COLLISION,373.9876316682779
20,HEURISTIC.SIMPLE_COLLISION,375.03222948631566
20,HEURISTIC.SIMPLE_COLLISION,374.82487991938217
20,HEURISTIC.SIMPLE_COLLISION,376.08683828099663
20,HEURISTIC.SIMPLE_COLLISION,375.49694160898605
20,HEURISTIC.SIMPLE_COLLISION,376.2454093442776
20,HEURISTIC.SIMPLE_COLLISION,347.840323362277
20,HEURISTIC.SIMPLE_COLLISION,375.62808229001007
20,HEURISTIC.SIMPLE_COLLISION,375.82616448539545
20,HEURISTIC.SIMPLE_COLLISION,374.5824948280598
20,HEURISTIC.SIMPLE_COLLISION,376.682691084691
20,HEURISTIC.SIMPLE_COLLISION,375.4207327230766
20,HEURISTIC.SIMPLE_COLLISION,376.0927944126804
20,HEURISTIC.SIMPLE_COLLISION,376.4159175784599
20,HEURISTIC.SIMPLE_COLLISION,376.841262147972
20,HEURISTIC.SIMPLE_COLLISION,376.93416439947686
20,HEURISTIC.SIMPLE_COLLISION,377.1058218417046
20,HEURISTIC.SIMPLE_COLLISION,377.1161556163946
20,HEURISTIC.SIMPLE_COLLISION,347.8607637610578
20,HEURISTIC.SIMPLE_COLLISION,375.79772140743523
20,HEURISTIC.SIMPLE_COLLISION,375.9958036028206
20,HEURISTIC.SIMPLE_COLLISION,374.75213394548496
20,HEURISTIC.SIMPLE_COLLISION,376.85233020211615
20,HEURISTIC.SIMPLE_COLLISION,375.59037184050175
20,HEURISTIC.SIMPLE_COLLISION,376.26243353010557
20,HEURISTIC.SIMPLE_COLLISION,376.5855566958851
20,HEURISTIC.SIMPLE_COLLISION,377.01090126539714
20,HEURISTIC.SIMPLE_COLLISION,377.1038035169021
20,HEURISTIC.SIMPLE_COLLISION,377.2754609591299
20,HEURISTIC.SIMPLE_COLLISION,377.2857947338198
20,HEURISTIC.SIMPLE_COLLISION,349.2713335324781
20,HEURISTIC.SIMPLE_COLLISION,376.86023998677206
20,HEURISTIC.SIMPLE_COLLISION,377.05832218215744
20,HEURISTIC.SIMPLE_COLLISION,375.8156421687343
20,HEURISTIC.SIMPLE_COLLISION,376.6528904198386
20,HEURISTIC.SIMPLE_COLLISION,377.914848781453
20,HEURISTIC.SIMPLE_COLLISION,378.07341984473396
20,HEURISTIC.SIMPLE_COLLISION,377.32495210944245
20,HEURISTIC.SIMPLE_COLLISION,348.1835307814301
20,HEURISTIC.SIMPLE_COLLISION,378.81683499191763
20,HEURISTIC.SIMPLE_COLLISION,379.014917187303
20,HEURISTIC.SIMPLE_COLLISION,377.77124752996735
20,HEURISTIC.SIMPLE_COLLISION,378.60948542498414
20,HEURISTIC.SIMPLE_COLLISION,379.87144378659855
20,HEURISTIC.SIMPLE_COLLISION,379.28154711458797
20,HEURISTIC.SIMPLE_COLLISION,380.1229171013845
20,HEURISTIC.SIMPLE_COLLISION,348.580684896747
20,HEURISTIC.SIMPLE_COLLISION,379.9423962783861
20,HEURISTIC.SIMPLE_COLLISION,378.699716264963
20,HEURISTIC.SIMPLE_COLLISION,379.74431408300075
20,HEURISTIC.SIMPLE_COLLISION,379.5369645160673
20,HEURISTIC.SIMPLE_COLLISION,324.4664267526589
20,HEURISTIC.SIMPLE_COLLISION,360.42694096438015
20,HEURISTIC.SIMPLE_COLLISION,360.73454850937907
20,HEURISTIC.SIMPLE_COLLISION,360.236411844264
20,HEURISTIC.SIMPLE_COLLISION,360.8432301583922
20,HEURISTIC.SIMPLE_COLLISION,360.33798445485877
20,HEURISTIC.SIMPLE_COLLISION,360.7881871884056
20,HEURISTIC.SIMPLE_COLLISION,360.47893765428114
20,HEURISTIC.SIMPLE_COLLISION,361.55519042113315
20,HEURISTIC.SIMPLE_COLLISION,361.7291133634383
20,HEURISTIC.SIMPLE_COLLISION,361.90653327150903
20,HEURISTIC.SIMPLE_COLLISION,345.03167047120155
20,HEURISTIC.SIMPLE_COLLISION,361.4015739905236
20,HEURISTIC.SIMPLE_COLLISION,362.03901351708043
20,HEURISTIC.SIMPLE_COLLISION,361.46942668320696
20,HEURISTIC.SIMPLE_COLLISION,362.0212020273485
20,HEURISTIC.SIMPLE_COLLISION,362.07624499733515
20,HEURISTIC.SIMPLE_COLLISION,361.5709992938018
20,HEURISTIC.SIMPLE_COLLISION,362.9621282023812
20,HEURISTIC.SIMPLE_COLLISION,361.73915226478937
20,HEURISTIC.SIMPLE_COLLISION,363.13954811045204
20,HEURISTIC.SIMPLE_COLLISION,362.78820526007615
20,HEURISTIC.SIMPLE_COLLISION,344.77908822328936
20,HEURISTIC.SIMPLE_COLLISION,363.06927540743607
20,HEURISTIC.SIMPLE_COLLISION,363.6352647652345
20,HEURISTIC.SIMPLE_COLLISION,363.688903444261
20,HEURISTIC.SIMPLE_COLLISION,363.7439464142476
20,HEURISTIC.SIMPLE_COLLISION,363.1371281001194
20,HEURISTIC.SIMPLE_COLLISION,363.2387007107142
20,HEURISTIC.SIMPLE_COLLISION,363.37965391013654
20,HEURISTIC.SIMPLE_COLLISION,364.6298296192937
20,HEURISTIC.SIMPLE_COLLISION,364.4559066769886
20,HEURISTIC.SIMPLE_COLLISION,364.8072495273645
20,HEURISTIC.SIMPLE_COLLISION,344.4212075613861
20,HEURISTIC.SIMPLE_COLLISION,363.85901912752627
20,HEURISTIC.SIMPLE_COLLISION,363.2930297697278
20,HEURISTIC.SIMPLE_COLLISION,363.3608824624112
20,HEURISTIC.SIMPLE_COLLISION,363.462455073006
20,HEURISTIC.SIMPLE_COLLISION,363.91265780655283
20,HEURISTIC.SIMPLE_COLLISION,363.96770077653946
20,HEURISTIC.SIMPLE_COLLISION,363.60340827242834
20,HEURISTIC.SIMPLE_COLLISION,364.85358398158553
20,HEURISTIC.SIMPLE_COLLISION,364.6796610392804
20,HEURISTIC.SIMPLE_COLLISION,365.0310038896563
20,HEURISTIC.SIMPLE_COLLISION,344.4917008840449
20,HEURISTIC.SIMPLE_COLLISION,363.44466925054394
20,HEURISTIC.SIMPLE_COLLISION,364.33255640083047
20,HEURISTIC.SIMPLE_COLLISION,363.91173844911816
20,HEURISTIC.SIMPLE_COLLISION,363.9667814191048
20,HEURISTIC.SIMPLE_COLLISION,363.5125219432274
20,HEURISTIC.SIMPLE_COLLISION,363.46153571557136
20,HEURISTIC.SIMPLE_COLLISION,363.78224752480975
20,HEURISTIC.SIMPLE_COLLISION,365.00522346240166
20,HEURISTIC.SIMPLE_COLLISION,365.0300845322216
20,HEURISTIC.SIMPLE_COLLISION,364.67874168184574
20,HEURISTIC.SIMPLE_COLLISION,345.4366509603069
20,HEURISTIC.SIMPLE_COLLISION,364.6410805589828
20,HEURISTIC.SIMPLE_COLLISION,365.52896770926935
20,HEURISTIC.SIMPLE_COLLISION,365.10814975755704
20,HEURISTIC.SIMPLE_COLLISION,365.1631927275437
20,HEURISTIC.SIMPLE_COLLISION,364.7089332516663
20,HEURISTIC.SIMPLE_COLLISION,364.65794702401024
20,HEURISTIC.SIMPLE_COLLISION,364.97865883324863
20,HEURISTIC.SIMPLE_COLLISION,366.20163477084054
20,HEURISTIC.SIMPLE_COLLISION,366.2264958406605
20,HEURISTIC.SIMPLE_COLLISION,365.8751529902846
20,HEURISTIC.SIMPLE_COLLISION,344.1264908296155
20,HEURISTIC.SIMPLE_COLLISION,364.42184442369165
20,HEURISTIC.SIMPLE_COLLISION,364.72945196869057
20,HEURISTIC.SIMPLE_COLLISION,364.23131530357546
20,HEURISTIC.SIMPLE_COLLISION,364.8381336177037
20,HEURISTIC.SIMPLE_COLLISION,364.3328879141703
20,HEURISTIC.SIMPLE_COLLISION,364.783090647717
20,HEURISTIC.SIMPLE_COLLISION,364.4738411135926
20,HEURISTIC.SIMPLE_COLLISION,365.5500938804447
20,HEURISTIC.SIMPLE_COLLISION,365.7240168227497
20,HEURISTIC.SIMPLE_COLLISION,365.9014367308206
20,HEURISTIC.SIMPLE_COLLISION,345.49440762925826
20,HEURISTIC.SIMPLE_COLLISION,366.91384078164424
20,HEURISTIC.SIMPLE_COLLISION,366.02595363135777
20,HEURISTIC.SIMPLE_COLLISION,366.35956751421946
20,HEURISTIC.SIMPLE_COLLISION,366.4146104842061
20,HEURISTIC.SIMPLE_COLLISION,366.09380632404117
20,HEURISTIC.SIMPLE_COLLISION,366.01964300334794
20,HEURISTIC.SIMPLE_COLLISION,367.58650784321543
20,HEURISTIC.SIMPLE_COLLISION,366.3635319056235
20,HEURISTIC.SIMPLE_COLLISION,367.477913597323
20,HEURISTIC.SIMPLE_COLLISION,367.1265707469471
20,HEURISTIC.SIMPLE_COLLISION,344.15562653069753
20,HEURISTIC.SIMPLE_COLLISION,366.602955509382
20,HEURISTIC.SIMPLE_COLLISION,366.9105630543809
20,HEURISTIC.SIMPLE_COLLISION,366.4124263892658
20,HEURISTIC.SIMPLE_COLLISION,366.51399899986063
20,HEURISTIC.SIMPLE_COLLISION,366.96420173340744
20,HEURISTIC.SIMPLE_COLLISION,367.01924470339407
20,HEURISTIC.SIMPLE_COLLISION,366.65495219928295
20,HEURISTIC.SIMPLE_COLLISION,367.90512790844014
20,HEURISTIC.SIMPLE_COLLISION,367.731204966135
20,HEURISTIC.SIMPLE_COLLISION,368.0825478165109
20,HEURISTIC.SIMPLE_COLLISION,349.048099673623
20,HEURISTIC.SIMPLE_COLLISION,369.15416926561875
20,HEURISTIC.SIMPLE_COLLISION,369.35225146100413
20,HEURISTIC.SIMPLE_COLLISION,368.10858180366847
20,HEURISTIC.SIMPLE_COLLISION,370.20877806029966
20,HEURISTIC.SIMPLE_COLLISION,368.9468196986853
20,HEURISTIC.SIMPLE_COLLISION,369.61888138828914
20,HEURISTIC.SIMPLE_COLLISION,370.4602513750856
20,HEURISTIC.SIMPLE_COLLISION,369.9420045540686
20,HEURISTIC.SIMPLE_COLLISION,370.36734912358065
20,HEURISTIC.SIMPLE_COLLISION,344.1005477690535
20,HEURISTIC.SIMPLE_COLLISION,367.6705682026149
20,HEURISTIC.SIMPLE_COLLISION,368.0267518369205
20,HEURISTIC.SIMPLE_COLLISION,367.2067173793174
20,HEURISTIC.SIMPLE_COLLISION,367.30828998991217
20,HEURISTIC.SIMPLE_COLLISION,367.75849272345897
20,HEURISTIC.SIMPLE_COLLISION,367.8135356934456
20,HEURISTIC.SIMPLE_COLLISION,367.47644296089976
20,HEURISTIC.SIMPLE_COLLISION,368.6994188984917
20,HEURISTIC.SIMPLE_COLLISION,368.52549595618655
20,HEURISTIC.SIMPLE_COLLISION,368.87683880656243
20,HEURISTIC.SIMPLE_COLLISION,349.27024719860657
20,HEURISTIC.SIMPLE_COLLISION,369.73165136466787
20,HEURISTIC.SIMPLE_COLLISION,369.92973356005325
20,HEURISTIC.SIMPLE_COLLISION,368.6860639027176
20,HEURISTIC.SIMPLE_COLLISION,370.7862601593488
20,HEURISTIC.SIMPLE_COLLISION,369.52430179773444
20,HEURISTIC.SIMPLE_COLLISION,370.9448312226298
20,HEURISTIC.SIMPLE_COLLISION,370.1963634873383
20,HEURISTIC.SIMPLE_COLLISION,371.0377334741347
20,HEURISTIC.SIMPLE_COLLISION,370.5194866531177
20,HEURISTIC.SIMPLE_COLLISION,345.36216516305547
20,HEURISTIC.SIMPLE_COLLISION,369.19927384950404
20,HEURISTIC.SIMPLE_COLLISION,368.3113866992175
20,HEURISTIC.SIMPLE_COLLISION,368.3792393919009
20,HEURISTIC.SIMPLE_COLLISION,368.6166115724113
20,HEURISTIC.SIMPLE_COLLISION,368.3050760712076
20,HEURISTIC.SIMPLE_COLLISION,368.6716545423979
20,HEURISTIC.SIMPLE_COLLISION,368.6489649734833
20,HEURISTIC.SIMPLE_COLLISION,369.3836148051389
20,HEURISTIC.SIMPLE_COLLISION,369.87194091107517
20,HEURISTIC.SIMPLE_COLLISION,369.7349576555148
20,HEURISTIC.SIMPLE_COLLISION,348.57537024731107
20,HEURISTIC.SIMPLE_COLLISION,371.2570568235608
20,HEURISTIC.SIMPLE_COLLISION,371.45513901894617
20,HEURISTIC.SIMPLE_COLLISION,370.21146936161057
20,HEURISTIC.SIMPLE_COLLISION,372.3116656182417
20,HEURISTIC.SIMPLE_COLLISION,371.04970725662736
20,HEURISTIC.SIMPLE_COLLISION,371.72176894623124
20,HEURISTIC.SIMPLE_COLLISION,372.0448921120107
20,HEURISTIC.SIMPLE_COLLISION,372.56313893302763
20,HEURISTIC.SIMPLE_COLLISION,372.47023668152275
20,HEURISTIC.SIMPLE_COLLISION,372.7347963752554
20,HEURISTIC.SIMPLE_COLLISION,372.74513014994545
20,HEURISTIC.SIMPLE_COLLISION,344.98262776270667
20,HEURISTIC.SIMPLE_COLLISION,370.61633195535165
20,HEURISTIC.SIMPLE_COLLISION,369.7284448050651
20,HEURISTIC.SIMPLE_COLLISION,369.7962974977486
20,HEURISTIC.SIMPLE_COLLISION,370.17233691060204
20,HEURISTIC.SIMPLE_COLLISION,369.7221341770553
20,HEURISTIC.SIMPLE_COLLISION,370.2273798805887
20,HEURISTIC.SIMPLE_COLLISION,370.06602307933093
20,HEURISTIC.SIMPLE_COLLISION,370.9393401433297
20,HEURISTIC.SIMPLE_COLLISION,371.29068299370556
20,HEURISTIC.SIMPLE_COLLISION,371.28899901692284
20,HEURISTIC.SIMPLE_COLLISION,348.34618371573816
20,HEURISTIC.SIMPLE_COLLISION,375.43751764410933
20,HEURISTIC.SIMPLE_COLLISION,375.6355998394947
20,HEURISTIC.SIMPLE_COLLISION,374.39193018215906
20,HEURISTIC.SIMPLE_COLLISION,376.49212643879025
20,HEURISTIC.SIMPLE_COLLISION,375.23016807717585
20,HEURISTIC.SIMPLE_COLLISION,375.90222976677967
20,HEURISTIC.SIMPLE_COLLISION,376.2253529325592
20,HEURISTIC.SIMPLE_COLLISION,376.65069750207124
20,HEURISTIC.SIMPLE_COLLISION,376.7435997535761
20,HEURISTIC.SIMPLE_COLLISION,348.23393381049755
20,HEURISTIC.SIMPLE_COLLISION,375.60167752493106
20,HEURISTIC.SIMPLE_COLLISION,375.79975972031644
20,HEURISTIC.SIMPLE_COLLISION,374.55609006298084
20,HEURISTIC.SIMPLE_COLLISION,376.656286319612
20,HEURISTIC.SIMPLE_COLLISION,375.3943279579976
20,HEURISTIC.SIMPLE_COLLISION,376.06638964760145
20,HEURISTIC.SIMPLE_COLLISION,376.814857382893
20,HEURISTIC.SIMPLE_COLLISION,376.389512813381
20,HEURISTIC.SIMPLE_COLLISION,377.0794170766257
20,HEURISTIC.SIMPLE_COLLISION,376.90775963439785
20,HEURISTIC.SIMPLE_COLLISION,377.08975085131567
20,HEURISTIC.SIMPLE_COLLISION,347.4168183798954
20,HEURISTIC.SIMPLE_COLLISION,375.66922462847117
20,HEURISTIC.SIMPLE_COLLISION,374.426544615048
20,HEURISTIC.SIMPLE_COLLISION,375.47114243308573
20,HEURISTIC.SIMPLE_COLLISION,375.26379286615224
20,HEURISTIC.SIMPLE_COLLISION,376.5257512277667
20,HEURISTIC.SIMPLE_COLLISION,375.9358545557561
20,HEURISTIC.SIMPLE_COLLISION,348.10405246265327
20,HEURISTIC.SIMPLE_COLLISION,376.1963051143166
20,HEURISTIC.SIMPLE_COLLISION,376.394387309702
20,HEURISTIC.SIMPLE_COLLISION,375.1507176523663
20,HEURISTIC.SIMPLE_COLLISION,377.2509139089975
20,HEURISTIC.SIMPLE_COLLISION,375.9889555473831
20,HEURISTIC.SIMPLE_COLLISION,376.66101723698694
20,HEURISTIC.SIMPLE_COLLISION,376.98414040276646
20,HEURISTIC.SIMPLE_COLLISION,377.4094849722785
20,HEURISTIC.SIMPLE_COLLISION,377.5023872237834
20,HEURISTIC.SIMPLE_COLLISION,377.6740446660111
20,HEURISTIC.SIMPLE_COLLISION,377.68437844070115
20,HEURISTIC.SIMPLE_COLLISION,348.1244928614341
20,HEURISTIC.SIMPLE_COLLISION,376.3651873704264
20,HEURISTIC.SIMPLE_COLLISION,376.5632695658118
20,HEURISTIC.SIMPLE_COLLISION,375.31959990847616
20,HEURISTIC.SIMPLE_COLLISION,377.41979616510736
20,HEURISTIC.SIMPLE_COLLISION,376.15783780349295
20,HEURISTIC.SIMPLE_COLLISION,376.82989949309683
20,HEURISTIC.SIMPLE_COLLISION,377.1530226588763
20,HEURISTIC.SIMPLE_COLLISION,377.57836722838834
20,HEURISTIC.SIMPLE_COLLISION,377.6712694798932
20,HEURISTIC.SIMPLE_COLLISION,377.842926922121
20,HEURISTIC.SIMPLE_COLLISION,377.85326069681105
20,HEURISTIC.SIMPLE_COLLISION,349.5350626328544
20,HEURISTIC.SIMPLE_COLLISION,377.30175323570404
20,HEURISTIC.SIMPLE_COLLISION,377.4998354310894
20,HEURISTIC.SIMPLE_COLLISION,376.2571554176663
20,HEURISTIC.SIMPLE_COLLISION,377.0944036687706
20,HEURISTIC.SIMPLE_COLLISION,378.35636203038496
20,HEURISTIC.SIMPLE_COLLISION,378.51493309366595
20,HEURISTIC.SIMPLE_COLLISION,348.4472598818064
20,HEURISTIC.SIMPLE_COLLISION,379.4512359343115
20,HEURISTIC.SIMPLE_COLLISION,379.6493181296969
20,HEURISTIC.SIMPLE_COLLISION,378.4056484723613
20,HEURISTIC.SIMPLE_COLLISION,379.2438863673781
20,HEURISTIC.SIMPLE_COLLISION,380.50584472899243
20,HEURISTIC.SIMPLE_COLLISION,379.91594805698196
20,HEURISTIC.SIMPLE_COLLISION,348.84441399712335
20,HEURISTIC.SIMPLE_COLLISION,380.58126785698437
20,HEURISTIC.SIMPLE_COLLISION,379.33858784356124
20,HEURISTIC.SIMPLE_COLLISION,380.383185661599
20,HEURISTIC.SIMPLE_COLLISION,329.9080163493043
20,HEURISTIC.SIMPLE_COLLISION,363.79957396166606
20,HEURISTIC.SIMPLE_COLLISION,364.43701348822293
20,HEURISTIC.SIMPLE_COLLISION,363.86742665434946
20,HEURISTIC.SIMPLE_COLLISION,364.4192019984911
20,HEURISTIC.SIMPLE_COLLISION,364.4742449684777
20,HEURISTIC.SIMPLE_COLLISION,363.9689992649443
20,HEURISTIC.SIMPLE_COLLISION,365.3601281735237
20,HEURISTIC.SIMPLE_COLLISION,364.1371522359318
20,HEURISTIC.SIMPLE_COLLISION,365.53754808159454
20,HEURISTIC.SIMPLE_COLLISION,365.18620523121865
20,HEURISTIC.SIMPLE_COLLISION,343.1386147178989
20,HEURISTIC.SIMPLE_COLLISION,362.91676088943836
20,HEURISTIC.SIMPLE_COLLISION,363.2243684344373
20,HEURISTIC.SIMPLE_COLLISION,362.7262317693222
20,HEURISTIC.SIMPLE_COLLISION,363.3330500834504
20,HEURISTIC.SIMPLE_COLLISION,362.827804379917
20,HEURISTIC.SIMPLE_COLLISION,363.2780071134638
20,HEURISTIC.SIMPLE_COLLISION,362.96875757933935
20,HEURISTIC.SIMPLE_COLLISION,364.04501034619136
20,HEURISTIC.SIMPLE_COLLISION,364.2189332884965
20,HEURISTIC.SIMPLE_COLLISION,364.39635319656725
20,HEURISTIC.SIMPLE_COLLISION,346.10893210991935
20,HEURISTIC.SIMPLE_COLLISION,365.25086636474305
20,HEURISTIC.SIMPLE_COLLISION,365.8168557225415
20,HEURISTIC.SIMPLE_COLLISION,365.87049440156795
20,HEURISTIC.SIMPLE_COLLISION,365.9255373715546
20,HEURISTIC.SIMPLE_COLLISION,365.3187190574264
20,HEURISTIC.SIMPLE_COLLISION,365.4202916680212
20,HEURISTIC.SIMPLE_COLLISION,365.5612448674435
20,HEURISTIC.SIMPLE_COLLISION,366.81142057660065
20,HEURISTIC.SIMPLE_COLLISION,366.6374976342956
20,HEURISTIC.SIMPLE_COLLISION,366.98884048467147
20,HEURISTIC.SIMPLE_COLLISION,345.47962039025515
20,HEURISTIC.SIMPLE_COLLISION,366.1863258297991
20,HEURISTIC.SIMPLE_COLLISION,367.0742129800856
20,HEURISTIC.SIMPLE_COLLISION,366.6533950283732
20,HEURISTIC.SIMPLE_COLLISION,366.70843799835984
20,HEURISTIC.SIMPLE_COLLISION,366.25417852248245
20,HEURISTIC.SIMPLE_COLLISION,366.20319229482647
20,HEURISTIC.SIMPLE_COLLISION,366.52390410406485
20,HEURISTIC.SIMPLE_COLLISION,367.7468800416567
20,HEURISTIC.SIMPLE_COLLISION,367.7717411114768
20,HEURISTIC.SIMPLE_COLLISION,367.4203982611009
20,HEURISTIC.SIMPLE_COLLISION,346.01760791500294
20,HEURISTIC.SIMPLE_COLLISION,367.10271938506844
20,HEURISTIC.SIMPLE_COLLISION,366.53673002727
20,HEURISTIC.SIMPLE_COLLISION,366.6045827199534
20,HEURISTIC.SIMPLE_COLLISION,366.7061553305482
20,HEURISTIC.SIMPLE_COLLISION,367.156358064095
20,HEURISTIC.SIMPLE_COLLISION,367.21140103408163
20,HEURISTIC.SIMPLE_COLLISION,366.8471085299705
20,HEURISTIC.SIMPLE_COLLISION,368.0972842391277
20,HEURISTIC.SIMPLE_COLLISION,367.9233612968226
20,HEURISTIC.SIMPLE_COLLISION,368.27470414719846
20,HEURISTIC.SIMPLE_COLLISION,345.72289118323226
20,HEURISTIC.SIMPLE_COLLISION,368.00926602849256
20,HEURISTIC.SIMPLE_COLLISION,368.3168735734915
20,HEURISTIC.SIMPLE_COLLISION,367.8187369083764
20,HEURISTIC.SIMPLE_COLLISION,368.4255552225046
20,HEURISTIC.SIMPLE_COLLISION,367.9203095189712
20,HEURISTIC.SIMPLE_COLLISION,368.370512252518
20,HEURISTIC.SIMPLE_COLLISION,368.06126271839355
20,HEURISTIC.SIMPLE_COLLISION,369.13751548524556
20,HEURISTIC.SIMPLE_COLLISION,369.3114384275507
20,HEURISTIC.SIMPLE_COLLISION,369.48885833562144
20,HEURISTIC.SIMPLE_COLLISION,346.42457046651714
20,HEURISTIC.SIMPLE_COLLISION,368.78617115854445
20,HEURISTIC.SIMPLE_COLLISION,369.674058308831
20,HEURISTIC.SIMPLE_COLLISION,369.25324035711867
20,HEURISTIC.SIMPLE_COLLISION,369.3082833271053
20,HEURISTIC.SIMPLE_COLLISION,368.8540238512279
20,HEURISTIC.SIMPLE_COLLISION,368.80303762357187
20,HEURISTIC.SIMPLE_COLLISION,369.12374943281026
20,HEURISTIC.SIMPLE_COLLISION,370.34672537040217
20,HEURISTIC.SIMPLE_COLLISION,346.4823271354685
20,HEURISTIC.SIMPLE_COLLISION,370.2357609939735
20,HEURISTIC.SIMPLE_COLLISION,369.347873843687
20,HEURISTIC.SIMPLE_COLLISION,369.6814877265487
20,HEURISTIC.SIMPLE_COLLISION,369.73653069653534
20,HEURISTIC.SIMPLE_COLLISION,369.4157265363704
20,HEURISTIC.SIMPLE_COLLISION,369.3415632156772
20,HEURISTIC.SIMPLE_COLLISION,370.9084280555447
20,HEURISTIC.SIMPLE_COLLISION,345.7520268843144
20,HEURISTIC.SIMPLE_COLLISION,370.04048134046826
20,HEURISTIC.SIMPLE_COLLISION,370.3480888854672
20,HEURISTIC.SIMPLE_COLLISION,369.84995222035207
20,HEURISTIC.SIMPLE_COLLISION,369.9515248309469
20,HEURISTIC.SIMPLE_COLLISION,370.4017275644936
20,HEURISTIC.SIMPLE_COLLISION,370.45677053448026
20,HEURISTIC.SIMPLE_COLLISION,370.0924780303692
20,HEURISTIC.SIMPLE_COLLISION,371.3426537395263
20,HEURISTIC.SIMPLE_COLLISION,371.1687307972213
20,HEURISTIC.SIMPLE_COLLISION,371.5200736475972
20,HEURISTIC.SIMPLE_COLLISION,346.511294666801
20,HEURISTIC.SIMPLE_COLLISION,371.43150354609134
20,HEURISTIC.SIMPLE_COLLISION,370.5436163958048
20,HEURISTIC.SIMPLE_COLLISION,370.6114690884882
20,HEURISTIC.SIMPLE_COLLISION,370.84884126899857
20,HEURISTIC.SIMPLE_COLLISION,370.5373057677949
20,HEURISTIC.SIMPLE_COLLISION,370.9038842389852
20,HEURISTIC.SIMPLE_COLLISION,370.8811946700706
20,HEURISTIC.SIMPLE_COLLISION,371.6158445017262
20,HEURISTIC.SIMPLE_COLLISION,350.8666475522234
20,HEURISTIC.SIMPLE_COLLISION,373.56700503858855
20,HEURISTIC.SIMPLE_COLLISION,373.765087233974
20,HEURISTIC.SIMPLE_COLLISION,372.5214175766383
20,HEURISTIC.SIMPLE_COLLISION,374.6216138332695
20,HEURISTIC.SIMPLE_COLLISION,373.35965547165506
20,HEURISTIC.SIMPLE_COLLISION,350.6445000272398
20,HEURISTIC.SIMPLE_COLLISION,374.65218352615216
20,HEURISTIC.SIMPLE_COLLISION,374.85026572153754
20,HEURISTIC.SIMPLE_COLLISION,373.6065960642019
20,HEURISTIC.SIMPLE_COLLISION,375.7067923208331
20,HEURISTIC.SIMPLE_COLLISION,374.4448339592187
20,HEURISTIC.SIMPLE_COLLISION,375.11689564882255
20,HEURISTIC.SIMPLE_COLLISION,346.435781199255
20,HEURISTIC.SIMPLE_COLLISION,375.6178670714293
20,HEURISTIC.SIMPLE_COLLISION,374.7299799211428
20,HEURISTIC.SIMPLE_COLLISION,374.79783261382624
20,HEURISTIC.SIMPLE_COLLISION,375.1738720266797
20,HEURISTIC.SIMPLE_COLLISION,374.72366929313296
20,HEURISTIC.SIMPLE_COLLISION,375.2289149966664
20,HEURISTIC.SIMPLE_COLLISION,345.69694812267034
20,HEURISTIC.SIMPLE_COLLISION,375.19150337824254
20,HEURISTIC.SIMPLE_COLLISION,375.5476870125481
20,HEURISTIC.SIMPLE_COLLISION,374.72765255494505
20,HEURISTIC.SIMPLE_COLLISION,374.8292251655398
20,HEURISTIC.SIMPLE_COLLISION,375.2794278990866
20,HEURISTIC.SIMPLE_COLLISION,375.33447086907324
20,HEURISTIC.SIMPLE_COLLISION,374.9973781365274
20,HEURISTIC.SIMPLE_COLLISION,350.1717706009279
20,HEURISTIC.SIMPLE_COLLISION,377.3130000850821
20,HEURISTIC.SIMPLE_COLLISION,377.51108228046746
20,HEURISTIC.SIMPLE_COLLISION,376.2674126231318
20,HEURISTIC.SIMPLE_COLLISION,378.367608879763
20,HEURISTIC.SIMPLE_COLLISION,377.1056505181486
20,HEURISTIC.SIMPLE_COLLISION,377.7777122077524
20,HEURISTIC.SIMPLE_COLLISION,378.10083537353194
20,HEURISTIC.SIMPLE_COLLISION,349.942584069355
20,HEURISTIC.SIMPLE_COLLISION,379.7284263350748
20,HEURISTIC.SIMPLE_COLLISION,379.9265085304602
20,HEURISTIC.SIMPLE_COLLISION,378.6828388731245
20,HEURISTIC.SIMPLE_COLLISION,380.7830351297557
20,HEURISTIC.SIMPLE_COLLISION,379.5210767681413
20,HEURISTIC.SIMPLE_COLLISION,380.19313845774514
20,HEURISTIC.SIMPLE_COLLISION,349.83033416411433
20,HEURISTIC.SIMPLE_COLLISION,380.0252959959001
20,HEURISTIC.SIMPLE_COLLISION,380.22337819128546
20,HEURISTIC.SIMPLE_COLLISION,378.97970853394986
20,HEURISTIC.SIMPLE_COLLISION,381.079904790581
20,HEURISTIC.SIMPLE_COLLISION,379.8179464289666
20,HEURISTIC.SIMPLE_COLLISION,380.4900081185705
20,HEURISTIC.SIMPLE_COLLISION,381.23847585386204
20,HEURISTIC.SIMPLE_COLLISION,349.0132187335122
20,HEURISTIC.SIMPLE_COLLISION,379.619074012852
20,HEURISTIC.SIMPLE_COLLISION,378.3763939994289
20,HEURISTIC.SIMPLE_COLLISION,379.42099181746664
20,HEURISTIC.SIMPLE_COLLISION,379.2136422505332
20,HEURISTIC.SIMPLE_COLLISION,351.1314629864712
20,HEURISTIC.SIMPLE_COLLISION,381.7723062328164
20,HEURISTIC.SIMPLE_COLLISION,381.9703884282018
20,HEURISTIC.SIMPLE_COLLISION,380.72770841477865
20,HEURISTIC.SIMPLE_COLLISION,350.0436602354232
20,HEURISTIC.SIMPLE_COLLISION,381.61594174342054
20,HEURISTIC.SIMPLE_COLLISION,381.8140239388059
20,HEURISTIC.SIMPLE_COLLISION,380.5703542814703
20,HEURISTIC.SIMPLE_COLLISION,381.4085921764871
20,HEURISTIC.SIMPLE_COLLISION,349.70045281627006
20,HEURISTIC.SIMPLE_COLLISION,382.371667306949
20,HEURISTIC.SIMPLE_COLLISION,382.5697495023344
20,HEURISTIC.SIMPLE_COLLISION,381.32607984499873
20,HEURISTIC.SIMPLE_COLLISION,383.4262761016299
20,HEURISTIC.SIMPLE_COLLISION,349.7208932150509
20,HEURISTIC.SIMPLE_COLLISION,382.6055871982719
20,HEURISTIC.SIMPLE_COLLISION,382.80366939365734
20,HEURISTIC.SIMPLE_COLLISION,381.5599997363217
20,HEURISTIC.SIMPLE_COLLISION,383.6601959929529
20,HEURISTIC.SIMPLE_COLLISION,350.44081435074014
20,HEURISTIC.SIMPLE_COLLISION,328.8341022784871
20,HEURISTIC.SIMPLE_COLLISION,363.2299187554079
20,HEURISTIC.SIMPLE_COLLISION,363.8673582819647
20,HEURISTIC.SIMPLE_COLLISION,363.2977714480912
20,HEURISTIC.SIMPLE_COLLISION,363.8495467922328
20,HEURISTIC.SIMPLE_COLLISION,363.9045897622194
20,HEURISTIC.SIMPLE_COLLISION,363.39934405868604
20,HEURISTIC.SIMPLE_COLLISION,364.7904729672655
20,HEURISTIC.SIMPLE_COLLISION,363.56749702967363
20,HEURISTIC.SIMPLE_COLLISION,364.9678928753363
20,HEURISTIC.SIMPLE_COLLISION,364.6165500249604
20,HEURISTIC.SIMPLE_COLLISION,343.825839378973
20,HEURISTIC.SIMPLE_COLLISION,362.35937496043766
20,HEURISTIC.SIMPLE_COLLISION,362.6669825054366
20,HEURISTIC.SIMPLE_COLLISION,362.1688458403215
20,HEURISTIC.SIMPLE_COLLISION,362.7756641544497
20,HEURISTIC.SIMPLE_COLLISION,362.2704184509163
20,HEURISTIC.SIMPLE_COLLISION,362.7206211844631
20,HEURISTIC.SIMPLE_COLLISION,362.41137165033865
20,HEURISTIC.SIMPLE_COLLISION,363.48762441719066
20,HEURISTIC.SIMPLE_COLLISION,363.6615473594958
20,HEURISTIC.SIMPLE_COLLISION,363.83896726756655
20,HEURISTIC.SIMPLE_COLLISION,346.6321060449715
20,HEURISTIC.SIMPLE_COLLISION,364.6965396721648
20,HEURISTIC.SIMPLE_COLLISION,365.2625290299633
20,HEURISTIC.SIMPLE_COLLISION,365.3161677089898
20,HEURISTIC.SIMPLE_COLLISION,365.37121067897647
20,HEURISTIC.SIMPLE_COLLISION,364.7643923648482
20,HEURISTIC.SIMPLE_COLLISION,364.86596497544303
20,HEURISTIC.SIMPLE_COLLISION,365.00691817486535
20,HEURISTIC.SIMPLE_COLLISION,366.2570938840225
20,HEURISTIC.SIMPLE_COLLISION,366.0831709417174
20,HEURISTIC.SIMPLE_COLLISION,366.4345137920933
20,HEURISTIC.SIMPLE_COLLISION,346.16684505132923
20,HEURISTIC.SIMPLE_COLLISION,365.6054808344322
20,HEURISTIC.SIMPLE_COLLISION,366.4933679847187
20,HEURISTIC.SIMPLE_COLLISION,366.07255003300634
20,HEURISTIC.SIMPLE_COLLISION,366.12759300299297
20,HEURISTIC.SIMPLE_COLLISION,365.6733335271156
20,HEURISTIC.SIMPLE_COLLISION,365.6223472994596
20,HEURISTIC.SIMPLE_COLLISION,365.943059108698
20,HEURISTIC.SIMPLE_COLLISION,367.16603504628984
20,HEURISTIC.SIMPLE_COLLISION,367.1908961161099
20,HEURISTIC.SIMPLE_COLLISION,366.839553265734
20,HEURISTIC.SIMPLE_COLLISION,346.27422538306826
20,HEURISTIC.SIMPLE_COLLISION,366.40540407111723
20,HEURISTIC.SIMPLE_COLLISION,365.8394147133188
20,HEURISTIC.SIMPLE_COLLISION,365.9072674060022
20,HEURISTIC.SIMPLE_COLLISION,366.008840016597
20,HEURISTIC.SIMPLE_COLLISION,366.4590427501438
20,HEURISTIC.SIMPLE_COLLISION,366.5140857201304
20,HEURISTIC.SIMPLE_COLLISION,366.1497932160193
20,HEURISTIC.SIMPLE_COLLISION,367.3999689251765
20,HEURISTIC.SIMPLE_COLLISION,367.22604598287137
20,HEURISTIC.SIMPLE_COLLISION,367.57738883324726
20,HEURISTIC.SIMPLE_COLLISION,345.9795086512976
20,HEURISTIC.SIMPLE_COLLISION,366.9765032600947
20,HEURISTIC.SIMPLE_COLLISION,367.28411080509363
20,HEURISTIC.SIMPLE_COLLISION,366.7859741399785
20,HEURISTIC.SIMPLE_COLLISION,367.39279245410677
20,HEURISTIC.SIMPLE_COLLISION,366.8875467505734
20,HEURISTIC.SIMPLE_COLLISION,367.3377494841201
20,HEURISTIC.SIMPLE_COLLISION,367.02849994999565
20,HEURISTIC.SIMPLE_COLLISION,368.10475271684777
20,HEURISTIC.SIMPLE_COLLISION,368.2786756591528
20,HEURISTIC.SIMPLE_COLLISION,368.45609556722366
20,HEURISTIC.SIMPLE_COLLISION,347.1117951275911
20,HEURISTIC.SIMPLE_COLLISION,368.06963340966865
20,HEURISTIC.SIMPLE_COLLISION,368.9575205599551
20,HEURISTIC.SIMPLE_COLLISION,368.53670260824276
20,HEURISTIC.SIMPLE_COLLISION,368.5917455782294
20,HEURISTIC.SIMPLE_COLLISION,368.137486102352
20,HEURISTIC.SIMPLE_COLLISION,368.086499874696
20,HEURISTIC.SIMPLE_COLLISION,368.4072116839344
20,HEURISTIC.SIMPLE_COLLISION,369.63018762152626
20,HEURISTIC.SIMPLE_COLLISION,369.65504869134634
20,HEURISTIC.SIMPLE_COLLISION,369.30370584097045
20,HEURISTIC.SIMPLE_COLLISION,347.1695517965426
20,HEURISTIC.SIMPLE_COLLISION,369.49246023420926
20,HEURISTIC.SIMPLE_COLLISION,368.6045730839228
20,HEURISTIC.SIMPLE_COLLISION,368.93818696678443
20,HEURISTIC.SIMPLE_COLLISION,368.99322993677106
20,HEURISTIC.SIMPLE_COLLISION,368.67242577660613
20,HEURISTIC.SIMPLE_COLLISION,368.59826245591285
20,HEURISTIC.SIMPLE_COLLISION,370.1651272957804
20,HEURISTIC.SIMPLE_COLLISION,368.94215135818854
20,HEURISTIC.SIMPLE_COLLISION,370.05653304988795
20,HEURISTIC.SIMPLE_COLLISION,369.70519019951206
20,HEURISTIC.SIMPLE_COLLISION,346.0086443523797
20,HEURISTIC.SIMPLE_COLLISION,369.15580005694346
20,HEURISTIC.SIMPLE_COLLISION,369.4634076019423
20,HEURISTIC.SIMPLE_COLLISION,368.96527093682727
20,HEURISTIC.SIMPLE_COLLISION,369.0668435474221
20,HEURISTIC.SIMPLE_COLLISION,369.5170462809689
20,HEURISTIC.SIMPLE_COLLISION,369.5720892509555
20,HEURISTIC.SIMPLE_COLLISION,369.2077967468444
20,HEURISTIC.SIMPLE_COLLISION,370.4579724560016
20,HEURISTIC.SIMPLE_COLLISION,370.28404951369646
20,HEURISTIC.SIMPLE_COLLISION,370.63539236407235
20,HEURISTIC.SIMPLE_COLLISION,350.90111749530513
20,HEURISTIC.SIMPLE_COLLISION,371.73084162486657
20,HEURISTIC.SIMPLE_COLLISION,371.92892382025195
20,HEURISTIC.SIMPLE_COLLISION,370.6852541629163
20,HEURISTIC.SIMPLE_COLLISION,372.7854504195475
20,HEURISTIC.SIMPLE_COLLISION,371.52349205793314
20,HEURISTIC.SIMPLE_COLLISION,372.19555374753696
20,HEURISTIC.SIMPLE_COLLISION,373.0369237343334
20,HEURISTIC.SIMPLE_COLLISION,351.1232650202887
20,HEURISTIC.SIMPLE_COLLISION,372.306168189573
20,HEURISTIC.SIMPLE_COLLISION,372.50425038495837
20,HEURISTIC.SIMPLE_COLLISION,371.2605807276227
20,HEURISTIC.SIMPLE_COLLISION,373.3607769842539
20,HEURISTIC.SIMPLE_COLLISION,372.09881862263956
20,HEURISTIC.SIMPLE_COLLISION,373.5193480475349
20,HEURISTIC.SIMPLE_COLLISION,372.77088031224343
20,HEURISTIC.SIMPLE_COLLISION,373.61225029903983
20,HEURISTIC.SIMPLE_COLLISION,345.9535655907357
20,HEURISTIC.SIMPLE_COLLISION,371.21680241854864
20,HEURISTIC.SIMPLE_COLLISION,371.5729860528542
20,HEURISTIC.SIMPLE_COLLISION,370.75295159525115
20,HEURISTIC.SIMPLE_COLLISION,370.8545242058459
20,HEURISTIC.SIMPLE_COLLISION,371.3047269393927
20,HEURISTIC.SIMPLE_COLLISION,371.35976990937934
20,HEURISTIC.SIMPLE_COLLISION,371.0226771768335
20,HEURISTIC.SIMPLE_COLLISION,372.2456531144254
20,HEURISTIC.SIMPLE_COLLISION,372.0717301721203
20,HEURISTIC.SIMPLE_COLLISION,347.19851932787503
20,HEURISTIC.SIMPLE_COLLISION,372.6796757760168
20,HEURISTIC.SIMPLE_COLLISION,371.79178862573025
20,HEURISTIC.DILIGENT,180.52234342273442
20,HEURISTIC.DILIGENT,331.50081225076536
20,HEURISTIC.DILIGENT,331.2140494149528
20,HEURISTIC.DILIGENT,330.2571425934297
20,HEURISTIC.DILIGENT,331.3027300553799
20,HEURISTIC.DILIGENT,332.3573388500609
20,HEURISTIC.DILIGENT,332.51590991334194
20,HEURISTIC.DILIGENT,332.1513254776554
20,HEURISTIC.DILIGENT,332.42764478701895
20,HEURISTIC.DILIGENT,332.78046960707456
20,HEURISTIC.DILIGENT,332.697363470612
20,HEURISTIC.DILIGENT,332.7908033817646
20,HEURISTIC.DILIGENT,318.0405500520293
20,HEURISTIC.DILIGENT,332.5654786211664
20,HEURISTIC.DILIGENT,332.57284932482526
20,HEURISTIC.DILIGENT,332.1409364105416
20,HEURISTIC.DILIGENT,332.8481582956257
20,HEURISTIC.DILIGENT,333.0858864868036
20,HEURISTIC.DILIGENT,333.3216438260699
20,HEURISTIC.DILIGENT,333.7854343583283
20,HEURISTIC.DILIGENT,333.8073308062175
20,HEURISTIC.DILIGENT,334.0617536676918
20,HEURISTIC.DILIGENT,334.1216885137103
20,HEURISTIC.DILIGENT,334.21447929238934
20,HEURISTIC.DILIGENT,317.8799258781712
20,HEURISTIC.DILIGENT,332.5998932256431
20,HEURISTIC.DILIGENT,332.60726392930195
20,HEURISTIC.DILIGENT,332.17535101501835
20,HEURISTIC.DILIGENT,332.88257290010233
20,HEURISTIC.DILIGENT,333.1203010912802
20,HEURISTIC.DILIGENT,333.35605843054657
20,HEURISTIC.DILIGENT,333.819848962805
20,HEURISTIC.DILIGENT,333.8417454106942
20,HEURISTIC.DILIGENT,334.0961682721685
20,HEURISTIC.DILIGENT,334.15610311818705
20,HEURISTIC.DILIGENT,334.24889389686604
20,HEURISTIC.DILIGENT,317.84299929481506
20,HEURISTIC.DILIGENT,332.6830052406832
20,HEURISTIC.DILIGENT,332.690375944342
20,HEURISTIC.DILIGENT,332.35043710140565
20,HEURISTIC.DILIGENT,332.96568491514245
20,HEURISTIC.DILIGENT,333.2953871776676
20,HEURISTIC.DILIGENT,333.53114451693386
20,HEURISTIC.DILIGENT,333.90296097784505
20,HEURISTIC.DILIGENT,333.92485742573433
20,HEURISTIC.DILIGENT,334.1792802872086
20,HEURISTIC.DILIGENT,334.23921513322716
20,HEURISTIC.DILIGENT,334.3320059119061
20,HEURISTIC.DILIGENT,317.97526116226487
20,HEURISTIC.DILIGENT,332.10360058843236
20,HEURISTIC.DILIGENT,332.1109712920912
20,HEURISTIC.DILIGENT,331.67905837780756
20,HEURISTIC.DILIGENT,332.38628026289166
20,HEURISTIC.DILIGENT,332.62400845406955
20,HEURISTIC.DILIGENT,332.85976579333584
20,HEURISTIC.DILIGENT,333.32355632559427
20,HEURISTIC.DILIGENT,333.3454527734835
20,HEURISTIC.DILIGENT,333.59987563495775
20,HEURISTIC.DILIGENT,333.65981048097626
20,HEURISTIC.DILIGENT,333.7526012596553
20,HEURISTIC.DILIGENT,319.04730745922484
20,HEURISTIC.DILIGENT,333.6355610918491
20,HEURISTIC.DILIGENT,332.39189143451347
20,HEURISTIC.DILIGENT,333.68393967066027
20,HEURISTIC.DILIGENT,333.43747889646374
20,HEURISTIC.DILIGENT,334.49208769114466
20,HEURISTIC.DILIGENT,334.65065875442565
20,HEURISTIC.DILIGENT,334.6212157333629
20,HEURISTIC.DILIGENT,334.8975350427264
20,HEURISTIC.DILIGENT,334.9152184481583
20,HEURISTIC.DILIGENT,335.0502606674239
20,HEURISTIC.DILIGENT,335.03083344320373
20,HEURISTIC.DILIGENT,317.8411529245268
20,HEURISTIC.DILIGENT,332.905664849746
20,HEURISTIC.DILIGENT,332.9130355534049
20,HEURISTIC.DILIGENT,332.4811226391213
20,HEURISTIC.DILIGENT,333.19159750823917
20,HEURISTIC.DILIGENT,333.42607271538316
20,HEURISTIC.DILIGENT,333.6618300546495
20,HEURISTIC.DILIGENT,334.1256205869079
20,HEURISTIC.DILIGENT,334.1475170347972
20,HEURISTIC.DILIGENT,334.4019398962714
20,HEURISTIC.DILIGENT,334.46187474229
20,HEURISTIC.DILIGENT,334.55466552096897
20,HEURISTIC.DILIGENT,319.1051851415192
20,HEURISTIC.DILIGENT,334.45822931435134
20,HEURISTIC.DILIGENT,333.2145596570157
20,HEURISTIC.DILIGENT,334.3311843073028
20,HEURISTIC.DILIGENT,334.2601471189659
20,HEURISTIC.DILIGENT,335.3147559136469
20,HEURISTIC.DILIGENT,335.47332697692786
20,HEURISTIC.DILIGENT,335.2684603700054
20,HEURISTIC.DILIGENT,335.5447796793689
20,HEURISTIC.DILIGENT,335.7378866706605
20,HEURISTIC.DILIGENT,335.69776430696106
20,HEURISTIC.DILIGENT,335.7482204453505
20,HEURISTIC.DILIGENT,318.7901408368543
20,HEURISTIC.DILIGENT,332.6487997100255
20,HEURISTIC.DILIGENT,333.965824873671
20,HEURISTIC.DILIGENT,333.6943871719758
20,HEURISTIC.DILIGENT,334.08756700694096
20,HEURISTIC.DILIGENT,334.7489959666567
20,HEURISTIC.DILIGENT,334.9075670299377
20,HEURISTIC.DILIGENT,335.02484306964357
20,HEURISTIC.DILIGENT,335.2219121486469
20,HEURISTIC.DILIGENT,335.3011623790071
20,HEURISTIC.DILIGENT,335.3610972250256
20,HEURISTIC.DILIGENT,335.4538880037046
20,HEURISTIC.DILIGENT,319.1973791118447
20,HEURISTIC.DILIGENT,335.18493287177506
20,HEURISTIC.DILIGENT,334.8981700359625
20,HEURISTIC.DILIGENT,333.9412632144394
20,HEURISTIC.DILIGENT,334.9868506763896
20,HEURISTIC.DILIGENT,336.0414594710706
20,HEURISTIC.DILIGENT,336.20003053435164
20,HEURISTIC.DILIGENT,335.8354460986651
20,HEURISTIC.DILIGENT,336.11176540802865
20,HEURISTIC.DILIGENT,336.46459022808426
20,HEURISTIC.DILIGENT,336.3814840916217
20,HEURISTIC.DILIGENT,336.4749240027743
20,HEURISTIC.DILIGENT,319.22504720981374
20,HEURISTIC.DILIGENT,335.1803186518691
20,HEURISTIC.DILIGENT,334.9048354581512
20,HEURISTIC.DILIGENT,333.93664899453347
20,HEURISTIC.DILIGENT,334.9822364564837
20,HEURISTIC.DILIGENT,336.0368452511646
20,HEURISTIC.DILIGENT,336.19541631444565
20,HEURISTIC.DILIGENT,335.8421115208538
20,HEURISTIC.DILIGENT,336.1184308302173
20,HEURISTIC.DILIGENT,336.45997600817833
20,HEURISTIC.DILIGENT,336.3881495138104
20,HEURISTIC.DILIGENT,336.4703097828683
20,HEURISTIC.DILIGENT,300.8855104906377
20,HEURISTIC.DILIGENT,328.7502667370426
20,HEURISTIC.DILIGENT,328.46350390123
20,HEURISTIC.DILIGENT,327.5065970797069
20,HEURISTIC.DILIGENT,328.5521845416572
20,HEURISTIC.DILIGENT,329.6067933363381
20,HEURISTIC.DILIGENT,329.7653643996191
20,HEURISTIC.DILIGENT,329.4007799639326
20,HEURISTIC.DILIGENT,329.6770992732961
20,HEURISTIC.DILIGENT,330.0299240933518
20,HEURISTIC.DILIGENT,329.9468179568892
20,HEURISTIC.DILIGENT,330.04025786804175
20,HEURISTIC.DILIGENT,316.88782250191974
20,HEURISTIC.DILIGENT,329.8149331074436
20,HEURISTIC.DILIGENT,329.8223038111025
20,HEURISTIC.DILIGENT,329.3903908968189
20,HEURISTIC.DILIGENT,330.09761278190285
20,HEURISTIC.DILIGENT,330.33534097308075
20,HEURISTIC.DILIGENT,330.5710983123471
20,HEURISTIC.DILIGENT,331.03488884460546
20,HEURISTIC.DILIGENT,331.05678529249474
20,HEURISTIC.DILIGENT,331.311208153969
20,HEURISTIC.DILIGENT,331.37114299998757
20,HEURISTIC.DILIGENT,331.46393377866656
20,HEURISTIC.DILIGENT,316.8225336121553
20,HEURISTIC.DILIGENT,329.35305507470963
20,HEURISTIC.DILIGENT,329.3604257783685
20,HEURISTIC.DILIGENT,328.92851286408484
20,HEURISTIC.DILIGENT,329.63573474916893
20,HEURISTIC.DILIGENT,329.8734629403468
20,HEURISTIC.DILIGENT,330.1092202796131
20,HEURISTIC.DILIGENT,330.57301081187154
20,HEURISTIC.DILIGENT,330.59490725976076
20,HEURISTIC.DILIGENT,330.849330121235
20,HEURISTIC.DILIGENT,330.90926496725353
20,HEURISTIC.DILIGENT,331.0020557459326
20,HEURISTIC.DILIGENT,316.8451053016489
20,HEURISTIC.DILIGENT,330.0851616590948
20,HEURISTIC.DILIGENT,330.0925323627537
20,HEURISTIC.DILIGENT,329.66061944847
20,HEURISTIC.DILIGENT,330.3678413335541
20,HEURISTIC.DILIGENT,330.605569524732
20,HEURISTIC.DILIGENT,330.8413268639983
20,HEURISTIC.DILIGENT,331.3051173962567
20,HEURISTIC.DILIGENT,331.327013844146
20,HEURISTIC.DILIGENT,331.5814367056202
20,HEURISTIC.DILIGENT,331.6413715516387
20,HEURISTIC.DILIGENT,331.73416233031776
20,HEURISTIC.DILIGENT,317.00558114795126
20,HEURISTIC.DILIGENT,330.56307853345186
20,HEURISTIC.DILIGENT,330.57044923711067
20,HEURISTIC.DILIGENT,330.2305103941743
20,HEURISTIC.DILIGENT,330.8457582079111
20,HEURISTIC.DILIGENT,331.17546047043624
20,HEURISTIC.DILIGENT,331.4112178097025
20,HEURISTIC.DILIGENT,331.7830342706137
20,HEURISTIC.DILIGENT,331.804930718503
20,HEURISTIC.DILIGENT,332.05935357997726
20,HEURISTIC.DILIGENT,332.1192884259958
20,HEURISTIC.DILIGENT,332.21207920467475
20,HEURISTIC.DILIGENT,316.827602692058
20,HEURISTIC.DILIGENT,330.29119421520113
20,HEURISTIC.DILIGENT,330.29856491886
20,HEURISTIC.DILIGENT,329.8666520045764
20,HEURISTIC.DILIGENT,330.5771268736943
20,HEURISTIC.DILIGENT,330.81160208083827
20,HEURISTIC.DILIGENT,331.0473594201046
20,HEURISTIC.DILIGENT,331.51114995236304
20,HEURISTIC.DILIGENT,331.5330464002523
20,HEURISTIC.DILIGENT,331.7874692617265
20,HEURISTIC.DILIGENT,331.8474041077451
20,HEURISTIC.DILIGENT,331.9401948864241
20,HEURISTIC.DILIGENT,318.3958932558869
20,HEURISTIC.DILIGENT,331.8876422716696
20,HEURISTIC.DILIGENT,330.64397261433396
20,HEURISTIC.DILIGENT,331.93602085048076
20,HEURISTIC.DILIGENT,331.68956007628424
20,HEURISTIC.DILIGENT,332.74416887096515
20,HEURISTIC.DILIGENT,332.90273993424614
20,HEURISTIC.DILIGENT,332.87329691318337
20,HEURISTIC.DILIGENT,333.1496162225469
20,HEURISTIC.DILIGENT,333.1672996279788
20,HEURISTIC.DILIGENT,333.3023418472444
20,HEURISTIC.DILIGENT,333.2829146230242
20,HEURISTIC.DILIGENT,318.45377093818126
20,HEURISTIC.DILIGENT,332.7103104941717
20,HEURISTIC.DILIGENT,331.46664083683606
20,HEURISTIC.DILIGENT,332.5832654871232
20,HEURISTIC.DILIGENT,332.51222829878634
20,HEURISTIC.DILIGENT,333.56683709346726
20,HEURISTIC.DILIGENT,333.72540815674824
20,HEURISTIC.DILIGENT,333.52054154982585
20,HEURISTIC.DILIGENT,333.79686085918934
20,HEURISTIC.DILIGENT,333.989967850481
20,HEURISTIC.DILIGENT,333.9498454867815
20,HEURISTIC.DILIGENT,334.00030162517095
20,HEURISTIC.DILIGENT,318.1387266335164
20,HEURISTIC.DILIGENT,330.5401603904188
20,HEURISTIC.DILIGENT,331.8571855540643
20,HEURISTIC.DILIGENT,331.5857478523691
20,HEURISTIC.DILIGENT,331.97892768733425
20,HEURISTIC.DILIGENT,332.64035664705
20,HEURISTIC.DILIGENT,332.798927710331
20,HEURISTIC.DILIGENT,332.91620375003686
20,HEURISTIC.DILIGENT,333.11327282904017
20,HEURISTIC.DILIGENT,333.1925230594004
20,HEURISTIC.DILIGENT,333.2524579054189
20,HEURISTIC.DILIGENT,333.3452486840979
20,HEURISTIC.DILIGENT,318.5459649085068
20,HEURISTIC.DILIGENT,333.43701405159555
20,HEURISTIC.DILIGENT,333.150251215783
20,HEURISTIC.DILIGENT,332.1933443942599
20,HEURISTIC.DILIGENT,333.2389318562101
20,HEURISTIC.DILIGENT,334.2935406508911
20,HEURISTIC.DILIGENT,334.45211171417213
20,HEURISTIC.DILIGENT,334.0875272784856
20,HEURISTIC.DILIGENT,334.36384658784914
20,HEURISTIC.DILIGENT,334.71667140790476
20,HEURISTIC.DILIGENT,334.6335652714422
20,HEURISTIC.DILIGENT,334.7270051825948
20,HEURISTIC.DILIGENT,318.5736330064758
20,HEURISTIC.DILIGENT,333.4323998316895
20,HEURISTIC.DILIGENT,333.15691663797156
20,HEURISTIC.DILIGENT,332.18873017435385
20,HEURISTIC.DILIGENT,333.2343176363041
20,HEURISTIC.DILIGENT,334.28892643098504
20,HEURISTIC.DILIGENT,334.44749749426603
20,HEURISTIC.DILIGENT,334.0941927006742
20,HEURISTIC.DILIGENT,334.3705120100377
20,HEURISTIC.DILIGENT,334.71205718799877
20,HEURISTIC.DILIGENT,334.6402306936308
20,HEURISTIC.DILIGENT,334.72239096268873
20,HEURISTIC.DILIGENT,304.2564870531485
20,HEURISTIC.DILIGENT,332.125663894807
20,HEURISTIC.DILIGENT,331.83890105899445
20,HEURISTIC.DILIGENT,330.88199423747136
20,HEURISTIC.DILIGENT,331.9275816994216
20,HEURISTIC.DILIGENT,332.98219049410255
20,HEURISTIC.DILIGENT,333.1407615573836
20,HEURISTIC.DILIGENT,332.77617712169706
20,HEURISTIC.DILIGENT,333.0524964310606
20,HEURISTIC.DILIGENT,333.4053212511162
20,HEURISTIC.DILIGENT,333.32221511465366
20,HEURISTIC.DILIGENT,333.41565502580625
20,HEURISTIC.DILIGENT,318.5799416760556
20,HEURISTIC.DILIGENT,333.19033026520805
20,HEURISTIC.DILIGENT,333.1977009688669
20,HEURISTIC.DILIGENT,332.76578805458325
20,HEURISTIC.DILIGENT,333.47300993966735
20,HEURISTIC.DILIGENT,333.71073813084524
20,HEURISTIC.DILIGENT,333.94649547011153
20,HEURISTIC.DILIGENT,334.41028600236996
20,HEURISTIC.DILIGENT,334.4321824502592
20,HEURISTIC.DILIGENT,334.68660531173344
20,HEURISTIC.DILIGENT,334.74654015775195
20,HEURISTIC.DILIGENT,334.839330936431
20,HEURISTIC.DILIGENT,318.5146527862912
20,HEURISTIC.DILIGENT,332.728452232474
20,HEURISTIC.DILIGENT,332.7358229361329
20,HEURISTIC.DILIGENT,332.3039100218492
20,HEURISTIC.DILIGENT,333.0111319069333
20,HEURISTIC.DILIGENT,333.2488600981112
20,HEURISTIC.DILIGENT,333.4846174373775
20,HEURISTIC.DILIGENT,333.9484079696359
20,HEURISTIC.DILIGENT,333.97030441752514
20,HEURISTIC.DILIGENT,334.2247272789994
20,HEURISTIC.DILIGENT,334.2846621250179
20,HEURISTIC.DILIGENT,334.37745290369696
20,HEURISTIC.DILIGENT,318.5372244757848
20,HEURISTIC.DILIGENT,333.46055881685925
20,HEURISTIC.DILIGENT,333.4679295205181
20,HEURISTIC.DILIGENT,333.0360166062345
20,HEURISTIC.DILIGENT,333.7432384913185
20,HEURISTIC.DILIGENT,333.9809666824964
20,HEURISTIC.DILIGENT,334.21672402176273
20,HEURISTIC.DILIGENT,334.68051455402116
20,HEURISTIC.DILIGENT,334.7024110019104
20,HEURISTIC.DILIGENT,334.95683386338465
20,HEURISTIC.DILIGENT,335.0167687094032
20,HEURISTIC.DILIGENT,335.1095594880822
20,HEURISTIC.DILIGENT,318.60794978199874
20,HEURISTIC.DILIGENT,333.7589746110395
20,HEURISTIC.DILIGENT,333.76634531469836
20,HEURISTIC.DILIGENT,333.42640647176194
20,HEURISTIC.DILIGENT,334.04165428549874
20,HEURISTIC.DILIGENT,334.37135654802387
20,HEURISTIC.DILIGENT,334.6071138872902
20,HEURISTIC.DILIGENT,334.9789303482014
20,HEURISTIC.DILIGENT,335.0008267960906
20,HEURISTIC.DILIGENT,335.2552496575649
20,HEURISTIC.DILIGENT,335.3151845035834
20,HEURISTIC.DILIGENT,335.40797528226244
20,HEURISTIC.DILIGENT,319.8122579464085
20,HEURISTIC.DILIGENT,334.7115304622054
20,HEURISTIC.DILIGENT,333.4678608048698
20,HEURISTIC.DILIGENT,334.75990904101656
20,HEURISTIC.DILIGENT,334.51344826682003
20,HEURISTIC.DILIGENT,335.56805706150095
20,HEURISTIC.DILIGENT,335.726628124782
20,HEURISTIC.DILIGENT,335.6971851037192
20,HEURISTIC.DILIGENT,335.9735044130827
20,HEURISTIC.DILIGENT,335.9911878185146
20,HEURISTIC.DILIGENT,336.12623003778026
20,HEURISTIC.DILIGENT,336.10680281356
20,HEURISTIC.DILIGENT,318.5197218661939
20,HEURISTIC.DILIGENT,333.6665913729656
20,HEURISTIC.DILIGENT,333.67396207662443
20,HEURISTIC.DILIGENT,333.2420491623408
20,HEURISTIC.DILIGENT,333.95252403145867
20,HEURISTIC.DILIGENT,334.18699923860277
20,HEURISTIC.DILIGENT,334.42275657786905
20,HEURISTIC.DILIGENT,334.8865471101275
20,HEURISTIC.DILIGENT,334.90844355801676
20,HEURISTIC.DILIGENT,335.162866419491
20,HEURISTIC.DILIGENT,335.22280126550953
20,HEURISTIC.DILIGENT,335.3155920441885
20,HEURISTIC.DILIGENT,319.8701356287029
20,HEURISTIC.DILIGENT,335.5341986847076
20,HEURISTIC.DILIGENT,334.2905290273719
20,HEURISTIC.DILIGENT,335.40715367765904
20,HEURISTIC.DILIGENT,335.3361164893222
20,HEURISTIC.DILIGENT,336.3907252840031
20,HEURISTIC.DILIGENT,336.5492963472841
20,HEURISTIC.DILIGENT,336.3444297403617
20,HEURISTIC.DILIGENT,336.6207490497252
20,HEURISTIC.DILIGENT,336.81385604101683
20,HEURISTIC.DILIGENT,336.77373367731735
20,HEURISTIC.DILIGENT,336.8241898157068
20,HEURISTIC.DILIGENT,319.5550913240379
20,HEURISTIC.DILIGENT,333.7247690803818
20,HEURISTIC.DILIGENT,335.0417942440273
20,HEURISTIC.DILIGENT,334.770356542332
20,HEURISTIC.DILIGENT,335.16353637729725
20,HEURISTIC.DILIGENT,335.824965337013
20,HEURISTIC.DILIGENT,335.983536400294
20,HEURISTIC.DILIGENT,336.10081243999986
20,HEURISTIC.DILIGENT,336.2978815190031
20,HEURISTIC.DILIGENT,336.37713174936334
20,HEURISTIC.DILIGENT,336.4370665953819
20,HEURISTIC.DILIGENT,336.52985737406095
20,HEURISTIC.DILIGENT,319.9623295990284
20,HEURISTIC.DILIGENT,336.26090224213135
20,HEURISTIC.DILIGENT,335.9741394063188
20,HEURISTIC.DILIGENT,335.0172325847957
20,HEURISTIC.DILIGENT,336.06282004674597
20,HEURISTIC.DILIGENT,337.1174288414269
20,HEURISTIC.DILIGENT,337.2759999047079
20,HEURISTIC.DILIGENT,336.9114154690214
20,HEURISTIC.DILIGENT,337.1877347783849
20,HEURISTIC.DILIGENT,337.54055959844055
20,HEURISTIC.DILIGENT,337.457453461978
20,HEURISTIC.DILIGENT,337.5508933731305
20,HEURISTIC.DILIGENT,319.98999769699736
20,HEURISTIC.DILIGENT,336.2562880222253
20,HEURISTIC.DILIGENT,335.9808048285074
20,HEURISTIC.DILIGENT,335.0126183648897
20,HEURISTIC.DILIGENT,336.0582058268399
20,HEURISTIC.DILIGENT,337.11281462152084
20,HEURISTIC.DILIGENT,337.2713856848019
20,HEURISTIC.DILIGENT,336.91808089121
20,HEURISTIC.DILIGENT,337.1944002005735
20,HEURISTIC.DILIGENT,337.53594537853456
20,HEURISTIC.DILIGENT,337.4641188841666
20,HEURISTIC.DILIGENT,337.54627915322453
20,HEURISTIC.DILIGENT,302.7130691791985
20,HEURISTIC.DILIGENT,330.66924702656036
20,HEURISTIC.DILIGENT,330.3824841907478
20,HEURISTIC.DILIGENT,329.4255773692247
20,HEURISTIC.DILIGENT,330.471164831175
20,HEURISTIC.DILIGENT,331.5257736258559
20,HEURISTIC.DILIGENT,331.6843446891369
20,HEURISTIC.DILIGENT,331.3197602534504
20,HEURISTIC.DILIGENT,331.5960795628139
20,HEURISTIC.DILIGENT,331.94890438286956
20,HEURISTIC.DILIGENT,331.865798246407
20,HEURISTIC.DILIGENT,331.9592381575595
20,HEURISTIC.DILIGENT,317.79079971423516
20,HEURISTIC.DILIGENT,331.4380443301604
20,HEURISTIC.DILIGENT,331.44541503381924
20,HEURISTIC.DILIGENT,331.0135021195356
20,HEURISTIC.DILIGENT,331.7207240046197
20,HEURISTIC.DILIGENT,331.9584521957976
20,HEURISTIC.DILIGENT,332.19420953506386
20,HEURISTIC.DILIGENT,332.6580000673223
20,HEURISTIC.DILIGENT,332.6798965152115
20,HEURISTIC.DILIGENT,332.9343193766858
20,HEURISTIC.DILIGENT,332.9942542227043
20,HEURISTIC.DILIGENT,333.08704500138333
20,HEURISTIC.DILIGENT,317.6198632237473
20,HEURISTIC.DILIGENT,331.45183430137746
20,HEURISTIC.DILIGENT,331.4592050050363
20,HEURISTIC.DILIGENT,331.02729209075267
20,HEURISTIC.DILIGENT,331.73451397583676
20,HEURISTIC.DILIGENT,331.97224216701466
20,HEURISTIC.DILIGENT,332.20799950628094
20,HEURISTIC.DILIGENT,332.67179003853937
20,HEURISTIC.DILIGENT,332.69368648642865
20,HEURISTIC.DILIGENT,332.94810934790286
20,HEURISTIC.DILIGENT,333.00804419392136
20,HEURISTIC.DILIGENT,333.1008349726004
20,HEURISTIC.DILIGENT,317.5829366403911
20,HEURISTIC.DILIGENT,331.5349463164176
20,HEURISTIC.DILIGENT,331.54231702007644
20,HEURISTIC.DILIGENT,331.20237817714
20,HEURISTIC.DILIGENT,331.8176259908768
20,HEURISTIC.DILIGENT,332.14732825340195
20,HEURISTIC.DILIGENT,332.3830855926683
20,HEURISTIC.DILIGENT,332.7549020535795
20,HEURISTIC.DILIGENT,332.7767985014687
20,HEURISTIC.DILIGENT,333.031221362943
20,HEURISTIC.DILIGENT,333.0911562089615
20,HEURISTIC.DILIGENT,333.1839469876405
20,HEURISTIC.DILIGENT,317.8734453578712
20,HEURISTIC.DILIGENT,331.27203536422735
20,HEURISTIC.DILIGENT,331.2794060678862
20,HEURISTIC.DILIGENT,330.8474931536026
20,HEURISTIC.DILIGENT,331.5547150386866
20,HEURISTIC.DILIGENT,331.7924432298645
20,HEURISTIC.DILIGENT,332.02820056913083
20,HEURISTIC.DILIGENT,332.49199110138926
20,HEURISTIC.DILIGENT,332.5138875492785
20,HEURISTIC.DILIGENT,332.76831041075275
20,HEURISTIC.DILIGENT,332.8282452567713
20,HEURISTIC.DILIGENT,332.9210360354503
20,HEURISTIC.DILIGENT,318.78724480480093
20,HEURISTIC.DILIGENT,332.4875021675835
20,HEURISTIC.DILIGENT,331.2438325102479
20,HEURISTIC.DILIGENT,332.53588074639464
20,HEURISTIC.DILIGENT,332.2894199721981
20,HEURISTIC.DILIGENT,333.34402876687903
20,HEURISTIC.DILIGENT,333.5025998301601
20,HEURISTIC.DILIGENT,333.4731568090973
20,HEURISTIC.DILIGENT,333.7494761184608
20,HEURISTIC.DILIGENT,333.7671595238927
20,HEURISTIC.DILIGENT,333.90220174315834
20,HEURISTIC.DILIGENT,333.8827745189381
20,HEURISTIC.DILIGENT,317.5810902701029
20,HEURISTIC.DILIGENT,331.75760592548033
20,HEURISTIC.DILIGENT,331.7649766291392
20,HEURISTIC.DILIGENT,331.3330637148556
20,HEURISTIC.DILIGENT,332.0435385839735
20,HEURISTIC.DILIGENT,332.2780137911175
20,HEURISTIC.DILIGENT,332.5137711303838
20,HEURISTIC.DILIGENT,332.97756166264224
20,HEURISTIC.DILIGENT,332.9994581105315
20,HEURISTIC.DILIGENT,333.25388097200573
20,HEURISTIC.DILIGENT,333.3138158180243
20,HEURISTIC.DILIGENT,333.4066065967033
20,HEURISTIC.DILIGENT,318.8451224870953
20,HEURISTIC.DILIGENT,333.31017039008566
20,HEURISTIC.DILIGENT,332.06650073275
20,HEURISTIC.DILIGENT,333.1831253830371
20,HEURISTIC.DILIGENT,333.1120881947003
20,HEURISTIC.DILIGENT,334.1666969893812
20,HEURISTIC.DILIGENT,334.3252680526622
20,HEURISTIC.DILIGENT,334.1204014457398
20,HEURISTIC.DILIGENT,334.3967207551033
20,HEURISTIC.DILIGENT,334.5898277463949
20,HEURISTIC.DILIGENT,334.54970538269544
20,HEURISTIC.DILIGENT,334.6001615210849
20,HEURISTIC.DILIGENT,318.5300781824303
20,HEURISTIC.DILIGENT,331.5007407857599
20,HEURISTIC.DILIGENT,332.8177659494054
20,HEURISTIC.DILIGENT,332.5463282477101
20,HEURISTIC.DILIGENT,332.93950808267533
20,HEURISTIC.DILIGENT,333.6009370423911
20,HEURISTIC.DILIGENT,333.75950810567207
20,HEURISTIC.DILIGENT,333.87678414537794
20,HEURISTIC.DILIGENT,334.0738532243812
20,HEURISTIC.DILIGENT,334.1531034547414
20,HEURISTIC.DILIGENT,334.21303830076
20,HEURISTIC.DILIGENT,334.30582907943904
20,HEURISTIC.DILIGENT,318.93731645742076
20,HEURISTIC.DILIGENT,334.03687394750943
20,HEURISTIC.DILIGENT,333.75011111169687
20,HEURISTIC.DILIGENT,332.7932042901738
20,HEURISTIC.DILIGENT,333.83879175212405
20,HEURISTIC.DILIGENT,334.89340054680497
20,HEURISTIC.DILIGENT,335.05197161008596
20,HEURISTIC.DILIGENT,334.6873871743995
20,HEURISTIC.DILIGENT,334.96370648376296
20,HEURISTIC.DILIGENT,335.31653130381864
20,HEURISTIC.DILIGENT,335.2334251673561
20,HEURISTIC.DILIGENT,335.3268650785086
20,HEURISTIC.DILIGENT,318.9649845553897
20,HEURISTIC.DILIGENT,334.0322597276034
20,HEURISTIC.DILIGENT,333.7567765338855
20,HEURISTIC.DILIGENT,332.7885900702678
20,HEURISTIC.DILIGENT,333.834177532218
20,HEURISTIC.DILIGENT,334.8887863268989
20,HEURISTIC.DILIGENT,335.04735739017997
20,HEURISTIC.DILIGENT,334.6940525965881
20,HEURISTIC.DILIGENT,334.9703719059516
20,HEURISTIC.DILIGENT,335.31191708391265
20,HEURISTIC.DILIGENT,335.2400905895447
20,HEURISTIC.DILIGENT,335.3222508586026
20,HEURISTIC.DILIGENT,312.3991540034607
20,HEURISTIC.DILIGENT,347.5314396132135
20,HEURISTIC.DILIGENT,328.0665019238995
20,HEURISTIC.DILIGENT,347.69662202560164
20,HEURISTIC.DILIGENT,326.43522063017195
20,HEURISTIC.DILIGENT,312.0939129737325
20,HEURISTIC.DILIGENT,347.4153247703199
20,HEURISTIC.DILIGENT,328.19757068928743
20,HEURISTIC.DILIGENT,347.5805071827082
20,HEURISTIC.DILIGENT,326.5662893955598
20,HEURISTIC.DILIGENT,349.3677785461386
20,HEURISTIC.DILIGENT,304.889415660903
20,HEURISTIC.DILIGENT,333.8745440999372
20,HEURISTIC.DILIGENT,333.58778126412466
20,HEURISTIC.DILIGENT,332.63087444260157
20,HEURISTIC.DILIGENT,333.67646190455184
20,HEURISTIC.DILIGENT,334.73107069923276
20,HEURISTIC.DILIGENT,334.88964176251375
20,HEURISTIC.DILIGENT,334.52505732682727
20,HEURISTIC.DILIGENT,334.80137663619075
20,HEURISTIC.DILIGENT,335.1542014562464
20,HEURISTIC.DILIGENT,335.07109531978386
20,HEURISTIC.DILIGENT,335.1645352309364
20,HEURISTIC.DILIGENT,320.12901905695253
20,HEURISTIC.DILIGENT,334.93921047033825
20,HEURISTIC.DILIGENT,334.9465811739971
20,HEURISTIC.DILIGENT,334.5146682597135
20,HEURISTIC.DILIGENT,335.2218901447975
20,HEURISTIC.DILIGENT,335.4596183359754
20,HEURISTIC.DILIGENT,335.69537567524173
20,HEURISTIC.DILIGENT,336.1591662075001
20,HEURISTIC.DILIGENT,336.1810626553894
20,HEURISTIC.DILIGENT,336.43548551686365
20,HEURISTIC.DILIGENT,336.4954203628822
20,HEURISTIC.DILIGENT,336.5882111415612
20,HEURISTIC.DILIGENT,320.06373016718806
20,HEURISTIC.DILIGENT,334.4773324376043
20,HEURISTIC.DILIGENT,334.48470314126314
20,HEURISTIC.DILIGENT,334.0527902269795
20,HEURISTIC.DILIGENT,334.7600121120636
20,HEURISTIC.DILIGENT,334.99774030324147
20,HEURISTIC.DILIGENT,335.23349764250776
20,HEURISTIC.DILIGENT,335.6972881747662
20,HEURISTIC.DILIGENT,335.7191846226554
20,HEURISTIC.DILIGENT,335.9736074841297
20,HEURISTIC.DILIGENT,336.0335423301482
20,HEURISTIC.DILIGENT,336.1263331088272
20,HEURISTIC.DILIGENT,320.0863018566817
20,HEURISTIC.DILIGENT,335.20943902198945
20,HEURISTIC.DILIGENT,335.2168097256483
20,HEURISTIC.DILIGENT,334.78489681136466
20,HEURISTIC.DILIGENT,335.49211869644876
20,HEURISTIC.DILIGENT,335.72984688762665
20,HEURISTIC.DILIGENT,335.96560422689294
20,HEURISTIC.DILIGENT,336.42939475915136
20,HEURISTIC.DILIGENT,336.45129120704064
20,HEURISTIC.DILIGENT,336.70571406851485
20,HEURISTIC.DILIGENT,336.76564891453336
20,HEURISTIC.DILIGENT,336.8584396932124
20,HEURISTIC.DILIGENT,320.246777702984
20,HEURISTIC.DILIGENT,335.6873558963465
20,HEURISTIC.DILIGENT,335.6947266000053
20,HEURISTIC.DILIGENT,335.35478775706895
20,HEURISTIC.DILIGENT,335.97003557080575
20,HEURISTIC.DILIGENT,336.2997378333309
20,HEURISTIC.DILIGENT,336.53549517259717
20,HEURISTIC.DILIGENT,336.90731163350836
20,HEURISTIC.DILIGENT,336.92920808139763
20,HEURISTIC.DILIGENT,337.1836309428719
20,HEURISTIC.DILIGENT,337.24356578889046
20,HEURISTIC.DILIGENT,337.3363565675694
20,HEURISTIC.DILIGENT,320.0687992470908
20,HEURISTIC.DILIGENT,335.4154715780958
20,HEURISTIC.DILIGENT,335.42284228175464
20,HEURISTIC.DILIGENT,334.99092936747104
20,HEURISTIC.DILIGENT,335.7014042365889
20,HEURISTIC.DILIGENT,335.9358794437329
20,HEURISTIC.DILIGENT,336.17163678299926
20,HEURISTIC.DILIGENT,336.6354273152577
20,HEURISTIC.DILIGENT,336.65732376314696
20,HEURISTIC.DILIGENT,336.9117466246212
20,HEURISTIC.DILIGENT,336.97168147063974
20,HEURISTIC.DILIGENT,337.0644722493187
20,HEURISTIC.DILIGENT,321.70087017858475
20,HEURISTIC.DILIGENT,336.9168912944438
20,HEURISTIC.DILIGENT,335.6732216371082
20,HEURISTIC.DILIGENT,336.96526987325495
20,HEURISTIC.DILIGENT,336.71880909905843
20,HEURISTIC.DILIGENT,337.77341789373935
20,HEURISTIC.DILIGENT,337.9319889570204
20,HEURISTIC.DILIGENT,337.9025459359576
20,HEURISTIC.DILIGENT,338.1788652453211
20,HEURISTIC.DILIGENT,338.196548650753
20,HEURISTIC.DILIGENT,338.33159087001866
20,HEURISTIC.DILIGENT,338.3121636457984
20,HEURISTIC.DILIGENT,321.7587478608791
20,HEURISTIC.DILIGENT,337.739559516946
20,HEURISTIC.DILIGENT,336.4958898596103
20,HEURISTIC.DILIGENT,337.61251450989744
20,HEURISTIC.DILIGENT,337.5414773215606
20,HEURISTIC.DILIGENT,338.5960861162415
20,HEURISTIC.DILIGENT,338.7546571795225
20,HEURISTIC.DILIGENT,338.5497905726001
20,HEURISTIC.DILIGENT,338.8261098819636
20,HEURISTIC.DILIGENT,339.01921687325523
20,HEURISTIC.DILIGENT,338.97909450955575
20,HEURISTIC.DILIGENT,339.0295506479452
20,HEURISTIC.DILIGENT,321.4437035562142
20,HEURISTIC.DILIGENT,335.66443775331345
20,HEURISTIC.DILIGENT,336.98146291695895
20,HEURISTIC.DILIGENT,336.7100252152637
20,HEURISTIC.DILIGENT,337.1032050502289
20,HEURISTIC.DILIGENT,337.76463400994464
20,HEURISTIC.DILIGENT,337.92320507322563
20,HEURISTIC.DILIGENT,338.0404811129315
20,HEURISTIC.DILIGENT,338.2375501919348
20,HEURISTIC.DILIGENT,338.31680042229505
20,HEURISTIC.DILIGENT,338.37673526831355
20,HEURISTIC.DILIGENT,338.46952604699254
20,HEURISTIC.DILIGENT,321.85094183120464
20,HEURISTIC.DILIGENT,338.46626307436975
20,HEURISTIC.DILIGENT,338.1795002385572
20,HEURISTIC.DILIGENT,337.2225934170341
20,HEURISTIC.DILIGENT,338.26818087898437
20,HEURISTIC.DILIGENT,339.3227896736653
20,HEURISTIC.DILIGENT,339.48136073694627
20,HEURISTIC.DILIGENT,339.1167763012598
20,HEURISTIC.DILIGENT,339.3930956106233
20,HEURISTIC.DILIGENT,339.74592043067895
20,HEURISTIC.DILIGENT,339.6628142942164
20,HEURISTIC.DILIGENT,339.7562542053689
20,HEURISTIC.DILIGENT,321.8786099291736
20,HEURISTIC.DILIGENT,338.4616488544637
20,HEURISTIC.DILIGENT,338.1861656607458
20,HEURISTIC.DILIGENT,337.2179791971281
20,HEURISTIC.DILIGENT,338.2635666590783
20,HEURISTIC.DILIGENT,339.31817545375924
20,HEURISTIC.DILIGENT,339.4767465170403
20,HEURISTIC.DILIGENT,339.1234417234484
20,HEURISTIC.DILIGENT,339.3997610328119
20,HEURISTIC.DILIGENT,339.74130621077296
20,HEURISTIC.DILIGENT,339.669479716405
20,HEURISTIC.DILIGENT,339.75163998546293
20,HEURISTIC.DILIGENT,302.24537164386254
20,HEURISTIC.DILIGENT,331.52431680608873
20,HEURISTIC.DILIGENT,331.23755397027617
20,HEURISTIC.DILIGENT,330.2806471487531
20,HEURISTIC.DILIGENT,331.3262346107033
20,HEURISTIC.DILIGENT,332.38084340538427
20,HEURISTIC.DILIGENT,332.5394144686653
20,HEURISTIC.DILIGENT,332.1748300329788
20,HEURISTIC.DILIGENT,332.4511493423423
20,HEURISTIC.DILIGENT,332.80397416239794
20,HEURISTIC.DILIGENT,332.7208680259354
20,HEURISTIC.DILIGENT,332.81430793708796
20,HEURISTIC.DILIGENT,319.60754480836937
20,HEURISTIC.DILIGENT,332.58898317648976
20,HEURISTIC.DILIGENT,332.5963538801486
20,HEURISTIC.DILIGENT,332.16444096586497
20,HEURISTIC.DILIGENT,332.87166285094906
20,HEURISTIC.DILIGENT,333.10939104212696
20,HEURISTIC.DILIGENT,333.34514838139324
20,HEURISTIC.DILIGENT,333.8089389136517
20,HEURISTIC.DILIGENT,333.8308353615409
20,HEURISTIC.DILIGENT,334.08525822301516
20,HEURISTIC.DILIGENT,334.14519306903367
20,HEURISTIC.DILIGENT,334.2379838477127
20,HEURISTIC.DILIGENT,319.54225591860495
20,HEURISTIC.DILIGENT,332.1271051437558
20,HEURISTIC.DILIGENT,332.13447584741465
20,HEURISTIC.DILIGENT,331.70256293313105
20,HEURISTIC.DILIGENT,332.40978481821503
20,HEURISTIC.DILIGENT,332.6475130093929
20,HEURISTIC.DILIGENT,332.88327034865927
20,HEURISTIC.DILIGENT,333.3470608809177
20,HEURISTIC.DILIGENT,333.3689573288069
20,HEURISTIC.DILIGENT,333.6233801902812
20,HEURISTIC.DILIGENT,333.68331503629975
20,HEURISTIC.DILIGENT,333.77610581497873
20,HEURISTIC.DILIGENT,319.56482760809854
20,HEURISTIC.DILIGENT,332.85921172814096
20,HEURISTIC.DILIGENT,332.8665824317998
20,HEURISTIC.DILIGENT,332.4346695175162
20,HEURISTIC.DILIGENT,333.1418914026002
20,HEURISTIC.DILIGENT,333.3796195937781
20,HEURISTIC.DILIGENT,333.61537693304444
20,HEURISTIC.DILIGENT,334.0791674653029
20,HEURISTIC.DILIGENT,334.1010639131921
20,HEURISTIC.DILIGENT,334.35548677466636
20,HEURISTIC.DILIGENT,334.4154216206849
20,HEURISTIC.DILIGENT,334.5082123993639
20,HEURISTIC.DILIGENT,319.7253034544009
20,HEURISTIC.DILIGENT,333.337128602498
20,HEURISTIC.DILIGENT,333.3444993061569
20,HEURISTIC.DILIGENT,333.00456046322046
20,HEURISTIC.DILIGENT,333.61980827695726
20,HEURISTIC.DILIGENT,333.9495105394824
20,HEURISTIC.DILIGENT,334.18526787874873
20,HEURISTIC.DILIGENT,334.5570843396599
20,HEURISTIC.DILIGENT,334.57898078754914
20,HEURISTIC.DILIGENT,334.8334036490234
20,HEURISTIC.DILIGENT,334.8933384950419
20,HEURISTIC.DILIGENT,334.98612927372096
20,HEURISTIC.DILIGENT,319.54732499850763
20,HEURISTIC.DILIGENT,333.06524428424734
20,HEURISTIC.DILIGENT,333.0726149879062
20,HEURISTIC.DILIGENT,332.6407020736226
20,HEURISTIC.DILIGENT,333.3511769427405
20,HEURISTIC.DILIGENT,333.5856521498845
20,HEURISTIC.DILIGENT,333.8214094891508
20,HEURISTIC.DILIGENT,334.28520002140925
20,HEURISTIC.DILIGENT,334.30709646929853
20,HEURISTIC.DILIGENT,334.56151933077274
20,HEURISTIC.DILIGENT,334.6214541767913
20,HEURISTIC.DILIGENT,334.7142449554703
20,HEURISTIC.DILIGENT,321.11561556233653
20,HEURISTIC.DILIGENT,334.6616923407158
20,HEURISTIC.DILIGENT,333.4180226833802
20,HEURISTIC.DILIGENT,334.7100709195269
20,HEURISTIC.DILIGENT,334.4636101453304
20,HEURISTIC.DILIGENT,335.5182189400113
20,HEURISTIC.DILIGENT,335.67679000329235
20,HEURISTIC.DILIGENT,335.6473469822296
20,HEURISTIC.DILIGENT,335.92366629159307
20,HEURISTIC.DILIGENT,335.941349697025
20,HEURISTIC.DILIGENT,336.0763919162906
20,HEURISTIC.DILIGENT,336.0569646920704
20,HEURISTIC.DILIGENT,321.1734932446309
20,HEURISTIC.DILIGENT,335.48436056321793
20,HEURISTIC.DILIGENT,334.2406909058823
20,HEURISTIC.DILIGENT,335.3573155561694
20,HEURISTIC.DILIGENT,335.28627836783255
20,HEURISTIC.DILIGENT,336.34088716251347
20,HEURISTIC.DILIGENT,336.49945822579446
20,HEURISTIC.DILIGENT,336.29459161887206
20,HEURISTIC.DILIGENT,336.57091092823555
20,HEURISTIC.DILIGENT,336.7640179195272
20,HEURISTIC.DILIGENT,336.7238955558277
20,HEURISTIC.DILIGENT,336.77435169421716
20,HEURISTIC.DILIGENT,320.858448939966
20,HEURISTIC.DILIGENT,333.314210459465
20,HEURISTIC.DILIGENT,334.6312356231105
20,HEURISTIC.DILIGENT,334.3597979214153
20,HEURISTIC.DILIGENT,334.75297775638046
20,HEURISTIC.DILIGENT,335.4144067160962
20,HEURISTIC.DILIGENT,335.5729777793772
20,HEURISTIC.DILIGENT,335.69025381908307
20,HEURISTIC.DILIGENT,335.8873228980864
20,HEURISTIC.DILIGENT,335.9665731284466
20,HEURISTIC.DILIGENT,336.0265079744651
20,HEURISTIC.DILIGENT,336.1192987531441
20,HEURISTIC.DILIGENT,321.2656872149564
20,HEURISTIC.DILIGENT,336.2110641206417
20,HEURISTIC.DILIGENT,335.92430128482914
20,HEURISTIC.DILIGENT,334.96739446330605
20,HEURISTIC.DILIGENT,336.0129819252563
20,HEURISTIC.DILIGENT,337.06759071993724
20,HEURISTIC.DILIGENT,337.22616178321823
20,HEURISTIC.DILIGENT,336.86157734753175
20,HEURISTIC.DILIGENT,337.13789665689524
20,HEURISTIC.DILIGENT,337.4907214769509
20,HEURISTIC.DILIGENT,337.40761534048835
20,HEURISTIC.DILIGENT,337.5010552516409
20,HEURISTIC.DILIGENT,321.2933553129254
20,HEURISTIC.DILIGENT,336.2064499007357
20,HEURISTIC.DILIGENT,335.9309667070178
20,HEURISTIC.DILIGENT,334.96278024340006
20,HEURISTIC.DILIGENT,336.00836770535034
20,HEURISTIC.DILIGENT,337.06297650003125
20,HEURISTIC.DILIGENT,337.22154756331224
20,HEURISTIC.DILIGENT,336.86824276972044
20,HEURISTIC.DILIGENT,337.1445620790839
20,HEURISTIC.DILIGENT,337.486107257045
20,HEURISTIC.DILIGENT,337.41428076267704
20,HEURISTIC.DILIGENT,337.49644103173495
20,HEURISTIC.DILIGENT,305.0375852703327
20,HEURISTIC.DILIGENT,334.71063400471274
20,HEURISTIC.DILIGENT,334.4238711689002
20,HEURISTIC.DILIGENT,333.4669643473771
20,HEURISTIC.DILIGENT,334.5125518093273
20,HEURISTIC.DILIGENT,335.5671606040083
20,HEURISTIC.DILIGENT,335.7257316672893
20,HEURISTIC.DILIGENT,335.3611472316028
20,HEURISTIC.DILIGENT,335.63746654096633
20,HEURISTIC.DILIGENT,335.99029136102195
20,HEURISTIC.DILIGENT,335.9071852245594
20,HEURISTIC.DILIGENT,336.00062513571197
20,HEURISTIC.DILIGENT,321.2319085831731
20,HEURISTIC.DILIGENT,335.7753003751138
20,HEURISTIC.DILIGENT,335.78267107877264
20,HEURISTIC.DILIGENT,335.350758164489
20,HEURISTIC.DILIGENT,336.0579800495731
20,HEURISTIC.DILIGENT,336.29570824075097
20,HEURISTIC.DILIGENT,336.53146558001725
20,HEURISTIC.DILIGENT,336.9952561122757
20,HEURISTIC.DILIGENT,337.0171525601649
20,HEURISTIC.DILIGENT,337.27157542163917
20,HEURISTIC.DILIGENT,337.3315102676577
20,HEURISTIC.DILIGENT,337.4243010463367
20,HEURISTIC.DILIGENT,321.1666196934086
20,HEURISTIC.DILIGENT,335.3134223423798
20,HEURISTIC.DILIGENT,335.32079304603866
20,HEURISTIC.DILIGENT,334.88888013175506
20,HEURISTIC.DILIGENT,335.59610201683904
20,HEURISTIC.DILIGENT,335.83383020801693
20,HEURISTIC.DILIGENT,336.0695875472833
20,HEURISTIC.DILIGENT,336.5333780795417
20,HEURISTIC.DILIGENT,336.5552745274309
20,HEURISTIC.DILIGENT,336.8096973889052
20,HEURISTIC.DILIGENT,336.86963223492376
20,HEURISTIC.DILIGENT,336.96242301360274
20,HEURISTIC.DILIGENT,321.1891913829023
20,HEURISTIC.DILIGENT,336.045528926765
20,HEURISTIC.DILIGENT,336.05289963042384
20,HEURISTIC.DILIGENT,335.62098671614024
20,HEURISTIC.DILIGENT,336.3282086012242
20,HEURISTIC.DILIGENT,336.5659367924021
20,HEURISTIC.DILIGENT,336.80169413166846
20,HEURISTIC.DILIGENT,337.2654846639269
20,HEURISTIC.DILIGENT,337.2873811118161
20,HEURISTIC.DILIGENT,337.54180397329037
20,HEURISTIC.DILIGENT,337.60173881930893
20,HEURISTIC.DILIGENT,337.6945295979879
20,HEURISTIC.DILIGENT,321.34966722920456
20,HEURISTIC.DILIGENT,336.523445801122
20,HEURISTIC.DILIGENT,336.5308165047809
20,HEURISTIC.DILIGENT,336.19087766184447
20,HEURISTIC.DILIGENT,336.80612547558127
20,HEURISTIC.DILIGENT,337.1358277381064
20,HEURISTIC.DILIGENT,337.37158507737274
20,HEURISTIC.DILIGENT,337.74340153828393
20,HEURISTIC.DILIGENT,337.76529798617315
20,HEURISTIC.DILIGENT,338.0197208476474
20,HEURISTIC.DILIGENT,338.0796556936659
20,HEURISTIC.DILIGENT,338.172446472345
20,HEURISTIC.DILIGENT,321.17168877331136
20,HEURISTIC.DILIGENT,336.25156148287135
20,HEURISTIC.DILIGENT,336.2589321865302
20,HEURISTIC.DILIGENT,335.8270192722466
20,HEURISTIC.DILIGENT,336.5374941413645
20,HEURISTIC.DILIGENT,336.7719693485085
20,HEURISTIC.DILIGENT,337.00772668777483
20,HEURISTIC.DILIGENT,337.47151722003326
20,HEURISTIC.DILIGENT,337.49341366792254
20,HEURISTIC.DILIGENT,337.74783652939675
20,HEURISTIC.DILIGENT,337.8077713754153
20,HEURISTIC.DILIGENT,337.9005621540943
20,HEURISTIC.DILIGENT,322.8037597048053
20,HEURISTIC.DILIGENT,337.9755702746699
20,HEURISTIC.DILIGENT,336.7319006173343
20,HEURISTIC.DILIGENT,338.02394885348104
20,HEURISTIC.DILIGENT,337.7774880792845
20,HEURISTIC.DILIGENT,338.83209687396544
20,HEURISTIC.DILIGENT,338.9906679372465
20,HEURISTIC.DILIGENT,338.9612249161837
20,HEURISTIC.DILIGENT,339.2375442255472
20,HEURISTIC.DILIGENT,339.2552276309791
20,HEURISTIC.DILIGENT,339.39026985024475
20,HEURISTIC.DILIGENT,339.3708426260245
20,HEURISTIC.DILIGENT,322.8616373870997
20,HEURISTIC.DILIGENT,338.79823849717206
20,HEURISTIC.DILIGENT,337.5545688398364
20,HEURISTIC.DILIGENT,338.6711934901235
20,HEURISTIC.DILIGENT,338.6001563017866
20,HEURISTIC.DILIGENT,339.6547650964676
20,HEURISTIC.DILIGENT,339.8133361597486
20,HEURISTIC.DILIGENT,339.60846955282614
20,HEURISTIC.DILIGENT,339.8847888621896
20,HEURISTIC.DILIGENT,340.0778958534812
20,HEURISTIC.DILIGENT,340.0377734897818
20,HEURISTIC.DILIGENT,340.08822962817123
20,HEURISTIC.DILIGENT,322.5465930824347
20,HEURISTIC.DILIGENT,336.500527658089
20,HEURISTIC.DILIGENT,337.8175528217345
20,HEURISTIC.DILIGENT,337.5461151200393
20,HEURISTIC.DILIGENT,337.93929495500447
20,HEURISTIC.DILIGENT,338.6007239147202
20,HEURISTIC.DILIGENT,338.7592949780012
20,HEURISTIC.DILIGENT,338.8765710177071
20,HEURISTIC.DILIGENT,339.0736400967104
20,HEURISTIC.DILIGENT,339.1528903270706
20,HEURISTIC.DILIGENT,339.21282517308913
20,HEURISTIC.DILIGENT,339.3056159517681
20,HEURISTIC.DILIGENT,322.9538313574252
20,HEURISTIC.DILIGENT,339.52494205459584
20,HEURISTIC.DILIGENT,339.2381792187833
20,HEURISTIC.DILIGENT,338.2812723972602
20,HEURISTIC.DILIGENT,339.32685985921046
20,HEURISTIC.DILIGENT,340.3814686538914
20,HEURISTIC.DILIGENT,340.54003971717236
20,HEURISTIC.DILIGENT,340.1754552814859
20,HEURISTIC.DILIGENT,340.45177459084937
20,HEURISTIC.DILIGENT,340.80459941090504
20,HEURISTIC.DILIGENT,340.7214932744425
20,HEURISTIC.DILIGENT,340.814933185595
20,HEURISTIC.DILIGENT,322.98149945539416
20,HEURISTIC.DILIGENT,339.5203278346898
20,HEURISTIC.DILIGENT,339.2448446409719
20,HEURISTIC.DILIGENT,338.2766581773542
20,HEURISTIC.DILIGENT,339.3222456393044
20,HEURISTIC.DILIGENT,340.37685443398533
20,HEURISTIC.DILIGENT,340.5354254972664
20,HEURISTIC.DILIGENT,340.1821207036745
20,HEURISTIC.DILIGENT,340.458440013038
20,HEURISTIC.DILIGENT,340.79998519099905
20,HEURISTIC.DILIGENT,340.7281586966311
20,HEURISTIC.DILIGENT,340.810318965689
20,HEURISTIC.DILIGENT,304.9938421480995
20,HEURISTIC.DILIGENT,335.1051205545138
20,HEURISTIC.DILIGENT,334.81835771870124
20,HEURISTIC.DILIGENT,333.86145089717814
20,HEURISTIC.DILIGENT,334.90703835912836
20,HEURISTIC.DILIGENT,335.96164715380934
20,HEURISTIC.DILIGENT,336.1202182170904
20,HEURISTIC.DILIGENT,335.75563378140384
20,HEURISTIC.DILIGENT,336.0319530907674
20,HEURISTIC.DILIGENT,336.384777910823
20,HEURISTIC.DILIGENT,336.30167177436044
20,HEURISTIC.DILIGENT,336.39511168551303
20,HEURISTIC.DILIGENT,321.71387510731233
20,HEURISTIC.DILIGENT,336.16978692491483
20,HEURISTIC.DILIGENT,336.1771576285737
20,HEURISTIC.DILIGENT,335.74524471429004
20,HEURISTIC.DILIGENT,336.45246659937413
20,HEURISTIC.DILIGENT,336.690194790552
20,HEURISTIC.DILIGENT,336.9259521298183
20,HEURISTIC.DILIGENT,337.38974266207674
20,HEURISTIC.DILIGENT,337.41163910996596
20,HEURISTIC.DILIGENT,337.66606197144023
20,HEURISTIC.DILIGENT,337.72599681745874
20,HEURISTIC.DILIGENT,337.8187875961378
20,HEURISTIC.DILIGENT,321.6485862175479
20,HEURISTIC.DILIGENT,335.7079088921808
20,HEURISTIC.DILIGENT,335.71527959583966
20,HEURISTIC.DILIGENT,335.283366681556
20,HEURISTIC.DILIGENT,335.9905885666401
20,HEURISTIC.DILIGENT,336.228316757818
20,HEURISTIC.DILIGENT,336.4640740970843
20,HEURISTIC.DILIGENT,336.9278646293427
20,HEURISTIC.DILIGENT,336.9497610772319
20,HEURISTIC.DILIGENT,337.2041839387062
20,HEURISTIC.DILIGENT,337.2641187847247
20,HEURISTIC.DILIGENT,337.35690956340375
20,HEURISTIC.DILIGENT,321.67115790704156
20,HEURISTIC.DILIGENT,336.44001547656603
20,HEURISTIC.DILIGENT,336.4473861802249
20,HEURISTIC.DILIGENT,336.0154732659413
20,HEURISTIC.DILIGENT,336.7226951510253
20,HEURISTIC.DILIGENT,336.96042334220317
20,HEURISTIC.DILIGENT,337.1961806814695
20,HEURISTIC.DILIGENT,337.65997121372794
20,HEURISTIC.DILIGENT,337.68186766161716
20,HEURISTIC.DILIGENT,337.93629052309143
20,HEURISTIC.DILIGENT,337.99622536911
20,HEURISTIC.DILIGENT,338.089016147789
20,HEURISTIC.DILIGENT,321.83163375334385
20,HEURISTIC.DILIGENT,336.9179323509231
20,HEURISTIC.DILIGENT,336.92530305458195
20,HEURISTIC.DILIGENT,336.5853642116455
20,HEURISTIC.DILIGENT,337.2006120253823
20,HEURISTIC.DILIGENT,337.53031428790746
20,HEURISTIC.DILIGENT,337.7660716271738
20,HEURISTIC.DILIGENT,338.137888088085
20,HEURISTIC.DILIGENT,338.1597845359742
20,HEURISTIC.DILIGENT,338.4142073974485
20,HEURISTIC.DILIGENT,338.474142243467
20,HEURISTIC.DILIGENT,338.56693302214603
20,HEURISTIC.DILIGENT,321.65365529745065
20,HEURISTIC.DILIGENT,336.6460480326724
20,HEURISTIC.DILIGENT,336.6534187363312
20,HEURISTIC.DILIGENT,336.22150582204756
20,HEURISTIC.DILIGENT,336.93198069116545
20,HEURISTIC.DILIGENT,337.16645589830955
20,HEURISTIC.DILIGENT,184.5931332404105
20,HEURISTIC.DILIGENT,316.9645982426927
20,HEURISTIC.DILIGENT,318.336289674523
20,HEURISTIC.DILIGENT,317.9043767602394
20,HEURISTIC.DILIGENT,318.6115986453234
20,HEURISTIC.DILIGENT,318.8493268365013
20,HEURISTIC.DILIGENT,319.08508417576763
20,HEURISTIC.DILIGENT,319.54887470802606
20,HEURISTIC.DILIGENT,319.57077115591534
20,HEURISTIC.DILIGENT,319.82519401738955
20,HEURISTIC.DILIGENT,319.8851288634081
20,HEURISTIC.DILIGENT,319.9779196420871
20,HEURISTIC.DILIGENT,303.9725006064667
20,HEURISTIC.DILIGENT,317.0152157985249
20,HEURISTIC.DILIGENT,318.3869072303552
20,HEURISTIC.DILIGENT,318.40028661239876
20,HEURISTIC.DILIGENT,317.9549943160715
20,HEURISTIC.DILIGENT,318.89994439233345
20,HEURISTIC.DILIGENT,319.13570173159974
20,HEURISTIC.DILIGENT,319.3375626751014
20,HEURISTIC.DILIGENT,319.6138819844649
20,HEURISTIC.DILIGENT,319.6213887117474
20,HEURISTIC.DILIGENT,319.8170637475519
20,HEURISTIC.DILIGENT,319.76660760916246
20,HEURISTIC.DILIGENT,304.25449992909364
20,HEURISTIC.DILIGENT,317.31167730791344
20,HEURISTIC.DILIGENT,318.68336873974374
20,HEURISTIC.DILIGENT,318.2514558254601
20,HEURISTIC.DILIGENT,318.9586777105442
20,HEURISTIC.DILIGENT,319.1964059017221
20,HEURISTIC.DILIGENT,319.43216324098836
20,HEURISTIC.DILIGENT,319.8959537732468
20,HEURISTIC.DILIGENT,319.91785022113606
20,HEURISTIC.DILIGENT,320.17227308261033
20,HEURISTIC.DILIGENT,320.23220792862884
20,HEURISTIC.DILIGENT,320.3249987073078
20,HEURISTIC.DILIGENT,303.7544340012862
20,HEURISTIC.DILIGENT,317.4045958944579
20,HEURISTIC.DILIGENT,318.7477751082338
20,HEURISTIC.DILIGENT,318.62098910407985
20,HEURISTIC.DILIGENT,318.3443744120045
20,HEURISTIC.DILIGENT,319.2893244882664
20,HEURISTIC.DILIGENT,319.52508182753274
20,HEURISTIC.DILIGENT,319.55826516678246
20,HEURISTIC.DILIGENT,319.834584476146
20,HEURISTIC.DILIGENT,320.01076880768045
20,HEURISTIC.DILIGENT,320.03776623923295
20,HEURISTIC.DILIGENT,319.9873101008435
20,HEURISTIC.DILIGENT,304.1686050032415
20,HEURISTIC.DILIGENT,317.62901742439055
20,HEURISTIC.DILIGENT,319.00070885622085
20,HEURISTIC.DILIGENT,319.01408823826443
20,HEURISTIC.DILIGENT,318.5687959419372
20,HEURISTIC.DILIGENT,319.51374601819913
20,HEURISTIC.DILIGENT,319.7495033574654
20,HEURISTIC.DILIGENT,319.9513643009671
20,HEURISTIC.DILIGENT,320.2276836103306
20,HEURISTIC.DILIGENT,320.23519033761306
20,HEURISTIC.DILIGENT,320.4308653734176
20,HEURISTIC.DILIGENT,320.38040923502814
20,HEURISTIC.DILIGENT,304.1432096716892
20,HEURISTIC.DILIGENT,318.4518207538297
20,HEURISTIC.DILIGENT,319.79499996760563
20,HEURISTIC.DILIGENT,319.6682139634517
20,HEURISTIC.DILIGENT,319.3915992713764
20,HEURISTIC.DILIGENT,320.3365493476383
20,HEURISTIC.DILIGENT,320.57230668690465
20,HEURISTIC.DILIGENT,320.60549002615437
20,HEURISTIC.DILIGENT,320.8818093355178
20,HEURISTIC.DILIGENT,321.0579936670523
20,HEURISTIC.DILIGENT,321.08499109860486
20,HEURISTIC.DILIGENT,321.0345349602154
20,HEURISTIC.DILIGENT,303.5338565247762
20,HEURISTIC.DILIGENT,319.2571021961851
20,HEURISTIC.DILIGENT,320.50077185352075
20,HEURISTIC.DILIGENT,320.3739858493668
20,HEURISTIC.DILIGENT,320.2752448116894
20,HEURISTIC.DILIGENT,321.22019488795127
20,HEURISTIC.DILIGENT,321.4559522272176
20,HEURISTIC.DILIGENT,321.3112619120694
20,HEURISTIC.DILIGENT,321.58758122143297
20,HEURISTIC.DILIGENT,321.78042920982995
20,HEURISTIC.DILIGENT,321.79076298452
20,HEURISTIC.DILIGENT,321.74030684613047
20,HEURISTIC.DILIGENT,304.6331061972185
20,HEURISTIC.DILIGENT,319.74740499925565
20,HEURISTIC.DILIGENT,321.11909643108595
20,HEURISTIC.DILIGENT,320.6871835168023
20,HEURISTIC.DILIGENT,321.39440540188633
20,HEURISTIC.DILIGENT,321.6321335930642
20,HEURISTIC.DILIGENT,321.8678909323305
20,HEURISTIC.DILIGENT,322.331681464589
20,HEURISTIC.DILIGENT,322.35357791247816
20,HEURISTIC.DILIGENT,322.6080007739524
20,HEURISTIC.DILIGENT,322.667935619971
20,HEURISTIC.DILIGENT,322.76072639865004
20,HEURISTIC.DILIGENT,304.63907030902595
20,HEURISTIC.DILIGENT,319.8574297477231
20,HEURISTIC.DILIGENT,321.2291211795534
20,HEURISTIC.DILIGENT,320.7972082652698
20,HEURISTIC.DILIGENT,321.50443015035376
20,HEURISTIC.DILIGENT,321.74215834153165
20,HEURISTIC.DILIGENT,321.977915680798
20,HEURISTIC.DILIGENT,322.4417062130564
20,HEURISTIC.DILIGENT,322.4636026609457
20,HEURISTIC.DILIGENT,322.7180255224199
20,HEURISTIC.DILIGENT,322.77796036843847
20,HEURISTIC.DILIGENT,322.87075114711746
20,HEURISTIC.DILIGENT,303.6688144276766
20,HEURISTIC.DILIGENT,319.93203363040163
20,HEURISTIC.DILIGENT,321.19542269928684
20,HEURISTIC.DILIGENT,321.0686366951329
20,HEURISTIC.DILIGENT,320.8718121479483
20,HEURISTIC.DILIGENT,321.8167622242102
20,HEURISTIC.DILIGENT,322.0525195634765
20,HEURISTIC.DILIGENT,322.0059127578356
20,HEURISTIC.DILIGENT,322.28223206719906
20,HEURISTIC.DILIGENT,322.4750800555961
20,HEURISTIC.DILIGENT,322.4854138302861
20,HEURISTIC.DILIGENT,322.4349576918966
20,HEURISTIC.DILIGENT,303.80520816969823
20,HEURISTIC.DILIGENT,321.5081051404701
20,HEURISTIC.DILIGENT,321.5858373497614
20,HEURISTIC.DILIGENT,321.09131848576726
20,HEURISTIC.DILIGENT,322.08504571959685
20,HEURISTIC.DILIGENT,321.9244155532678
20,HEURISTIC.DILIGENT,321.98755428905133
20,HEURISTIC.DILIGENT,322.35813999667903
20,HEURISTIC.DILIGENT,322.77239848811234
20,HEURISTIC.DILIGENT,322.949634765931
20,HEURISTIC.DILIGENT,322.95978356213504
20,HEURISTIC.DILIGENT,322.98949733803283
20,HEURISTIC.DILIGENT,304.1756035640908
20,HEURISTIC.DILIGENT,320.7695609915187
20,HEURISTIC.DILIGENT,322.141252423349
20,HEURISTIC.DILIGENT,321.7093395090654
20,HEURISTIC.DILIGENT,322.4165613941494
20,HEURISTIC.DILIGENT,322.6542895853273
20,HEURISTIC.DILIGENT,322.89004692459366
20,HEURISTIC.DILIGENT,323.35383745685203
20,HEURISTIC.DILIGENT,323.3757339047413
20,HEURISTIC.DILIGENT,323.6301567662156
20,HEURISTIC.DILIGENT,323.6900916122341
20,HEURISTIC.DILIGENT,323.7828823909131
20,HEURISTIC.DILIGENT,304.61711786775777
20,HEURISTIC.DILIGENT,322.1903235542327
20,HEURISTIC.DILIGENT,322.26805576352405
20,HEURISTIC.DILIGENT,321.5981536215386
20,HEURISTIC.DILIGENT,322.37464694178186
20,HEURISTIC.DILIGENT,322.9110866250444
20,HEURISTIC.DILIGENT,322.43778567756544
20,HEURISTIC.DILIGENT,323.1841809021265
20,HEURISTIC.DILIGENT,323.22262987662646
20,HEURISTIC.DILIGENT,323.6595714198603
20,HEURISTIC.DILIGENT,323.4153550892561
20,HEURISTIC.DILIGENT,323.67171575179543
20,HEURISTIC.DILIGENT,303.9860705630243
20,HEURISTIC.DILIGENT,320.73154094566416
20,HEURISTIC.DILIGENT,322.10323237749446
20,HEURISTIC.DILIGENT,321.6713194632108
20,HEURISTIC.DILIGENT,322.3785413482949
20,HEURISTIC.DILIGENT,322.6162695394728
20,HEURISTIC.DILIGENT,322.8520268787391
20,HEURISTIC.DILIGENT,323.3158174109975
20,HEURISTIC.DILIGENT,323.59213672036105
20,HEURISTIC.DILIGENT,323.3377138588868
20,HEURISTIC.DILIGENT,323.65207156637956
20,HEURISTIC.DILIGENT,323.74486234505855
20,HEURISTIC.DILIGENT,304.86970011566996
20,HEURISTIC.DILIGENT,322.8061683170873
20,HEURISTIC.DILIGENT,322.8839005263787
20,HEURISTIC.DILIGENT,322.2139983843932
20,HEURISTIC.DILIGENT,322.87135952060567
20,HEURISTIC.DILIGENT,323.526931387899
20,HEURISTIC.DILIGENT,322.93449825638925
20,HEURISTIC.DILIGENT,323.80002566498115
20,HEURISTIC.DILIGENT,323.71934245545026
20,HEURISTIC.DILIGENT,324.2754161827149
20,HEURISTIC.DILIGENT,323.91206766807994
20,HEURISTIC.DILIGENT,324.28756051465007
20,HEURISTIC.DILIGENT,302.1697322149115
20,HEURISTIC.DILIGENT,321.4668385287222
20,HEURISTIC.DILIGENT,321.5445707380136
20,HEURISTIC.DILIGENT,320.8746685960281
20,HEURISTIC.DILIGENT,321.7077656635287
20,HEURISTIC.DILIGENT,322.1876015995339
20,HEURISTIC.DILIGENT,321.7709043993122
20,HEURISTIC.DILIGENT,322.460695876616
20,HEURISTIC.DILIGENT,322.5557485983732
20,HEURISTIC.DILIGENT,322.9360863943498
20,HEURISTIC.DILIGENT,322.74313367239586
20,HEURISTIC.DILIGENT,322.9482307262849
20,HEURISTIC.DILIGENT,304.78679739693024
20,HEURISTIC.DILIGENT,323.1227007149072
20,HEURISTIC.DILIGENT,323.7148706476013
20,HEURISTIC.DILIGENT,323.79260285689264
20,HEURISTIC.DILIGENT,323.59203194656493
20,HEURISTIC.DILIGENT,323.64579397538284
20,HEURISTIC.DILIGENT,324.435633718413
20,HEURISTIC.DILIGENT,324.7087279954951
20,HEURISTIC.DILIGENT,324.41304388789376
20,HEURISTIC.DILIGENT,325.1841185132289
20,HEURISTIC.DILIGENT,324.7347544315361
20,HEURISTIC.DILIGENT,325.19626284516403
20,HEURISTIC.DILIGENT,303.6790421556197
20,HEURISTIC.DILIGENT,323.334654952195
20,HEURISTIC.DILIGENT,323.4123871614863
20,HEURISTIC.DILIGENT,322.74248501950086
20,HEURISTIC.DILIGENT,323.5755820870014
20,HEURISTIC.DILIGENT,324.05541802300667
20,HEURISTIC.DILIGENT,323.638720822785
20,HEURISTIC.DILIGENT,324.32851230008885
20,HEURISTIC.DILIGENT,324.423565021846
20,HEURISTIC.DILIGENT,324.8039028178225
20,HEURISTIC.DILIGENT,324.6109500958687
20,HEURISTIC.DILIGENT,324.81604714975776
20,HEURISTIC.DILIGENT,305.8414061916112
20,HEURISTIC.DILIGENT,324.9091702085108
20,HEURISTIC.DILIGENT,325.5013401412049
20,HEURISTIC.DILIGENT,325.57907235049623
20,HEURISTIC.DILIGENT,325.3785014401685
20,HEURISTIC.DILIGENT,325.43226346898643
20,HEURISTIC.DILIGENT,326.2221032120166
20,HEURISTIC.DILIGENT,326.4951974890987
20,HEURISTIC.DILIGENT,326.19951338149735
20,HEURISTIC.DILIGENT,326.9705880068325
20,HEURISTIC.DILIGENT,326.5212239251397
20,HEURISTIC.DILIGENT,326.9827323387676
20,HEURISTIC.DILIGENT,303.93071764440583
20,HEURISTIC.DILIGENT,324.19798798788344
20,HEURISTIC.DILIGENT,324.2757201971748
20,HEURISTIC.DILIGENT,323.6058180551893
20,HEURISTIC.DILIGENT,324.26317919140183
20,HEURISTIC.DILIGENT,324.9187510586951
20,HEURISTIC.DILIGENT,324.32631792718536
20,HEURISTIC.DILIGENT,325.19184533577726
20,HEURISTIC.DILIGENT,325.1111621262463
20,HEURISTIC.DILIGENT,325.667235853511
20,HEURISTIC.DILIGENT,325.30388733887605
20,HEURISTIC.DILIGENT,325.6793801854461
20,HEURISTIC.DILIGENT,305.82197658457727
20,HEURISTIC.DILIGENT,325.5901750501016
20,HEURISTIC.DILIGENT,326.18234498279577
20,HEURISTIC.DILIGENT,326.2600771920871
20,HEURISTIC.DILIGENT,326.0595062817594
20,HEURISTIC.DILIGENT,326.1132683105773
20,HEURISTIC.DILIGENT,326.9031080536074
20,HEURISTIC.DILIGENT,327.1762023306896
20,HEURISTIC.DILIGENT,326.8805182230882
20,HEURISTIC.DILIGENT,327.6515928484233
20,HEURISTIC.DILIGENT,327.2022287667305
20,HEURISTIC.DILIGENT,327.66373718035845
20,HEURISTIC.DILIGENT,305.62981682949476
20,HEURISTIC.DILIGENT,326.1268204869901
20,HEURISTIC.DILIGENT,326.71899041968425
20,HEURISTIC.DILIGENT,326.79672262897554
20,HEURISTIC.DILIGENT,326.5961517186479
20,HEURISTIC.DILIGENT,326.6499137474658
20,HEURISTIC.DILIGENT,327.43975349049595
20,HEURISTIC.DILIGENT,327.71284776757807
20,HEURISTIC.DILIGENT,327.4171636599767
20,HEURISTIC.DILIGENT,328.1882382853118
20,HEURISTIC.DILIGENT,327.738874203619
20,HEURISTIC.DILIGENT,328.20038261724693
20,HEURISTIC.DILIGENT,304.7683678729454
20,HEURISTIC.DILIGENT,325.4593924910863
20,HEURISTIC.DILIGENT,326.0515624237804
20,HEURISTIC.DILIGENT,326.1292946330718
20,HEURISTIC.DILIGENT,325.9287237227441
20,HEURISTIC.DILIGENT,325.98248575156197
20,HEURISTIC.DILIGENT,326.7723254945921
20,HEURISTIC.DILIGENT,327.04541977167423
20,HEURISTIC.DILIGENT,326.7497356640729
20,HEURISTIC.DILIGENT,327.520810289408
20,HEURISTIC.DILIGENT,327.0714462077152
20,HEURISTIC.DILIGENT,327.53295462134315
20,HEURISTIC.DILIGENT,305.25027942914596
20,HEURISTIC.DILIGENT,326.0385765423939
20,HEURISTIC.DILIGENT,326.630746475088
20,HEURISTIC.DILIGENT,326.7084786843794
20,HEURISTIC.DILIGENT,326.50790777405166
20,HEURISTIC.DILIGENT,326.5616698028696
20,HEURISTIC.DILIGENT,327.3515095458997
20,HEURISTIC.DILIGENT,327.62460382298184
20,HEURISTIC.DILIGENT,327.3289197153805
20,HEURISTIC.DILIGENT,328.0999943407156
20,HEURISTIC.DILIGENT,327.6506302590228
20,HEURISTIC.DILIGENT,328.11213867265076
20,HEURISTIC.DILIGENT,295.9745616049998
20,HEURISTIC.DILIGENT,321.273680116268
20,HEURISTIC.DILIGENT,321.83966947406645
20,HEURISTIC.DILIGENT,321.34153280895134
20,HEURISTIC.DILIGENT,321.4431054195462
20,HEURISTIC.DILIGENT,321.58405861896847
20,HEURISTIC.DILIGENT,321.8933081530929
20,HEURISTIC.DILIGENT,321.9483511230796
20,HEURISTIC.DILIGENT,322.8342343281256
20,HEURISTIC.DILIGENT,322.6603113858206
20,HEURISTIC.DILIGENT,323.0116542361965
20,HEURISTIC.DILIGENT,307.6852043618364
20,HEURISTIC.DILIGENT,322.00144111125064
20,HEURISTIC.DILIGENT,321.8109119911344
20,HEURISTIC.DILIGENT,322.3090486562495
20,HEURISTIC.DILIGENT,321.91248460172926
20,HEURISTIC.DILIGENT,322.0534378011515
20,HEURISTIC.DILIGENT,322.362687335276
20,HEURISTIC.DILIGENT,322.41773030526264
20,HEURISTIC.DILIGENT,323.3036135103087
20,HEURISTIC.DILIGENT,323.12969056800364
20,HEURISTIC.DILIGENT,323.4810334183795
20,HEURISTIC.DILIGENT,307.8378625549535
20,HEURISTIC.DILIGENT,322.0773355709497
20,HEURISTIC.DILIGENT,321.88680645083343
20,HEURISTIC.DILIGENT,322.38494311594854
20,HEURISTIC.DILIGENT,321.9883790614283
20,HEURISTIC.DILIGENT,322.12933226085056
20,HEURISTIC.DILIGENT,322.43858179497505
20,HEURISTIC.DILIGENT,322.4936247649617
20,HEURISTIC.DILIGENT,323.3795079700077
20,HEURISTIC.DILIGENT,323.2055850277027
20,HEURISTIC.DILIGENT,323.55692787807857
20,HEURISTIC.DILIGENT,307.039563726195
20,HEURISTIC.DILIGENT,321.4235897031359
20,HEURISTIC.DILIGENT,321.9895790609344
20,HEURISTIC.DILIGENT,321.49144239581926
20,HEURISTIC.DILIGENT,321.5930150064141
20,HEURISTIC.DILIGENT,321.7339682058364
20,HEURISTIC.DILIGENT,322.0432177399608
20,HEURISTIC.DILIGENT,322.09826070994745
20,HEURISTIC.DILIGENT,322.9841439149935
20,HEURISTIC.DILIGENT,322.81022097268846
20,HEURISTIC.DILIGENT,323.16156382306434
20,HEURISTIC.DILIGENT,308.2876740173299
20,HEURISTIC.DILIGENT,323.239517812825
20,HEURISTIC.DILIGENT,323.80550717062346
20,HEURISTIC.DILIGENT,323.3073705055084
20,HEURISTIC.DILIGENT,323.40894311610316
20,HEURISTIC.DILIGENT,323.54989631552553
20,HEURISTIC.DILIGENT,323.85914584964996
20,HEURISTIC.DILIGENT,323.9141888196366
20,HEURISTIC.DILIGENT,324.80007202468266
20,HEURISTIC.DILIGENT,324.62614908237754
20,HEURISTIC.DILIGENT,324.9774919327534
20,HEURISTIC.DILIGENT,307.4851847603702
20,HEURISTIC.DILIGENT,323.2125395162409
20,HEURISTIC.DILIGENT,323.0220103961247
20,HEURISTIC.DILIGENT,323.52014706123975
20,HEURISTIC.DILIGENT,323.1235830067195
20,HEURISTIC.DILIGENT,323.57378574026626
20,HEURISTIC.DILIGENT,323.26453620614177
20,HEURISTIC.DILIGENT,323.62882871025295
20,HEURISTIC.DILIGENT,324.51471191529896
20,HEURISTIC.DILIGENT,324.3407889729939
20,HEURISTIC.DILIGENT,324.6921318233698
20,HEURISTIC.DILIGENT,307.4795003226328
20,HEURISTIC.DILIGENT,323.4211794685201
20,HEURISTIC.DILIGENT,323.23065034840397
20,HEURISTIC.DILIGENT,323.728787013519
20,HEURISTIC.DILIGENT,323.3322229589987
20,HEURISTIC.DILIGENT,323.78242569254553
20,HEURISTIC.DILIGENT,323.4731761584211
20,HEURISTIC.DILIGENT,323.83746866253216
20,HEURISTIC.DILIGENT,324.72335186757823
20,HEURISTIC.DILIGENT,324.54942892527316
20,HEURISTIC.DILIGENT,324.900771775649
20,HEURISTIC.DILIGENT,308.30638523710684
20,HEURISTIC.DILIGENT,323.89006065967624
20,HEURISTIC.DILIGENT,324.4560500174747
20,HEURISTIC.DILIGENT,323.9579133523596
20,HEURISTIC.DILIGENT,324.0594859629544
20,HEURISTIC.DILIGENT,324.2004391623767
20,HEURISTIC.DILIGENT,324.50968869650114
20,HEURISTIC.DILIGENT,324.5647316664878
20,HEURISTIC.DILIGENT,325.45061487153384
20,HEURISTIC.DILIGENT,325.2766919292288
20,HEURISTIC.DILIGENT,325.62803477960466
20,HEURISTIC.DILIGENT,307.50059815481325
20,HEURISTIC.DILIGENT,325.54903520286155
20,HEURISTIC.DILIGENT,325.3585060827454
20,HEURISTIC.DILIGENT,325.8566427478605
20,HEURISTIC.DILIGENT,325.4600786933402
20,HEURISTIC.DILIGENT,325.60103189276253
20,HEURISTIC.DILIGENT,325.91028142688697
20,HEURISTIC.DILIGENT,325.9653243968736
20,HEURISTIC.DILIGENT,326.85120760191967
20,HEURISTIC.DILIGENT,326.6772846596146
20,HEURISTIC.DILIGENT,327.0286275099905
20,HEURISTIC.DILIGENT,308.0688883267519
20,HEURISTIC.DILIGENT,325.8738278975761
20,HEURISTIC.DILIGENT,326.4398172553746
20,HEURISTIC.DILIGENT,325.9416805902595
20,HEURISTIC.DILIGENT,326.04325320085434
20,HEURISTIC.DILIGENT,326.18420640027665
20,HEURISTIC.DILIGENT,326.49345593440114
20,HEURISTIC.DILIGENT,326.54849890438777
20,HEURISTIC.DILIGENT,327.43438210943384
20,HEURISTIC.DILIGENT,327.2604591671287
20,HEURISTIC.DILIGENT,327.6118020175046
20,HEURISTIC.DILIGENT,307.4992076492647
20,HEURISTIC.DILIGENT,326.20003836735566
20,HEURISTIC.DILIGENT,326.0095092472394
20,HEURISTIC.DILIGENT,326.5076459123545
20,HEURISTIC.DILIGENT,326.1110818578343
20,HEURISTIC.DILIGENT,326.25203505725653
20,HEURISTIC.DILIGENT,326.561284591381
20,HEURISTIC.DILIGENT,326.61632756136765
20,HEURISTIC.DILIGENT,327.5022107664137
20,HEURISTIC.DILIGENT,327.32828782410866
20,HEURISTIC.DILIGENT,327.67963067448454
20,HEURISTIC.DILIGENT,307.91553410419493
20,HEURISTIC.DILIGENT,326.2090230115958
20,HEURISTIC.DILIGENT,326.77501236939423
20,HEURISTIC.DILIGENT,326.2768757042792
20,HEURISTIC.DILIGENT,326.37844831487394
20,HEURISTIC.DILIGENT,326.5194015142963
20,HEURISTIC.DILIGENT,326.82865104842074
20,HEURISTIC.DILIGENT,326.88369401840737
20,HEURISTIC.DILIGENT,327.76957722345344
20,HEURISTIC.DILIGENT,327.59565428114837
20,HEURISTIC.DILIGENT,327.9469971315242
20,HEURISTIC.DILIGENT,307.11912115236623
20,HEURISTIC.DILIGENT,324.2980945283051
20,HEURISTIC.DILIGENT,324.6091707032559
20,HEURISTIC.DILIGENT,324.4941989250799
20,HEURISTIC.DILIGENT,324.3297841021997
20,HEURISTIC.DILIGENT,324.7185597726027
20,HEURISTIC.DILIGENT,324.93819830529657
20,HEURISTIC.DILIGENT,325.60410698564476
20,HEURISTIC.DILIGENT,325.67889427097316
20,HEURISTIC.DILIGENT,325.26637300285574
20,HEURISTIC.DILIGENT,325.97917389291854
20,HEURISTIC.DILIGENT,325.97841647142326
20,HEURISTIC.DILIGENT,307.5918505786782
20,HEURISTIC.DILIGENT,324.79373818407
20,HEURISTIC.DILIGENT,325.10481435902085
20,HEURISTIC.DILIGENT,324.98984258084477
20,HEURISTIC.DILIGENT,324.8254277579647
20,HEURISTIC.DILIGENT,325.21420342836757
20,HEURISTIC.DILIGENT,325.4338419610615
20,HEURISTIC.DILIGENT,326.0997506414097
20,HEURISTIC.DILIGENT,326.1745379267381
20,HEURISTIC.DILIGENT,325.76201665862067
20,HEURISTIC.DILIGENT,326.4748175486835
20,HEURISTIC.DILIGENT,326.4740601271882
20,HEURISTIC.DILIGENT,306.8899346207933
20,HEURISTIC.DILIGENT,324.4774295366176
20,HEURISTIC.DILIGENT,324.7885057115684
20,HEURISTIC.DILIGENT,324.6735339333924
20,HEURISTIC.DILIGENT,324.5091191105122
20,HEURISTIC.DILIGENT,324.8978947809152
20,HEURISTIC.DILIGENT,325.78344199395724
20,HEURISTIC.DILIGENT,325.11753331360904
20,HEURISTIC.DILIGENT,325.85822927928564
20,HEURISTIC.DILIGENT,325.4457080111682
20,HEURISTIC.DILIGENT,326.1585089012311
20,HEURISTIC.DILIGENT,326.15775147973574
20,HEURISTIC.DILIGENT,307.8139981036618
20,HEURISTIC.DILIGENT,325.47262410659374
20,HEURISTIC.DILIGENT,325.78370028154455
20,HEURISTIC.DILIGENT,325.5043136804884
20,HEURISTIC.DILIGENT,325.66872850336847
20,HEURISTIC.DILIGENT,325.89308935089133
20,HEURISTIC.DILIGENT,326.1127278835852
20,HEURISTIC.DILIGENT,326.77863656393345
20,HEURISTIC.DILIGENT,326.8534238492618
20,HEURISTIC.DILIGENT,326.4409025811443
20,HEURISTIC.DILIGENT,327.1537034712072
20,HEURISTIC.DILIGENT,327.1529460497119
20,HEURISTIC.DILIGENT,306.7776847155527
20,HEURISTIC.DILIGENT,324.86664090209797
20,HEURISTIC.DILIGENT,325.1777170770488
20,HEURISTIC.DILIGENT,325.06274529887276
20,HEURISTIC.DILIGENT,324.89833047599257
20,HEURISTIC.DILIGENT,325.28710614639556
20,HEURISTIC.DILIGENT,326.1726533594376
20,HEURISTIC.DILIGENT,325.50674467908937
20,HEURISTIC.DILIGENT,326.247440644766
20,HEURISTIC.DILIGENT,325.8349193766486
20,HEURISTIC.DILIGENT,326.5477202667114
20,HEURISTIC.DILIGENT,326.54696284521606
20,HEURISTIC.DILIGENT,306.64780336770843
20,HEURISTIC.DILIGENT,326.00129199041487
20,HEURISTIC.DILIGENT,326.3123681653657
20,HEURISTIC.DILIGENT,326.19739638718966
20,HEURISTIC.DILIGENT,326.03298156430947
20,HEURISTIC.DILIGENT,326.42175723471246
20,HEURISTIC.DILIGENT,327.3073044477545
20,HEURISTIC.DILIGENT,326.6413957674063
20,HEURISTIC.DILIGENT,327.3820917330829
20,HEURISTIC.DILIGENT,326.9695704649655
20,HEURISTIC.DILIGENT,327.6823713550283
20,HEURISTIC.DILIGENT,327.681613933533
20,HEURISTIC.DILIGENT,306.6682437664893
20,HEURISTIC.DILIGENT,326.1647043142345
20,HEURISTIC.DILIGENT,326.47578048918535
20,HEURISTIC.DILIGENT,326.36080871100927
20,HEURISTIC.DILIGENT,326.19639388812914
20,HEURISTIC.DILIGENT,326.5851695585321
20,HEURISTIC.DILIGENT,327.4707167715742
20,HEURISTIC.DILIGENT,326.80480809122594
20,HEURISTIC.DILIGENT,327.5455040569026
20,HEURISTIC.DILIGENT,327.13298278878517
20,HEURISTIC.DILIGENT,327.84578367884797
20,HEURISTIC.DILIGENT,327.84502625735263
20,HEURISTIC.DILIGENT,305.96056928495057
20,HEURISTIC.DILIGENT,326.1332013314291
20,HEURISTIC.DILIGENT,326.44427750638
20,HEURISTIC.DILIGENT,326.1648909053238
20,HEURISTIC.DILIGENT,326.32930572820385
20,HEURISTIC.DILIGENT,326.55366657572665
20,HEURISTIC.DILIGENT,326.7733051084206
20,HEURISTIC.DILIGENT,327.4392137887688
20,HEURISTIC.DILIGENT,327.51400107409717
20,HEURISTIC.DILIGENT,327.1014798059798
20,HEURISTIC.DILIGENT,327.8142806960426
20,HEURISTIC.DILIGENT,327.81352327454726
20,HEURISTIC.DILIGENT,308.0788135379096
20,HEURISTIC.DILIGENT,327.6505798186877
20,HEURISTIC.DILIGENT,327.96165599363854
20,HEURISTIC.DILIGENT,327.6822693925823
20,HEURISTIC.DILIGENT,327.84668421546246
20,HEURISTIC.DILIGENT,328.07104506298526
20,HEURISTIC.DILIGENT,328.2906835956792
20,HEURISTIC.DILIGENT,328.9565922760274
20,HEURISTIC.DILIGENT,329.0313795613558
20,HEURISTIC.DILIGENT,328.6188582932383
20,HEURISTIC.DILIGENT,329.3316591833012
20,HEURISTIC.DILIGENT,329.3309017618059
20,HEURISTIC.DILIGENT,306.9910107868616
20,HEURISTIC.DILIGENT,327.7779910270933
20,HEURISTIC.DILIGENT,328.08906720204413
20,HEURISTIC.DILIGENT,327.8096806009879
20,HEURISTIC.DILIGENT,327.9740954238681
20,HEURISTIC.DILIGENT,328.1984562713909
20,HEURISTIC.DILIGENT,328.4180948040848
20,HEURISTIC.DILIGENT,329.08400348443297
20,HEURISTIC.DILIGENT,329.15879076976137
20,HEURISTIC.DILIGENT,328.74626950164395
20,HEURISTIC.DILIGENT,329.4590703917068
20,HEURISTIC.DILIGENT,329.45831297021147
20,HEURISTIC.DILIGENT,307.3881649021786
20,HEURISTIC.DILIGENT,328.34120684778924
20,HEURISTIC.DILIGENT,328.6522830227401
20,HEURISTIC.DILIGENT,328.3728964216839
20,HEURISTIC.DILIGENT,328.53731124456397
20,HEURISTIC.DILIGENT,328.76167209208677
20,HEURISTIC.DILIGENT,328.9813106247807
20,HEURISTIC.DILIGENT,329.64721930512894
20,HEURISTIC.DILIGENT,329.7220065904573
20,HEURISTIC.DILIGENT,329.3094853223399
20,HEURISTIC.DILIGENT,330.0222862124027
20,HEURISTIC.DILIGENT,330.0215287909074
20,HEURISTIC.DILIGENT,293.249912129326
20,HEURISTIC.DILIGENT,318.7737543336819
20,HEURISTIC.DILIGENT,320.1454457655122
20,HEURISTIC.DILIGENT,319.7135328512286
20,HEURISTIC.DILIGENT,320.4207547363126
20,HEURISTIC.DILIGENT,320.65848292749047
20,HEURISTIC.DILIGENT,320.8942402667568
20,HEURISTIC.DILIGENT,321.35803079901524
20,HEURISTIC.DILIGENT,321.3799272469045
20,HEURISTIC.DILIGENT,321.6343501083787
20,HEURISTIC.DILIGENT,321.6942849543973
20,HEURISTIC.DILIGENT,321.7870757330763
20,HEURISTIC.DILIGENT,304.9114889404388
20,HEURISTIC.DILIGENT,318.7908008081663
20,HEURISTIC.DILIGENT,320.1624922399966
20,HEURISTIC.DILIGENT,320.1758716220403
20,HEURISTIC.DILIGENT,319.730579325713
20,HEURISTIC.DILIGENT,320.6755294019749
20,HEURISTIC.DILIGENT,320.91128674124127
20,HEURISTIC.DILIGENT,321.1131476847429
20,HEURISTIC.DILIGENT,321.3894669941064
20,HEURISTIC.DILIGENT,321.3969737213889
20,HEURISTIC.DILIGENT,321.5926487571934
20,HEURISTIC.DILIGENT,321.54219261880394
20,HEURISTIC.DILIGENT,305.19348826306566
20,HEURISTIC.DILIGENT,319.12323271805025
20,HEURISTIC.DILIGENT,320.49492414988055
20,HEURISTIC.DILIGENT,320.06301123559695
20,HEURISTIC.DILIGENT,320.770233120681
20,HEURISTIC.DILIGENT,321.0079613118588
20,HEURISTIC.DILIGENT,321.24371865112516
20,HEURISTIC.DILIGENT,321.7075091833836
20,HEURISTIC.DILIGENT,321.72940563127287
20,HEURISTIC.DILIGENT,321.9838284927471
20,HEURISTIC.DILIGENT,322.04376333876564
20,HEURISTIC.DILIGENT,322.13655411744463
20,HEURISTIC.DILIGENT,304.69342233525833
20,HEURISTIC.DILIGENT,319.16260561932256
20,HEURISTIC.DILIGENT,320.50578483309846
20,HEURISTIC.DILIGENT,320.37899882894453
20,HEURISTIC.DILIGENT,320.1023841368692
20,HEURISTIC.DILIGENT,321.0473342131311
20,HEURISTIC.DILIGENT,321.2830915523974
20,HEURISTIC.DILIGENT,321.31627489164714
20,HEURISTIC.DILIGENT,321.5925942010107
20,HEURISTIC.DILIGENT,321.7687785325451
20,HEURISTIC.DILIGENT,321.79577596409763
20,HEURISTIC.DILIGENT,321.7453198257082
20,HEURISTIC.DILIGENT,305.1075933372136
20,HEURISTIC.DILIGENT,319.44601575560193
20,HEURISTIC.DILIGENT,320.81770718743223
20,HEURISTIC.DILIGENT,320.83108656947593
20,HEURISTIC.DILIGENT,320.38579427314863
20,HEURISTIC.DILIGENT,321.33074434941057
20,HEURISTIC.DILIGENT,321.5665016886769
20,HEURISTIC.DILIGENT,321.76836263217854
20,HEURISTIC.DILIGENT,322.044681941542
20,HEURISTIC.DILIGENT,322.05218866882456
20,HEURISTIC.DILIGENT,322.247863704629
20,HEURISTIC.DILIGENT,322.1974075662396
20,HEURISTIC.DILIGENT,305.0821980056612
20,HEURISTIC.DILIGENT,320.26789350813533
20,HEURISTIC.DILIGENT,321.6110727219113
20,HEURISTIC.DILIGENT,321.48428671775736
20,HEURISTIC.DILIGENT,321.20767202568203
20,HEURISTIC.DILIGENT,322.15262210194396
20,HEURISTIC.DILIGENT,322.3883794412103
20,HEURISTIC.DILIGENT,322.42156278046
20,HEURISTIC.DILIGENT,322.69788208982345
20,HEURISTIC.DILIGENT,322.87406642135795
20,HEURISTIC.DILIGENT,322.9010638529105
20,HEURISTIC.DILIGENT,322.85060771452106
20,HEURISTIC.DILIGENT,304.4728448587482
20,HEURISTIC.DILIGENT,320.96731157008253
20,HEURISTIC.DILIGENT,322.21098122741813
20,HEURISTIC.DILIGENT,322.0841952232642
20,HEURISTIC.DILIGENT,321.9854541855867
20,HEURISTIC.DILIGENT,322.9304042618487
20,HEURISTIC.DILIGENT,323.166161601115
20,HEURISTIC.DILIGENT,323.02147128596687
20,HEURISTIC.DILIGENT,323.29779059533035
20,HEURISTIC.DILIGENT,323.49063858372733
20,HEURISTIC.DILIGENT,323.50097235841736
20,HEURISTIC.DILIGENT,323.4505162200279
20,HEURISTIC.DILIGENT,305.5720945311906
20,HEURISTIC.DILIGENT,321.54923699133747
20,HEURISTIC.DILIGENT,322.92092842316777
20,HEURISTIC.DILIGENT,322.48901550888417
20,HEURISTIC.DILIGENT,323.1962373939682
20,HEURISTIC.DILIGENT,323.4339655851461
20,HEURISTIC.DILIGENT,323.66972292441244
20,HEURISTIC.DILIGENT,324.1335134566708
20,HEURISTIC.DILIGENT,324.1554099045601
20,HEURISTIC.DILIGENT,324.40983276603436
20,HEURISTIC.DILIGENT,324.46976761205286
20,HEURISTIC.DILIGENT,324.56255839073185
20,HEURISTIC.DILIGENT,305.57805864299803
20,HEURISTIC.DILIGENT,321.65574013643385
20,HEURISTIC.DILIGENT,323.02743156826415
20,HEURISTIC.DILIGENT,322.59551865398055
20,HEURISTIC.DILIGENT,323.30274053906453
20,HEURISTIC.DILIGENT,323.5404687302424
20,HEURISTIC.DILIGENT,323.77622606950877
20,HEURISTIC.DILIGENT,324.2400166017672
20,HEURISTIC.DILIGENT,324.26191304965647
20,HEURISTIC.DILIGENT,324.5163359111307
20,HEURISTIC.DILIGENT,324.57627075714925
20,HEURISTIC.DILIGENT,324.66906153582823
20,HEURISTIC.DILIGENT,304.60780276164866
20,HEURISTIC.DILIGENT,321.6395955403982
20,HEURISTIC.DILIGENT,322.9029846092835
20,HEURISTIC.DILIGENT,322.7761986051296
20,HEURISTIC.DILIGENT,322.5793740579449
20,HEURISTIC.DILIGENT,323.52432413420684
20,HEURISTIC.DILIGENT,323.7600814734732
20,HEURISTIC.DILIGENT,323.7134746678322
20,HEURISTIC.DILIGENT,323.98979397719575
20,HEURISTIC.DILIGENT,324.1826419655927
20,HEURISTIC.DILIGENT,324.1929757402827
20,HEURISTIC.DILIGENT,324.14251960189324
20,HEURISTIC.DILIGENT,305.1145918980629
20,HEURISTIC.DILIGENT,322.5236357773824
20,HEURISTIC.DILIGENT,323.8953272092127
20,HEURISTIC.DILIGENT,323.46341429492907
20,HEURISTIC.DILIGENT,324.1706361800131
20,HEURISTIC.DILIGENT,324.408364371191
20,HEURISTIC.DILIGENT,324.6441217104573
20,HEURISTIC.DILIGENT,325.1079122427157
20,HEURISTIC.DILIGENT,325.129808690605
20,HEURISTIC.DILIGENT,325.3842315520792
20,HEURISTIC.DILIGENT,325.44416639809776
20,HEURISTIC.DILIGENT,325.5369571767768
20,HEURISTIC.DILIGENT,304.7441965036703
20,HEURISTIC.DILIGENT,323.3312945772025
20,HEURISTIC.DILIGENT,323.4090267864939
20,HEURISTIC.DILIGENT,322.91450792249964
20,HEURISTIC.DILIGENT,323.9082351563293
20,HEURISTIC.DILIGENT,323.74760499000024
20,HEURISTIC.DILIGENT,323.8107437257838
20,HEURISTIC.DILIGENT,324.18132943341146
20,HEURISTIC.DILIGENT,324.59558792484484
20,HEURISTIC.DILIGENT,324.7728242026634
20,HEURISTIC.DILIGENT,324.78297299886754
20,HEURISTIC.DILIGENT,324.8126867747652
20,HEURISTIC.DILIGENT,304.92505889699635
20,HEURISTIC.DILIGENT,322.4656806215886
20,HEURISTIC.DILIGENT,323.8373720534189
20,HEURISTIC.DILIGENT,323.40545913913525
20,HEURISTIC.DILIGENT,324.11268102421934
20,HEURISTIC.DILIGENT,324.35040921539724
20,HEURISTIC.DILIGENT,324.5861665546635
20,HEURISTIC.DILIGENT,325.04995708692195
20,HEURISTIC.DILIGENT,325.3262763962855
20,HEURISTIC.DILIGENT,325.0718535348112
20,HEURISTIC.DILIGENT,325.386211242304
20,HEURISTIC.DILIGENT,325.479002020983
20,HEURISTIC.DILIGENT,305.5561062017298
20,HEURISTIC.DILIGENT,324.02942050962633
20,HEURISTIC.DILIGENT,324.1071527189177
20,HEURISTIC.DILIGENT,323.43725057693223
20,HEURISTIC.DILIGENT,324.2137438971755
20,HEURISTIC.DILIGENT,324.75018358043803
20,HEURISTIC.DILIGENT,324.2768826329591
20,HEURISTIC.DILIGENT,325.02327785752016
20,HEURISTIC.DILIGENT,325.0617268320201
20,HEURISTIC.DILIGENT,325.49866837525394
20,HEURISTIC.DILIGENT,325.2544520446497
20,HEURISTIC.DILIGENT,325.5108127071891
20,HEURISTIC.DILIGENT,305.80868844964203
20,HEURISTIC.DILIGENT,324.6458734512532
20,HEURISTIC.DILIGENT,324.72360566054454
20,HEURISTIC.DILIGENT,324.053703518559
20,HEURISTIC.DILIGENT,324.7110646547716
20,HEURISTIC.DILIGENT,325.3666365220648
20,HEURISTIC.DILIGENT,324.7742033905551
20,HEURISTIC.DILIGENT,325.63973079914706
20,HEURISTIC.DILIGENT,325.5590475896161
20,HEURISTIC.DILIGENT,326.11512131688073
20,HEURISTIC.DILIGENT,325.7517728022458
20,HEURISTIC.DILIGENT,326.1272656488159
20,HEURISTIC.DILIGENT,303.10872054888364
20,HEURISTIC.DILIGENT,323.3085760526957
20,HEURISTIC.DILIGENT,323.3863082619871
20,HEURISTIC.DILIGENT,322.7164061200016
20,HEURISTIC.DILIGENT,323.5495031875022
20,HEURISTIC.DILIGENT,324.0293391235074
20,HEURISTIC.DILIGENT,323.6126419232857
20,HEURISTIC.DILIGENT,324.3024334005895
20,HEURISTIC.DILIGENT,324.3974861223467
20,HEURISTIC.DILIGENT,324.7778239183233
20,HEURISTIC.DILIGENT,324.58487119636936
20,HEURISTIC.DILIGENT,324.7899682502584
20,HEURISTIC.DILIGENT,305.7257857309023
20,HEURISTIC.DILIGENT,324.96411820744925
20,HEURISTIC.DILIGENT,325.55628814014347
20,HEURISTIC.DILIGENT,325.63402034943476
20,HEURISTIC.DILIGENT,325.4334494391071
20,HEURISTIC.DILIGENT,325.487211467925
20,HEURISTIC.DILIGENT,326.2770512109551
20,HEURISTIC.DILIGENT,326.5501454880373
20,HEURISTIC.DILIGENT,326.2544613804359
20,HEURISTIC.DILIGENT,327.02553600577096
20,HEURISTIC.DILIGENT,326.57617192407815
20,HEURISTIC.DILIGENT,327.0376803377061
20,HEURISTIC.DILIGENT,304.6180304895918
20,HEURISTIC.DILIGENT,325.12784309518497
20,HEURISTIC.DILIGENT,325.2055753044764
20,HEURISTIC.DILIGENT,324.53567316249087
20,HEURISTIC.DILIGENT,325.36877022999147
20,HEURISTIC.DILIGENT,325.84860616599667
20,HEURISTIC.DILIGENT,325.431908965775
20,HEURISTIC.DILIGENT,326.1217004430788
20,HEURISTIC.DILIGENT,326.216753164836
20,HEURISTIC.DILIGENT,326.5970909608126
20,HEURISTIC.DILIGENT,326.40413823885865
20,HEURISTIC.DILIGENT,326.6092352927477
20,HEURISTIC.DILIGENT,306.78039452558323
20,HEURISTIC.DILIGENT,326.7440676833288
20,HEURISTIC.DILIGENT,327.336237616023
20,HEURISTIC.DILIGENT,327.4139698253143
20,HEURISTIC.DILIGENT,327.21339891498667
20,HEURISTIC.DILIGENT,327.2671609438046
20,HEURISTIC.DILIGENT,328.05700068683467
20,HEURISTIC.DILIGENT,328.33009496391685
20,HEURISTIC.DILIGENT,328.03441085631545
20,HEURISTIC.DILIGENT,328.8054854816505
20,HEURISTIC.DILIGENT,328.3561213999577
20,HEURISTIC.DILIGENT,328.81762981358565
20,HEURISTIC.DILIGENT,304.8697059783779
20,HEURISTIC.DILIGENT,325.9857202810679
20,HEURISTIC.DILIGENT,326.0634524903593
20,HEURISTIC.DILIGENT,325.39355034837376
20,HEURISTIC.DILIGENT,326.0509114845863
20,HEURISTIC.DILIGENT,326.70648335187957
20,HEURISTIC.DILIGENT,326.11405022036985
20,HEURISTIC.DILIGENT,326.97957762896175
20,HEURISTIC.DILIGENT,326.8988944194308
20,HEURISTIC.DILIGENT,327.4549681466955
20,HEURISTIC.DILIGENT,327.09161963206054
20,HEURISTIC.DILIGENT,327.4671124786306
20,HEURISTIC.DILIGENT,306.76096491854935
20,HEURISTIC.DILIGENT,327.4190100421123
20,HEURISTIC.DILIGENT,328.01117997480645
20,HEURISTIC.DILIGENT,328.0889121840978
20,HEURISTIC.DILIGENT,327.8883412737701
20,HEURISTIC.DILIGENT,327.942103302588
20,HEURISTIC.DILIGENT,328.7319430456181
20,HEURISTIC.DILIGENT,329.0050373227003
20,HEURISTIC.DILIGENT,328.7093532150989
20,HEURISTIC.DILIGENT,329.480427840434
20,HEURISTIC.DILIGENT,329.0310637587412
20,HEURISTIC.DILIGENT,329.49257217236914
20,HEURISTIC.DILIGENT,306.5688051634669
20,HEURISTIC.DILIGENT,327.9411989454381
20,HEURISTIC.DILIGENT,328.53336887813225
20,HEURISTIC.DILIGENT,328.61110108742355
20,HEURISTIC.DILIGENT,328.4105301770959
20,HEURISTIC.DILIGENT,328.4642922059138
20,HEURISTIC.DILIGENT,329.25413194894395
20,HEURISTIC.DILIGENT,329.5272262260261
20,HEURISTIC.DILIGENT,329.2315421184247
20,HEURISTIC.DILIGENT,330.0026167437598
20,HEURISTIC.DILIGENT,329.553252662067
20,HEURISTIC.DILIGENT,330.01476107569493
20,HEURISTIC.DILIGENT,305.7073562069175
20,HEURISTIC.DILIGENT,327.2527158539107
20,HEURISTIC.DILIGENT,327.8448857866048
20,HEURISTIC.DILIGENT,327.9226179958962
20,HEURISTIC.DILIGENT,327.7220470855685
20,HEURISTIC.DILIGENT,327.77580911438633
20,HEURISTIC.DILIGENT,328.5656488574165
20,HEURISTIC.DILIGENT,328.8387431344986
20,HEURISTIC.DILIGENT,328.54305902689725
20,HEURISTIC.DILIGENT,329.3141336522324
20,HEURISTIC.DILIGENT,328.8647695705396
20,HEURISTIC.DILIGENT,329.3262779841675
20,HEURISTIC.DILIGENT,306.18926776311804
20,HEURISTIC.DILIGENT,327.84107040468757
20,HEURISTIC.DILIGENT,328.4332403373818
20,HEURISTIC.DILIGENT,328.5109725466731
20,HEURISTIC.DILIGENT,328.31040163634543
20,HEURISTIC.DILIGENT,328.36416366516335
20,HEURISTIC.DILIGENT,329.15400340819343
20,HEURISTIC.DILIGENT,329.4270976852756
20,HEURISTIC.DILIGENT,329.1314135776742
20,HEURISTIC.DILIGENT,329.9024882030093
20,HEURISTIC.DILIGENT,329.4531241213165
20,HEURISTIC.DILIGENT,329.9146325349444
20,HEURISTIC.DILIGENT,294.78195130035556
20,HEURISTIC.DILIGENT,319.9926290553356
20,HEURISTIC.DILIGENT,321.3643204871659
20,HEURISTIC.DILIGENT,320.9324075728823
20,HEURISTIC.DILIGENT,321.6396294579663
20,HEURISTIC.DILIGENT,321.8773576491442
20,HEURISTIC.DILIGENT,322.11311498841053
20,HEURISTIC.DILIGENT,322.57690552066896
20,HEURISTIC.DILIGENT,322.59880196855823
20,HEURISTIC.DILIGENT,322.85322483003245
20,HEURISTIC.DILIGENT,322.913159676051
20,HEURISTIC.DILIGENT,323.00595045473
20,HEURISTIC.DILIGENT,305.73604130174124
20,HEURISTIC.DILIGENT,320.0854935513322
20,HEURISTIC.DILIGENT,321.4571849831625
20,HEURISTIC.DILIGENT,321.4705643652061
20,HEURISTIC.DILIGENT,321.02527206887885
20,HEURISTIC.DILIGENT,321.9702221451408
20,HEURISTIC.DILIGENT,322.20597948440707
20,HEURISTIC.DILIGENT,322.40784042790875
20,HEURISTIC.DILIGENT,322.68415973727224
20,HEURISTIC.DILIGENT,322.6916664645547
20,HEURISTIC.DILIGENT,322.88734150035924
20,HEURISTIC.DILIGENT,322.8368853619698
20,HEURISTIC.DILIGENT,306.01804062436815
20,HEURISTIC.DILIGENT,320.33522531604183
20,HEURISTIC.DILIGENT,321.7069167478721
20,HEURISTIC.DILIGENT,321.27500383358847
20,HEURISTIC.DILIGENT,321.98222571867257
20,HEURISTIC.DILIGENT,322.21995390985046
20,HEURISTIC.DILIGENT,322.45571124911675
20,HEURISTIC.DILIGENT,322.9195017813752
20,HEURISTIC.DILIGENT,322.94139822926445
20,HEURISTIC.DILIGENT,323.1958210907387
20,HEURISTIC.DILIGENT,323.2557559367572
20,HEURISTIC.DILIGENT,323.3485467154362
20,HEURISTIC.DILIGENT,305.5179746965607
20,HEURISTIC.DILIGENT,320.48946407465337
20,HEURISTIC.DILIGENT,321.8326432884293
20,HEURISTIC.DILIGENT,321.7058572842754
20,HEURISTIC.DILIGENT,321.42924259220007
20,HEURISTIC.DILIGENT,322.374192668462
20,HEURISTIC.DILIGENT,322.60995000772834
20,HEURISTIC.DILIGENT,322.64313334697806
20,HEURISTIC.DILIGENT,322.9194526563415
20,HEURISTIC.DILIGENT,323.095636987876
20,HEURISTIC.DILIGENT,323.12263441942855
20,HEURISTIC.DILIGENT,323.0721782810391
20,HEURISTIC.DILIGENT,305.932145698516
20,HEURISTIC.DILIGENT,320.6424575767039
20,HEURISTIC.DILIGENT,322.0141490085342
20,HEURISTIC.DILIGENT,322.0275283905779
20,HEURISTIC.DILIGENT,321.5822360942506
20,HEURISTIC.DILIGENT,322.52718617051255
20,HEURISTIC.DILIGENT,322.7629435097789
20,HEURISTIC.DILIGENT,322.9648044532805
20,HEURISTIC.DILIGENT,323.241123762644
20,HEURISTIC.DILIGENT,323.24863048992654
20,HEURISTIC.DILIGENT,323.444305525731
20,HEURISTIC.DILIGENT,323.39384938734156
20,HEURISTIC.DILIGENT,305.9067503669637
20,HEURISTIC.DILIGENT,321.4660323823199
20,HEURISTIC.DILIGENT,322.8092115960958
20,HEURISTIC.DILIGENT,322.68242559194186
20,HEURISTIC.DILIGENT,322.40581089986654
20,HEURISTIC.DILIGENT,323.3507609761284
20,HEURISTIC.DILIGENT,323.58651831539476
20,HEURISTIC.DILIGENT,323.6197016546445
20,HEURISTIC.DILIGENT,323.896020964008
20,HEURISTIC.DILIGENT,324.07220529554246
20,HEURISTIC.DILIGENT,324.09920272709496
20,HEURISTIC.DILIGENT,324.0487465887055
20,HEURISTIC.DILIGENT,305.29739722005064
20,HEURISTIC.DILIGENT,322.36640590085335
20,HEURISTIC.DILIGENT,323.61007555818895
20,HEURISTIC.DILIGENT,323.483289554035
20,HEURISTIC.DILIGENT,323.38454851635754
20,HEURISTIC.DILIGENT,324.32949859261953
20,HEURISTIC.DILIGENT,324.5652559318858
20,HEURISTIC.DILIGENT,324.4205656167377
20,HEURISTIC.DILIGENT,324.6968849261012
20,HEURISTIC.DILIGENT,324.88973291449815
20,HEURISTIC.DILIGENT,324.9000666891882
20,HEURISTIC.DILIGENT,324.84961055079873
20,HEURISTIC.DILIGENT,306.39664689249304
20,HEURISTIC.DILIGENT,322.78354728439035
20,HEURISTIC.DILIGENT,324.15523871622065
20,HEURISTIC.DILIGENT,323.72332580193705
20,HEURISTIC.DILIGENT,324.4305476870211
20,HEURISTIC.DILIGENT,324.668275878199
20,HEURISTIC.DILIGENT,324.9040332174653
20,HEURISTIC.DILIGENT,325.3678237497237
20,HEURISTIC.DILIGENT,325.389720197613
20,HEURISTIC.DILIGENT,325.64414305908724
20,HEURISTIC.DILIGENT,325.70407790510575
20,HEURISTIC.DILIGENT,325.79686868378474
20,HEURISTIC.DILIGENT,306.40261100430047
20,HEURISTIC.DILIGENT,322.89847129291525
20,HEURISTIC.DILIGENT,324.27016272474555
20,HEURISTIC.DILIGENT,323.8382498104619
20,HEURISTIC.DILIGENT,324.545471695546
20,HEURISTIC.DILIGENT,324.7831998867239
20,HEURISTIC.DILIGENT,325.01895722599016
20,HEURISTIC.DILIGENT,325.4827477582486
20,HEURISTIC.DILIGENT,325.50464420613787
20,HEURISTIC.DILIGENT,325.75906706761214
20,HEURISTIC.DILIGENT,325.81900191363064
20,HEURISTIC.DILIGENT,325.91179269230963
20,HEURISTIC.DILIGENT,305.4323551229511
20,HEURISTIC.DILIGENT,323.0420184026883
20,HEURISTIC.DILIGENT,324.30540747157363
20,HEURISTIC.DILIGENT,324.1786214674197
20,HEURISTIC.DILIGENT,323.981796920235
20,HEURISTIC.DILIGENT,324.92674699649695
20,HEURISTIC.DILIGENT,325.1625043357633
20,HEURISTIC.DILIGENT,325.1158975301223
20,HEURISTIC.DILIGENT,325.39221683948585
20,HEURISTIC.DILIGENT,325.58506482788283
20,HEURISTIC.DILIGENT,325.5953986025728
20,HEURISTIC.DILIGENT,325.54494246418335
20,HEURISTIC.DILIGENT,305.56874886497275
20,HEURISTIC.DILIGENT,324.5015589252333
20,HEURISTIC.DILIGENT,324.5792911345246
20,HEURISTIC.DILIGENT,324.0847722705305
20,HEURISTIC.DILIGENT,325.0784995043601
20,HEURISTIC.DILIGENT,324.91786933803104
20,HEURISTIC.DILIGENT,324.98100807381456
20,HEURISTIC.DILIGENT,325.35159378144226
20,HEURISTIC.DILIGENT,325.7658522728756
20,HEURISTIC.DILIGENT,325.94308855069426
20,HEURISTIC.DILIGENT,325.9532373468983
20,HEURISTIC.DILIGENT,325.98295112279607
20,HEURISTIC.DILIGENT,306.3806585630323
20,HEURISTIC.DILIGENT,325.1415754519404
20,HEURISTIC.DILIGENT,325.2193076612317
20,HEURISTIC.DILIGENT,324.5494055192462
20,HEURISTIC.DILIGENT,325.3258988394895
20,HEURISTIC.DILIGENT,325.86233852275205
20,HEURISTIC.DILIGENT,325.38903757527305
20,HEURISTIC.DILIGENT,326.13543279983423
20,HEURISTIC.DILIGENT,326.17388177433406
20,HEURISTIC.DILIGENT,326.6108233175679
20,HEURISTIC.DILIGENT,326.3666069869638
20,HEURISTIC.DILIGENT,326.6229676495031
20,HEURISTIC.DILIGENT,305.9391442593653
20,HEURISTIC.DILIGENT,323.85473435523147
20,HEURISTIC.DILIGENT,325.22642578706177
20,HEURISTIC.DILIGENT,324.79451287277817
20,HEURISTIC.DILIGENT,325.5017347578622
20,HEURISTIC.DILIGENT,325.7394629490401
20,HEURISTIC.DILIGENT,325.97522028830645
20,HEURISTIC.DILIGENT,326.4390108205648
20,HEURISTIC.DILIGENT,326.4609072684541
20,HEURISTIC.DILIGENT,326.71533012992836
20,HEURISTIC.DILIGENT,326.77526497594687
20,HEURISTIC.DILIGENT,326.86805575462586
20,HEURISTIC.DILIGENT,305.7496112582988
20,HEURISTIC.DILIGENT,323.82930549753814
20,HEURISTIC.DILIGENT,325.20099692936844
20,HEURISTIC.DILIGENT,324.7690840150848
20,HEURISTIC.DILIGENT,325.4763059001689
