no.blocks,heuristic,mb_cost_per_iteration
5,HEURISTIC.LAZY,65.19364327475537
5,HEURISTIC.LAZY,105.7771794690789
5,HEURISTIC.LAZY,106.54283847521128
5,HEURISTIC.LAZY,105.909360919226
5,HEURISTIC.LAZY,107.1993725944165
5,HEURISTIC.LAZY,106.988666165138
5,HEURISTIC.LAZY,107.23607421065424
5,HEURISTIC.LAZY,107.21550661873184
5,HEURISTIC.LAZY,107.95915589755668
5,HEURISTIC.LAZY,107.71853175175332
5,HEURISTIC.LAZY,107.86189070677341
5,HEURISTIC.LAZY,107.97467685362386
5,HEURISTIC.LAZY,91.8688711792712
5,HEURISTIC.LAZY,105.48010688469101
5,HEURISTIC.LAZY,106.25678976511008
5,HEURISTIC.LAZY,105.61216426772252
5,HEURISTIC.LAZY,106.90229717330806
5,HEURISTIC.LAZY,106.70861008398325
5,HEURISTIC.LAZY,106.93985219662898
5,HEURISTIC.LAZY,106.93576127095486
5,HEURISTIC.LAZY,107.66462014659824
5,HEURISTIC.LAZY,107.43529728295024
5,HEURISTIC.LAZY,107.57480764797614
5,HEURISTIC.LAZY,107.68514869794443
5,HEURISTIC.LAZY,107.62564948157531
5,HEURISTIC.LAZY,93.92145830305043
5,HEURISTIC.LAZY,107.03965307825682
5,HEURISTIC.LAZY,107.85050217414862
5,HEURISTIC.LAZY,107.16945196813565
5,HEURISTIC.LAZY,108.46155996201716
5,HEURISTIC.LAZY,108.30727244307633
5,HEURISTIC.LAZY,108.50686321830887
5,HEURISTIC.LAZY,91.83513176396104
5,HEURISTIC.LAZY,106.00933785425941
5,HEURISTIC.LAZY,106.82128011747767
5,HEURISTIC.LAZY,106.13987017902208
5,HEURISTIC.LAZY,107.43137454037989
5,HEURISTIC.LAZY,107.2833697416111
5,HEURISTIC.LAZY,107.47477642961518
5,HEURISTIC.LAZY,107.51084174008338
5,HEURISTIC.LAZY,108.20683986756525
5,HEURISTIC.LAZY,108.00415708168391
5,HEURISTIC.LAZY,108.13632502888174
5,HEURISTIC.LAZY,108.24135149788616
5,HEURISTIC.LAZY,108.18741070713928
5,HEURISTIC.LAZY,91.72407730503504
5,HEURISTIC.LAZY,106.02302453842336
5,HEURISTIC.LAZY,106.83814358792148
5,HEURISTIC.LAZY,106.15346152303465
5,HEURISTIC.LAZY,107.44504503607911
5,HEURISTIC.LAZY,107.30146639293292
5,HEURISTIC.LAZY,107.48880701423704
5,HEURISTIC.LAZY,107.528963617347
5,HEURISTIC.LAZY,108.22141620809637
5,HEURISTIC.LAZY,108.02146596429182
5,HEURISTIC.LAZY,108.15277285557437
5,HEURISTIC.LAZY,108.25722405363186
5,HEURISTIC.LAZY,108.20388328684027
5,HEURISTIC.LAZY,91.80930470296326
5,HEURISTIC.LAZY,106.59599305821587
5,HEURISTIC.LAZY,107.44582740587
5,HEURISTIC.LAZY,106.72464611410214
5,HEURISTIC.LAZY,108.0176177009953
5,HEURISTIC.LAZY,107.9183110477221
5,HEURISTIC.LAZY,108.06675739673551
5,HEURISTIC.LAZY,108.14587825759523
5,HEURISTIC.LAZY,108.8064124207485
5,HEURISTIC.LAZY,108.63211556586211
5,HEURISTIC.LAZY,108.75638814801636
5,HEURISTIC.LAZY,108.85570043170057
5,HEURISTIC.LAZY,94.52484496672814
5,HEURISTIC.LAZY,108.31796997225479
5,HEURISTIC.LAZY,109.18509759343618
5,HEURISTIC.LAZY,108.44435192302073
5,HEURISTIC.LAZY,109.73890246648065
5,HEURISTIC.LAZY,94.68583859787377
5,HEURISTIC.LAZY,109.02441727514486
5,HEURISTIC.LAZY,109.92806343397771
5,HEURISTIC.LAZY,109.14831487627178
5,HEURISTIC.LAZY,110.44439595552481
5,HEURISTIC.LAZY,92.65082316531871
5,HEURISTIC.LAZY,108.7863515227499
5,HEURISTIC.LAZY,108.90690319251975
5,HEURISTIC.LAZY,110.20480580139954
5,HEURISTIC.LAZY,109.7527404546357
5,HEURISTIC.LAZY,94.48795319525941
5,HEURISTIC.LAZY,110.1821670524758
5,HEURISTIC.LAZY,83.71967375465755
5,HEURISTIC.LAZY,104.46518141534732
5,HEURISTIC.LAZY,105.2308404214797
5,HEURISTIC.LAZY,104.59736286549443
5,HEURISTIC.LAZY,105.8873745406849
5,HEURISTIC.LAZY,105.67666811140641
5,HEURISTIC.LAZY,105.92407615692265
5,HEURISTIC.LAZY,105.90350856500024
5,HEURISTIC.LAZY,106.64715784382511
5,HEURISTIC.LAZY,106.40653369802172
5,HEURISTIC.LAZY,106.54989265304181
5,HEURISTIC.LAZY,106.66267879989229
5,HEURISTIC.LAZY,106.60059960584383
5,HEURISTIC.LAZY,91.4983620917768
5,HEURISTIC.LAZY,104.39196690884233
5,HEURISTIC.LAZY,105.1686497892614
5,HEURISTIC.LAZY,104.52402429187384
5,HEURISTIC.LAZY,105.8141571974594
5,HEURISTIC.LAZY,105.62047010813455
5,HEURISTIC.LAZY,105.85171222078031
5,HEURISTIC.LAZY,105.84762129510617
5,HEURISTIC.LAZY,106.57648017074956
5,HEURISTIC.LAZY,106.34715730710157
5,HEURISTIC.LAZY,106.48666767212747
5,HEURISTIC.LAZY,106.59700872209575
5,HEURISTIC.LAZY,106.53750950572663
5,HEURISTIC.LAZY,93.42713912626382
5,HEURISTIC.LAZY,105.70389292382374
5,HEURISTIC.LAZY,106.51474201971554
5,HEURISTIC.LAZY,105.83369181370257
5,HEURISTIC.LAZY,107.12579980758409
5,HEURISTIC.LAZY,106.97151228864325
5,HEURISTIC.LAZY,107.17110306387579
5,HEURISTIC.LAZY,107.19880971460893
5,HEURISTIC.LAZY,107.90441410466111
5,HEURISTIC.LAZY,91.52456125579702
5,HEURISTIC.LAZY,105.04107503707151
5,HEURISTIC.LAZY,105.85301730028976
5,HEURISTIC.LAZY,105.17160736183418
5,HEURISTIC.LAZY,106.46311172319199
5,HEURISTIC.LAZY,106.31510692442319
5,HEURISTIC.LAZY,106.50651361242727
5,HEURISTIC.LAZY,106.54257892289547
5,HEURISTIC.LAZY,107.23857705037736
5,HEURISTIC.LAZY,107.03589426449601
5,HEURISTIC.LAZY,107.16806221169384
5,HEURISTIC.LAZY,107.27308868069827
5,HEURISTIC.LAZY,107.21914788995136
5,HEURISTIC.LAZY,91.43787375172911
5,HEURISTIC.LAZY,105.10349563095161
5,HEURISTIC.LAZY,105.91861468044974
5,HEURISTIC.LAZY,105.2339326155629
5,HEURISTIC.LAZY,106.52551612860736
5,HEURISTIC.LAZY,106.38193748546118
5,HEURISTIC.LAZY,106.5692781067653
5,HEURISTIC.LAZY,106.60943470987526
5,HEURISTIC.LAZY,107.30188730062461
5,HEURISTIC.LAZY,107.10193705682008
5,HEURISTIC.LAZY,107.23324394810263
5,HEURISTIC.LAZY,107.3376951461601
5,HEURISTIC.LAZY,107.28435437936851
5,HEURISTIC.LAZY,94.04748437596385
5,HEURISTIC.LAZY,107.01612698986636
5,HEURISTIC.LAZY,107.88325461104773
5,HEURISTIC.LAZY,107.1425089406323
5,HEURISTIC.LAZY,108.4370594840922
5,HEURISTIC.LAZY,108.35408926328131
5,HEURISTIC.LAZY,91.56250817017296
5,HEURISTIC.LAZY,105.7552781917754
5,HEURISTIC.LAZY,106.60511253942954
5,HEURISTIC.LAZY,105.88393124766168
5,HEURISTIC.LAZY,107.17690283455484
5,HEURISTIC.LAZY,107.07759618128163
5,HEURISTIC.LAZY,107.22604253029505
5,HEURISTIC.LAZY,107.30516339115476
5,HEURISTIC.LAZY,107.96569755430804
5,HEURISTIC.LAZY,107.79140069942164
5,HEURISTIC.LAZY,107.91567328157589
5,HEURISTIC.LAZY,108.0149855652601
5,HEURISTIC.LAZY,107.96697494179051
5,HEURISTIC.LAZY,94.22914141397152
5,HEURISTIC.LAZY,107.76390110648049
5,HEURISTIC.LAZY,108.66754726531337
5,HEURISTIC.LAZY,107.88779870760743
5,HEURISTIC.LAZY,109.18387978686047
5,HEURISTIC.LAZY,94.10982697924982
5,HEURISTIC.LAZY,109.07879281959673
5,HEURISTIC.LAZY,109.19677397163906
5,HEURISTIC.LAZY,110.49599654112333
5,HEURISTIC.LAZY,110.06108905803438
5,HEURISTIC.LAZY,92.4331389389494
5,HEURISTIC.LAZY,108.00386126915143
5,HEURISTIC.LAZY,108.12441293892128
5,HEURISTIC.LAZY,109.42231554780106
5,HEURISTIC.LAZY,108.97025020103723
5,HEURISTIC.LAZY,109.46830227026042
5,HEURISTIC.LAZY,109.48681499326825
5,HEURISTIC.LAZY,83.76289490497192
5,HEURISTIC.LAZY,104.97062247452483
5,HEURISTIC.LAZY,105.73628148065721
5,HEURISTIC.LAZY,105.10280392467195
5,HEURISTIC.LAZY,106.39281559986242
5,HEURISTIC.LAZY,106.18210917058393
5,HEURISTIC.LAZY,106.42951721610017
5,HEURISTIC.LAZY,106.40894962417775
5,HEURISTIC.LAZY,107.15259890300263
5,HEURISTIC.LAZY,106.91197475719923
5,HEURISTIC.LAZY,107.05533371221932
5,HEURISTIC.LAZY,107.1681198590698
5,HEURISTIC.LAZY,107.10604066502134
5,HEURISTIC.LAZY,92.2136186076525
5,HEURISTIC.LAZY,105.06140434402252
5,HEURISTIC.LAZY,105.83808722444158
5,HEURISTIC.LAZY,105.19346172705403
5,HEURISTIC.LAZY,106.48359463263958
5,HEURISTIC.LAZY,106.28990754331474
5,HEURISTIC.LAZY,106.5211496559605
5,HEURISTIC.LAZY,106.51705873028635
5,HEURISTIC.LAZY,107.24591760592975
5,HEURISTIC.LAZY,107.01659474228175
5,HEURISTIC.LAZY,107.15610510730765
5,HEURISTIC.LAZY,107.26644615727594
5,HEURISTIC.LAZY,107.20694694090682
5,HEURISTIC.LAZY,94.04441163257707
5,HEURISTIC.LAZY,106.17736233987902
5,HEURISTIC.LAZY,106.98821143577082
5,HEURISTIC.LAZY,106.30716122975785
5,HEURISTIC.LAZY,107.59926922363937
5,HEURISTIC.LAZY,107.44498170469853
5,HEURISTIC.LAZY,107.64457247993107
5,HEURISTIC.LAZY,107.67227913066421
5,HEURISTIC.LAZY,92.26695599287913
5,HEURISTIC.LAZY,105.76478891466452
5,HEURISTIC.LAZY,106.57673117788278
5,HEURISTIC.LAZY,105.89532123942719
5,HEURISTIC.LAZY,107.186825600785
5,HEURISTIC.LAZY,107.0388208020162
5,HEURISTIC.LAZY,107.23022749002028
5,HEURISTIC.LAZY,107.26629280048849
5,HEURISTIC.LAZY,107.96229092797036
5,HEURISTIC.LAZY,107.75960814208902
5,HEURISTIC.LAZY,107.89177608928685
5,HEURISTIC.LAZY,107.99680255829126
5,HEURISTIC.LAZY,107.94286176754439
5,HEURISTIC.LAZY,92.19215508416487
5,HEURISTIC.LAZY,105.85098269925193
5,HEURISTIC.LAZY,106.66610174875005
5,HEURISTIC.LAZY,105.98141968386322
5,HEURISTIC.LAZY,107.27300319690767
5,HEURISTIC.LAZY,107.12942455376148
5,HEURISTIC.LAZY,107.31676517506561
5,HEURISTIC.LAZY,107.35692177817558
5,HEURISTIC.LAZY,108.04937436892492
5,HEURISTIC.LAZY,107.84942412512041
5,HEURISTIC.LAZY,107.98073101640294
5,HEURISTIC.LAZY,108.08518221446042
5,HEURISTIC.LAZY,108.03184144766882
5,HEURISTIC.LAZY,94.67525215946483
5,HEURISTIC.LAZY,107.51058696029705
5,HEURISTIC.LAZY,108.37771458147843
5,HEURISTIC.LAZY,107.636968911063
5,HEURISTIC.LAZY,108.9315194545229
5,HEURISTIC.LAZY,92.32953603220079
5,HEURISTIC.LAZY,106.52825831925988
5,HEURISTIC.LAZY,107.37809266691401
5,HEURISTIC.LAZY,106.65691137514615
5,HEURISTIC.LAZY,107.94988296203931
5,HEURISTIC.LAZY,107.85057630876611
5,HEURISTIC.LAZY,107.99902265777953
5,HEURISTIC.LAZY,108.07814351863922
5,HEURISTIC.LAZY,108.73867768179251
5,HEURISTIC.LAZY,108.56438082690612
5,HEURISTIC.LAZY,108.68865340906036
5,HEURISTIC.LAZY,108.78796569274459
5,HEURISTIC.LAZY,108.739955069275
5,HEURISTIC.LAZY,94.87025121011803
5,HEURISTIC.LAZY,108.28504510220228
5,HEURISTIC.LAZY,109.18869126103513
5,HEURISTIC.LAZY,108.4089427033292
5,HEURISTIC.LAZY,109.70502378258223
5,HEURISTIC.LAZY,94.795414501218
5,HEURISTIC.LAZY,109.68889226696187
5,HEURISTIC.LAZY,109.8068734190042
5,HEURISTIC.LAZY,111.10609598848848
5,HEURISTIC.LAZY,93.19865117475305
5,HEURISTIC.LAZY,108.77381014418754
5,HEURISTIC.LAZY,108.89436181395739
5,HEURISTIC.LAZY,110.19226442283717
5,HEURISTIC.LAZY,109.74019907607334
5,HEURISTIC.LAZY,85.67187537387309
5,HEURISTIC.LAZY,108.39782543668413
5,HEURISTIC.LAZY,109.16348444281651
5,HEURISTIC.LAZY,108.53000688683125
5,HEURISTIC.LAZY,109.82001856202172
5,HEURISTIC.LAZY,94.11330793955597
5,HEURISTIC.LAZY,108.20921649976148
5,HEURISTIC.LAZY,108.98589938018054
5,HEURISTIC.LAZY,108.34127388279299
5,HEURISTIC.LAZY,109.63140678837854
5,HEURISTIC.LAZY,109.4377196990537
5,HEURISTIC.LAZY,109.66896181169946
5,HEURISTIC.LAZY,96.10194796637764
5,HEURISTIC.LAZY,109.64086849941218
5,HEURISTIC.LAZY,110.45171759530398
5,HEURISTIC.LAZY,94.09763271112766
5,HEURISTIC.LAZY,108.7745758430936
5,HEURISTIC.LAZY,109.58651810631187
5,HEURISTIC.LAZY,108.90510816785627
5,HEURISTIC.LAZY,110.1966125292141
5,HEURISTIC.LAZY,110.04860773044527
5,HEURISTIC.LAZY,93.99202144331551
5,HEURISTIC.LAZY,108.79914890948525
5,HEURISTIC.LAZY,109.61426795898338
5,HEURISTIC.LAZY,108.92958589409655
5,HEURISTIC.LAZY,110.22116940714099
5,HEURISTIC.LAZY,110.0775907639948
5,HEURISTIC.LAZY,94.08594383503514
5,HEURISTIC.LAZY,109.38950741686058
5,HEURISTIC.LAZY,110.23934176451472
5,HEURISTIC.LAZY,109.51816047274686
5,HEURISTIC.LAZY,110.81113205964002
5,HEURISTIC.LAZY,94.93497605563836
5,HEURISTIC.LAZY,111.59489339789016
5,HEURISTIC.LAZY,85.82234243530459
5,HEURISTIC.LAZY,108.98036874009972
5,HEURISTIC.LAZY,109.7460277462321
5,HEURISTIC.LAZY,109.11255019024682
5,HEURISTIC.LAZY,110.40256186543732
5,HEURISTIC.LAZY,94.6830332364103
5,HEURISTIC.LAZY,108.84134351201949
5,HEURISTIC.LAZY,109.61802639243855
5,HEURISTIC.LAZY,108.973400895051
5,HEURISTIC.LAZY,110.26353380063655
5,HEURISTIC.LAZY,110.06984671131171
5,HEURISTIC.LAZY,96.64155833387832
5,HEURISTIC.LAZY,110.21276565296294
5,HEURISTIC.LAZY,94.6768213068754
5,HEURISTIC.LAZY,109.42562945313843
5,HEURISTIC.LAZY,110.2375717163567
5,HEURISTIC.LAZY,109.5561617779011
5,HEURISTIC.LAZY,110.84766613925892
5,HEURISTIC.LAZY,94.57457351021407
5,HEURISTIC.LAZY,109.4569294618317
5,HEURISTIC.LAZY,110.27204851132983
5,HEURISTIC.LAZY,109.587366446443
5,HEURISTIC.LAZY,110.87894995948746
5,HEURISTIC.LAZY,94.6741108703061
5,HEURISTIC.LAZY,110.05851790595186
5,HEURISTIC.LAZY,110.908352253606
5,HEURISTIC.LAZY,110.18717096183813
5,HEURISTIC.LAZY,111.4801425487313
5,HEURISTIC.LAZY,86.31921545072484
5,HEURISTIC.LAZY,110.6277497111603
5,HEURISTIC.LAZY,96.20279914369613
5,HEURISTIC.LAZY,110.5910375490096
5,HEURISTIC.LAZY,111.36772042942866
5,HEURISTIC.LAZY,96.21380724812965
5,HEURISTIC.LAZY,111.20976355806539
5,HEURISTIC.LAZY,96.11784342249643
5,HEURISTIC.LAZY,111.25363150881488
5,HEURISTIC.LAZY,96.22698745832926
5,HEURISTIC.LAZY,84.87496683555918
5,HEURISTIC.LAZY,108.65436132717916
5,HEURISTIC.LAZY,109.42002033331154
5,HEURISTIC.LAZY,108.78654277732628
5,HEURISTIC.LAZY,110.07655445251676
5,HEURISTIC.LAZY,97.28299958292106
5,HEURISTIC.LAZY,109.70013578274325
5,HEURISTIC.LAZY,110.51098487863504
5,HEURISTIC.LAZY,95.72724139439748
5,HEURISTIC.LAZY,109.13424745968872
5,HEURISTIC.LAZY,109.91093034010778
5,HEURISTIC.LAZY,109.26630484272023
5,HEURISTIC.LAZY,110.55643774830578
5,HEURISTIC.LAZY,95.81691798193808
5,HEURISTIC.LAZY,109.91031043495865
5,HEURISTIC.LAZY,110.7222526981769
5,HEURISTIC.LAZY,110.04084275972131
5,HEURISTIC.LAZY,111.33234712107912
5,HEURISTIC.LAZY,95.75984450965888
5,HEURISTIC.LAZY,110.03195909241622
5,HEURISTIC.LAZY,110.84707814191434
5,HEURISTIC.LAZY,110.16239607702751
5,HEURISTIC.LAZY,111.45397959007195
5,HEURISTIC.LAZY,95.90963048182002
5,HEURISTIC.LAZY,110.73404476067455
5,HEURISTIC.LAZY,111.58387910832869
5,HEURISTIC.LAZY,110.86269781656083
5,HEURISTIC.LAZY,112.155669403454
5,HEURISTIC.LAZY,85.61328378217178
5,HEURISTIC.LAZY,110.59669517997709
5,HEURISTIC.LAZY,97.23265672100484
5,HEURISTIC.LAZY,111.06420930392329
5,HEURISTIC.LAZY,97.31751390647376
5,HEURISTIC.LAZY,97.25697295115661
5,HEURISTIC.LAZY,85.63023118532708
5,HEURISTIC.LAZY,116.12132518927606
5,HEURISTIC.LAZY,116.9317098027461
5,HEURISTIC.LAZY,99.97917103107613
5,HEURISTIC.LAZY,116.28922840055267
5,HEURISTIC.LAZY,117.00162900446028
5,HEURISTIC.LAZY,85.71652146017723
5,HEURISTIC.LAZY,100.8319069681786
5,HEURISTIC.LAZY,77.78359457202943
5,HEURISTIC.LAZY,105.72331676888875
5,HEURISTIC.LAZY,106.48897577502113
5,HEURISTIC.LAZY,105.85549821903587
5,HEURISTIC.LAZY,107.14550989422634
5,HEURISTIC.LAZY,106.93480346494785
5,HEURISTIC.LAZY,107.18221151046409
5,HEURISTIC.LAZY,107.16164391854167
5,HEURISTIC.LAZY,107.90529319736653
5,HEURISTIC.LAZY,107.66466905156317
5,HEURISTIC.LAZY,107.80802800658326
5,HEURISTIC.LAZY,107.92081415343371
5,HEURISTIC.LAZY,107.85873495938525
5,HEURISTIC.LAZY,91.81500847908106
5,HEURISTIC.LAZY,105.42624418450085
5,HEURISTIC.LAZY,106.20292706491992
5,HEURISTIC.LAZY,105.55830156753235
5,HEURISTIC.LAZY,106.84843447311789
5,HEURISTIC.LAZY,106.65474738379308
5,HEURISTIC.LAZY,106.88598949643881
5,HEURISTIC.LAZY,106.88189857076469
5,HEURISTIC.LAZY,107.61075744640806
5,HEURISTIC.LAZY,107.38143458276008
5,HEURISTIC.LAZY,107.52094494778598
5,HEURISTIC.LAZY,107.63128599775426
5,HEURISTIC.LAZY,107.57178678138514
5,HEURISTIC.LAZY,93.86759560286029
5,HEURISTIC.LAZY,106.98579037806668
5,HEURISTIC.LAZY,107.79663947395848
5,HEURISTIC.LAZY,107.11558926794551
5,HEURISTIC.LAZY,108.40769726182702
5,HEURISTIC.LAZY,108.25340974288618
5,HEURISTIC.LAZY,108.45300051811873
5,HEURISTIC.LAZY,91.78126906377089
5,HEURISTIC.LAZY,105.95547515406926
5,HEURISTIC.LAZY,106.76741741728753
5,HEURISTIC.LAZY,106.08600747883193
5,HEURISTIC.LAZY,107.37751184018975
5,HEURISTIC.LAZY,107.22950704142094
5,HEURISTIC.LAZY,107.42091372942502
5,HEURISTIC.LAZY,107.45697903989321
5,HEURISTIC.LAZY,108.1529771673751
5,HEURISTIC.LAZY,107.95029438149376
5,HEURISTIC.LAZY,108.0824623286916
5,HEURISTIC.LAZY,108.187488797696
5,HEURISTIC.LAZY,108.13354800694913
5,HEURISTIC.LAZY,91.67021460484489
5,HEURISTIC.LAZY,105.9691618382332
5,HEURISTIC.LAZY,106.78428088773133
5,HEURISTIC.LAZY,106.0995988228445
5,HEURISTIC.LAZY,107.39118233588894
5,HEURISTIC.LAZY,107.24760369274276
5,HEURISTIC.LAZY,107.43494431404689
5,HEURISTIC.LAZY,107.47510091715685
5,HEURISTIC.LAZY,108.1675535079062
5,HEURISTIC.LAZY,107.96760326410168
5,HEURISTIC.LAZY,108.09891015538422
5,HEURISTIC.LAZY,108.2033613534417
5,HEURISTIC.LAZY,108.1500205866501
5,HEURISTIC.LAZY,91.7554420027731
5,HEURISTIC.LAZY,106.54213035802572
5,HEURISTIC.LAZY,107.39196470567985
5,HEURISTIC.LAZY,106.67078341391199
5,HEURISTIC.LAZY,107.96375500080515
5,HEURISTIC.LAZY,107.86444834753195
5,HEURISTIC.LAZY,108.01289469654537
5,HEURISTIC.LAZY,108.09201555740506
5,HEURISTIC.LAZY,108.75254972055835
5,HEURISTIC.LAZY,108.57825286567196
5,HEURISTIC.LAZY,108.7025254478262
5,HEURISTIC.LAZY,108.80183773151043
5,HEURISTIC.LAZY,108.75382710804084
5,HEURISTIC.LAZY,94.47098226653799
5,HEURISTIC.LAZY,108.26410727206465
5,HEURISTIC.LAZY,109.13123489324602
5,HEURISTIC.LAZY,108.39048922283058
5,HEURISTIC.LAZY,109.68503976629049
5,HEURISTIC.LAZY,94.63197589768362
5,HEURISTIC.LAZY,108.97055457495469
5,HEURISTIC.LAZY,109.87420073378757
5,HEURISTIC.LAZY,109.09445217608163
5,HEURISTIC.LAZY,110.39053325533467
5,HEURISTIC.LAZY,92.59696046512855
5,HEURISTIC.LAZY,108.73248882255976
5,HEURISTIC.LAZY,108.85304049232961
5,HEURISTIC.LAZY,110.15094310120939
5,HEURISTIC.LAZY,109.69887775444556
5,HEURISTIC.LAZY,94.43409049506928
5,HEURISTIC.LAZY,110.12830435228565
5,HEURISTIC.LAZY,83.78077845428685
5,HEURISTIC.LAZY,104.52969143271223
5,HEURISTIC.LAZY,105.29535043884461
5,HEURISTIC.LAZY,104.66187288285934
5,HEURISTIC.LAZY,105.95188455804981
5,HEURISTIC.LAZY,105.74117812877132
5,HEURISTIC.LAZY,105.98858617428756
5,HEURISTIC.LAZY,105.96801858236515
5,HEURISTIC.LAZY,106.71166786119002
5,HEURISTIC.LAZY,106.47104371538663
5,HEURISTIC.LAZY,106.61440267040672
5,HEURISTIC.LAZY,106.7271888172572
5,HEURISTIC.LAZY,106.66510962320874
5,HEURISTIC.LAZY,91.56287210914171
5,HEURISTIC.LAZY,104.45647692620723
5,HEURISTIC.LAZY,105.2331598066263
5,HEURISTIC.LAZY,104.58853430923874
5,HEURISTIC.LAZY,105.87866721482428
5,HEURISTIC.LAZY,105.68498012549946
5,HEURISTIC.LAZY,105.9162222381452
5,HEURISTIC.LAZY,105.91213131247108
5,HEURISTIC.LAZY,106.64099018811444
5,HEURISTIC.LAZY,106.41166732446646
5,HEURISTIC.LAZY,106.55117768949236
5,HEURISTIC.LAZY,106.66151873946063
5,HEURISTIC.LAZY,106.60201952309153
5,HEURISTIC.LAZY,93.49164914362873
5,HEURISTIC.LAZY,105.76840294118865
5,HEURISTIC.LAZY,106.57925203708045
5,HEURISTIC.LAZY,105.89820183106748
5,HEURISTIC.LAZY,107.190309824949
5,HEURISTIC.LAZY,107.03602230600816
5,HEURISTIC.LAZY,107.2356130812407
5,HEURISTIC.LAZY,107.26331973197385
5,HEURISTIC.LAZY,107.96892412202602
5,HEURISTIC.LAZY,91.58907127316192
5,HEURISTIC.LAZY,105.10558505443642
5,HEURISTIC.LAZY,105.91752731765467
5,HEURISTIC.LAZY,105.23611737919909
5,HEURISTIC.LAZY,106.5276217405569
5,HEURISTIC.LAZY,106.3796169417881
5,HEURISTIC.LAZY,106.57102362979218
5,HEURISTIC.LAZY,106.60708894026038
5,HEURISTIC.LAZY,107.30308706774227
5,HEURISTIC.LAZY,107.10040428186092
5,HEURISTIC.LAZY,107.23257222905875
5,HEURISTIC.LAZY,107.33759869806318
5,HEURISTIC.LAZY,107.28365790731627
5,HEURISTIC.LAZY,91.50238376909401
5,HEURISTIC.LAZY,105.16800564831652
5,HEURISTIC.LAZY,105.98312469781465
5,HEURISTIC.LAZY,105.29844263292782
5,HEURISTIC.LAZY,106.59002614597227
5,HEURISTIC.LAZY,106.44644750282609
5,HEURISTIC.LAZY,106.6337881241302
5,HEURISTIC.LAZY,106.67394472724017
5,HEURISTIC.LAZY,107.36639731798952
5,HEURISTIC.LAZY,107.16644707418499
5,HEURISTIC.LAZY,107.29775396546754
5,HEURISTIC.LAZY,107.40220516352501
5,HEURISTIC.LAZY,107.34886439673342
5,HEURISTIC.LAZY,94.11199439332876
5,HEURISTIC.LAZY,107.08063700723125
5,HEURISTIC.LAZY,107.94776462841264
5,HEURISTIC.LAZY,107.20701895799719
5,HEURISTIC.LAZY,108.50156950145711
5,HEURISTIC.LAZY,108.41859928064619
5,HEURISTIC.LAZY,91.62701818753786
5,HEURISTIC.LAZY,105.81978820914031
5,HEURISTIC.LAZY,106.66962255679445
5,HEURISTIC.LAZY,105.94844126502659
5,HEURISTIC.LAZY,107.24141285191975
5,HEURISTIC.LAZY,107.14210619864654
5,HEURISTIC.LAZY,107.29055254765996
5,HEURISTIC.LAZY,107.36967340851967
5,HEURISTIC.LAZY,108.03020757167295
5,HEURISTIC.LAZY,107.85591071678655
5,HEURISTIC.LAZY,107.9801832989408
5,HEURISTIC.LAZY,108.07949558262501
5,HEURISTIC.LAZY,108.03148495915542
5,HEURISTIC.LAZY,94.29365143133643
5,HEURISTIC.LAZY,107.8284111238454
5,HEURISTIC.LAZY,108.73205728267826
5,HEURISTIC.LAZY,107.95230872497233
5,HEURISTIC.LAZY,109.24838980422535
5,HEURISTIC.LAZY,94.17433699661473
5,HEURISTIC.LAZY,109.14330283696164
5,HEURISTIC.LAZY,109.26128398900397
5,HEURISTIC.LAZY,110.56050655848824
5,HEURISTIC.LAZY,110.1255990753993
5,HEURISTIC.LAZY,92.49764895631431
5,HEURISTIC.LAZY,108.06837128651634
5,HEURISTIC.LAZY,108.18892295628618
5,HEURISTIC.LAZY,109.48682556516596
5,HEURISTIC.LAZY,109.03476021840213
5,HEURISTIC.LAZY,109.53281228762532
5,HEURISTIC.LAZY,109.55132501063315
5,HEURISTIC.LAZY,83.83625952172959
5,HEURISTIC.LAZY,105.05965232614648
5,HEURISTIC.LAZY,105.82531133227886
5,HEURISTIC.LAZY,105.19183377629358
5,HEURISTIC.LAZY,106.48184545148408
5,HEURISTIC.LAZY,106.27113902220557
5,HEURISTIC.LAZY,106.51854706772181
5,HEURISTIC.LAZY,106.49797947579941
5,HEURISTIC.LAZY,107.24162875462426
5,HEURISTIC.LAZY,107.00100460882089
5,HEURISTIC.LAZY,107.14436356384098
5,HEURISTIC.LAZY,107.25714971069144
5,HEURISTIC.LAZY,107.19507051664297
5,HEURISTIC.LAZY,92.30264845927415
5,HEURISTIC.LAZY,105.15043419564417
5,HEURISTIC.LAZY,105.92711707606324
5,HEURISTIC.LAZY,105.28249157867567
5,HEURISTIC.LAZY,106.57262448426121
5,HEURISTIC.LAZY,106.3789373949364
5,HEURISTIC.LAZY,106.61017950758213
5,HEURISTIC.LAZY,106.60608858190801
5,HEURISTIC.LAZY,107.33494745755138
5,HEURISTIC.LAZY,107.1056245939034
5,HEURISTIC.LAZY,107.2451349589293
5,HEURISTIC.LAZY,107.35547600889757
5,HEURISTIC.LAZY,107.29597679252846
5,HEURISTIC.LAZY,94.13344148419871
5,HEURISTIC.LAZY,106.26639219150069
5,HEURISTIC.LAZY,107.07724128739248
5,HEURISTIC.LAZY,106.39619108137951
5,HEURISTIC.LAZY,107.68829907526103
5,HEURISTIC.LAZY,107.5340115563202
5,HEURISTIC.LAZY,107.73360233155273
5,HEURISTIC.LAZY,107.76130898228587
5,HEURISTIC.LAZY,92.3559858445008
5,HEURISTIC.LAZY,105.85381876628617
5,HEURISTIC.LAZY,106.66576102950444
5,HEURISTIC.LAZY,105.98435109104884
5,HEURISTIC.LAZY,107.27585545240666
5,HEURISTIC.LAZY,107.12785065363785
5,HEURISTIC.LAZY,107.31925734164193
5,HEURISTIC.LAZY,107.35532265211012
5,HEURISTIC.LAZY,108.051320779592
5,HEURISTIC.LAZY,107.84863799371067
5,HEURISTIC.LAZY,107.98080594090848
5,HEURISTIC.LAZY,108.08583240991291
5,HEURISTIC.LAZY,108.03189161916603
5,HEURISTIC.LAZY,92.28118493578651
5,HEURISTIC.LAZY,105.94001255087358
5,HEURISTIC.LAZY,106.7551316003717
5,HEURISTIC.LAZY,106.07044953548487
5,HEURISTIC.LAZY,107.36203304852933
5,HEURISTIC.LAZY,107.21845440538314
5,HEURISTIC.LAZY,107.40579502668726
5,HEURISTIC.LAZY,107.44595162979722
5,HEURISTIC.LAZY,108.13840422054656
5,HEURISTIC.LAZY,107.93845397674204
5,HEURISTIC.LAZY,108.06976086802459
5,HEURISTIC.LAZY,108.17421206608205
5,HEURISTIC.LAZY,108.12087129929046
5,HEURISTIC.LAZY,94.76428201108645
5,HEURISTIC.LAZY,107.59961681191868
5,HEURISTIC.LAZY,108.46674443310008
5,HEURISTIC.LAZY,107.72599876268463
5,HEURISTIC.LAZY,109.02054930614455
5,HEURISTIC.LAZY,92.41856588382245
5,HEURISTIC.LAZY,106.61728817088151
5,HEURISTIC.LAZY,107.46712251853565
5,HEURISTIC.LAZY,106.74594122676778
5,HEURISTIC.LAZY,108.03891281366094
5,HEURISTIC.LAZY,107.93960616038774
5,HEURISTIC.LAZY,108.08805250940117
5,HEURISTIC.LAZY,108.16717337026085
5,HEURISTIC.LAZY,108.82770753341416
5,HEURISTIC.LAZY,108.65341067852773
5,HEURISTIC.LAZY,108.77768326068201
5,HEURISTIC.LAZY,108.87699554436622
5,HEURISTIC.LAZY,94.95928106173967
5,HEURISTIC.LAZY,108.37407495382394
5,HEURISTIC.LAZY,109.27772111265679
5,HEURISTIC.LAZY,108.49797255495086
5,HEURISTIC.LAZY,109.79405363420389
5,HEURISTIC.LAZY,94.88444435283962
5,HEURISTIC.LAZY,109.77792211858352
5,HEURISTIC.LAZY,93.28768102637471
5,HEURISTIC.LAZY,108.86283999580917
5,HEURISTIC.LAZY,108.98339166557902
5,HEURISTIC.LAZY,110.28129427445882
5,HEURISTIC.LAZY,109.82922892769497
5,HEURISTIC.LAZY,85.67124914729104
5,HEURISTIC.LAZY,108.3388736016263
5,HEURISTIC.LAZY,109.10453260775869
5,HEURISTIC.LAZY,108.47105505177342
5,HEURISTIC.LAZY,109.76106672696389
5,HEURISTIC.LAZY,94.05435610449813
5,HEURISTIC.LAZY,108.15026466470364
5,HEURISTIC.LAZY,108.92694754512272
5,HEURISTIC.LAZY,108.28232204773515
5,HEURISTIC.LAZY,109.5724549533207
5,HEURISTIC.LAZY,109.37876786399586
5,HEURISTIC.LAZY,109.61000997664162
5,HEURISTIC.LAZY,96.0429961313198
5,HEURISTIC.LAZY,109.58191666435435
5,HEURISTIC.LAZY,110.39276576024615
5,HEURISTIC.LAZY,94.03868087606983
5,HEURISTIC.LAZY,108.71562400803576
5,HEURISTIC.LAZY,109.52756627125402
5,HEURISTIC.LAZY,108.84615633279843
5,HEURISTIC.LAZY,110.13766069415624
5,HEURISTIC.LAZY,109.98965589538744
5,HEURISTIC.LAZY,93.93306960825768
5,HEURISTIC.LAZY,108.74019707442743
5,HEURISTIC.LAZY,109.55531612392555
5,HEURISTIC.LAZY,108.87063405903872
5,HEURISTIC.LAZY,110.16221757208316
5,HEURISTIC.LAZY,110.01863892893698
5,HEURISTIC.LAZY,94.0269919999773
5,HEURISTIC.LAZY,109.33055558180274
5,HEURISTIC.LAZY,110.18038992945688
5,HEURISTIC.LAZY,109.45920863768902
5,HEURISTIC.LAZY,110.75218022458216
5,HEURISTIC.LAZY,94.87602422058052
5,HEURISTIC.LAZY,111.5359415628323
5,HEURISTIC.LAZY,85.82498887180128
5,HEURISTIC.LAZY,108.92796223119939
5,HEURISTIC.LAZY,109.69362123733177
5,HEURISTIC.LAZY,109.06014368134649
5,HEURISTIC.LAZY,110.35015535653699
5,HEURISTIC.LAZY,94.63062672750996
5,HEURISTIC.LAZY,108.78893700311916
5,HEURISTIC.LAZY,109.56561988353822
5,HEURISTIC.LAZY,108.92099438615067
5,HEURISTIC.LAZY,110.21112729173622
5,HEURISTIC.LAZY,110.01744020241138
5,HEURISTIC.LAZY,96.58915182497799
5,HEURISTIC.LAZY,110.16035914406261
5,HEURISTIC.LAZY,94.62441479797506
5,HEURISTIC.LAZY,109.3732229442381
5,HEURISTIC.LAZY,110.18516520745636
5,HEURISTIC.LAZY,109.50375526900076
5,HEURISTIC.LAZY,110.79525963035859
5,HEURISTIC.LAZY,94.52216700131373
5,HEURISTIC.LAZY,109.40452295293137
5,HEURISTIC.LAZY,110.2196420024295
5,HEURISTIC.LAZY,109.53495993754267
5,HEURISTIC.LAZY,110.82654345058712
5,HEURISTIC.LAZY,94.62170436140576
5,HEURISTIC.LAZY,110.00611139705153
5,HEURISTIC.LAZY,110.85594574470566
5,HEURISTIC.LAZY,110.1347644529378
5,HEURISTIC.LAZY,111.42773603983096
5,HEURISTIC.LAZY,86.3264077830022
5,HEURISTIC.LAZY,110.58443499382126
5,HEURISTIC.LAZY,96.1594844263571
5,HEURISTIC.LAZY,110.54772283167055
5,HEURISTIC.LAZY,111.32440571208963
5,HEURISTIC.LAZY,110.67978021470206
5,HEURISTIC.LAZY,111.9699131202876
5,HEURISTIC.LAZY,96.17049253079063
5,HEURISTIC.LAZY,111.16644884072635
5,HEURISTIC.LAZY,96.07452870515739
5,HEURISTIC.LAZY,111.21031679147585
5,HEURISTIC.LAZY,96.18367274099022
5,HEURISTIC.LAZY,84.94572987908745
5,HEURISTIC.LAZY,108.73818803234205
5,HEURISTIC.LAZY,109.50384703847443
5,HEURISTIC.LAZY,108.87036948248917
5,HEURISTIC.LAZY,110.16038115767965
5,HEURISTIC.LAZY,97.36682628808393
5,HEURISTIC.LAZY,109.78396248790612
5,HEURISTIC.LAZY,95.81106809956034
5,HEURISTIC.LAZY,109.2180741648516
5,HEURISTIC.LAZY,109.99475704527066
5,HEURISTIC.LAZY,109.35013154788311
5,HEURISTIC.LAZY,110.64026445346866
5,HEURISTIC.LAZY,95.90074468710094
5,HEURISTIC.LAZY,109.99413714012152
5,HEURISTIC.LAZY,110.8060794033398
5,HEURISTIC.LAZY,110.12466946488419
5,HEURISTIC.LAZY,111.41617382624202
5,HEURISTIC.LAZY,95.84367121482175
5,HEURISTIC.LAZY,110.1157857975791
5,HEURISTIC.LAZY,110.93090484707722
5,HEURISTIC.LAZY,110.24622278219039
5,HEURISTIC.LAZY,111.53780629523484
5,HEURISTIC.LAZY,95.99345718698288
5,HEURISTIC.LAZY,110.81787146583743
5,HEURISTIC.LAZY,111.66770581349157
5,HEURISTIC.LAZY,110.9465245217237
5,HEURISTIC.LAZY,112.23949610861686
5,HEURISTIC.LAZY,85.67138973364928
5,HEURISTIC.LAZY,110.65520770103838
5,HEURISTIC.LAZY,97.29116924206616
5,HEURISTIC.LAZY,111.1227218249846
5,HEURISTIC.LAZY,97.37602642753507
5,HEURISTIC.LAZY,97.31548547221792
5,HEURISTIC.LAZY,85.59045815007762
5,HEURISTIC.LAZY,115.98407973688344
5,HEURISTIC.LAZY,116.79446435035351
5,HEURISTIC.LAZY,116.14397675876478
5,HEURISTIC.LAZY,99.84192557868352
5,HEURISTIC.LAZY,116.15198294816007
5,HEURISTIC.LAZY,116.86438355206766
5,HEURISTIC.LAZY,85.67801448044068
5,HEURISTIC.LAZY,116.81546404343024
5,HEURISTIC.LAZY,100.69719362681178
5,HEURISTIC.LAZY,77.50365709780014
5,HEURISTIC.LAZY,104.97394505872505
5,HEURISTIC.LAZY,105.73960406485743
5,HEURISTIC.LAZY,105.10612650887217
5,HEURISTIC.LAZY,106.39613818406264
5,HEURISTIC.LAZY,106.18543175478415
5,HEURISTIC.LAZY,106.43283980030039
5,HEURISTIC.LAZY,106.41227220837797
5,HEURISTIC.LAZY,107.15592148720283
5,HEURISTIC.LAZY,106.91529734139945
5,HEURISTIC.LAZY,107.05865629641954
5,HEURISTIC.LAZY,107.17144244327001
5,HEURISTIC.LAZY,107.10936324922154
5,HEURISTIC.LAZY,92.00712573515453
5,HEURISTIC.LAZY,104.90073055222007
5,HEURISTIC.LAZY,105.67741343263913
5,HEURISTIC.LAZY,105.03278793525158
5,HEURISTIC.LAZY,106.32292084083713
5,HEURISTIC.LAZY,106.12923375151229
5,HEURISTIC.LAZY,106.36047586415805
5,HEURISTIC.LAZY,106.3563849384839
5,HEURISTIC.LAZY,107.0852438141273
5,HEURISTIC.LAZY,106.8559209504793
5,HEURISTIC.LAZY,106.9954313155052
5,HEURISTIC.LAZY,107.10577236547348
5,HEURISTIC.LAZY,107.04627314910437
5,HEURISTIC.LAZY,93.93590276964156
5,HEURISTIC.LAZY,106.21265656720148
5,HEURISTIC.LAZY,107.02350566309327
5,HEURISTIC.LAZY,106.3424554570803
5,HEURISTIC.LAZY,107.63456345096182
5,HEURISTIC.LAZY,107.48027593202097
5,HEURISTIC.LAZY,107.67986670725352
5,HEURISTIC.LAZY,107.70757335798667
5,HEURISTIC.LAZY,92.03332489917476
5,HEURISTIC.LAZY,105.54983868044924
5,HEURISTIC.LAZY,106.3617809436675
5,HEURISTIC.LAZY,105.68037100521191
5,HEURISTIC.LAZY,106.97187536656972
5,HEURISTIC.LAZY,106.82387056780092
5,HEURISTIC.LAZY,107.015277255805
5,HEURISTIC.LAZY,107.0513425662732
5,HEURISTIC.LAZY,107.74734069375509
5,HEURISTIC.LAZY,107.54465790787374
5,HEURISTIC.LAZY,107.67682585507157
5,HEURISTIC.LAZY,107.78185232407598
5,HEURISTIC.LAZY,107.72791153332909
5,HEURISTIC.LAZY,91.94663739510685
5,HEURISTIC.LAZY,105.61225927432935
5,HEURISTIC.LAZY,106.42737832382747
5,HEURISTIC.LAZY,105.74269625894064
5,HEURISTIC.LAZY,107.0342797719851
5,HEURISTIC.LAZY,106.89070112883891
5,HEURISTIC.LAZY,107.07804175014303
5,HEURISTIC.LAZY,107.11819835325299
5,HEURISTIC.LAZY,107.81065094400235
5,HEURISTIC.LAZY,107.61070070019781
5,HEURISTIC.LAZY,107.74200759148036
5,HEURISTIC.LAZY,107.84645878953782
5,HEURISTIC.LAZY,107.79311802274624
5,HEURISTIC.LAZY,94.55624801934158
5,HEURISTIC.LAZY,107.5248906332441
5,HEURISTIC.LAZY,108.39201825442547
5,HEURISTIC.LAZY,107.65127258401003
5,HEURISTIC.LAZY,108.94582312746994
5,HEURISTIC.LAZY,92.0712718135507
5,HEURISTIC.LAZY,106.26404183515314
5,HEURISTIC.LAZY,107.11387618280727
5,HEURISTIC.LAZY,106.39269489103941
5,HEURISTIC.LAZY,107.68566647793257
5,HEURISTIC.LAZY,107.58635982465937
5,HEURISTIC.LAZY,107.73480617367278
5,HEURISTIC.LAZY,107.8139270345325
5,HEURISTIC.LAZY,108.47446119768577
5,HEURISTIC.LAZY,108.30016434279938
5,HEURISTIC.LAZY,108.42443692495362
5,HEURISTIC.LAZY,108.52374920863784
5,HEURISTIC.LAZY,108.47573858516824
5,HEURISTIC.LAZY,94.73790505734925
5,HEURISTIC.LAZY,108.27266474985822
5,HEURISTIC.LAZY,109.17631090869111
5,HEURISTIC.LAZY,108.39656235098516
5,HEURISTIC.LAZY,109.6926434302382
5,HEURISTIC.LAZY,94.61859062262755
5,HEURISTIC.LAZY,109.58755646297446
5,HEURISTIC.LAZY,109.7055376150168
5,HEURISTIC.LAZY,111.00476018450107
5,HEURISTIC.LAZY,110.56985270141212
5,HEURISTIC.LAZY,92.94190258232713
5,HEURISTIC.LAZY,108.51262491252916
5,HEURISTIC.LAZY,108.63317658229901
5,HEURISTIC.LAZY,109.9310791911788
5,HEURISTIC.LAZY,109.47901384441496
5,HEURISTIC.LAZY,109.97706591363816
5,HEURISTIC.LAZY,85.27422836933448
5,HEURISTIC.LAZY,106.81640984911462
5,HEURISTIC.LAZY,107.582068855247
5,HEURISTIC.LAZY,106.94859129926172
5,HEURISTIC.LAZY,108.23860297445222
5,HEURISTIC.LAZY,108.02789654517372
5,HEURISTIC.LAZY,108.27530459068996
5,HEURISTIC.LAZY,108.25473699876756
5,HEURISTIC.LAZY,92.90810155930691
5,HEURISTIC.LAZY,106.51933726472673
5,HEURISTIC.LAZY,107.2960201451458
5,HEURISTIC.LAZY,106.65139464775824
5,HEURISTIC.LAZY,107.94152755334378
5,HEURISTIC.LAZY,107.74784046401896
5,HEURISTIC.LAZY,107.9790825766647
5,HEURISTIC.LAZY,107.97499165099057
5,HEURISTIC.LAZY,108.70385052663394
5,HEURISTIC.LAZY,108.47452766298596
5,HEURISTIC.LAZY,108.61403802801186
5,HEURISTIC.LAZY,94.96068868308615
5,HEURISTIC.LAZY,108.07888345829254
5,HEURISTIC.LAZY,108.88973255418433
5,HEURISTIC.LAZY,108.20868234817137
5,HEURISTIC.LAZY,109.50079034205288
5,HEURISTIC.LAZY,92.87436214399676
5,HEURISTIC.LAZY,107.04856823429513
5,HEURISTIC.LAZY,107.86051049751339
5,HEURISTIC.LAZY,107.1791005590578
5,HEURISTIC.LAZY,108.47060492041561
5,HEURISTIC.LAZY,108.32260012164681
5,HEURISTIC.LAZY,108.5140068096509
5,HEURISTIC.LAZY,108.5500721201191
5,HEURISTIC.LAZY,109.24607024760098
5,HEURISTIC.LAZY,92.76330768507076
5,HEURISTIC.LAZY,107.06225491845908
5,HEURISTIC.LAZY,107.8773739679572
5,HEURISTIC.LAZY,107.19269190307037
5,HEURISTIC.LAZY,108.48427541611483
5,HEURISTIC.LAZY,108.34069677296864
5,HEURISTIC.LAZY,108.52803739427276
5,HEURISTIC.LAZY,108.5681939973827
5,HEURISTIC.LAZY,109.26064658813206
5,HEURISTIC.LAZY,92.84853508299898
5,HEURISTIC.LAZY,107.63522343825159
5,HEURISTIC.LAZY,108.48505778590572
5,HEURISTIC.LAZY,107.76387649413786
5,HEURISTIC.LAZY,109.05684808103103
5,HEURISTIC.LAZY,108.95754142775783
5,HEURISTIC.LAZY,109.10598777677123
5,HEURISTIC.LAZY,109.18510863763095
5,HEURISTIC.LAZY,95.56407534676387
5,HEURISTIC.LAZY,109.3572003522905
5,HEURISTIC.LAZY,110.22432797347189
5,HEURISTIC.LAZY,95.72506897790947
5,HEURISTIC.LAZY,110.06364765518057
5,HEURISTIC.LAZY,93.69005354535443
5,HEURISTIC.LAZY,109.82558190278561
5,HEURISTIC.LAZY,109.94613357255547
5,HEURISTIC.LAZY,111.24403618143525
5,HEURISTIC.LAZY,110.79197083467142
5,HEURISTIC.LAZY,83.98172222404557
5,HEURISTIC.LAZY,105.31270060196276
5,HEURISTIC.LAZY,106.07835960809514
5,HEURISTIC.LAZY,105.44488205210988
5,HEURISTIC.LAZY,106.73489372730035
5,HEURISTIC.LAZY,106.52418729802186
5,HEURISTIC.LAZY,106.7715953435381
5,HEURISTIC.LAZY,106.75102775161568
5,HEURISTIC.LAZY,107.49467703044054
5,HEURISTIC.LAZY,107.25405288463718
5,HEURISTIC.LAZY,107.39741183965727
5,HEURISTIC.LAZY,107.51019798650772
5,HEURISTIC.LAZY,107.44811879245925
5,HEURISTIC.LAZY,92.55569673509044
5,HEURISTIC.LAZY,105.40348247146045
5,HEURISTIC.LAZY,106.18016535187951
5,HEURISTIC.LAZY,105.53553985449196
5,HEURISTIC.LAZY,106.82567276007751
5,HEURISTIC.LAZY,106.63198567075267
5,HEURISTIC.LAZY,106.86322778339843
5,HEURISTIC.LAZY,106.85913685772428
5,HEURISTIC.LAZY,107.58799573336768
5,HEURISTIC.LAZY,107.35867286971968
5,HEURISTIC.LAZY,107.49818323474558
5,HEURISTIC.LAZY,107.60852428471387
5,HEURISTIC.LAZY,107.54902506834475
5,HEURISTIC.LAZY,94.386489760015
5,HEURISTIC.LAZY,106.51944046731695
5,HEURISTIC.LAZY,107.33028956320875
5,HEURISTIC.LAZY,106.64923935719578
5,HEURISTIC.LAZY,107.9413473510773
5,HEURISTIC.LAZY,107.78705983213645
5,HEURISTIC.LAZY,107.986650607369
5,HEURISTIC.LAZY,108.01435725810215
5,HEURISTIC.LAZY,92.60903412031706
5,HEURISTIC.LAZY,106.10686704210245
5,HEURISTIC.LAZY,106.9188093053207
5,HEURISTIC.LAZY,106.23739936686512
5,HEURISTIC.LAZY,107.52890372822293
5,HEURISTIC.LAZY,107.38089892945413
5,HEURISTIC.LAZY,107.57230561745821
5,HEURISTIC.LAZY,107.60837092792642
5,HEURISTIC.LAZY,108.3043690554083
5,HEURISTIC.LAZY,108.10168626952695
5,HEURISTIC.LAZY,108.23385421672478
5,HEURISTIC.LAZY,108.33888068572921
5,HEURISTIC.LAZY,108.2849398949823
5,HEURISTIC.LAZY,92.5342332116028
5,HEURISTIC.LAZY,106.19306082668986
5,HEURISTIC.LAZY,107.00817987618798
5,HEURISTIC.LAZY,106.32349781130115
5,HEURISTIC.LAZY,107.6150813243456
5,HEURISTIC.LAZY,107.47150268119941
5,HEURISTIC.LAZY,107.65884330250354
5,HEURISTIC.LAZY,107.6989999056135
5,HEURISTIC.LAZY,108.39145249636286
5,HEURISTIC.LAZY,108.19150225255834
5,HEURISTIC.LAZY,108.32280914384087
5,HEURISTIC.LAZY,108.42726034189835
5,HEURISTIC.LAZY,108.37391957510675
5,HEURISTIC.LAZY,95.01733028690273
5,HEURISTIC.LAZY,107.85266508773498
5,HEURISTIC.LAZY,108.71979270891637
5,HEURISTIC.LAZY,107.97904703850092
5,HEURISTIC.LAZY,109.27359758196084
5,HEURISTIC.SIMPLE_COLLISION,66.53790315738425
5,HEURISTIC.SIMPLE_COLLISION,106.62430052562104
5,HEURISTIC.SIMPLE_COLLISION,106.30955802464626
5,HEURISTIC.SIMPLE_COLLISION,107.68085309954452
5,HEURISTIC.SIMPLE_COLLISION,106.94113395504021
5,HEURISTIC.SIMPLE_COLLISION,107.63040145147897
5,HEURISTIC.SIMPLE_COLLISION,108.30604964982689
5,HEURISTIC.SIMPLE_COLLISION,107.53191239852572
5,HEURISTIC.SIMPLE_COLLISION,107.71014418688725
5,HEURISTIC.SIMPLE_COLLISION,91.88414481367778
5,HEURISTIC.SIMPLE_COLLISION,106.33747200497709
5,HEURISTIC.SIMPLE_COLLISION,105.99704454754786
5,HEURISTIC.SIMPLE_COLLISION,107.36833962244611
5,HEURISTIC.SIMPLE_COLLISION,106.65430543439626
5,HEURISTIC.SIMPLE_COLLISION,107.31788797438058
5,HEURISTIC.SIMPLE_COLLISION,108.01711553801488
5,HEURISTIC.SIMPLE_COLLISION,107.24508387788178
5,HEURISTIC.SIMPLE_COLLISION,107.4233156662433
5,HEURISTIC.SIMPLE_COLLISION,108.04279332856984
5,HEURISTIC.SIMPLE_COLLISION,107.9972250277272
5,HEURISTIC.SIMPLE_COLLISION,108.0704716064502
5,HEURISTIC.SIMPLE_COLLISION,94.57960564528439
5,HEURISTIC.SIMPLE_COLLISION,108.35026778400413
5,HEURISTIC.SIMPLE_COLLISION,107.19195109715986
5,HEURISTIC.SIMPLE_COLLISION,107.43773428657761
5,HEURISTIC.SIMPLE_COLLISION,108.80902936147587
5,HEURISTIC.SIMPLE_COLLISION,109.49023470665334
5,HEURISTIC.SIMPLE_COLLISION,108.94104622748965
5,HEURISTIC.SIMPLE_COLLISION,108.79100714301904
5,HEURISTIC.SIMPLE_COLLISION,91.76867846135482
5,HEURISTIC.SIMPLE_COLLISION,106.98118934341758
5,HEURISTIC.SIMPLE_COLLISION,106.43151317583667
5,HEURISTIC.SIMPLE_COLLISION,107.80280825073493
5,HEURISTIC.SIMPLE_COLLISION,107.29802277283676
5,HEURISTIC.SIMPLE_COLLISION,107.7576819682388
5,HEURISTIC.SIMPLE_COLLISION,108.4569095318731
5,HEURISTIC.SIMPLE_COLLISION,107.88880121632226
5,HEURISTIC.SIMPLE_COLLISION,108.0670330046838
5,HEURISTIC.SIMPLE_COLLISION,108.68651066701034
5,HEURISTIC.SIMPLE_COLLISION,108.64094236616769
5,HEURISTIC.SIMPLE_COLLISION,108.71418894489068
5,HEURISTIC.SIMPLE_COLLISION,91.70482063625104
5,HEURISTIC.SIMPLE_COLLISION,107.01452182907177
5,HEURISTIC.SIMPLE_COLLISION,106.45125119067313
5,HEURISTIC.SIMPLE_COLLISION,107.82254626557139
5,HEURISTIC.SIMPLE_COLLISION,107.33135525849093
5,HEURISTIC.SIMPLE_COLLISION,107.77209461750584
5,HEURISTIC.SIMPLE_COLLISION,108.47132218114015
5,HEURISTIC.SIMPLE_COLLISION,107.92213370197646
5,HEURISTIC.SIMPLE_COLLISION,108.10036549033796
5,HEURISTIC.SIMPLE_COLLISION,108.71984315266451
5,HEURISTIC.SIMPLE_COLLISION,108.67427485182188
5,HEURISTIC.SIMPLE_COLLISION,108.74752143054488
5,HEURISTIC.SIMPLE_COLLISION,91.61275583990687
5,HEURISTIC.SIMPLE_COLLISION,107.68849341604528
5,HEURISTIC.SIMPLE_COLLISION,106.91694740055131
5,HEURISTIC.SIMPLE_COLLISION,108.28824247544956
5,HEURISTIC.SIMPLE_COLLISION,108.00532684546444
5,HEURISTIC.SIMPLE_COLLISION,108.30153700834038
5,HEURISTIC.SIMPLE_COLLISION,109.14529376811365
5,HEURISTIC.SIMPLE_COLLISION,108.59610528894996
5,HEURISTIC.SIMPLE_COLLISION,108.77433707731149
5,HEURISTIC.SIMPLE_COLLISION,109.39381473963803
5,HEURISTIC.SIMPLE_COLLISION,109.34824643879537
5,HEURISTIC.SIMPLE_COLLISION,94.44046311924093
5,HEURISTIC.SIMPLE_COLLISION,109.47195615007729
5,HEURISTIC.SIMPLE_COLLISION,108.66015737425478
5,HEURISTIC.SIMPLE_COLLISION,110.03145244915304
5,HEURISTIC.SIMPLE_COLLISION,109.78878957949645
5,HEURISTIC.SIMPLE_COLLISION,92.6354019817781
5,HEURISTIC.SIMPLE_COLLISION,112.82849263411873
5,HEURISTIC.SIMPLE_COLLISION,111.87693016478488
5,HEURISTIC.SIMPLE_COLLISION,113.2855720789382
5,HEURISTIC.SIMPLE_COLLISION,113.14532606353791
5,HEURISTIC.SIMPLE_COLLISION,94.46429692077545
5,HEURISTIC.SIMPLE_COLLISION,95.87288665634735
5,HEURISTIC.SIMPLE_COLLISION,114.58899794906718
5,HEURISTIC.SIMPLE_COLLISION,114.33751994860953
5,HEURISTIC.SIMPLE_COLLISION,83.76591648470112
5,HEURISTIC.SIMPLE_COLLISION,105.31230247188947
5,HEURISTIC.SIMPLE_COLLISION,104.99755997091466
5,HEURISTIC.SIMPLE_COLLISION,106.36885504581292
5,HEURISTIC.SIMPLE_COLLISION,105.62913590130863
5,HEURISTIC.SIMPLE_COLLISION,106.3184033977474
5,HEURISTIC.SIMPLE_COLLISION,106.99405159609532
5,HEURISTIC.SIMPLE_COLLISION,106.21991434479415
5,HEURISTIC.SIMPLE_COLLISION,106.39814613315568
5,HEURISTIC.SIMPLE_COLLISION,107.01762379548221
5,HEURISTIC.SIMPLE_COLLISION,106.97205549463958
5,HEURISTIC.SIMPLE_COLLISION,107.04530207336256
5,HEURISTIC.SIMPLE_COLLISION,91.50092104565914
5,HEURISTIC.SIMPLE_COLLISION,105.24933202912842
5,HEURISTIC.SIMPLE_COLLISION,104.90890457169918
5,HEURISTIC.SIMPLE_COLLISION,106.28019964659744
5,HEURISTIC.SIMPLE_COLLISION,105.56616545854759
5,HEURISTIC.SIMPLE_COLLISION,106.2297479985319
5,HEURISTIC.SIMPLE_COLLISION,106.92897556216619
5,HEURISTIC.SIMPLE_COLLISION,106.1569439020331
5,HEURISTIC.SIMPLE_COLLISION,106.33517569039464
5,HEURISTIC.SIMPLE_COLLISION,106.95465335272118
5,HEURISTIC.SIMPLE_COLLISION,106.90908505187852
5,HEURISTIC.SIMPLE_COLLISION,106.98233163060152
5,HEURISTIC.SIMPLE_COLLISION,94.05868542961358
5,HEURISTIC.SIMPLE_COLLISION,107.01450762957106
5,HEURISTIC.SIMPLE_COLLISION,105.85619094272678
5,HEURISTIC.SIMPLE_COLLISION,106.10197413214453
5,HEURISTIC.SIMPLE_COLLISION,107.47326920704279
5,HEURISTIC.SIMPLE_COLLISION,108.15447455222026
5,HEURISTIC.SIMPLE_COLLISION,107.60528607305658
5,HEURISTIC.SIMPLE_COLLISION,107.45524698858597
5,HEURISTIC.SIMPLE_COLLISION,107.78351786141809
5,HEURISTIC.SIMPLE_COLLISION,91.38545469333617
5,HEURISTIC.SIMPLE_COLLISION,106.01292652622968
5,HEURISTIC.SIMPLE_COLLISION,105.46325035864876
5,HEURISTIC.SIMPLE_COLLISION,106.83454543354702
5,HEURISTIC.SIMPLE_COLLISION,106.32975995564885
5,HEURISTIC.SIMPLE_COLLISION,106.7894191510509
5,HEURISTIC.SIMPLE_COLLISION,107.48864671468519
5,HEURISTIC.SIMPLE_COLLISION,106.92053839913436
5,HEURISTIC.SIMPLE_COLLISION,107.09877018749589
5,HEURISTIC.SIMPLE_COLLISION,107.71824784982243
5,HEURISTIC.SIMPLE_COLLISION,107.67267954897979
5,HEURISTIC.SIMPLE_COLLISION,107.74592612770277
5,HEURISTIC.SIMPLE_COLLISION,91.32159686823239
5,HEURISTIC.SIMPLE_COLLISION,106.09499292160002
5,HEURISTIC.SIMPLE_COLLISION,105.53172228320139
5,HEURISTIC.SIMPLE_COLLISION,106.90301735809965
5,HEURISTIC.SIMPLE_COLLISION,106.41182635101919
5,HEURISTIC.SIMPLE_COLLISION,106.8525657100341
5,HEURISTIC.SIMPLE_COLLISION,107.55179327366841
5,HEURISTIC.SIMPLE_COLLISION,107.00260479450472
5,HEURISTIC.SIMPLE_COLLISION,107.18083658286623
5,HEURISTIC.SIMPLE_COLLISION,107.80031424519277
5,HEURISTIC.SIMPLE_COLLISION,107.75474594435013
5,HEURISTIC.SIMPLE_COLLISION,107.82799252307314
5,HEURISTIC.SIMPLE_COLLISION,94.00865087777768
5,HEURISTIC.SIMPLE_COLLISION,108.17011316768884
5,HEURISTIC.SIMPLE_COLLISION,107.35831439186634
5,HEURISTIC.SIMPLE_COLLISION,108.7296094667646
5,HEURISTIC.SIMPLE_COLLISION,108.48694659710802
5,HEURISTIC.SIMPLE_COLLISION,91.22953207188823
5,HEURISTIC.SIMPLE_COLLISION,106.84777854960481
5,HEURISTIC.SIMPLE_COLLISION,106.07623253411084
5,HEURISTIC.SIMPLE_COLLISION,107.4475276090091
5,HEURISTIC.SIMPLE_COLLISION,107.16461197902397
5,HEURISTIC.SIMPLE_COLLISION,107.46082214189991
5,HEURISTIC.SIMPLE_COLLISION,108.30457890167318
5,HEURISTIC.SIMPLE_COLLISION,107.75539042250949
5,HEURISTIC.SIMPLE_COLLISION,107.93362221087102
5,HEURISTIC.SIMPLE_COLLISION,108.55309987319757
5,HEURISTIC.SIMPLE_COLLISION,108.5075315723549
5,HEURISTIC.SIMPLE_COLLISION,108.58077815107791
5,HEURISTIC.SIMPLE_COLLISION,94.19717844318723
5,HEURISTIC.SIMPLE_COLLISION,109.02408635014163
5,HEURISTIC.SIMPLE_COLLISION,108.07252388080778
5,HEURISTIC.SIMPLE_COLLISION,109.4811657949611
5,HEURISTIC.SIMPLE_COLLISION,109.3409197795608
5,HEURISTIC.SIMPLE_COLLISION,92.25217821375945
5,HEURISTIC.SIMPLE_COLLISION,112.04600238052024
5,HEURISTIC.SIMPLE_COLLISION,111.09443991118638
5,HEURISTIC.SIMPLE_COLLISION,112.50308182533973
5,HEURISTIC.SIMPLE_COLLISION,112.36283580993941
5,HEURISTIC.SIMPLE_COLLISION,112.61879321248682
5,HEURISTIC.SIMPLE_COLLISION,94.0810731527568
5,HEURISTIC.SIMPLE_COLLISION,113.28865555146719
5,HEURISTIC.SIMPLE_COLLISION,112.33709308213332
5,HEURISTIC.SIMPLE_COLLISION,113.74573499628666
5,HEURISTIC.SIMPLE_COLLISION,96.2266713712602
5,HEURISTIC.SIMPLE_COLLISION,114.77702664822642
5,HEURISTIC.SIMPLE_COLLISION,114.52554864776877
5,HEURISTIC.SIMPLE_COLLISION,83.80482329983926
5,HEURISTIC.SIMPLE_COLLISION,105.81774353106698
5,HEURISTIC.SIMPLE_COLLISION,105.50300103009218
5,HEURISTIC.SIMPLE_COLLISION,106.87429610499044
5,HEURISTIC.SIMPLE_COLLISION,106.13457696048614
5,HEURISTIC.SIMPLE_COLLISION,106.82384445692492
5,HEURISTIC.SIMPLE_COLLISION,107.49949265527283
5,HEURISTIC.SIMPLE_COLLISION,106.72535540397166
5,HEURISTIC.SIMPLE_COLLISION,106.90358719233319
5,HEURISTIC.SIMPLE_COLLISION,107.52306485465972
5,HEURISTIC.SIMPLE_COLLISION,107.47749655381709
5,HEURISTIC.SIMPLE_COLLISION,107.55074313254008
5,HEURISTIC.SIMPLE_COLLISION,92.17812983689484
5,HEURISTIC.SIMPLE_COLLISION,105.91876946430861
5,HEURISTIC.SIMPLE_COLLISION,105.57834200687937
5,HEURISTIC.SIMPLE_COLLISION,106.94963708177762
5,HEURISTIC.SIMPLE_COLLISION,106.23560289372777
5,HEURISTIC.SIMPLE_COLLISION,106.89918543371209
5,HEURISTIC.SIMPLE_COLLISION,107.59841299734637
5,HEURISTIC.SIMPLE_COLLISION,106.82638133721329
5,HEURISTIC.SIMPLE_COLLISION,107.00461312557482
5,HEURISTIC.SIMPLE_COLLISION,107.62409078790137
5,HEURISTIC.SIMPLE_COLLISION,107.5785224870587
5,HEURISTIC.SIMPLE_COLLISION,107.6517690657817
5,HEURISTIC.SIMPLE_COLLISION,94.71135676834629
5,HEURISTIC.SIMPLE_COLLISION,107.48797704562634
5,HEURISTIC.SIMPLE_COLLISION,106.32966035878206
5,HEURISTIC.SIMPLE_COLLISION,106.57544354819981
5,HEURISTIC.SIMPLE_COLLISION,107.94673862309807
5,HEURISTIC.SIMPLE_COLLISION,108.62794396827555
5,HEURISTIC.SIMPLE_COLLISION,108.07875548911186
5,HEURISTIC.SIMPLE_COLLISION,107.92871640464125
5,HEURISTIC.SIMPLE_COLLISION,108.25698727747337
5,HEURISTIC.SIMPLE_COLLISION,92.06266348457186
5,HEURISTIC.SIMPLE_COLLISION,106.73664040382269
5,HEURISTIC.SIMPLE_COLLISION,106.18696423624178
5,HEURISTIC.SIMPLE_COLLISION,107.55825931114003
5,HEURISTIC.SIMPLE_COLLISION,107.05347383324187
5,HEURISTIC.SIMPLE_COLLISION,107.5131330286439
5,HEURISTIC.SIMPLE_COLLISION,108.2123605922782
5,HEURISTIC.SIMPLE_COLLISION,107.64425227672737
5,HEURISTIC.SIMPLE_COLLISION,107.8224840650889
5,HEURISTIC.SIMPLE_COLLISION,108.44196172741545
5,HEURISTIC.SIMPLE_COLLISION,108.3963934265728
5,HEURISTIC.SIMPLE_COLLISION,108.46964000529579
5,HEURISTIC.SIMPLE_COLLISION,91.99880565946808
5,HEURISTIC.SIMPLE_COLLISION,106.84247998990034
5,HEURISTIC.SIMPLE_COLLISION,106.27920935150169
5,HEURISTIC.SIMPLE_COLLISION,107.65050442639995
5,HEURISTIC.SIMPLE_COLLISION,107.15931341931952
5,HEURISTIC.SIMPLE_COLLISION,107.60005277833443
5,HEURISTIC.SIMPLE_COLLISION,108.29928034196872
5,HEURISTIC.SIMPLE_COLLISION,107.75009186280502
5,HEURISTIC.SIMPLE_COLLISION,107.92832365116655
5,HEURISTIC.SIMPLE_COLLISION,108.5478013134931
5,HEURISTIC.SIMPLE_COLLISION,108.50223301265045
5,HEURISTIC.SIMPLE_COLLISION,108.57547959137344
5,HEURISTIC.SIMPLE_COLLISION,94.68585966901338
5,HEURISTIC.SIMPLE_COLLISION,108.66457313811954
5,HEURISTIC.SIMPLE_COLLISION,107.85277436229704
5,HEURISTIC.SIMPLE_COLLISION,109.2240694371953
5,HEURISTIC.SIMPLE_COLLISION,108.98140656753871
5,HEURISTIC.SIMPLE_COLLISION,91.99429503264292
5,HEURISTIC.SIMPLE_COLLISION,107.62075867708927
5,HEURISTIC.SIMPLE_COLLISION,106.84921266159532
5,HEURISTIC.SIMPLE_COLLISION,108.22050773649357
5,HEURISTIC.SIMPLE_COLLISION,107.93759210650845
5,HEURISTIC.SIMPLE_COLLISION,108.23380226938437
5,HEURISTIC.SIMPLE_COLLISION,109.07755902915765
5,HEURISTIC.SIMPLE_COLLISION,108.52837054999397
5,HEURISTIC.SIMPLE_COLLISION,108.70660233835548
5,HEURISTIC.SIMPLE_COLLISION,109.32608000068203
5,HEURISTIC.SIMPLE_COLLISION,109.2805116998394
5,HEURISTIC.SIMPLE_COLLISION,94.87438723442293
5,HEURISTIC.SIMPLE_COLLISION,109.5452303458634
5,HEURISTIC.SIMPLE_COLLISION,108.59366787652954
5,HEURISTIC.SIMPLE_COLLISION,110.00230979068287
5,HEURISTIC.SIMPLE_COLLISION,94.7582819439925
5,HEURISTIC.SIMPLE_COLLISION,113.80987832494279
5,HEURISTIC.SIMPLE_COLLISION,112.85831585560894
5,HEURISTIC.SIMPLE_COLLISION,114.26695776976227
5,HEURISTIC.SIMPLE_COLLISION,92.92938700499515
5,HEURISTIC.SIMPLE_COLLISION,112.81595125555634
5,HEURISTIC.SIMPLE_COLLISION,111.86438878622249
5,HEURISTIC.SIMPLE_COLLISION,113.27303070037581
5,HEURISTIC.SIMPLE_COLLISION,113.13278468497552
5,HEURISTIC.SIMPLE_COLLISION,96.88671647365786
5,HEURISTIC.SIMPLE_COLLISION,114.80579549186062
5,HEURISTIC.SIMPLE_COLLISION,114.55431749140297
5,HEURISTIC.SIMPLE_COLLISION,85.72491275799237
5,HEURISTIC.SIMPLE_COLLISION,109.24494649322628
5,HEURISTIC.SIMPLE_COLLISION,108.93020399225148
5,HEURISTIC.SIMPLE_COLLISION,110.30149906714973
5,HEURISTIC.SIMPLE_COLLISION,109.56177992264544
5,HEURISTIC.SIMPLE_COLLISION,110.25104741908422
5,HEURISTIC.SIMPLE_COLLISION,110.92669561743213
5,HEURISTIC.SIMPLE_COLLISION,94.18312679687737
5,HEURISTIC.SIMPLE_COLLISION,109.06658162004757
5,HEURISTIC.SIMPLE_COLLISION,108.72615416261833
5,HEURISTIC.SIMPLE_COLLISION,110.0974492375166
5,HEURISTIC.SIMPLE_COLLISION,109.38341504946675
5,HEURISTIC.SIMPLE_COLLISION,110.04699758945105
5,HEURISTIC.SIMPLE_COLLISION,110.74622515308533
5,HEURISTIC.SIMPLE_COLLISION,109.97419349295225
5,HEURISTIC.SIMPLE_COLLISION,96.73499073708345
5,HEURISTIC.SIMPLE_COLLISION,110.95148320515949
5,HEURISTIC.SIMPLE_COLLISION,109.7931665183152
5,HEURISTIC.SIMPLE_COLLISION,110.03894970773297
5,HEURISTIC.SIMPLE_COLLISION,111.41024478263122
5,HEURISTIC.SIMPLE_COLLISION,94.0676604445544
5,HEURISTIC.SIMPLE_COLLISION,109.74642733225176
5,HEURISTIC.SIMPLE_COLLISION,109.19675116467086
5,HEURISTIC.SIMPLE_COLLISION,110.5680462395691
5,HEURISTIC.SIMPLE_COLLISION,110.06326076167093
5,HEURISTIC.SIMPLE_COLLISION,110.52291995707299
5,HEURISTIC.SIMPLE_COLLISION,111.22214752070727
5,HEURISTIC.SIMPLE_COLLISION,110.65403920515647
5,HEURISTIC.SIMPLE_COLLISION,94.00380261945062
5,HEURISTIC.SIMPLE_COLLISION,109.79064620013366
5,HEURISTIC.SIMPLE_COLLISION,109.22737556173502
5,HEURISTIC.SIMPLE_COLLISION,110.59867063663327
5,HEURISTIC.SIMPLE_COLLISION,110.10747962955284
5,HEURISTIC.SIMPLE_COLLISION,110.54821898856775
5,HEURISTIC.SIMPLE_COLLISION,111.24744655220205
5,HEURISTIC.SIMPLE_COLLISION,110.69825807303835
5,HEURISTIC.SIMPLE_COLLISION,93.91173782310648
5,HEURISTIC.SIMPLE_COLLISION,110.48200777468999
5,HEURISTIC.SIMPLE_COLLISION,109.71046175919602
5,HEURISTIC.SIMPLE_COLLISION,111.08175683409428
5,HEURISTIC.SIMPLE_COLLISION,110.79884120410915
5,HEURISTIC.SIMPLE_COLLISION,111.09505136698509
5,HEURISTIC.SIMPLE_COLLISION,111.93880812675836
5,HEURISTIC.SIMPLE_COLLISION,97.10929986997155
5,HEURISTIC.SIMPLE_COLLISION,114.8324029867472
5,HEURISTIC.SIMPLE_COLLISION,114.58092498628955
5,HEURISTIC.SIMPLE_COLLISION,94.93438396497768
5,HEURISTIC.SIMPLE_COLLISION,85.06931866755475
5,HEURISTIC.SIMPLE_COLLISION,109.69870863230558
5,HEURISTIC.SIMPLE_COLLISION,109.35828117487634
5,HEURISTIC.SIMPLE_COLLISION,110.7295762497746
5,HEURISTIC.SIMPLE_COLLISION,110.01554206172474
5,HEURISTIC.SIMPLE_COLLISION,110.67912460170906
5,HEURISTIC.SIMPLE_COLLISION,111.37835216534336
5,HEURISTIC.SIMPLE_COLLISION,95.68438106519662
5,HEURISTIC.SIMPLE_COLLISION,110.51177149846202
5,HEURISTIC.SIMPLE_COLLISION,110.19702899748725
5,HEURISTIC.SIMPLE_COLLISION,111.56832407238551
5,HEURISTIC.SIMPLE_COLLISION,110.8286049278812
5,HEURISTIC.SIMPLE_COLLISION,111.51787242431999
5,HEURISTIC.SIMPLE_COLLISION,94.68395479450125
5,HEURISTIC.SIMPLE_COLLISION,110.3974809422966
5,HEURISTIC.SIMPLE_COLLISION,109.84780477471567
5,HEURISTIC.SIMPLE_COLLISION,111.21909984961394
5,HEURISTIC.SIMPLE_COLLISION,110.71431437171576
5,HEURISTIC.SIMPLE_COLLISION,111.17397356711781
5,HEURISTIC.SIMPLE_COLLISION,111.87320113075211
5,HEURISTIC.SIMPLE_COLLISION,94.62009696939747
5,HEURISTIC.SIMPLE_COLLISION,110.44842675248012
5,HEURISTIC.SIMPLE_COLLISION,109.88515611408147
5,HEURISTIC.SIMPLE_COLLISION,111.25645118897974
5,HEURISTIC.SIMPLE_COLLISION,110.76526018189928
5,HEURISTIC.SIMPLE_COLLISION,111.20599954091419
5,HEURISTIC.SIMPLE_COLLISION,111.9052271045485
5,HEURISTIC.SIMPLE_COLLISION,94.5280321730533
5,HEURISTIC.SIMPLE_COLLISION,111.15101826378125
5,HEURISTIC.SIMPLE_COLLISION,110.3794722482873
5,HEURISTIC.SIMPLE_COLLISION,111.75076732318556
5,HEURISTIC.SIMPLE_COLLISION,111.46785169320043
5,HEURISTIC.SIMPLE_COLLISION,111.76406185607635
5,HEURISTIC.SIMPLE_COLLISION,97.33264807827567
5,HEURISTIC.SIMPLE_COLLISION,97.47922980895409
5,HEURISTIC.SIMPLE_COLLISION,115.05666998243346
5,HEURISTIC.SIMPLE_COLLISION,86.50644086404237
5,HEURISTIC.SIMPLE_COLLISION,112.09831333988069
5,HEURISTIC.SIMPLE_COLLISION,111.78357083890592
5,HEURISTIC.SIMPLE_COLLISION,113.15486591380417
5,HEURISTIC.SIMPLE_COLLISION,112.41514676929987
5,HEURISTIC.SIMPLE_COLLISION,96.33993436229011
5,HEURISTIC.SIMPLE_COLLISION,111.57339350997768
5,HEURISTIC.SIMPLE_COLLISION,111.23296605254842
5,HEURISTIC.SIMPLE_COLLISION,112.60426112744668
5,HEURISTIC.SIMPLE_COLLISION,111.89022693939683
5,HEURISTIC.SIMPLE_COLLISION,112.55380947938116
5,HEURISTIC.SIMPLE_COLLISION,96.22446800996713
5,HEURISTIC.SIMPLE_COLLISION,112.59016577040722
5,HEURISTIC.SIMPLE_COLLISION,112.0404896028263
5,HEURISTIC.SIMPLE_COLLISION,113.41178467772457
5,HEURISTIC.SIMPLE_COLLISION,112.9069991998264
5,HEURISTIC.SIMPLE_COLLISION,96.16061018486334
5,HEURISTIC.SIMPLE_COLLISION,112.72511855962694
5,HEURISTIC.SIMPLE_COLLISION,112.16184792122829
5,HEURISTIC.SIMPLE_COLLISION,113.53314299612654
5,HEURISTIC.SIMPLE_COLLISION,113.04195198904608
5,HEURISTIC.SIMPLE_COLLISION,96.06854538851917
5,HEURISTIC.SIMPLE_COLLISION,113.68375945798256
5,HEURISTIC.SIMPLE_COLLISION,112.91221344248859
5,HEURISTIC.SIMPLE_COLLISION,114.28350851738685
5,HEURISTIC.SIMPLE_COLLISION,114.00059288740172
5,HEURISTIC.SIMPLE_COLLISION,85.00566213838098
5,HEURISTIC.SIMPLE_COLLISION,109.5014823837213
5,HEURISTIC.SIMPLE_COLLISION,109.18673988274651
5,HEURISTIC.SIMPLE_COLLISION,110.55803495764478
5,HEURISTIC.SIMPLE_COLLISION,109.81831581314047
5,HEURISTIC.SIMPLE_COLLISION,110.50758330957925
5,HEURISTIC.SIMPLE_COLLISION,98.05930761007008
5,HEURISTIC.SIMPLE_COLLISION,111.01075048849054
5,HEURISTIC.SIMPLE_COLLISION,109.85243380164627
5,HEURISTIC.SIMPLE_COLLISION,110.09821699106402
5,HEURISTIC.SIMPLE_COLLISION,111.4695120659623
5,HEURISTIC.SIMPLE_COLLISION,95.64937834760337
5,HEURISTIC.SIMPLE_COLLISION,109.99161257997481
5,HEURISTIC.SIMPLE_COLLISION,109.65118512254557
5,HEURISTIC.SIMPLE_COLLISION,111.02248019744383
5,HEURISTIC.SIMPLE_COLLISION,110.30844600939398
5,HEURISTIC.SIMPLE_COLLISION,110.9720285493783
5,HEURISTIC.SIMPLE_COLLISION,95.71225571783381
5,HEURISTIC.SIMPLE_COLLISION,110.88216192411682
5,HEURISTIC.SIMPLE_COLLISION,110.33248575653589
5,HEURISTIC.SIMPLE_COLLISION,111.70378083143416
5,HEURISTIC.SIMPLE_COLLISION,111.19899535353599
5,HEURISTIC.SIMPLE_COLLISION,111.65865454893803
5,HEURISTIC.SIMPLE_COLLISION,95.64839789273003
5,HEURISTIC.SIMPLE_COLLISION,111.02345638306463
5,HEURISTIC.SIMPLE_COLLISION,110.46018574466598
5,HEURISTIC.SIMPLE_COLLISION,111.83148081956423
5,HEURISTIC.SIMPLE_COLLISION,111.3402898124838
5,HEURISTIC.SIMPLE_COLLISION,111.78102917149872
5,HEURISTIC.SIMPLE_COLLISION,95.64388726590487
5,HEURISTIC.SIMPLE_COLLISION,111.82654511850396
5,HEURISTIC.SIMPLE_COLLISION,111.05499910300998
5,HEURISTIC.SIMPLE_COLLISION,112.42629417790826
5,HEURISTIC.SIMPLE_COLLISION,112.14337854792313
5,HEURISTIC.SIMPLE_COLLISION,112.43958871079906
5,HEURISTIC.SIMPLE_COLLISION,85.84985899270156
5,HEURISTIC.SIMPLE_COLLISION,112.25638453540017
5,HEURISTIC.SIMPLE_COLLISION,111.94164203442537
5,HEURISTIC.SIMPLE_COLLISION,113.31293710932363
5,HEURISTIC.SIMPLE_COLLISION,112.57321796481934
5,HEURISTIC.SIMPLE_COLLISION,100.42136216730856
5,HEURISTIC.SIMPLE_COLLISION,97.97752053307963
5,HEURISTIC.SIMPLE_COLLISION,112.73414272309033
5,HEURISTIC.SIMPLE_COLLISION,112.39371526566109
5,HEURISTIC.SIMPLE_COLLISION,113.76501034055934
5,HEURISTIC.SIMPLE_COLLISION,113.05097615250949
5,HEURISTIC.SIMPLE_COLLISION,97.99536391866297
5,HEURISTIC.SIMPLE_COLLISION,113.61505326308895
5,HEURISTIC.SIMPLE_COLLISION,113.06537709550804
5,HEURISTIC.SIMPLE_COLLISION,114.4366721704063
5,HEURISTIC.SIMPLE_COLLISION,97.9315060935592
5,HEURISTIC.SIMPLE_COLLISION,113.74941275596086
5,HEURISTIC.SIMPLE_COLLISION,113.18614211756221
5,HEURISTIC.SIMPLE_COLLISION,114.55743719246047
5,HEURISTIC.SIMPLE_COLLISION,97.92699546673401
5,HEURISTIC.SIMPLE_COLLISION,114.5480842190092
5,HEURISTIC.SIMPLE_COLLISION,113.77653820351523
5,HEURISTIC.SIMPLE_COLLISION,115.14783327841349
5,HEURISTIC.SIMPLE_COLLISION,86.77607991577823
5,HEURISTIC.SIMPLE_COLLISION,98.99537803766535
5,HEURISTIC.SIMPLE_COLLISION,114.49777840484923
5,HEURISTIC.SIMPLE_COLLISION,86.8117877733541
5,HEURISTIC.SIMPLE_COLLISION,116.47504309637279
5,HEURISTIC.SIMPLE_COLLISION,117.21781620888535
5,HEURISTIC.SIMPLE_COLLISION,116.61163843308724
5,HEURISTIC.SIMPLE_COLLISION,116.62724817210842
5,HEURISTIC.SIMPLE_COLLISION,117.65478833172409
5,HEURISTIC.SIMPLE_COLLISION,116.72603739050592
5,HEURISTIC.SIMPLE_COLLISION,117.90254935829648
5,HEURISTIC.SIMPLE_COLLISION,100.93647421540385
5,HEURISTIC.SIMPLE_COLLISION,116.6048985830094
5,HEURISTIC.SIMPLE_COLLISION,117.32313424301898
5,HEURISTIC.SIMPLE_COLLISION,116.74149391972387
5,HEURISTIC.SIMPLE_COLLISION,116.75710365874502
5,HEURISTIC.SIMPLE_COLLISION,117.7846438183607
5,HEURISTIC.SIMPLE_COLLISION,116.94344704666153
5,HEURISTIC.SIMPLE_COLLISION,118.0324048449331
5,HEURISTIC.SIMPLE_COLLISION,102.62280069137577
5,HEURISTIC.SIMPLE_COLLISION,118.03756180944941
5,HEURISTIC.SIMPLE_COLLISION,118.91803136961413
5,HEURISTIC.SIMPLE_COLLISION,118.17415714616385
5,HEURISTIC.SIMPLE_COLLISION,118.18976688518504
5,HEURISTIC.SIMPLE_COLLISION,101.77954930668562
5,HEURISTIC.SIMPLE_COLLISION,119.81570199223918
5,HEURISTIC.SIMPLE_COLLISION,119.22076400121438
5,HEURISTIC.SIMPLE_COLLISION,87.11819432658233
5,HEURISTIC.SIMPLE_COLLISION,117.30389529189378
5,HEURISTIC.SIMPLE_COLLISION,118.04666840440635
5,HEURISTIC.SIMPLE_COLLISION,117.44049062860823
5,HEURISTIC.SIMPLE_COLLISION,117.45610036762942
5,HEURISTIC.SIMPLE_COLLISION,118.48364052724509
5,HEURISTIC.SIMPLE_COLLISION,117.55488958602692
5,HEURISTIC.SIMPLE_COLLISION,118.73140155381748
5,HEURISTIC.SIMPLE_COLLISION,101.8674612727217
5,HEURISTIC.SIMPLE_COLLISION,117.49578971827441
5,HEURISTIC.SIMPLE_COLLISION,118.21402537828398
5,HEURISTIC.SIMPLE_COLLISION,117.63238505498884
5,HEURISTIC.SIMPLE_COLLISION,117.64799479401003
5,HEURISTIC.SIMPLE_COLLISION,118.67553495362571
5,HEURISTIC.SIMPLE_COLLISION,117.83433818192654
5,HEURISTIC.SIMPLE_COLLISION,118.9232959801981
5,HEURISTIC.SIMPLE_COLLISION,103.55378774869364
5,HEURISTIC.SIMPLE_COLLISION,118.73376763951228
5,HEURISTIC.SIMPLE_COLLISION,119.61423719967699
5,HEURISTIC.SIMPLE_COLLISION,102.71053636400349
5,HEURISTIC.SIMPLE_COLLISION,89.8781899202894
5,HEURISTIC.SIMPLE_COLLISION,103.29056965599747
5,HEURISTIC.SIMPLE_COLLISION,88.93329306930218
5,HEURISTIC.SIMPLE_COLLISION,119.83944172860205
5,HEURISTIC.SIMPLE_COLLISION,103.45218662393664
5,HEURISTIC.SIMPLE_COLLISION,88.38421375957532
5,HEURISTIC.SIMPLE_COLLISION,119.44520817223219
5,HEURISTIC.SIMPLE_COLLISION,120.18798128474475
5,HEURISTIC.SIMPLE_COLLISION,104.0637588666583
5,HEURISTIC.SIMPLE_COLLISION,119.58425984578219
5,HEURISTIC.SIMPLE_COLLISION,120.30249550579177
5,HEURISTIC.SIMPLE_COLLISION,78.31813646968571
5,HEURISTIC.SIMPLE_COLLISION,106.5704378254309
5,HEURISTIC.SIMPLE_COLLISION,106.2556953244561
5,HEURISTIC.SIMPLE_COLLISION,107.62699039935437
5,HEURISTIC.SIMPLE_COLLISION,106.88727125485006
5,HEURISTIC.SIMPLE_COLLISION,107.57653875128884
5,HEURISTIC.SIMPLE_COLLISION,108.25218694963675
5,HEURISTIC.SIMPLE_COLLISION,107.47804969833558
5,HEURISTIC.SIMPLE_COLLISION,107.6562814866971
5,HEURISTIC.SIMPLE_COLLISION,91.83028211348764
5,HEURISTIC.SIMPLE_COLLISION,106.28360930478692
5,HEURISTIC.SIMPLE_COLLISION,105.94318184735769
5,HEURISTIC.SIMPLE_COLLISION,107.31447692225595
5,HEURISTIC.SIMPLE_COLLISION,106.6004427342061
5,HEURISTIC.SIMPLE_COLLISION,107.26402527419042
5,HEURISTIC.SIMPLE_COLLISION,107.96325283782471
5,HEURISTIC.SIMPLE_COLLISION,107.19122117769162
5,HEURISTIC.SIMPLE_COLLISION,107.36945296605313
5,HEURISTIC.SIMPLE_COLLISION,107.98893062837968
5,HEURISTIC.SIMPLE_COLLISION,107.94336232753703
5,HEURISTIC.SIMPLE_COLLISION,108.01660890626003
5,HEURISTIC.SIMPLE_COLLISION,94.52574294509424
5,HEURISTIC.SIMPLE_COLLISION,108.296405083814
5,HEURISTIC.SIMPLE_COLLISION,107.13808839696972
5,HEURISTIC.SIMPLE_COLLISION,107.38387158638747
5,HEURISTIC.SIMPLE_COLLISION,108.75516666128573
5,HEURISTIC.SIMPLE_COLLISION,109.4363720064632
5,HEURISTIC.SIMPLE_COLLISION,108.88718352729951
5,HEURISTIC.SIMPLE_COLLISION,108.7371444428289
5,HEURISTIC.SIMPLE_COLLISION,91.71481576116466
5,HEURISTIC.SIMPLE_COLLISION,106.92732664322743
5,HEURISTIC.SIMPLE_COLLISION,106.37765047564652
5,HEURISTIC.SIMPLE_COLLISION,107.74894555054478
5,HEURISTIC.SIMPLE_COLLISION,107.2441600726466
5,HEURISTIC.SIMPLE_COLLISION,107.70381926804865
5,HEURISTIC.SIMPLE_COLLISION,108.40304683168293
5,HEURISTIC.SIMPLE_COLLISION,107.83493851613213
5,HEURISTIC.SIMPLE_COLLISION,108.01317030449363
5,HEURISTIC.SIMPLE_COLLISION,108.63264796682017
5,HEURISTIC.SIMPLE_COLLISION,108.58707966597754
5,HEURISTIC.SIMPLE_COLLISION,108.66032624470054
5,HEURISTIC.SIMPLE_COLLISION,91.65095793606088
5,HEURISTIC.SIMPLE_COLLISION,106.96065912888162
5,HEURISTIC.SIMPLE_COLLISION,106.39738849048297
5,HEURISTIC.SIMPLE_COLLISION,107.76868356538122
5,HEURISTIC.SIMPLE_COLLISION,107.27749255830079
5,HEURISTIC.SIMPLE_COLLISION,107.7182319173157
5,HEURISTIC.SIMPLE_COLLISION,108.41745948095
5,HEURISTIC.SIMPLE_COLLISION,107.8682710017863
5,HEURISTIC.SIMPLE_COLLISION,108.04650279014783
5,HEURISTIC.SIMPLE_COLLISION,108.66598045247437
5,HEURISTIC.SIMPLE_COLLISION,108.62041215163173
5,HEURISTIC.SIMPLE_COLLISION,108.69365873035471
5,HEURISTIC.SIMPLE_COLLISION,91.55889313971673
5,HEURISTIC.SIMPLE_COLLISION,107.63463071585511
5,HEURISTIC.SIMPLE_COLLISION,106.86308470036116
5,HEURISTIC.SIMPLE_COLLISION,108.23437977525941
5,HEURISTIC.SIMPLE_COLLISION,107.95146414527429
5,HEURISTIC.SIMPLE_COLLISION,108.24767430815021
5,HEURISTIC.SIMPLE_COLLISION,109.0914310679235
5,HEURISTIC.SIMPLE_COLLISION,108.5422425887598
5,HEURISTIC.SIMPLE_COLLISION,108.72047437712132
5,HEURISTIC.SIMPLE_COLLISION,109.33995203944787
5,HEURISTIC.SIMPLE_COLLISION,109.29438373860523
5,HEURISTIC.SIMPLE_COLLISION,94.38660041905078
5,HEURISTIC.SIMPLE_COLLISION,109.41809344988712
5,HEURISTIC.SIMPLE_COLLISION,108.60629467406463
5,HEURISTIC.SIMPLE_COLLISION,109.97758974896288
5,HEURISTIC.SIMPLE_COLLISION,109.7349268793063
5,HEURISTIC.SIMPLE_COLLISION,92.58153928158794
5,HEURISTIC.SIMPLE_COLLISION,112.77462993392857
5,HEURISTIC.SIMPLE_COLLISION,111.82306746459471
5,HEURISTIC.SIMPLE_COLLISION,113.23170937874806
5,HEURISTIC.SIMPLE_COLLISION,113.09146336334774
5,HEURISTIC.SIMPLE_COLLISION,94.4104342205853
5,HEURISTIC.SIMPLE_COLLISION,95.8190239561572
5,HEURISTIC.SIMPLE_COLLISION,114.53513524887701
5,HEURISTIC.SIMPLE_COLLISION,114.28365724841936
5,HEURISTIC.SIMPLE_COLLISION,83.81853671014944
5,HEURISTIC.SIMPLE_COLLISION,105.37681248925438
5,HEURISTIC.SIMPLE_COLLISION,105.06206998827957
5,HEURISTIC.SIMPLE_COLLISION,106.43336506317783
5,HEURISTIC.SIMPLE_COLLISION,105.69364591867354
5,HEURISTIC.SIMPLE_COLLISION,106.38291341511231
5,HEURISTIC.SIMPLE_COLLISION,107.05856161346023
5,HEURISTIC.SIMPLE_COLLISION,106.28442436215906
5,HEURISTIC.SIMPLE_COLLISION,106.46265615052059
5,HEURISTIC.SIMPLE_COLLISION,107.08213381284712
5,HEURISTIC.SIMPLE_COLLISION,107.03656551200449
5,HEURISTIC.SIMPLE_COLLISION,107.10981209072747
5,HEURISTIC.SIMPLE_COLLISION,91.56543106302404
5,HEURISTIC.SIMPLE_COLLISION,105.3138420464933
5,HEURISTIC.SIMPLE_COLLISION,104.97341458906408
5,HEURISTIC.SIMPLE_COLLISION,106.34470966396233
5,HEURISTIC.SIMPLE_COLLISION,105.63067547591248
5,HEURISTIC.SIMPLE_COLLISION,106.2942580158968
5,HEURISTIC.SIMPLE_COLLISION,106.9934855795311
5,HEURISTIC.SIMPLE_COLLISION,106.221453919398
5,HEURISTIC.SIMPLE_COLLISION,106.39968570775952
5,HEURISTIC.SIMPLE_COLLISION,107.01916337008606
5,HEURISTIC.SIMPLE_COLLISION,106.97359506924343
5,HEURISTIC.SIMPLE_COLLISION,107.04684164796642
5,HEURISTIC.SIMPLE_COLLISION,94.12319544697849
5,HEURISTIC.SIMPLE_COLLISION,107.07901764693597
5,HEURISTIC.SIMPLE_COLLISION,105.9207009600917
5,HEURISTIC.SIMPLE_COLLISION,106.16648414950944
5,HEURISTIC.SIMPLE_COLLISION,107.5377792244077
5,HEURISTIC.SIMPLE_COLLISION,108.21898456958517
5,HEURISTIC.SIMPLE_COLLISION,107.66979609042149
5,HEURISTIC.SIMPLE_COLLISION,107.51975700595088
5,HEURISTIC.SIMPLE_COLLISION,107.848027878783
5,HEURISTIC.SIMPLE_COLLISION,91.44996471070107
5,HEURISTIC.SIMPLE_COLLISION,106.07743654359459
5,HEURISTIC.SIMPLE_COLLISION,105.52776037601367
5,HEURISTIC.SIMPLE_COLLISION,106.89905545091193
5,HEURISTIC.SIMPLE_COLLISION,106.39426997301376
5,HEURISTIC.SIMPLE_COLLISION,106.8539291684158
5,HEURISTIC.SIMPLE_COLLISION,107.5531567320501
5,HEURISTIC.SIMPLE_COLLISION,106.98504841649927
5,HEURISTIC.SIMPLE_COLLISION,107.1632802048608
5,HEURISTIC.SIMPLE_COLLISION,107.78275786718734
5,HEURISTIC.SIMPLE_COLLISION,107.7371895663447
5,HEURISTIC.SIMPLE_COLLISION,107.81043614506768
5,HEURISTIC.SIMPLE_COLLISION,91.38610688559729
5,HEURISTIC.SIMPLE_COLLISION,106.15950293896493
5,HEURISTIC.SIMPLE_COLLISION,105.5962323005663
5,HEURISTIC.SIMPLE_COLLISION,106.96752737546456
5,HEURISTIC.SIMPLE_COLLISION,106.4763363683841
5,HEURISTIC.SIMPLE_COLLISION,106.91707572739901
5,HEURISTIC.SIMPLE_COLLISION,107.61630329103332
5,HEURISTIC.SIMPLE_COLLISION,107.06711481186963
5,HEURISTIC.SIMPLE_COLLISION,107.24534660023114
5,HEURISTIC.SIMPLE_COLLISION,107.86482426255768
5,HEURISTIC.SIMPLE_COLLISION,107.81925596171504
5,HEURISTIC.SIMPLE_COLLISION,107.89250254043804
5,HEURISTIC.SIMPLE_COLLISION,94.07316089514258
5,HEURISTIC.SIMPLE_COLLISION,108.23462318505375
5,HEURISTIC.SIMPLE_COLLISION,107.42282440923124
5,HEURISTIC.SIMPLE_COLLISION,108.7941194841295
5,HEURISTIC.SIMPLE_COLLISION,108.55145661447291
5,HEURISTIC.SIMPLE_COLLISION,91.29404208925314
5,HEURISTIC.SIMPLE_COLLISION,106.91228856696972
5,HEURISTIC.SIMPLE_COLLISION,106.14074255147575
5,HEURISTIC.SIMPLE_COLLISION,107.51203762637401
5,HEURISTIC.SIMPLE_COLLISION,107.22912199638888
5,HEURISTIC.SIMPLE_COLLISION,107.52533215926482
5,HEURISTIC.SIMPLE_COLLISION,108.36908891903809
5,HEURISTIC.SIMPLE_COLLISION,107.8199004398744
5,HEURISTIC.SIMPLE_COLLISION,107.99813222823593
5,HEURISTIC.SIMPLE_COLLISION,108.61760989056248
5,HEURISTIC.SIMPLE_COLLISION,108.57204158971982
5,HEURISTIC.SIMPLE_COLLISION,108.64528816844282
5,HEURISTIC.SIMPLE_COLLISION,94.26168846055212
5,HEURISTIC.SIMPLE_COLLISION,109.08859636750653
5,HEURISTIC.SIMPLE_COLLISION,108.13703389817266
5,HEURISTIC.SIMPLE_COLLISION,109.545675812326
5,HEURISTIC.SIMPLE_COLLISION,109.40542979692569
5,HEURISTIC.SIMPLE_COLLISION,92.31668823112435
5,HEURISTIC.SIMPLE_COLLISION,112.11051239788515
5,HEURISTIC.SIMPLE_COLLISION,111.1589499285513
5,HEURISTIC.SIMPLE_COLLISION,112.56759184270462
5,HEURISTIC.SIMPLE_COLLISION,112.42734582730432
5,HEURISTIC.SIMPLE_COLLISION,112.6833032298517
5,HEURISTIC.SIMPLE_COLLISION,94.14558317012171
5,HEURISTIC.SIMPLE_COLLISION,113.3531655688321
5,HEURISTIC.SIMPLE_COLLISION,112.40160309949823
5,HEURISTIC.SIMPLE_COLLISION,113.81024501365157
5,HEURISTIC.SIMPLE_COLLISION,96.2911813886251
5,HEURISTIC.SIMPLE_COLLISION,114.84153666559133
5,HEURISTIC.SIMPLE_COLLISION,114.59005866513368
5,HEURISTIC.SIMPLE_COLLISION,83.85744352528756
5,HEURISTIC.SIMPLE_COLLISION,105.90677338268861
5,HEURISTIC.SIMPLE_COLLISION,105.59203088171384
5,HEURISTIC.SIMPLE_COLLISION,106.9633259566121
5,HEURISTIC.SIMPLE_COLLISION,106.22360681210779
5,HEURISTIC.SIMPLE_COLLISION,106.91287430854656
5,HEURISTIC.SIMPLE_COLLISION,107.58852250689446
5,HEURISTIC.SIMPLE_COLLISION,106.81438525559331
5,HEURISTIC.SIMPLE_COLLISION,106.99261704395482
5,HEURISTIC.SIMPLE_COLLISION,107.61209470628137
5,HEURISTIC.SIMPLE_COLLISION,107.56652640543874
5,HEURISTIC.SIMPLE_COLLISION,107.63977298416171
5,HEURISTIC.SIMPLE_COLLISION,92.26715968851649
5,HEURISTIC.SIMPLE_COLLISION,106.00779931593024
5,HEURISTIC.SIMPLE_COLLISION,105.66737185850101
5,HEURISTIC.SIMPLE_COLLISION,107.03866693339927
5,HEURISTIC.SIMPLE_COLLISION,106.32463274534942
5,HEURISTIC.SIMPLE_COLLISION,106.98821528533374
5,HEURISTIC.SIMPLE_COLLISION,107.68744284896803
5,HEURISTIC.SIMPLE_COLLISION,106.91541118883494
5,HEURISTIC.SIMPLE_COLLISION,107.09364297719645
5,HEURISTIC.SIMPLE_COLLISION,107.713120639523
5,HEURISTIC.SIMPLE_COLLISION,107.66755233868035
5,HEURISTIC.SIMPLE_COLLISION,107.74079891740335
5,HEURISTIC.SIMPLE_COLLISION,94.80038661996794
5,HEURISTIC.SIMPLE_COLLISION,107.577006897248
5,HEURISTIC.SIMPLE_COLLISION,106.41869021040372
5,HEURISTIC.SIMPLE_COLLISION,106.66447339982147
5,HEURISTIC.SIMPLE_COLLISION,108.03576847471973
5,HEURISTIC.SIMPLE_COLLISION,108.7169738198972
5,HEURISTIC.SIMPLE_COLLISION,108.16778534073352
5,HEURISTIC.SIMPLE_COLLISION,108.01774625626291
5,HEURISTIC.SIMPLE_COLLISION,108.34601712909503
5,HEURISTIC.SIMPLE_COLLISION,92.15169333619352
5,HEURISTIC.SIMPLE_COLLISION,106.82567025544434
5,HEURISTIC.SIMPLE_COLLISION,106.27599408786342
5,HEURISTIC.SIMPLE_COLLISION,107.64728916276168
5,HEURISTIC.SIMPLE_COLLISION,107.1425036848635
5,HEURISTIC.SIMPLE_COLLISION,107.60216288026555
5,HEURISTIC.SIMPLE_COLLISION,108.30139044389983
5,HEURISTIC.SIMPLE_COLLISION,107.73328212834903
5,HEURISTIC.SIMPLE_COLLISION,107.91151391671055
5,HEURISTIC.SIMPLE_COLLISION,108.53099157903708
5,HEURISTIC.SIMPLE_COLLISION,108.48542327819445
5,HEURISTIC.SIMPLE_COLLISION,108.55866985691745
5,HEURISTIC.SIMPLE_COLLISION,92.08783551108974
5,HEURISTIC.SIMPLE_COLLISION,106.93150984152199
5,HEURISTIC.SIMPLE_COLLISION,106.36823920312335
5,HEURISTIC.SIMPLE_COLLISION,107.73953427802161
5,HEURISTIC.SIMPLE_COLLISION,107.24834327094115
5,HEURISTIC.SIMPLE_COLLISION,107.68908262995606
5,HEURISTIC.SIMPLE_COLLISION,108.38831019359037
5,HEURISTIC.SIMPLE_COLLISION,107.83912171442668
5,HEURISTIC.SIMPLE_COLLISION,108.01735350278818
5,HEURISTIC.SIMPLE_COLLISION,108.63683116511473
5,HEURISTIC.SIMPLE_COLLISION,108.5912628642721
5,HEURISTIC.SIMPLE_COLLISION,108.6645094429951
5,HEURISTIC.SIMPLE_COLLISION,94.77488952063503
5,HEURISTIC.SIMPLE_COLLISION,108.75360298974118
5,HEURISTIC.SIMPLE_COLLISION,107.94180421391867
5,HEURISTIC.SIMPLE_COLLISION,109.31309928881693
5,HEURISTIC.SIMPLE_COLLISION,109.07043641916034
5,HEURISTIC.SIMPLE_COLLISION,92.08332488426457
5,HEURISTIC.SIMPLE_COLLISION,107.7097885287109
5,HEURISTIC.SIMPLE_COLLISION,106.93824251321695
5,HEURISTIC.SIMPLE_COLLISION,108.3095375881152
5,HEURISTIC.SIMPLE_COLLISION,108.02662195813008
5,HEURISTIC.SIMPLE_COLLISION,108.322832121006
5,HEURISTIC.SIMPLE_COLLISION,109.16658888077929
5,HEURISTIC.SIMPLE_COLLISION,108.6174004016156
5,HEURISTIC.SIMPLE_COLLISION,108.79563218997711
5,HEURISTIC.SIMPLE_COLLISION,109.41510985230366
5,HEURISTIC.SIMPLE_COLLISION,109.36954155146103
5,HEURISTIC.SIMPLE_COLLISION,94.96341708604457
5,HEURISTIC.SIMPLE_COLLISION,109.63426019748506
5,HEURISTIC.SIMPLE_COLLISION,108.6826977281512
5,HEURISTIC.SIMPLE_COLLISION,110.09133964230453
5,HEURISTIC.SIMPLE_COLLISION,94.84731179561415
5,HEURISTIC.SIMPLE_COLLISION,113.89890817656445
5,HEURISTIC.SIMPLE_COLLISION,93.0184168566168
5,HEURISTIC.SIMPLE_COLLISION,112.904981107178
5,HEURISTIC.SIMPLE_COLLISION,111.95341863784415
5,HEURISTIC.SIMPLE_COLLISION,113.36206055199747
5,HEURISTIC.SIMPLE_COLLISION,113.22181453659718
5,HEURISTIC.SIMPLE_COLLISION,96.97574632527949
5,HEURISTIC.SIMPLE_COLLISION,114.89482534348225
5,HEURISTIC.SIMPLE_COLLISION,114.6433473430246
5,HEURISTIC.SIMPLE_COLLISION,85.69655699608309
5,HEURISTIC.SIMPLE_COLLISION,109.18599465816845
5,HEURISTIC.SIMPLE_COLLISION,108.87125215719365
5,HEURISTIC.SIMPLE_COLLISION,110.24254723209191
5,HEURISTIC.SIMPLE_COLLISION,109.50282808758762
5,HEURISTIC.SIMPLE_COLLISION,110.19209558402639
5,HEURISTIC.SIMPLE_COLLISION,110.8677437823743
5,HEURISTIC.SIMPLE_COLLISION,94.12417496181955
5,HEURISTIC.SIMPLE_COLLISION,109.00762978498973
5,HEURISTIC.SIMPLE_COLLISION,108.66720232756049
5,HEURISTIC.SIMPLE_COLLISION,110.03849740245875
5,HEURISTIC.SIMPLE_COLLISION,109.3244632144089
5,HEURISTIC.SIMPLE_COLLISION,109.98804575439321
5,HEURISTIC.SIMPLE_COLLISION,110.68727331802751
5,HEURISTIC.SIMPLE_COLLISION,109.91524165789441
5,HEURISTIC.SIMPLE_COLLISION,96.6760389020256
5,HEURISTIC.SIMPLE_COLLISION,110.89253137010166
5,HEURISTIC.SIMPLE_COLLISION,109.73421468325738
5,HEURISTIC.SIMPLE_COLLISION,109.97999787267514
5,HEURISTIC.SIMPLE_COLLISION,111.3512929475734
5,HEURISTIC.SIMPLE_COLLISION,94.00870860949658
5,HEURISTIC.SIMPLE_COLLISION,109.68747549719393
5,HEURISTIC.SIMPLE_COLLISION,109.13779932961302
5,HEURISTIC.SIMPLE_COLLISION,110.50909440451127
5,HEURISTIC.SIMPLE_COLLISION,110.0043089266131
5,HEURISTIC.SIMPLE_COLLISION,110.46396812201515
5,HEURISTIC.SIMPLE_COLLISION,111.16319568564944
5,HEURISTIC.SIMPLE_COLLISION,110.59508737009861
5,HEURISTIC.SIMPLE_COLLISION,93.9448507843928
5,HEURISTIC.SIMPLE_COLLISION,109.73169436507584
5,HEURISTIC.SIMPLE_COLLISION,109.16842372667719
5,HEURISTIC.SIMPLE_COLLISION,110.53971880157545
5,HEURISTIC.SIMPLE_COLLISION,110.04852779449502
5,HEURISTIC.SIMPLE_COLLISION,110.48926715350993
5,HEURISTIC.SIMPLE_COLLISION,111.18849471714422
5,HEURISTIC.SIMPLE_COLLISION,110.63930623798052
5,HEURISTIC.SIMPLE_COLLISION,93.85278598804864
5,HEURISTIC.SIMPLE_COLLISION,110.42305593963215
5,HEURISTIC.SIMPLE_COLLISION,109.65150992413818
5,HEURISTIC.SIMPLE_COLLISION,111.02280499903642
5,HEURISTIC.SIMPLE_COLLISION,110.7398893690513
5,HEURISTIC.SIMPLE_COLLISION,111.03609953192725
5,HEURISTIC.SIMPLE_COLLISION,111.87985629170052
5,HEURISTIC.SIMPLE_COLLISION,97.05034803491371
5,HEURISTIC.SIMPLE_COLLISION,114.77345115168937
5,HEURISTIC.SIMPLE_COLLISION,114.52197315123172
5,HEURISTIC.SIMPLE_COLLISION,94.87543212991986
5,HEURISTIC.SIMPLE_COLLISION,85.04096290564546
5,HEURISTIC.SIMPLE_COLLISION,109.64630212340525
5,HEURISTIC.SIMPLE_COLLISION,109.305874665976
5,HEURISTIC.SIMPLE_COLLISION,110.67716974087426
5,HEURISTIC.SIMPLE_COLLISION,109.96313555282441
5,HEURISTIC.SIMPLE_COLLISION,110.62671809280873
5,HEURISTIC.SIMPLE_COLLISION,111.32594565644303
5,HEURISTIC.SIMPLE_COLLISION,110.55391399630993
5,HEURISTIC.SIMPLE_COLLISION,95.63197455629629
5,HEURISTIC.SIMPLE_COLLISION,110.45936498956169
5,HEURISTIC.SIMPLE_COLLISION,110.14462248858692
5,HEURISTIC.SIMPLE_COLLISION,111.51591756348517
5,HEURISTIC.SIMPLE_COLLISION,110.77619841898087
5,HEURISTIC.SIMPLE_COLLISION,111.46546591541966
5,HEURISTIC.SIMPLE_COLLISION,94.63154828560091
5,HEURISTIC.SIMPLE_COLLISION,110.34507443339626
5,HEURISTIC.SIMPLE_COLLISION,109.79539826581534
5,HEURISTIC.SIMPLE_COLLISION,111.1666933407136
5,HEURISTIC.SIMPLE_COLLISION,110.66190786281543
5,HEURISTIC.SIMPLE_COLLISION,111.12156705821748
5,HEURISTIC.SIMPLE_COLLISION,111.82079462185177
5,HEURISTIC.SIMPLE_COLLISION,94.56769046049713
5,HEURISTIC.SIMPLE_COLLISION,110.39602024357978
5,HEURISTIC.SIMPLE_COLLISION,109.83274960518114
5,HEURISTIC.SIMPLE_COLLISION,111.2040446800794
5,HEURISTIC.SIMPLE_COLLISION,110.71285367299895
5,HEURISTIC.SIMPLE_COLLISION,111.15359303201386
5,HEURISTIC.SIMPLE_COLLISION,111.85282059564817
5,HEURISTIC.SIMPLE_COLLISION,94.47562566415297
5,HEURISTIC.SIMPLE_COLLISION,111.09861175488092
5,HEURISTIC.SIMPLE_COLLISION,110.32706573938697
5,HEURISTIC.SIMPLE_COLLISION,111.69836081428522
5,HEURISTIC.SIMPLE_COLLISION,111.4154451843001
5,HEURISTIC.SIMPLE_COLLISION,111.71165534717602
5,HEURISTIC.SIMPLE_COLLISION,97.28024156937533
5,HEURISTIC.SIMPLE_COLLISION,97.42682330005375
5,HEURISTIC.SIMPLE_COLLISION,115.00426347353313
5,HEURISTIC.SIMPLE_COLLISION,86.5590610894907
5,HEURISTIC.SIMPLE_COLLISION,112.05499862254166
5,HEURISTIC.SIMPLE_COLLISION,111.74025612156689
5,HEURISTIC.SIMPLE_COLLISION,113.11155119646514
5,HEURISTIC.SIMPLE_COLLISION,112.37183205196084
5,HEURISTIC.SIMPLE_COLLISION,96.29661964495105
5,HEURISTIC.SIMPLE_COLLISION,111.53007879263863
5,HEURISTIC.SIMPLE_COLLISION,111.18965133520939
5,HEURISTIC.SIMPLE_COLLISION,112.56094641010765
5,HEURISTIC.SIMPLE_COLLISION,111.8469122220578
5,HEURISTIC.SIMPLE_COLLISION,112.51049476204211
5,HEURISTIC.SIMPLE_COLLISION,96.18115329262808
5,HEURISTIC.SIMPLE_COLLISION,112.54685105306817
5,HEURISTIC.SIMPLE_COLLISION,111.99717488548725
5,HEURISTIC.SIMPLE_COLLISION,113.36846996038551
5,HEURISTIC.SIMPLE_COLLISION,112.86368448248734
5,HEURISTIC.SIMPLE_COLLISION,96.1172954675243
5,HEURISTIC.SIMPLE_COLLISION,112.68180384228788
5,HEURISTIC.SIMPLE_COLLISION,112.11853320388926
5,HEURISTIC.SIMPLE_COLLISION,113.48982827878751
5,HEURISTIC.SIMPLE_COLLISION,112.99863727170705
5,HEURISTIC.SIMPLE_COLLISION,96.02523067118014
5,HEURISTIC.SIMPLE_COLLISION,113.64044474064352
5,HEURISTIC.SIMPLE_COLLISION,112.86889872514956
5,HEURISTIC.SIMPLE_COLLISION,114.24019380004782
5,HEURISTIC.SIMPLE_COLLISION,113.9572781700627
5,HEURISTIC.SIMPLE_COLLISION,85.0582823638293
5,HEURISTIC.SIMPLE_COLLISION,109.58530908888419
5,HEURISTIC.SIMPLE_COLLISION,109.2705665879094
5,HEURISTIC.SIMPLE_COLLISION,110.64186166280767
5,HEURISTIC.SIMPLE_COLLISION,109.90214251830336
5,HEURISTIC.SIMPLE_COLLISION,110.59141001474214
5,HEURISTIC.SIMPLE_COLLISION,98.14313431523296
5,HEURISTIC.SIMPLE_COLLISION,111.09457719365344
5,HEURISTIC.SIMPLE_COLLISION,109.93626050680915
5,HEURISTIC.SIMPLE_COLLISION,110.18204369622691
5,HEURISTIC.SIMPLE_COLLISION,111.55333877112517
5,HEURISTIC.SIMPLE_COLLISION,95.73320505276625
5,HEURISTIC.SIMPLE_COLLISION,110.07543928513769
5,HEURISTIC.SIMPLE_COLLISION,109.73501182770843
5,HEURISTIC.SIMPLE_COLLISION,111.10630690260669
5,HEURISTIC.SIMPLE_COLLISION,110.39227271455684
5,HEURISTIC.SIMPLE_COLLISION,111.05585525454117
5,HEURISTIC.SIMPLE_COLLISION,95.79608242299668
5,HEURISTIC.SIMPLE_COLLISION,110.9659886292797
5,HEURISTIC.SIMPLE_COLLISION,110.41631246169877
5,HEURISTIC.SIMPLE_COLLISION,111.78760753659705
5,HEURISTIC.SIMPLE_COLLISION,111.28282205869886
5,HEURISTIC.SIMPLE_COLLISION,111.74248125410091
5,HEURISTIC.SIMPLE_COLLISION,95.7322245978929
5,HEURISTIC.SIMPLE_COLLISION,111.10728308822752
5,HEURISTIC.SIMPLE_COLLISION,110.54401244982887
5,HEURISTIC.SIMPLE_COLLISION,111.91530752472713
5,HEURISTIC.SIMPLE_COLLISION,111.42411651764667
5,HEURISTIC.SIMPLE_COLLISION,111.86485587666158
5,HEURISTIC.SIMPLE_COLLISION,95.72771397106773
5,HEURISTIC.SIMPLE_COLLISION,111.91037182366684
5,HEURISTIC.SIMPLE_COLLISION,111.13882580817287
5,HEURISTIC.SIMPLE_COLLISION,112.51012088307112
5,HEURISTIC.SIMPLE_COLLISION,112.227205253086
5,HEURISTIC.SIMPLE_COLLISION,112.52341541596194
5,HEURISTIC.SIMPLE_COLLISION,85.90247921814988
5,HEURISTIC.SIMPLE_COLLISION,112.33283313207336
5,HEURISTIC.SIMPLE_COLLISION,112.01809063109857
5,HEURISTIC.SIMPLE_COLLISION,113.38938570599684
5,HEURISTIC.SIMPLE_COLLISION,112.64966656149254
5,HEURISTIC.SIMPLE_COLLISION,98.0539691297528
5,HEURISTIC.SIMPLE_COLLISION,112.81059131976352
5,HEURISTIC.SIMPLE_COLLISION,112.47016386233426
5,HEURISTIC.SIMPLE_COLLISION,113.84145893723255
5,HEURISTIC.SIMPLE_COLLISION,113.1274247491827
5,HEURISTIC.SIMPLE_COLLISION,98.07181251533615
5,HEURISTIC.SIMPLE_COLLISION,113.69150185976216
5,HEURISTIC.SIMPLE_COLLISION,113.14182569218123
5,HEURISTIC.SIMPLE_COLLISION,114.5131207670795
5,HEURISTIC.SIMPLE_COLLISION,98.00795469023237
5,HEURISTIC.SIMPLE_COLLISION,113.82586135263404
5,HEURISTIC.SIMPLE_COLLISION,113.26259071423542
5,HEURISTIC.SIMPLE_COLLISION,114.63388578913367
5,HEURISTIC.SIMPLE_COLLISION,98.00344406340722
5,HEURISTIC.SIMPLE_COLLISION,114.62453281568239
5,HEURISTIC.SIMPLE_COLLISION,113.85298680018843
5,HEURISTIC.SIMPLE_COLLISION,115.22428187508669
5,HEURISTIC.SIMPLE_COLLISION,86.82870014122656
5,HEURISTIC.SIMPLE_COLLISION,98.99632171631404
5,HEURISTIC.SIMPLE_COLLISION,114.49872208349792
5,HEURISTIC.SIMPLE_COLLISION,86.73119252051849
5,HEURISTIC.SIMPLE_COLLISION,116.3377976439802
5,HEURISTIC.SIMPLE_COLLISION,117.08057075649273
5,HEURISTIC.SIMPLE_COLLISION,116.47439298069463
5,HEURISTIC.SIMPLE_COLLISION,116.49000271971582
5,HEURISTIC.SIMPLE_COLLISION,117.5175428793315
5,HEURISTIC.SIMPLE_COLLISION,116.58879193811333
5,HEURISTIC.SIMPLE_COLLISION,117.76530390590389
5,HEURISTIC.SIMPLE_COLLISION,100.79922876301123
5,HEURISTIC.SIMPLE_COLLISION,116.46765313061681
5,HEURISTIC.SIMPLE_COLLISION,117.18588879062638
5,HEURISTIC.SIMPLE_COLLISION,116.60424846733126
5,HEURISTIC.SIMPLE_COLLISION,116.61985820635243
5,HEURISTIC.SIMPLE_COLLISION,117.64739836596812
5,HEURISTIC.SIMPLE_COLLISION,116.80620159426894
5,HEURISTIC.SIMPLE_COLLISION,117.89515939254049
5,HEURISTIC.SIMPLE_COLLISION,102.48555523898318
5,HEURISTIC.SIMPLE_COLLISION,117.9003163570568
5,HEURISTIC.SIMPLE_COLLISION,118.78078591722151
5,HEURISTIC.SIMPLE_COLLISION,118.03691169377123
5,HEURISTIC.SIMPLE_COLLISION,118.05252143279242
5,HEURISTIC.SIMPLE_COLLISION,101.64230385429302
5,HEURISTIC.SIMPLE_COLLISION,119.6784565398466
5,HEURISTIC.SIMPLE_COLLISION,119.08351854882177
5,HEURISTIC.SIMPLE_COLLISION,87.03759907374672
5,HEURISTIC.SIMPLE_COLLISION,117.16918195052696
5,HEURISTIC.SIMPLE_COLLISION,117.91195506303953
5,HEURISTIC.SIMPLE_COLLISION,117.30577728724141
5,HEURISTIC.SIMPLE_COLLISION,117.3213870262626
5,HEURISTIC.SIMPLE_COLLISION,118.34892718587827
5,HEURISTIC.SIMPLE_COLLISION,117.4201762446601
5,HEURISTIC.SIMPLE_COLLISION,118.59668821245066
5,HEURISTIC.SIMPLE_COLLISION,101.73274793135488
5,HEURISTIC.SIMPLE_COLLISION,117.36107637690759
5,HEURISTIC.SIMPLE_COLLISION,118.07931203691716
5,HEURISTIC.SIMPLE_COLLISION,117.49767171362203
5,HEURISTIC.SIMPLE_COLLISION,117.51328145264321
5,HEURISTIC.SIMPLE_COLLISION,118.5408216122589
5,HEURISTIC.SIMPLE_COLLISION,117.69962484055972
5,HEURISTIC.SIMPLE_COLLISION,118.78858263883129
5,HEURISTIC.SIMPLE_COLLISION,103.41907440732682
5,HEURISTIC.SIMPLE_COLLISION,118.59905429814546
5,HEURISTIC.SIMPLE_COLLISION,119.47952385831017
5,HEURISTIC.SIMPLE_COLLISION,102.57582302263667
5,HEURISTIC.SIMPLE_COLLISION,89.7975946674538
5,HEURISTIC.SIMPLE_COLLISION,103.15507969428884
5,HEURISTIC.SIMPLE_COLLISION,119.90909127961879
5,HEURISTIC.SIMPLE_COLLISION,88.85269764724285
5,HEURISTIC.SIMPLE_COLLISION,119.70080954080632
5,HEURISTIC.SIMPLE_COLLISION,103.3135544361409
5,HEURISTIC.SIMPLE_COLLISION,119.82546131854767
5,HEURISTIC.SIMPLE_COLLISION,120.54369697855724
5,HEURISTIC.SIMPLE_COLLISION,104.46325176361616
5,HEURISTIC.SIMPLE_COLLISION,88.30361850673971
5,HEURISTIC.SIMPLE_COLLISION,119.31009272899556
5,HEURISTIC.SIMPLE_COLLISION,120.05286584150812
5,HEURISTIC.SIMPLE_COLLISION,103.92864342342168
5,HEURISTIC.SIMPLE_COLLISION,119.44914440254558
5,HEURISTIC.SIMPLE_COLLISION,120.16738006255515
5,HEURISTIC.SIMPLE_COLLISION,78.12352220402526
5,HEURISTIC.SIMPLE_COLLISION,105.8210661152672
5,HEURISTIC.SIMPLE_COLLISION,105.5063236142924
5,HEURISTIC.SIMPLE_COLLISION,106.87761868919065
5,HEURISTIC.SIMPLE_COLLISION,106.13789954468636
5,HEURISTIC.SIMPLE_COLLISION,106.82716704112514
5,HEURISTIC.SIMPLE_COLLISION,107.50281523947305
5,HEURISTIC.SIMPLE_COLLISION,106.72867798817188
5,HEURISTIC.SIMPLE_COLLISION,106.90690977653341
5,HEURISTIC.SIMPLE_COLLISION,107.52638743885994
5,HEURISTIC.SIMPLE_COLLISION,107.48081913801731
5,HEURISTIC.SIMPLE_COLLISION,107.5540657167403
5,HEURISTIC.SIMPLE_COLLISION,92.00968468903687
5,HEURISTIC.SIMPLE_COLLISION,105.75809567250616
5,HEURISTIC.SIMPLE_COLLISION,105.41766821507692
5,HEURISTIC.SIMPLE_COLLISION,106.78896328997517
5,HEURISTIC.SIMPLE_COLLISION,106.07492910192532
5,HEURISTIC.SIMPLE_COLLISION,106.73851164190964
5,HEURISTIC.SIMPLE_COLLISION,107.43773920554392
5,HEURISTIC.SIMPLE_COLLISION,106.66570754541084
5,HEURISTIC.SIMPLE_COLLISION,106.84393933377237
5,HEURISTIC.SIMPLE_COLLISION,107.46341699609891
5,HEURISTIC.SIMPLE_COLLISION,107.41784869525625
5,HEURISTIC.SIMPLE_COLLISION,107.49109527397925
5,HEURISTIC.SIMPLE_COLLISION,94.56744907299131
5,HEURISTIC.SIMPLE_COLLISION,107.52327127294879
5,HEURISTIC.SIMPLE_COLLISION,106.36495458610452
5,HEURISTIC.SIMPLE_COLLISION,106.61073777552227
5,HEURISTIC.SIMPLE_COLLISION,107.98203285042052
5,HEURISTIC.SIMPLE_COLLISION,108.663238195598
5,HEURISTIC.SIMPLE_COLLISION,108.11404971643431
5,HEURISTIC.DILIGENT,67.0984288477768
5,HEURISTIC.DILIGENT,109.49168577998032
5,HEURISTIC.DILIGENT,109.73746896939807
5,HEURISTIC.DILIGENT,111.10876404429632
5,HEURISTIC.DILIGENT,110.36904489979203
5,HEURISTIC.DILIGENT,111.0583123962308
5,HEURISTIC.DILIGENT,110.95982334327755
5,HEURISTIC.DILIGENT,111.73396059457872
5,HEURISTIC.DILIGENT,111.13805513163906
5,HEURISTIC.DILIGENT,96.47547534210754
5,HEURISTIC.DILIGENT,111.18476766886462
5,HEURISTIC.DILIGENT,110.58906760085725
5,HEURISTIC.DILIGENT,111.96036267575553
5,HEURISTIC.DILIGENT,111.5016010982838
5,HEURISTIC.DILIGENT,111.94234045729871
5,HEURISTIC.DILIGENT,95.17527898516434
5,HEURISTIC.DILIGENT,109.62071216434425
5,HEURISTIC.DILIGENT,109.86649535376202
5,HEURISTIC.DILIGENT,111.23779042866028
5,HEURISTIC.DILIGENT,110.52375624061042
5,HEURISTIC.DILIGENT,111.18733878059474
5,HEURISTIC.DILIGENT,111.11453468409594
5,HEURISTIC.DILIGENT,111.88656634422904
5,HEURISTIC.DILIGENT,111.29276647245746
5,HEURISTIC.DILIGENT,111.912244134784
5,HEURISTIC.DILIGENT,111.86667583394136
5,HEURISTIC.DILIGENT,111.93992241266436
5,HEURISTIC.DILIGENT,111.8122266860324
5,HEURISTIC.DILIGENT,97.14538664388049
5,HEURISTIC.DILIGENT,112.25455207748622
5,HEURISTIC.DILIGENT,111.44275330166373
5,HEURISTIC.DILIGENT,112.81404837656198
5,HEURISTIC.DILIGENT,112.5713855069054
5,HEURISTIC.DILIGENT,94.47360198599438
5,HEURISTIC.DILIGENT,110.94142388380925
5,HEURISTIC.DILIGENT,110.39174771622832
5,HEURISTIC.DILIGENT,111.7630427911266
5,HEURISTIC.DILIGENT,111.25825731322843
5,HEURISTIC.DILIGENT,111.71791650863047
5,HEURISTIC.DILIGENT,112.41714407226476
5,HEURISTIC.DILIGENT,111.84903575671393
5,HEURISTIC.DILIGENT,112.02726754507546
5,HEURISTIC.DILIGENT,94.4097441608906
5,HEURISTIC.DILIGENT,111.0657053967943
5,HEURISTIC.DILIGENT,110.50243475839565
5,HEURISTIC.DILIGENT,111.87372983329392
5,HEURISTIC.DILIGENT,111.38253882621346
5,HEURISTIC.DILIGENT,111.82327818522838
5,HEURISTIC.DILIGENT,112.52250574886268
5,HEURISTIC.DILIGENT,111.973317269699
5,HEURISTIC.DILIGENT,112.15154905806051
5,HEURISTIC.DILIGENT,97.28544700409451
5,HEURISTIC.DILIGENT,113.12606006920595
5,HEURISTIC.DILIGENT,112.1744975998721
5,HEURISTIC.DILIGENT,113.58313951402542
5,HEURISTIC.DILIGENT,94.31767936454642
5,HEURISTIC.DILIGENT,111.6624132254263
5,HEURISTIC.DILIGENT,110.89086720993234
5,HEURISTIC.DILIGENT,112.2621622848306
5,HEURISTIC.DILIGENT,111.97924665484547
5,HEURISTIC.DILIGENT,112.2754568177214
5,HEURISTIC.DILIGENT,113.11921357749468
5,HEURISTIC.DILIGENT,112.57002509833099
5,HEURISTIC.DILIGENT,97.16922044541501
5,HEURISTIC.DILIGENT,95.34032550641764
5,HEURISTIC.DILIGENT,113.0095708270893
5,HEURISTIC.DILIGENT,114.41821274124266
5,HEURISTIC.DILIGENT,113.96113329642316
5,HEURISTIC.DILIGENT,114.27796672584233
5,HEURISTIC.DILIGENT,86.81791283169034
5,HEURISTIC.DILIGENT,108.58530947039536
5,HEURISTIC.DILIGENT,108.83109265981312
5,HEURISTIC.DILIGENT,110.20238773471138
5,HEURISTIC.DILIGENT,109.46266859020707
5,HEURISTIC.DILIGENT,110.15193608664583
5,HEURISTIC.DILIGENT,110.05344703369258
5,HEURISTIC.DILIGENT,110.82758428499375
5,HEURISTIC.DILIGENT,110.2316788220541
5,HEURISTIC.DILIGENT,110.85115648438065
5,HEURISTIC.DILIGENT,110.80558818353802
5,HEURISTIC.DILIGENT,110.878834762261
5,HEURISTIC.DILIGENT,110.75113903562905
5,HEURISTIC.DILIGENT,96.25892510063812
5,HEURISTIC.DILIGENT,110.10017541086452
5,HEURISTIC.DILIGENT,109.50447534285718
5,HEURISTIC.DILIGENT,110.87577041775543
5,HEURISTIC.DILIGENT,110.4170088402837
5,HEURISTIC.DILIGENT,110.85774819929861
5,HEURISTIC.DILIGENT,111.55697576293291
5,HEURISTIC.DILIGENT,111.00778728376922
5,HEURISTIC.DILIGENT,111.18601907213073
5,HEURISTIC.DILIGENT,95.0964251913471
5,HEURISTIC.DILIGENT,108.81151280164849
5,HEURISTIC.DILIGENT,109.05729599106625
5,HEURISTIC.DILIGENT,110.42859106596453
5,HEURISTIC.DILIGENT,109.71455687791467
5,HEURISTIC.DILIGENT,110.37813941789898
5,HEURISTIC.DILIGENT,110.30533532140018
5,HEURISTIC.DILIGENT,111.07736698153326
5,HEURISTIC.DILIGENT,110.48356710976171
5,HEURISTIC.DILIGENT,111.10304477208825
5,HEURISTIC.DILIGENT,111.0574764712456
5,HEURISTIC.DILIGENT,111.1307230499686
5,HEURISTIC.DILIGENT,111.00302732333662
5,HEURISTIC.DILIGENT,97.01794437661863
5,HEURISTIC.DILIGENT,111.34817576790127
5,HEURISTIC.DILIGENT,110.53637699207877
5,HEURISTIC.DILIGENT,111.90767206697703
5,HEURISTIC.DILIGENT,111.66500919732044
5,HEURISTIC.DILIGENT,111.92096659986785
5,HEURISTIC.DILIGENT,94.39474819217713
5,HEURISTIC.DILIGENT,110.13222452111347
5,HEURISTIC.DILIGENT,109.58254835353254
5,HEURISTIC.DILIGENT,110.95384342843082
5,HEURISTIC.DILIGENT,110.44905795053265
5,HEURISTIC.DILIGENT,110.90871714593469
5,HEURISTIC.DILIGENT,111.60794470956898
5,HEURISTIC.DILIGENT,111.03983639401815
5,HEURISTIC.DILIGENT,111.21806818237968
5,HEURISTIC.DILIGENT,111.83754584470623
5,HEURISTIC.DILIGENT,111.79197754386358
5,HEURISTIC.DILIGENT,111.86522412258657
5,HEURISTIC.DILIGENT,111.73752839595461
5,HEURISTIC.DILIGENT,94.33089036707334
5,HEURISTIC.DILIGENT,110.25650603409852
5,HEURISTIC.DILIGENT,109.69323539569987
5,HEURISTIC.DILIGENT,111.06453047059814
5,HEURISTIC.DILIGENT,110.57333946351768
5,HEURISTIC.DILIGENT,111.0140788225326
5,HEURISTIC.DILIGENT,111.7133063861669
5,HEURISTIC.DILIGENT,111.16411790700322
5,HEURISTIC.DILIGENT,111.34234969536473
5,HEURISTIC.DILIGENT,111.96182735769128
5,HEURISTIC.DILIGENT,111.91625905684863
5,HEURISTIC.DILIGENT,111.98950563557162
5,HEURISTIC.DILIGENT,111.86180990893966
5,HEURISTIC.DILIGENT,97.20647194202817
5,HEURISTIC.DILIGENT,112.316618170012
5,HEURISTIC.DILIGENT,111.36505570067814
5,HEURISTIC.DILIGENT,112.77369761483148
5,HEURISTIC.DILIGENT,112.63345159943118
5,HEURISTIC.DILIGENT,94.23882557072918
5,HEURISTIC.DILIGENT,110.85321386273053
5,HEURISTIC.DILIGENT,110.08166784723656
5,HEURISTIC.DILIGENT,111.45296292213482
5,HEURISTIC.DILIGENT,111.17004729214969
5,HEURISTIC.DILIGENT,111.46625745502563
5,HEURISTIC.DILIGENT,112.3100142147989
5,HEURISTIC.DILIGENT,111.76082573563521
5,HEURISTIC.DILIGENT,111.93905752399672
5,HEURISTIC.DILIGENT,97.09036665159778
5,HEURISTIC.DILIGENT,113.05452311553523
5,HEURISTIC.DILIGENT,114.46316502968857
5,HEURISTIC.DILIGENT,114.0060855848691
5,HEURISTIC.DILIGENT,95.26147171260041
5,HEURISTIC.DILIGENT,112.20037146439356
5,HEURISTIC.DILIGENT,113.60901337854689
5,HEURISTIC.DILIGENT,113.1519339337274
5,HEURISTIC.DILIGENT,113.46876736314657
5,HEURISTIC.DILIGENT,86.85681964682846
5,HEURISTIC.DILIGENT,109.24784127851399
5,HEURISTIC.DILIGENT,109.49362446793174
5,HEURISTIC.DILIGENT,110.86491954283001
5,HEURISTIC.DILIGENT,110.1252003983257
5,HEURISTIC.DILIGENT,110.81446789476448
5,HEURISTIC.DILIGENT,110.71597884181122
5,HEURISTIC.DILIGENT,111.49011609311239
5,HEURISTIC.DILIGENT,110.89421063017274
5,HEURISTIC.DILIGENT,111.51368829249928
5,HEURISTIC.DILIGENT,111.46811999165665
5,HEURISTIC.DILIGENT,96.98533937008484
5,HEURISTIC.DILIGENT,110.71818542247271
5,HEURISTIC.DILIGENT,110.12248535446537
5,HEURISTIC.DILIGENT,111.49378042936365
5,HEURISTIC.DILIGENT,111.03501885189189
5,HEURISTIC.DILIGENT,111.4757582109068
5,HEURISTIC.DILIGENT,112.17498577454111
5,HEURISTIC.DILIGENT,111.62579729537742
5,HEURISTIC.DILIGENT,95.8473769132968
5,HEURISTIC.DILIGENT,109.47859771826268
5,HEURISTIC.DILIGENT,109.72438090768043
5,HEURISTIC.DILIGENT,111.09567598257868
5,HEURISTIC.DILIGENT,110.38164179452883
5,HEURISTIC.DILIGENT,111.04522433451316
5,HEURISTIC.DILIGENT,110.97242023801437
5,HEURISTIC.DILIGENT,111.74445189814745
5,HEURISTIC.DILIGENT,111.1506520263759
5,HEURISTIC.DILIGENT,111.77012968870244
5,HEURISTIC.DILIGENT,111.72456138785978
5,HEURISTIC.DILIGENT,111.79780796658278
5,HEURISTIC.DILIGENT,111.67011223995081
5,HEURISTIC.DILIGENT,97.76889609856833
5,HEURISTIC.DILIGENT,112.01526068451547
5,HEURISTIC.DILIGENT,111.20346190869297
5,HEURISTIC.DILIGENT,112.57475698359123
5,HEURISTIC.DILIGENT,112.33209411393464
5,HEURISTIC.DILIGENT,95.14569991412682
5,HEURISTIC.DILIGENT,110.79930943772769
5,HEURISTIC.DILIGENT,110.24963327014675
5,HEURISTIC.DILIGENT,111.62092834504503
5,HEURISTIC.DILIGENT,111.11614286714683
5,HEURISTIC.DILIGENT,111.57580206254889
5,HEURISTIC.DILIGENT,112.27502962618317
5,HEURISTIC.DILIGENT,111.70692131063237
5,HEURISTIC.DILIGENT,111.88515309899387
5,HEURISTIC.DILIGENT,95.08184208902304
5,HEURISTIC.DILIGENT,110.92359095071271
5,HEURISTIC.DILIGENT,110.36032031231406
5,HEURISTIC.DILIGENT,111.73161538721232
5,HEURISTIC.DILIGENT,111.24042438013188
5,HEURISTIC.DILIGENT,111.6811637391468
5,HEURISTIC.DILIGENT,112.38039130278109
5,HEURISTIC.DILIGENT,111.83120282361739
5,HEURISTIC.DILIGENT,112.00943461197892
5,HEURISTIC.DILIGENT,97.95742366397788
5,HEURISTIC.DILIGENT,112.98370308662619
5,HEURISTIC.DILIGENT,112.03214061729233
5,HEURISTIC.DILIGENT,113.44078253144566
5,HEURISTIC.DILIGENT,95.07733146219788
5,HEURISTIC.DILIGENT,111.69540711838272
5,HEURISTIC.DILIGENT,110.92386110288874
5,HEURISTIC.DILIGENT,112.29515617778699
5,HEURISTIC.DILIGENT,112.01224054780187
5,HEURISTIC.DILIGENT,112.30845071067782
5,HEURISTIC.DILIGENT,113.15220747045109
5,HEURISTIC.DILIGENT,112.6030189912874
5,HEURISTIC.DILIGENT,97.84131837354747
5,HEURISTIC.DILIGENT,96.0124234345501
5,HEURISTIC.DILIGENT,112.86745638100774
5,HEURISTIC.DILIGENT,114.27609829516106
5,HEURISTIC.DILIGENT,113.81901885034159
5,HEURISTIC.DILIGENT,114.13585227976077
5,HEURISTIC.DILIGENT,88.7769091049816
5,HEURISTIC.DILIGENT,112.5321314313297
5,HEURISTIC.DILIGENT,112.77791462074748
5,HEURISTIC.DILIGENT,114.14920969564574
5,HEURISTIC.DILIGENT,113.40949055114143
5,HEURISTIC.DILIGENT,98.93028297124503
5,HEURISTIC.DILIGENT,114.03519648430208
5,HEURISTIC.DILIGENT,97.77368350570238
5,HEURISTIC.DILIGENT,112.75833476258283
5,HEURISTIC.DILIGENT,113.0041179520006
5,HEURISTIC.DILIGENT,114.37541302689885
5,HEURISTIC.DILIGENT,113.661378838849
5,HEURISTIC.DILIGENT,97.0720065065324
5,HEURISTIC.DILIGENT,114.07904648204783
5,HEURISTIC.DILIGENT,113.5293703144669
5,HEURISTIC.DILIGENT,114.90066538936517
5,HEURISTIC.DILIGENT,114.395879911467
5,HEURISTIC.DILIGENT,97.00814868142862
5,HEURISTIC.DILIGENT,114.20332799503288
5,HEURISTIC.DILIGENT,113.64005735663423
5,HEURISTIC.DILIGENT,115.0113524315325
5,HEURISTIC.DILIGENT,114.52016142445204
5,HEURISTIC.DILIGENT,96.91608388508446
5,HEURISTIC.DILIGENT,114.80003582366489
5,HEURISTIC.DILIGENT,114.02848980817092
5,HEURISTIC.DILIGENT,115.39978488306917
5,HEURISTIC.DILIGENT,89.00627493291637
5,HEURISTIC.DILIGENT,113.27295187933544
5,HEURISTIC.DILIGENT,113.51873506875319
5,HEURISTIC.DILIGENT,114.89003014365146
5,HEURISTIC.DILIGENT,98.41008629370748
5,HEURISTIC.DILIGENT,113.50370831908413
5,HEURISTIC.DILIGENT,113.74949150850188
5,HEURISTIC.DILIGENT,115.12078658340013
5,HEURISTIC.DILIGENT,114.40675239535028
5,HEURISTIC.DILIGENT,97.70840929453749
5,HEURISTIC.DILIGENT,114.82442003854914
5,HEURISTIC.DILIGENT,114.2747438709682
5,HEURISTIC.DILIGENT,115.64603894586648
5,HEURISTIC.DILIGENT,97.64455146943371
5,HEURISTIC.DILIGENT,114.94870155153416
5,HEURISTIC.DILIGENT,114.38543091313551
5,HEURISTIC.DILIGENT,115.75672598803376
5,HEURISTIC.DILIGENT,97.55248667308956
5,HEURISTIC.DILIGENT,115.54540938016615
5,HEURISTIC.DILIGENT,114.7738633646722
5,HEURISTIC.DILIGENT,116.14515843957045
5,HEURISTIC.DILIGENT,88.05765848537021
5,HEURISTIC.DILIGENT,112.91472833990403
5,HEURISTIC.DILIGENT,113.16051152932178
5,HEURISTIC.DILIGENT,114.53180660422004
5,HEURISTIC.DILIGENT,113.79208745971575
5,HEURISTIC.DILIGENT,100.23021431505009
5,HEURISTIC.DILIGENT,114.35660875133803
5,HEURISTIC.DILIGENT,99.21554952724682
5,HEURISTIC.DILIGENT,113.36361638509749
5,HEURISTIC.DILIGENT,113.60939957451524
5,HEURISTIC.DILIGENT,114.9806946494135
5,HEURISTIC.DILIGENT,114.26666046136364
5,HEURISTIC.DILIGENT,98.69221625063022
5,HEURISTIC.DILIGENT,115.04101554966928
5,HEURISTIC.DILIGENT,114.49133938208836
5,HEURISTIC.DILIGENT,115.86263445698663
5,HEURISTIC.DILIGENT,98.62835842552644
5,HEURISTIC.DILIGENT,115.16529706265433
5,HEURISTIC.DILIGENT,114.60202642425568
5,HEURISTIC.DILIGENT,115.97332149915395
5,HEURISTIC.DILIGENT,98.62384779870129
5,HEURISTIC.DILIGENT,80.68231284215393
5,HEURISTIC.DILIGENT,109.44545322449005
5,HEURISTIC.DILIGENT,109.6912364139078
5,HEURISTIC.DILIGENT,111.06253148880607
5,HEURISTIC.DILIGENT,110.32281234430177
5,HEURISTIC.DILIGENT,111.01207984074054
5,HEURISTIC.DILIGENT,110.91359078778729
5,HEURISTIC.DILIGENT,111.68772803908846
5,HEURISTIC.DILIGENT,111.0918225761488
5,HEURISTIC.DILIGENT,111.71130023847535
5,HEURISTIC.DILIGENT,96.42924278661727
5,HEURISTIC.DILIGENT,111.13853511337433
5,HEURISTIC.DILIGENT,110.54283504536699
5,HEURISTIC.DILIGENT,111.91413012026524
5,HEURISTIC.DILIGENT,111.45536854279351
5,HEURISTIC.DILIGENT,111.89610790180842
5,HEURISTIC.DILIGENT,95.12904642967406
5,HEURISTIC.DILIGENT,109.57447960885399
5,HEURISTIC.DILIGENT,109.82026279827176
5,HEURISTIC.DILIGENT,111.19155787317001
5,HEURISTIC.DILIGENT,110.47752368512016
5,HEURISTIC.DILIGENT,111.14110622510448
5,HEURISTIC.DILIGENT,111.06830212860568
5,HEURISTIC.DILIGENT,111.84033378873877
5,HEURISTIC.DILIGENT,111.2465339169672
5,HEURISTIC.DILIGENT,111.86601157929374
5,HEURISTIC.DILIGENT,111.8204432784511
5,HEURISTIC.DILIGENT,111.8936898571741
5,HEURISTIC.DILIGENT,111.76599413054214
5,HEURISTIC.DILIGENT,97.09915408839021
5,HEURISTIC.DILIGENT,112.20831952199597
5,HEURISTIC.DILIGENT,111.39652074617346
5,HEURISTIC.DILIGENT,112.76781582107172
5,HEURISTIC.DILIGENT,112.52515295141514
5,HEURISTIC.DILIGENT,94.4273694305041
5,HEURISTIC.DILIGENT,110.89519132831899
5,HEURISTIC.DILIGENT,110.34551516073806
5,HEURISTIC.DILIGENT,111.71681023563633
5,HEURISTIC.DILIGENT,111.21202475773815
5,HEURISTIC.DILIGENT,111.6716839531402
5,HEURISTIC.DILIGENT,112.3709115167745
5,HEURISTIC.DILIGENT,111.80280320122368
5,HEURISTIC.DILIGENT,111.9810349895852
5,HEURISTIC.DILIGENT,94.36351160540032
5,HEURISTIC.DILIGENT,111.01947284130404
5,HEURISTIC.DILIGENT,110.45620220290539
5,HEURISTIC.DILIGENT,111.82749727780364
5,HEURISTIC.DILIGENT,111.33630627072318
5,HEURISTIC.DILIGENT,111.7770456297381
5,HEURISTIC.DILIGENT,112.4762731933724
5,HEURISTIC.DILIGENT,111.92708471420872
5,HEURISTIC.DILIGENT,112.10531650257022
5,HEURISTIC.DILIGENT,97.23921444860424
5,HEURISTIC.DILIGENT,113.07982751371567
5,HEURISTIC.DILIGENT,112.1282650443818
5,HEURISTIC.DILIGENT,113.53690695853514
5,HEURISTIC.DILIGENT,94.27144680905616
5,HEURISTIC.DILIGENT,111.61618066993603
5,HEURISTIC.DILIGENT,110.84463465444205
5,HEURISTIC.DILIGENT,112.21592972934033
5,HEURISTIC.DILIGENT,111.9330140993552
5,HEURISTIC.DILIGENT,112.22922426223113
5,HEURISTIC.DILIGENT,113.0729810220044
5,HEURISTIC.DILIGENT,112.52379254284071
5,HEURISTIC.DILIGENT,97.12298788992474
5,HEURISTIC.DILIGENT,95.29409295092738
5,HEURISTIC.DILIGENT,112.96333827159904
5,HEURISTIC.DILIGENT,114.37198018575238
5,HEURISTIC.DILIGENT,113.9149007409329
5,HEURISTIC.DILIGENT,114.23173417035206
5,HEURISTIC.DILIGENT,86.93871140736067
5,HEURISTIC.DILIGENT,108.70102888962032
5,HEURISTIC.DILIGENT,108.94681207903807
5,HEURISTIC.DILIGENT,110.31810715393634
5,HEURISTIC.DILIGENT,109.57838800943203
5,HEURISTIC.DILIGENT,110.2676555058708
5,HEURISTIC.DILIGENT,110.16916645291755
5,HEURISTIC.DILIGENT,110.94330370421872
5,HEURISTIC.DILIGENT,110.34739824127907
5,HEURISTIC.DILIGENT,110.96687590360561
5,HEURISTIC.DILIGENT,110.92130760276298
5,HEURISTIC.DILIGENT,110.99455418148597
5,HEURISTIC.DILIGENT,110.866858454854
5,HEURISTIC.DILIGENT,96.37464451986308
5,HEURISTIC.DILIGENT,110.21589483008947
5,HEURISTIC.DILIGENT,109.62019476208212
5,HEURISTIC.DILIGENT,110.99148983698038
5,HEURISTIC.DILIGENT,110.53272825950864
5,HEURISTIC.DILIGENT,110.97346761852356
5,HEURISTIC.DILIGENT,111.67269518215785
5,HEURISTIC.DILIGENT,111.12350670299416
5,HEURISTIC.DILIGENT,95.21214461057204
5,HEURISTIC.DILIGENT,108.92723222087345
5,HEURISTIC.DILIGENT,109.17301541029121
5,HEURISTIC.DILIGENT,110.54431048518947
5,HEURISTIC.DILIGENT,109.83027629713962
5,HEURISTIC.DILIGENT,110.49385883712394
5,HEURISTIC.DILIGENT,110.42105474062514
5,HEURISTIC.DILIGENT,111.19308640075823
5,HEURISTIC.DILIGENT,110.59928652898665
5,HEURISTIC.DILIGENT,111.2187641913132
5,HEURISTIC.DILIGENT,111.17319589047055
5,HEURISTIC.DILIGENT,111.24644246919355
5,HEURISTIC.DILIGENT,111.1187467425616
5,HEURISTIC.DILIGENT,97.13366379584359
5,HEURISTIC.DILIGENT,111.46389518712624
5,HEURISTIC.DILIGENT,110.65209641130373
5,HEURISTIC.DILIGENT,112.02339148620199
5,HEURISTIC.DILIGENT,111.7807286165454
5,HEURISTIC.DILIGENT,112.0366860190928
5,HEURISTIC.DILIGENT,94.51046761140208
5,HEURISTIC.DILIGENT,110.24794394033844
5,HEURISTIC.DILIGENT,109.69826777275752
5,HEURISTIC.DILIGENT,111.06956284765579
5,HEURISTIC.DILIGENT,110.5647773697576
5,HEURISTIC.DILIGENT,111.02443656515966
5,HEURISTIC.DILIGENT,111.72366412879396
5,HEURISTIC.DILIGENT,111.15555581324314
5,HEURISTIC.DILIGENT,111.33378760160466
5,HEURISTIC.DILIGENT,111.9532652639312
5,HEURISTIC.DILIGENT,111.90769696308855
5,HEURISTIC.DILIGENT,111.98094354181154
5,HEURISTIC.DILIGENT,111.85324781517959
5,HEURISTIC.DILIGENT,94.4466097862983
5,HEURISTIC.DILIGENT,110.3722254533235
5,HEURISTIC.DILIGENT,109.80895481492485
5,HEURISTIC.DILIGENT,111.1802498898231
5,HEURISTIC.DILIGENT,110.68905888274264
5,HEURISTIC.DILIGENT,111.12979824175756
5,HEURISTIC.DILIGENT,111.82902580539186
5,HEURISTIC.DILIGENT,111.27983732622818
5,HEURISTIC.DILIGENT,111.45806911458968
5,HEURISTIC.DILIGENT,112.07754677691622
5,HEURISTIC.DILIGENT,112.03197847607359
5,HEURISTIC.DILIGENT,112.10522505479659
5,HEURISTIC.DILIGENT,111.97752932816462
5,HEURISTIC.DILIGENT,97.32219136125313
5,HEURISTIC.DILIGENT,112.43233758923697
5,HEURISTIC.DILIGENT,111.48077511990311
5,HEURISTIC.DILIGENT,112.88941703405644
5,HEURISTIC.DILIGENT,112.74917101865614
5,HEURISTIC.DILIGENT,94.35454498995415
5,HEURISTIC.DILIGENT,110.96893328195549
5,HEURISTIC.DILIGENT,110.1973872664615
5,HEURISTIC.DILIGENT,111.56868234135979
5,HEURISTIC.DILIGENT,111.28576671137466
5,HEURISTIC.DILIGENT,111.58197687425059
5,HEURISTIC.DILIGENT,112.42573363402386
5,HEURISTIC.DILIGENT,111.87654515486017
5,HEURISTIC.DILIGENT,112.0547769432217
5,HEURISTIC.DILIGENT,97.20608607082272
5,HEURISTIC.DILIGENT,113.1702425347602
5,HEURISTIC.DILIGENT,114.57888444891354
5,HEURISTIC.DILIGENT,114.12180500409406
5,HEURISTIC.DILIGENT,95.37719113182536
5,HEURISTIC.DILIGENT,112.3160908836185
5,HEURISTIC.DILIGENT,113.72473279777185
5,HEURISTIC.DILIGENT,113.26765335295238
5,HEURISTIC.DILIGENT,113.58448678237156
5,HEURISTIC.DILIGENT,86.97761822249879
5,HEURISTIC.DILIGENT,109.36356069773896
5,HEURISTIC.DILIGENT,109.60934388715671
5,HEURISTIC.DILIGENT,110.98063896205497
5,HEURISTIC.DILIGENT,110.24091981755068
5,HEURISTIC.DILIGENT,110.93018731398945
5,HEURISTIC.DILIGENT,110.8316982610362
5,HEURISTIC.DILIGENT,111.60583551233736
5,HEURISTIC.DILIGENT,111.00993004939771
5,HEURISTIC.DILIGENT,111.62940771172426
5,HEURISTIC.DILIGENT,97.1010587893098
5,HEURISTIC.DILIGENT,110.8339048416977
5,HEURISTIC.DILIGENT,110.23820477369034
5,HEURISTIC.DILIGENT,111.6094998485886
5,HEURISTIC.DILIGENT,111.15073827111686
5,HEURISTIC.DILIGENT,111.59147763013178
5,HEURISTIC.DILIGENT,112.29070519376607
5,HEURISTIC.DILIGENT,95.96309633252176
5,HEURISTIC.DILIGENT,109.59431713748764
5,HEURISTIC.DILIGENT,109.8401003269054
5,HEURISTIC.DILIGENT,111.21139540180366
5,HEURISTIC.DILIGENT,110.4973612137538
5,HEURISTIC.DILIGENT,111.16094375373812
5,HEURISTIC.DILIGENT,111.08813965723932
5,HEURISTIC.DILIGENT,111.86017131737242
5,HEURISTIC.DILIGENT,111.26637144560084
5,HEURISTIC.DILIGENT,111.88584910792738
5,HEURISTIC.DILIGENT,111.84028080708474
5,HEURISTIC.DILIGENT,111.91352738580774
5,HEURISTIC.DILIGENT,111.78583165917578
5,HEURISTIC.DILIGENT,97.8846155177933
5,HEURISTIC.DILIGENT,112.13098010374043
5,HEURISTIC.DILIGENT,111.31918132791793
5,HEURISTIC.DILIGENT,112.69047640281619
5,HEURISTIC.DILIGENT,112.4478135331596
5,HEURISTIC.DILIGENT,95.2614193333518
5,HEURISTIC.DILIGENT,110.91502885695263
5,HEURISTIC.DILIGENT,110.3653526893717
5,HEURISTIC.DILIGENT,111.73664776426997
5,HEURISTIC.DILIGENT,111.23186228637181
5,HEURISTIC.DILIGENT,111.69152148177385
5,HEURISTIC.DILIGENT,112.39074904540814
5,HEURISTIC.DILIGENT,111.82264072985731
5,HEURISTIC.DILIGENT,112.00087251821884
5,HEURISTIC.DILIGENT,95.19756150824801
5,HEURISTIC.DILIGENT,111.03931036993768
5,HEURISTIC.DILIGENT,110.47603973153903
5,HEURISTIC.DILIGENT,111.8473348064373
5,HEURISTIC.DILIGENT,111.35614379935684
5,HEURISTIC.DILIGENT,111.79688315837176
5,HEURISTIC.DILIGENT,112.49611072200607
5,HEURISTIC.DILIGENT,111.94692224284238
5,HEURISTIC.DILIGENT,112.12515403120389
5,HEURISTIC.DILIGENT,98.07314308320285
5,HEURISTIC.DILIGENT,113.09942250585117
5,HEURISTIC.DILIGENT,112.1478600365173
5,HEURISTIC.DILIGENT,113.55650195067064
5,HEURISTIC.DILIGENT,95.19305088142285
5,HEURISTIC.DILIGENT,111.81112653760768
5,HEURISTIC.DILIGENT,111.03958052211371
5,HEURISTIC.DILIGENT,112.41087559701197
5,HEURISTIC.DILIGENT,112.12795996702684
5,HEURISTIC.DILIGENT,112.42417012990278
5,HEURISTIC.DILIGENT,113.26792688967605
5,HEURISTIC.DILIGENT,112.71873841051236
5,HEURISTIC.DILIGENT,97.95703779277243
5,HEURISTIC.DILIGENT,96.12814285377507
5,HEURISTIC.DILIGENT,112.98317580023271
5,HEURISTIC.DILIGENT,114.39181771438605
5,HEURISTIC.DILIGENT,113.93473826956657
5,HEURISTIC.DILIGENT,114.25157169898573
5,HEURISTIC.DILIGENT,88.81673169329432
5,HEURISTIC.DILIGENT,112.48589887583944
5,HEURISTIC.DILIGENT,112.73168206525719
5,HEURISTIC.DILIGENT,114.10297714015546
5,HEURISTIC.DILIGENT,113.36325799565115
5,HEURISTIC.DILIGENT,98.88405041575477
5,HEURISTIC.DILIGENT,113.98896392881184
5,HEURISTIC.DILIGENT,97.7274509502121
5,HEURISTIC.DILIGENT,112.71210220709257
5,HEURISTIC.DILIGENT,112.95788539651033
5,HEURISTIC.DILIGENT,114.32918047140859
5,HEURISTIC.DILIGENT,113.61514628335874
5,HEURISTIC.DILIGENT,97.02577395104214
5,HEURISTIC.DILIGENT,114.03281392655757
5,HEURISTIC.DILIGENT,113.48313775897664
5,HEURISTIC.DILIGENT,114.85443283387491
5,HEURISTIC.DILIGENT,114.34964735597673
5,HEURISTIC.DILIGENT,96.96191612593836
5,HEURISTIC.DILIGENT,114.15709543954262
5,HEURISTIC.DILIGENT,113.59382480114397
5,HEURISTIC.DILIGENT,114.96511987604222
5,HEURISTIC.DILIGENT,114.47392886896176
5,HEURISTIC.DILIGENT,96.8698513295942
5,HEURISTIC.DILIGENT,114.75380326817461
5,HEURISTIC.DILIGENT,113.98225725268063
5,HEURISTIC.DILIGENT,115.35355232757891
5,HEURISTIC.DILIGENT,89.04609752122911
5,HEURISTIC.DILIGENT,113.22671932384517
5,HEURISTIC.DILIGENT,113.47250251326292
5,HEURISTIC.DILIGENT,114.84379758816118
5,HEURISTIC.DILIGENT,99.50181619500523
5,HEURISTIC.DILIGENT,98.36385373821719
5,HEURISTIC.DILIGENT,113.45747576359385
5,HEURISTIC.DILIGENT,113.70325895301161
5,HEURISTIC.DILIGENT,115.07455402790987
5,HEURISTIC.DILIGENT,114.36051983986002
5,HEURISTIC.DILIGENT,97.66217673904721
5,HEURISTIC.DILIGENT,114.77818748305884
5,HEURISTIC.DILIGENT,114.22851131547792
5,HEURISTIC.DILIGENT,115.59980639037619
5,HEURISTIC.DILIGENT,97.59831891394343
5,HEURISTIC.DILIGENT,114.9024689960439
5,HEURISTIC.DILIGENT,114.33919835764524
5,HEURISTIC.DILIGENT,115.71049343254352
5,HEURISTIC.DILIGENT,97.50625411759927
5,HEURISTIC.DILIGENT,115.4991768246759
5,HEURISTIC.DILIGENT,114.72763080918193
5,HEURISTIC.DILIGENT,116.09892588408019
5,HEURISTIC.DILIGENT,88.17845706104055
5,HEURISTIC.DILIGENT,113.03044775912898
5,HEURISTIC.DILIGENT,113.27623094854675
5,HEURISTIC.DILIGENT,114.64752602344501
5,HEURISTIC.DILIGENT,113.9078068789407
5,HEURISTIC.DILIGENT,100.34593373427505
5,HEURISTIC.DILIGENT,114.47232817056297
5,HEURISTIC.DILIGENT,99.33126894647177
5,HEURISTIC.DILIGENT,113.47933580432245
5,HEURISTIC.DILIGENT,113.72511899374021
5,HEURISTIC.DILIGENT,115.09641406863847
5,HEURISTIC.DILIGENT,114.38237988058862
5,HEURISTIC.DILIGENT,98.8079356698552
5,HEURISTIC.DILIGENT,115.15673496889426
5,HEURISTIC.DILIGENT,114.60705880131333
5,HEURISTIC.DILIGENT,115.9783538762116
5,HEURISTIC.DILIGENT,98.74407784475142
5,HEURISTIC.DILIGENT,115.2810164818793
5,HEURISTIC.DILIGENT,114.71774584348066
5,HEURISTIC.DILIGENT,98.73956721792625
5,HEURISTIC.DILIGENT,81.78833386332514
5,HEURISTIC.DILIGENT,110.790402370815
5,HEURISTIC.DILIGENT,111.03618556023275
5,HEURISTIC.DILIGENT,112.40748063513102
5,HEURISTIC.DILIGENT,111.66776149062672
5,HEURISTIC.DILIGENT,112.35702898706549
5,HEURISTIC.DILIGENT,112.25853993411224
5,HEURISTIC.DILIGENT,97.77419193294222
5,HEURISTIC.DILIGENT,112.48348425969928
5,HEURISTIC.DILIGENT,111.88778419169194
5,HEURISTIC.DILIGENT,113.25907926659019
5,HEURISTIC.DILIGENT,112.80031768911846
5,HEURISTIC.DILIGENT,96.47399557599901
5,HEURISTIC.DILIGENT,110.91942875517894
5,HEURISTIC.DILIGENT,111.1652119445967
5,HEURISTIC.DILIGENT,112.53650701949496
5,HEURISTIC.DILIGENT,111.82247283144511
5,HEURISTIC.DILIGENT,112.48605537142943
5,HEURISTIC.DILIGENT,112.41325127493063
5,HEURISTIC.DILIGENT,113.18528293506373
5,HEURISTIC.DILIGENT,98.44410323471516
5,HEURISTIC.DILIGENT,113.55326866832092
5,HEURISTIC.DILIGENT,112.74146989249842
5,HEURISTIC.DILIGENT,114.11276496739667
5,HEURISTIC.DILIGENT,95.77231857682905
5,HEURISTIC.DILIGENT,112.24014047464394
5,HEURISTIC.DILIGENT,111.69046430706301
5,HEURISTIC.DILIGENT,113.06175938196128
5,HEURISTIC.DILIGENT,112.5569739040631
5,HEURISTIC.DILIGENT,113.01663309946515
5,HEURISTIC.DILIGENT,95.70846075172527
5,HEURISTIC.DILIGENT,112.36442198762899
5,HEURISTIC.DILIGENT,111.80115134923034
5,HEURISTIC.DILIGENT,113.1724464241286
5,HEURISTIC.DILIGENT,112.68125541704813
5,HEURISTIC.DILIGENT,113.12199477606305
5,HEURISTIC.DILIGENT,98.5841635949292
5,HEURISTIC.DILIGENT,95.61639595538111
5,HEURISTIC.DILIGENT,112.96112981626098
5,HEURISTIC.DILIGENT,112.189583800767
5,HEURISTIC.DILIGENT,113.56087887566528
5,HEURISTIC.DILIGENT,113.27796324568016
5,HEURISTIC.DILIGENT,113.57417340855608
5,HEURISTIC.DILIGENT,96.63904209725233
5,HEURISTIC.DILIGENT,114.30828741792399
5,HEURISTIC.DILIGENT,115.71692933207733
5,HEURISTIC.DILIGENT,115.25984988725784
5,HEURISTIC.DILIGENT,87.29483621225145
5,HEURISTIC.DILIGENT,109.2622638264476
5,HEURISTIC.DILIGENT,109.50804701586537
5,HEURISTIC.DILIGENT,110.87934209076363
5,HEURISTIC.DILIGENT,110.13962294625932
5,HEURISTIC.DILIGENT,110.82889044269808
5,HEURISTIC.DILIGENT,110.73040138974483
5,HEURISTIC.DILIGENT,111.504538641046
5,HEURISTIC.DILIGENT,110.90863317810636
5,HEURISTIC.DILIGENT,111.5281108404329
5,HEURISTIC.DILIGENT,111.48254253959027
5,HEURISTIC.DILIGENT,96.93587945669037
5,HEURISTIC.DILIGENT,110.77712976691677
5,HEURISTIC.DILIGENT,110.18142969890943
5,HEURISTIC.DILIGENT,111.55272477380768
5,HEURISTIC.DILIGENT,111.09396319633595
5,HEURISTIC.DILIGENT,111.53470255535086
5,HEURISTIC.DILIGENT,112.23393011898516
5,HEURISTIC.DILIGENT,111.68474163982147
5,HEURISTIC.DILIGENT,95.77337954739934
5,HEURISTIC.DILIGENT,109.48846715770074
5,HEURISTIC.DILIGENT,109.73425034711849
5,HEURISTIC.DILIGENT,111.10554542201677
5,HEURISTIC.DILIGENT,110.39151123396692
5,HEURISTIC.DILIGENT,111.05509377395123
5,HEURISTIC.DILIGENT,110.98228967745243
5,HEURISTIC.DILIGENT,111.75432133758551
5,HEURISTIC.DILIGENT,111.16052146581396
5,HEURISTIC.DILIGENT,111.7799991281405
5,HEURISTIC.DILIGENT,111.73443082729784
5,HEURISTIC.DILIGENT,111.80767740602084
5,HEURISTIC.DILIGENT,111.67998167938887
5,HEURISTIC.DILIGENT,97.69489873267088
5,HEURISTIC.DILIGENT,112.02513012395352
5,HEURISTIC.DILIGENT,111.21333134813102
5,HEURISTIC.DILIGENT,112.58462642302928
5,HEURISTIC.DILIGENT,112.3419635533727
5,HEURISTIC.DILIGENT,95.07170254822938
5,HEURISTIC.DILIGENT,110.80917887716572
5,HEURISTIC.DILIGENT,110.2595027095848
5,HEURISTIC.DILIGENT,111.63079778448306
5,HEURISTIC.DILIGENT,111.1260123065849
5,HEURISTIC.DILIGENT,111.58567150198694
5,HEURISTIC.DILIGENT,112.28489906562123
5,HEURISTIC.DILIGENT,111.7167907500704
5,HEURISTIC.DILIGENT,111.89502253843193
5,HEURISTIC.DILIGENT,95.00784472312559
5,HEURISTIC.DILIGENT,110.93346039015077
5,HEURISTIC.DILIGENT,110.37018975175212
5,HEURISTIC.DILIGENT,111.74148482665039
5,HEURISTIC.DILIGENT,111.25029381956993
5,HEURISTIC.DILIGENT,111.69103317858485
5,HEURISTIC.DILIGENT,112.39026074221916
5,HEURISTIC.DILIGENT,111.84107226305547
5,HEURISTIC.DILIGENT,112.01930405141698
5,HEURISTIC.DILIGENT,97.88342629808042
5,HEURISTIC.DILIGENT,112.99357252606426
5,HEURISTIC.DILIGENT,112.04201005673039
5,HEURISTIC.DILIGENT,113.45065197088373
5,HEURISTIC.DILIGENT,94.91577992678143
5,HEURISTIC.DILIGENT,111.53016821878278
5,HEURISTIC.DILIGENT,110.75862220328881
5,HEURISTIC.DILIGENT,112.12991727818707
5,HEURISTIC.DILIGENT,111.84700164820194
5,HEURISTIC.DILIGENT,112.14321181107788
5,HEURISTIC.DILIGENT,112.98696857085115
5,HEURISTIC.DILIGENT,112.43778009168746
5,HEURISTIC.DILIGENT,97.76732100765003
5,HEURISTIC.DILIGENT,95.93842606865266
5,HEURISTIC.DILIGENT,112.8773258204458
5,HEURISTIC.DILIGENT,114.28596773459914
5,HEURISTIC.DILIGENT,113.82888828977966
5,HEURISTIC.DILIGENT,114.14572171919882
5,HEURISTIC.DILIGENT,87.33374302738957
5,HEURISTIC.DILIGENT,109.92479563456624
5,HEURISTIC.DILIGENT,110.17057882398399
5,HEURISTIC.DILIGENT,111.54187389888226
5,HEURISTIC.DILIGENT,110.80215475437795
5,HEURISTIC.DILIGENT,111.49142225081673
5,HEURISTIC.DILIGENT,111.39293319786347
5,HEURISTIC.DILIGENT,112.16707044916464
5,HEURISTIC.DILIGENT,111.57116498622499
5,HEURISTIC.DILIGENT,97.66229372613711
5,HEURISTIC.DILIGENT,111.395139778525
5,HEURISTIC.DILIGENT,110.79943971051765
5,HEURISTIC.DILIGENT,112.1707347854159
5,HEURISTIC.DILIGENT,111.71197320794417
5,HEURISTIC.DILIGENT,112.15271256695908
5,HEURISTIC.DILIGENT,96.52433126934906
5,HEURISTIC.DILIGENT,110.15555207431494
5,HEURISTIC.DILIGENT,110.4013352637327
5,HEURISTIC.DILIGENT,111.77263033863096
5,HEURISTIC.DILIGENT,111.05859615058111
5,HEURISTIC.DILIGENT,111.72217869056543
5,HEURISTIC.DILIGENT,111.64937459406663
5,HEURISTIC.DILIGENT,112.42140625419972
5,HEURISTIC.DILIGENT,111.82760638242814
5,HEURISTIC.DILIGENT,98.4458504546206
5,HEURISTIC.DILIGENT,112.69221504056772
5,HEURISTIC.DILIGENT,111.88041626474522
5,HEURISTIC.DILIGENT,113.25171133964348
5,HEURISTIC.DILIGENT,113.0090484699869
5,HEURISTIC.DILIGENT,95.82265427017907
5,HEURISTIC.DILIGENT,111.47626379377994
5,HEURISTIC.DILIGENT,110.92658762619901
5,HEURISTIC.DILIGENT,112.29788270109728
5,HEURISTIC.DILIGENT,111.79309722319911
5,HEURISTIC.DILIGENT,112.25275641860115
5,HEURISTIC.DILIGENT,112.95198398223545
5,HEURISTIC.DILIGENT,112.38387566668462
5,HEURISTIC.DILIGENT,95.75879644507529
5,HEURISTIC.DILIGENT,111.60054530676496
5,HEURISTIC.DILIGENT,111.03727466836634
5,HEURISTIC.DILIGENT,112.4085697432646
5,HEURISTIC.DILIGENT,111.91737873618413
5,HEURISTIC.DILIGENT,112.35811809519905
5,HEURISTIC.DILIGENT,113.05734565883336
5,HEURISTIC.DILIGENT,112.50815717966967
5,HEURISTIC.DILIGENT,98.63437802003014
5,HEURISTIC.DILIGENT,113.66065744267846
5,HEURISTIC.DILIGENT,112.7090949733446
5,HEURISTIC.DILIGENT,114.11773688749793
5,HEURISTIC.DILIGENT,95.75428581825014
5,HEURISTIC.DILIGENT,112.37236147443498
5,HEURISTIC.DILIGENT,111.60081545894101
5,HEURISTIC.DILIGENT,112.97211053383927
5,HEURISTIC.DILIGENT,112.68919490385414
5,HEURISTIC.DILIGENT,112.98540506673008
5,HEURISTIC.DILIGENT,96.68937779060235
5,HEURISTIC.DILIGENT,113.54441073705999
5,HEURISTIC.DILIGENT,114.95305265121334
5,HEURISTIC.DILIGENT,114.49597320639384
5,HEURISTIC.DILIGENT,89.6469057902327
5,HEURISTIC.DILIGENT,113.9952323967619
5,HEURISTIC.DILIGENT,99.23678447113458
5,HEURISTIC.DILIGENT,114.22143572801504
5,HEURISTIC.DILIGENT,98.53510747196461
5,HEURISTIC.DILIGENT,115.54214744748003
5,HEURISTIC.DILIGENT,98.47124964686083
5,HEURISTIC.DILIGENT,115.66642896046505
5,HEURISTIC.DILIGENT,98.37918485051667
5,HEURISTIC.DILIGENT,89.78770887332607
5,HEURISTIC.DILIGENT,99.69606176945685
5,HEURISTIC.DILIGENT,114.78968379483352
5,HEURISTIC.DILIGENT,88.53458186593133
5,HEURISTIC.DILIGENT,113.59168269595628
5,HEURISTIC.DILIGENT,99.89250388329907
5,HEURISTIC.DILIGENT,114.04057074114975
5,HEURISTIC.DILIGENT,114.28635393056751
5,HEURISTIC.DILIGENT,115.65764900546577
5,HEURISTIC.DILIGENT,99.3691706066825
5,HEURISTIC.DILIGENT,115.71796990572156
5,HEURISTIC.DILIGENT,99.30531278157872
5,HEURISTIC.DILIGENT,115.84225141870661
5,HEURISTIC.DILIGENT,81.18056602550682
5,HEURISTIC.DILIGENT,110.92030806128565
5,HEURISTIC.DILIGENT,111.1660912507034
5,HEURISTIC.DILIGENT,112.53738632560167
5,HEURISTIC.DILIGENT,111.79766718109737
5,HEURISTIC.DILIGENT,112.48693467753614
5,HEURISTIC.DILIGENT,98.59392369152842
5,HEURISTIC.DILIGENT,112.4351740017548
5,HEURISTIC.DILIGENT,111.83947393374746
5,HEURISTIC.DILIGENT,113.21076900864571
5,HEURISTIC.DILIGENT,112.75200743117398
5,HEURISTIC.DILIGENT,97.43142378223737
5,HEURISTIC.DILIGENT,111.14651139253878
5,HEURISTIC.DILIGENT,111.39229458195655
5,HEURISTIC.DILIGENT,112.7635896568548
5,HEURISTIC.DILIGENT,112.04955546880495
5,HEURISTIC.DILIGENT,112.71313800878927
5,HEURISTIC.DILIGENT,112.64033391229047
5,HEURISTIC.DILIGENT,99.35294296750892
5,HEURISTIC.DILIGENT,113.68317435879158
5,HEURISTIC.DILIGENT,96.72974678306741
5,HEURISTIC.DILIGENT,112.46722311200378
5,HEURISTIC.DILIGENT,111.91754694442285
5,HEURISTIC.DILIGENT,113.28884201932112
5,HEURISTIC.DILIGENT,112.78405654142294
5,HEURISTIC.DILIGENT,113.243715736825
5,HEURISTIC.DILIGENT,96.66588895796363
5,HEURISTIC.DILIGENT,112.59150462498883
5,HEURISTIC.DILIGENT,112.02823398659018
5,HEURISTIC.DILIGENT,113.39952906148844
5,HEURISTIC.DILIGENT,112.90833805440798
5,HEURISTIC.DILIGENT,113.34907741342289
5,HEURISTIC.DILIGENT,96.57382416161947
5,HEURISTIC.DILIGENT,113.18821245362082
5,HEURISTIC.DILIGENT,112.41666643812684
5,HEURISTIC.DILIGENT,113.78796151302512
5,HEURISTIC.DILIGENT,113.50504588304
5,HEURISTIC.DILIGENT,113.80125604591592
5,HEURISTIC.DILIGENT,97.59647030349069
5,HEURISTIC.DILIGENT,114.53537005528383
5,HEURISTIC.DILIGENT,115.94401196943718
5,HEURISTIC.DILIGENT,115.48693252461771
5,HEURISTIC.DILIGENT,89.9790232776423
5,HEURISTIC.DILIGENT,112.60941805568902
5,HEURISTIC.DILIGENT,112.85520124510677
5,HEURISTIC.DILIGENT,114.22649632000503
5,HEURISTIC.DILIGENT,113.48677717550073
5,HEURISTIC.DILIGENT,99.59320761781623
5,HEURISTIC.DILIGENT,114.30249994457331
5,HEURISTIC.DILIGENT,98.29301126087304
5,HEURISTIC.DILIGENT,112.73844444005294
5,HEURISTIC.DILIGENT,112.9842276294707
5,HEURISTIC.DILIGENT,114.35552270436895
5,HEURISTIC.DILIGENT,113.6414885163191
5,HEURISTIC.DILIGENT,97.59133426170305
5,HEURISTIC.DILIGENT,114.05915615951795
5,HEURISTIC.DILIGENT,113.50947999193701
5,HEURISTIC.DILIGENT,114.8807750668353
5,HEURISTIC.DILIGENT,114.3759895889371
5,HEURISTIC.DILIGENT,97.52747643659927
5,HEURISTIC.DILIGENT,114.18343767250298
5,HEURISTIC.DILIGENT,113.62016703410433
5,HEURISTIC.DILIGENT,114.99146210900258
5,HEURISTIC.DILIGENT,114.50027110192215
5,HEURISTIC.DILIGENT,97.43541164025513
5,HEURISTIC.DILIGENT,114.78014550113497
5,HEURISTIC.DILIGENT,114.00859948564101
5,HEURISTIC.DILIGENT,115.37989456053927
5,HEURISTIC.DILIGENT,88.63680908093077
5,HEURISTIC.DILIGENT,111.5828398694043
5,HEURISTIC.DILIGENT,111.82862305882205
5,HEURISTIC.DILIGENT,113.1999181337203
5,HEURISTIC.DILIGENT,112.46019898921601
5,HEURISTIC.DILIGENT,99.32033796097514
5,HEURISTIC.DILIGENT,113.05318401336304
5,HEURISTIC.DILIGENT,112.45748394535568
5,HEURISTIC.DILIGENT,113.82877902025393
5,HEURISTIC.DILIGENT,113.3700174427822
5,HEURISTIC.DILIGENT,98.18237550418709
5,HEURISTIC.DILIGENT,111.81359630915297
5,HEURISTIC.DILIGENT,112.05937949857073
5,HEURISTIC.DILIGENT,113.43067457346899
5,HEURISTIC.DILIGENT,112.71664038541914
5,HEURISTIC.DILIGENT,113.38022292540346
5,HEURISTIC.DILIGENT,100.10389468945864
5,HEURISTIC.DILIGENT,97.48069850501712
5,HEURISTIC.DILIGENT,113.13430802861797
5,HEURISTIC.DILIGENT,112.58463186103704
5,HEURISTIC.DILIGENT,113.95592693593531
5,HEURISTIC.DILIGENT,113.45114145803714
5,HEURISTIC.DILIGENT,97.41684067991334
5,HEURISTIC.DILIGENT,113.25858954160302
5,HEURISTIC.DILIGENT,112.69531890320437
5,HEURISTIC.DILIGENT,114.06661397810264
5,HEURISTIC.DILIGENT,113.57542297102218
5,HEURISTIC.DILIGENT,97.41233005308818
5,HEURISTIC.DILIGENT,114.03040570927301
5,HEURISTIC.DILIGENT,113.25885969377904
5,HEURISTIC.DILIGENT,114.6301547686773
5,HEURISTIC.DILIGENT,114.34723913869217
5,HEURISTIC.DILIGENT,98.34742202544041
5,HEURISTIC.DILIGENT,81.20571942584111
5,HEURISTIC.DILIGENT,111.75871381206943
5,HEURISTIC.DILIGENT,112.00449700148718
5,HEURISTIC.DILIGENT,113.37579207638544
5,HEURISTIC.DILIGENT,112.63607293188115
5,HEURISTIC.DILIGENT,98.74250337419666
5,HEURISTIC.DILIGENT,113.45179570095374
5,HEURISTIC.DILIGENT,112.85609563294636
5,HEURISTIC.DILIGENT,114.22739070784465
5,HEURISTIC.DILIGENT,97.44230701725346
5,HEURISTIC.DILIGENT,111.88774019643337
5,HEURISTIC.DILIGENT,112.13352338585113
5,HEURISTIC.DILIGENT,113.50481846074939
5,HEURISTIC.DILIGENT,112.79078427269954
5,HEURISTIC.DILIGENT,113.45436681268386
5,HEURISTIC.DILIGENT,96.74063001808348
5,HEURISTIC.DILIGENT,113.20845191589837
5,HEURISTIC.DILIGENT,112.65877574831744
5,HEURISTIC.DILIGENT,114.03007082321571
5,HEURISTIC.DILIGENT,113.52528534531754
5,HEURISTIC.DILIGENT,96.6767721929797
5,HEURISTIC.DILIGENT,113.33273342888342
5,HEURISTIC.DILIGENT,112.76946279048477
5,HEURISTIC.DILIGENT,114.14075786538304
5,HEURISTIC.DILIGENT,113.64956685830258
5,HEURISTIC.DILIGENT,96.58470739663554
5,HEURISTIC.DILIGENT,113.92944125751542
5,HEURISTIC.DILIGENT,113.15789524202145
5,HEURISTIC.DILIGENT,114.52919031691971
5,HEURISTIC.DILIGENT,114.24627468693458
5,HEURISTIC.DILIGENT,97.60735353850676
5,HEURISTIC.DILIGENT,89.21791999360352
5,HEURISTIC.DILIGENT,111.42681799731045
5,HEURISTIC.DILIGENT,111.6726011867282
5,HEURISTIC.DILIGENT,113.04389626162646
5,HEURISTIC.DILIGENT,112.30417711712217
5,HEURISTIC.DILIGENT,99.10043362755322
5,HEURISTIC.DILIGENT,112.94168393777962
5,HEURISTIC.DILIGENT,112.34598386977225
5,HEURISTIC.DILIGENT,113.71727894467051
5,HEURISTIC.DILIGENT,113.25851736719878
5,HEURISTIC.DILIGENT,97.93793371826219
5,HEURISTIC.DILIGENT,111.65302132856358
5,HEURISTIC.DILIGENT,111.89880451798135
5,HEURISTIC.DILIGENT,113.2700995928796
5,HEURISTIC.DILIGENT,112.55606540482975
5,HEURISTIC.DILIGENT,113.21964794481407
5,HEURISTIC.DILIGENT,99.85945290353372
5,HEURISTIC.DILIGENT,114.18968429481636
5,HEURISTIC.DILIGENT,97.23625671909221
5,HEURISTIC.DILIGENT,112.97373304802858
5,HEURISTIC.DILIGENT,112.42405688044765
5,HEURISTIC.DILIGENT,113.79535195534592
5,HEURISTIC.DILIGENT,113.29056647744775
5,HEURISTIC.DILIGENT,113.7502256728498
5,HEURISTIC.DILIGENT,97.17239889398843
5,HEURISTIC.DILIGENT,113.0980145610136
5,HEURISTIC.DILIGENT,112.53474392261498
5,HEURISTIC.DILIGENT,113.90603899751324
5,HEURISTIC.DILIGENT,113.41484799043278
5,HEURISTIC.DILIGENT,113.85558734944769
5,HEURISTIC.DILIGENT,97.08033409764427
5,HEURISTIC.DILIGENT,113.69472238964562
5,HEURISTIC.DILIGENT,112.92317637415164
5,HEURISTIC.DILIGENT,114.2944714490499
5,HEURISTIC.DILIGENT,114.01155581906477
5,HEURISTIC.DILIGENT,98.10298023951549
5,HEURISTIC.DILIGENT,100.04071153779151
5,HEURISTIC.DILIGENT,89.39816430849933
5,HEURISTIC.DILIGENT,112.37202480494446
5,HEURISTIC.DILIGENT,112.61780799436221
5,HEURISTIC.DILIGENT,113.98910306926047
5,HEURISTIC.DILIGENT,113.24938392475617
5,HEURISTIC.DILIGENT,100.1095228965153
5,HEURISTIC.DILIGENT,113.8423689489032
5,HEURISTIC.DILIGENT,113.24666888089584
5,HEURISTIC.DILIGENT,114.6179639557941
5,HEURISTIC.DILIGENT,98.97156043972726
5,HEURISTIC.DILIGENT,112.60278124469313
5,HEURISTIC.DILIGENT,112.8485644341109
5,HEURISTIC.DILIGENT,114.21985950900915
5,HEURISTIC.DILIGENT,113.5058253209593
5,HEURISTIC.DILIGENT,98.26988344055728
5,HEURISTIC.DILIGENT,113.92349296415813
5,HEURISTIC.DILIGENT,113.3738167965772
5,HEURISTIC.DILIGENT,114.74511187147547
5,HEURISTIC.DILIGENT,114.2403263935773
5,HEURISTIC.DILIGENT,98.2060256154535
5,HEURISTIC.DILIGENT,114.04777447714318
5,HEURISTIC.DILIGENT,113.48450383874453
5,HEURISTIC.DILIGENT,114.8557989136428
5,HEURISTIC.DILIGENT,114.36460790656234
5,HEURISTIC.DILIGENT,98.20151498862835
5,HEURISTIC.DILIGENT,114.81959064481318
5,HEURISTIC.DILIGENT,114.04804462931921
5,HEURISTIC.DILIGENT,115.41933970421746
5,HEURISTIC.DILIGENT,81.61097184171435
5,HEURISTIC.DILIGENT,113.00763070885702
5,HEURISTIC.DILIGENT,113.25341389827477
5,HEURISTIC.DILIGENT,114.62470897317303
5,HEURISTIC.DILIGENT,113.88498982866874
