mb_type,num_objects,trial_num,iter,cost
MULTI_BOUND_G,10,0,0,429.87150987728836
MULTI_BOUND_G,10,0,1,14731.80577381415
MULTI_BOUND_G,10,0,2,7340.620809710668
MULTI_BOUND_G,10,0,3,3650.1014866357004
MULTI_BOUND_G,10,0,4,1813.7124493645447
MULTI_BOUND_G,10,0,5,892.4242343903386
MULTI_BOUND_G,10,0,6,914.3122140456234
MULTI_BOUND_G,10,0,7,462.66802515835013
MULTI_BOUND_G,10,0,8,928.7495511110073
MULTI_BOUND_G,10,0,9,458.3735446634024
MULTI_BOUND_G,10,0,10,471.8947112499054
MULTI_BOUND_G,10,0,11,500.13566562718546
MULTI_BOUND_G,10,0,12,472.60003844425194
MULTI_BOUND_G,10,0,13,497.7310021329728
MULTI_BOUND_G,10,0,14,491.4477169709345
MULTI_BOUND_G,10,0,15,496.64766122177946
MULTI_BOUND_G,10,0,16,909.3550775379215
MULTI_BOUND_G,10,0,17,922.8762441244244
MULTI_BOUND_G,10,0,18,441.1967634630467
MULTI_BOUND_G,10,0,19,453.25200381367245
MULTI_BOUND_G,10,0,20,475.1399834689572
MULTI_BOUND_G,10,0,21,539.5069581947284
MULTI_BOUND_G,10,0,22,524.2955300687639
MULTI_BOUND_G,10,0,23,532.9938901770732
MULTI_BOUND_G,10,0,24,562.6829511701044
MULTI_BOUND_G,10,0,25,551.9371497290614
MULTI_BOUND_G,10,0,26,469.77759651140644
MULTI_BOUND_G,10,0,27,486.0524899646582
MULTI_BOUND_G,10,0,28,507.51798845064866
MULTI_BOUND_G,10,0,29,541.978555721169
MULTI_BOUND_G,10,0,30,533.6632058080615
MULTI_BOUND_G,10,0,31,552.4930937046299
MULTI_BOUND_G,10,0,32,584.0948576936808
MULTI_BOUND_G,10,0,33,577.5482192196376
MULTI_BOUND_G,10,0,34,463.47265214185677
MULTI_BOUND_G,10,0,35,498.18732831155376
MULTI_BOUND_G,10,0,36,499.85114723844663
MULTI_BOUND_G,10,0,37,508.8614544339621
MULTI_BOUND_G,10,0,38,555.3738870001516
MULTI_BOUND_G,10,0,39,536.6984417434946
MULTI_BOUND_G,10,0,40,552.2673249533696
MULTI_BOUND_G,10,0,41,551.4205336975565
MULTI_BOUND_G,10,0,42,487.11903371524744
MULTI_BOUND_G,10,0,43,502.9062168000756
MULTI_BOUND_G,10,0,44,524.2005130689183
MULTI_BOUND_G,10,0,45,559.7333552549496
MULTI_BOUND_G,10,0,46,571.7663122281167
MULTI_BOUND_G,10,0,47,564.1905692309717
MULTI_BOUND_G,10,0,48,570.4065101677282
MULTI_BOUND_G,10,0,49,589.5397733780575
MULTI_BOUND_G,10,0,50,494.76311604891646
MULTI_BOUND_G,10,0,51,538.0652993502481
MULTI_BOUND_G,10,0,52,544.2955473600312
MULTI_BOUND_G,10,0,53,525.4237232473802
MULTI_BOUND_G,10,0,54,524.359229892192
MULTI_BOUND_G,10,0,55,543.8504320834411
MULTI_BOUND_G,10,0,56,572.7666134525648
MULTI_BOUND_G,10,0,57,571.3170863212002
MULTI_BOUND_G,10,0,58,509.3750436131608
MULTI_BOUND_G,10,0,59,493.81635138827784
MULTI_BOUND_G,10,0,60,508.55030677104185
MULTI_BOUND_G,10,0,61,530.9845671484131
MULTI_BOUND_G,10,0,62,543.9548772813388
MULTI_BOUND_G,10,0,63,560.686920007615
MULTI_BOUND_G,10,0,64,572.232294430981
MULTI_BOUND_G,10,0,65,568.7727080122777
MULTI_BOUND_G,10,0,66,529.1732374776602
MULTI_BOUND_G,10,0,67,519.3627979971332
MULTI_BOUND_G,10,0,68,537.4508787428605
MULTI_BOUND_G,10,0,69,537.594452411382
MULTI_BOUND_G,10,0,70,556.4934810574616
MULTI_BOUND_G,10,0,71,549.753639993315
MULTI_BOUND_G,10,0,72,576.9275594326989
MULTI_BOUND_G,10,0,73,573.8225653291979
MULTI_BOUND_G,10,0,74,502.335352178497
MULTI_BOUND_G,10,0,75,533.4541520412564
MULTI_BOUND_G,10,0,76,543.1568243602132
MULTI_BOUND_G,10,0,77,568.0159630546398
MULTI_BOUND_G,10,0,78,581.3501797280134
MULTI_BOUND_G,10,0,79,572.8223132797846
MULTI_BOUND_G,10,0,80,580.6886370235686
MULTI_BOUND_G,10,0,81,600.0780874480943
MULTI_BOUND_G,10,0,82,509.9605906277733
MULTI_BOUND_G,10,0,83,522.7661253730614
MULTI_BOUND_G,10,0,84,509.97111402143196
MULTI_BOUND_G,10,0,85,532.2312678673411
MULTI_BOUND_G,10,0,86,519.6505589238427
MULTI_BOUND_G,10,0,87,518.6472011787924
MULTI_BOUND_G,10,0,88,521.1721298372527
MULTI_BOUND_G,10,0,89,532.271693425355
MULTI_BOUND_G,10,0,90,458.6176173268499
MULTI_BOUND_G,10,0,91,498.533024943845
MULTI_BOUND_G,10,0,92,520.4210045991298
MULTI_BOUND_G,10,0,93,584.787979324901
MULTI_BOUND_G,10,0,94,569.5765511989365
MULTI_BOUND_G,10,0,95,578.2749113072458
MULTI_BOUND_G,10,0,96,607.963972300277
MULTI_BOUND_G,10,0,97,597.218170859234
MULTI_BOUND_G,10,0,98,501.70088015353315
MULTI_BOUND_G,10,0,99,534.8583416645138
MULTI_BOUND_G,10,0,100,536.5221605914064
MULTI_BOUND_G,10,0,101,545.5324677869219
MULTI_BOUND_G,10,0,102,592.0449003531114
MULTI_BOUND_G,10,0,103,573.3694550964545
MULTI_BOUND_G,10,0,104,588.9383383063295
MULTI_BOUND_G,10,0,105,588.0915470505164
MULTI_BOUND_G,10,0,106,555.7362158244055
MULTI_BOUND_G,10,0,107,540.4919690441803
MULTI_BOUND_G,10,0,108,554.9114789822866
MULTI_BOUND_G,10,0,109,577.3457393596577
MULTI_BOUND_G,10,0,110,590.3160494925835
MULTI_BOUND_G,10,0,111,607.0480922188597
MULTI_BOUND_G,10,0,112,618.5934666422256
MULTI_BOUND_G,10,0,113,615.1338802235224
MULTI_BOUND_G,10,0,114,525.7026493040482
MULTI_BOUND_G,10,0,115,580.6577225419251
MULTI_BOUND_G,10,0,116,602.1232210279155
MULTI_BOUND_G,10,0,117,636.5837882984358
MULTI_BOUND_G,10,0,118,628.2684383853284
MULTI_BOUND_G,10,0,119,647.0983262818968
MULTI_BOUND_G,10,0,120,678.7000902709476
MULTI_BOUND_G,10,0,121,672.1534517969046
MULTI_BOUND_G,10,0,122,571.8952067606776
MULTI_BOUND_G,10,0,123,559.4522412172415
MULTI_BOUND_G,10,0,124,580.172848025878
MULTI_BOUND_G,10,0,125,580.3164216943997
MULTI_BOUND_G,10,0,126,599.215450340479
MULTI_BOUND_G,10,0,127,592.4756092763325
MULTI_BOUND_G,10,0,128,619.6495287157163
MULTI_BOUND_G,10,0,129,616.5445346122154
MULTI_BOUND_G,10,0,130,520.2555337893123
MULTI_BOUND_G,10,0,131,573.7718374003578
MULTI_BOUND_G,10,0,132,595.0661336692006
MULTI_BOUND_G,10,0,133,630.5989758552319
MULTI_BOUND_G,10,0,134,642.6319328283989
MULTI_BOUND_G,10,0,135,635.0561898312541
MULTI_BOUND_G,10,0,136,641.2721307680106
MULTI_BOUND_G,10,0,137,660.4053939783397
MULTI_BOUND_G,10,0,138,535.9382389628435
MULTI_BOUND_G,10,0,139,591.6723512014344
MULTI_BOUND_G,10,0,140,601.375023520391
MULTI_BOUND_G,10,0,141,626.2341622148176
MULTI_BOUND_G,10,0,142,639.5683788881912
MULTI_BOUND_G,10,0,143,631.0405124399624
MULTI_BOUND_G,10,0,144,638.9068361837465
MULTI_BOUND_G,10,0,145,658.2962866082721
MULTI_BOUND_G,10,0,146,575.839174148956
MULTI_BOUND_G,10,0,147,631.9256560151405
MULTI_BOUND_G,10,0,148,638.1559040249235
MULTI_BOUND_G,10,0,149,619.2840799122725
MULTI_BOUND_G,10,0,150,618.2195865570845
MULTI_BOUND_G,10,0,151,637.7107887483335
MULTI_BOUND_G,10,0,152,666.6269701174572
MULTI_BOUND_G,10,0,153,665.1774429860926
MULTI_BOUND_G,10,0,154,526.7074943637436
MULTI_BOUND_G,10,0,155,554.0834072079736
MULTI_BOUND_G,10,0,156,554.0939306016322
MULTI_BOUND_G,10,0,157,576.3540844475414
MULTI_BOUND_G,10,0,158,563.773375504043
MULTI_BOUND_G,10,0,159,562.7700177589927
MULTI_BOUND_G,10,0,160,565.2949464174528
MULTI_BOUND_G,10,0,161,576.3945100055552
MULTI_BOUND_G,10,0,162,586.7643319756146
MULTI_BOUND_G,10,0,163,619.2375706925541
MULTI_BOUND_G,10,0,164,614.9430901976064
MULTI_BOUND_G,10,0,165,628.4642567841092
MULTI_BOUND_G,10,0,166,629.1695839784559
MULTI_BOUND_G,10,0,167,654.3005476671767
MULTI_BOUND_G,10,0,168,648.0172625051384
MULTI_BOUND_G,10,0,169,653.2172067559835
MULTI_BOUND_G,10,0,170,641.1176658109491
MULTI_BOUND_G,10,0,171,628.6747002675128
MULTI_BOUND_G,10,0,172,631.307226330422
MULTI_BOUND_G,10,0,173,649.3953070761494
MULTI_BOUND_G,10,0,174,649.5388807446709
MULTI_BOUND_G,10,0,175,668.4379093907504
MULTI_BOUND_G,10,0,176,661.6980683266039
MULTI_BOUND_G,10,0,177,685.7669936624868
MULTI_BOUND_G,10,0,178,640.7501090787682
MULTI_BOUND_G,10,0,179,642.3073237374846
MULTI_BOUND_G,10,0,180,675.4647852484652
MULTI_BOUND_G,10,0,181,677.1286041753579
MULTI_BOUND_G,10,0,182,686.1389113708733
MULTI_BOUND_G,10,0,183,713.975898680406
MULTI_BOUND_G,10,0,184,729.5447818902809
MULTI_BOUND_G,10,0,185,728.6979906344678
MULTI_BOUND_G,10,0,186,659.5562344619464
MULTI_BOUND_G,10,0,187,687.4164017283158
MULTI_BOUND_G,10,0,188,699.4716420789416
MULTI_BOUND_G,10,0,189,721.3596217342263
MULTI_BOUND_G,10,0,190,770.515168334033
MULTI_BOUND_G,10,0,191,779.2135284423423
MULTI_BOUND_G,10,0,192,808.9025894353736
MULTI_BOUND_G,10,0,193,798.1567879943303
MULTI_BOUND_G,10,0,194,692.1878193309789
MULTI_BOUND_G,10,0,195,704.9721178958318
MULTI_BOUND_G,10,0,196,754.5045492069464
MULTI_BOUND_G,10,0,197,735.6327250942954
MULTI_BOUND_G,10,0,198,732.1202362290048
MULTI_BOUND_G,10,0,199,751.646660516305
MULTI_BOUND_G,10,0,200,782.9756152994801
MULTI_BOUND_G,10,0,201,781.5260881681155
MULTI_BOUND_G,10,0,202,759.2505367433134
MULTI_BOUND_G,10,0,203,743.6918445184306
MULTI_BOUND_G,10,0,204,744.0062899630883
MULTI_BOUND_G,10,0,205,758.4257999011944
MULTI_BOUND_G,10,0,206,780.8600602785657
MULTI_BOUND_G,10,0,207,793.8303704114915
MULTI_BOUND_G,10,0,208,810.5624131377676
MULTI_BOUND_G,10,0,209,818.6482011424304
MULTI_BOUND_G,10,0,210,735.300800920187
MULTI_BOUND_G,10,0,211,773.0299214464044
MULTI_BOUND_G,10,0,212,788.8171045312326
MULTI_BOUND_G,10,0,213,810.1114008000753
MULTI_BOUND_G,10,0,214,845.6442429861067
MULTI_BOUND_G,10,0,215,850.1014569621287
MULTI_BOUND_G,10,0,216,856.3173978988852
MULTI_BOUND_G,10,0,217,875.4506611092145
MULTI_BOUND_G,10,0,218,750.4567994697088
MULTI_BOUND_G,10,0,219,775.0721118455401
MULTI_BOUND_G,10,0,220,806.1909117082996
MULTI_BOUND_G,10,0,221,815.8935840272563
MULTI_BOUND_G,10,0,222,840.752722721683
MULTI_BOUND_G,10,0,223,845.5590729468278
MULTI_BOUND_G,10,0,224,853.4253966906117
MULTI_BOUND_G,10,0,225,872.8148471151376
MULTI_BOUND_G,10,0,226,571.6788481835168
MULTI_BOUND_G,10,0,227,604.1520869004564
MULTI_BOUND_G,10,0,228,613.3787729920116
MULTI_BOUND_G,10,0,229,641.6197273692917
MULTI_BOUND_G,10,0,230,614.0841001863582
MULTI_BOUND_G,10,0,231,639.2150638750791
MULTI_BOUND_G,10,0,232,632.9317787130407
MULTI_BOUND_G,10,0,233,638.1317229638857
MULTI_BOUND_G,10,0,234,592.0967994583293
MULTI_BOUND_G,10,0,235,619.4727123025591
MULTI_BOUND_G,10,0,236,632.2782470478473
MULTI_BOUND_G,10,0,237,641.7433895421269
MULTI_BOUND_G,10,0,238,629.1626805986285
MULTI_BOUND_G,10,0,239,628.1593228535783
MULTI_BOUND_G,10,0,240,630.6842515120384
MULTI_BOUND_G,10,0,241,641.7838151001407
MULTI_BOUND_G,10,0,242,569.4981845897179
MULTI_BOUND_G,10,0,243,597.3583518560872
MULTI_BOUND_G,10,0,244,609.413592206713
MULTI_BOUND_G,10,0,245,695.668546587769
MULTI_BOUND_G,10,0,246,680.4571184618046
MULTI_BOUND_G,10,0,247,689.1554785701138
MULTI_BOUND_G,10,0,248,718.844539563145
MULTI_BOUND_G,10,0,249,708.098738122102
MULTI_BOUND_G,10,0,250,666.2393853055278
MULTI_BOUND_G,10,0,251,653.7964197620915
MULTI_BOUND_G,10,0,252,656.4289458250007
MULTI_BOUND_G,10,0,253,674.6606002392496
MULTI_BOUND_G,10,0,254,693.5596288853292
MULTI_BOUND_G,10,0,255,686.8197878211826
MULTI_BOUND_G,10,0,256,713.9937072605665
MULTI_BOUND_G,10,0,257,710.8887131570656
MULTI_BOUND_G,10,0,258,669.5116631489796
MULTI_BOUND_G,10,0,259,653.9529709240967
MULTI_BOUND_G,10,0,260,654.2674163687544
MULTI_BOUND_G,10,0,261,691.1211866842318
MULTI_BOUND_G,10,0,262,704.0914968171576
MULTI_BOUND_G,10,0,263,720.8235395434338
MULTI_BOUND_G,10,0,264,732.3689139667997
MULTI_BOUND_G,10,0,265,728.9093275480965
MULTI_BOUND_G,10,0,266,676.0210530064411
MULTI_BOUND_G,10,0,267,714.7012327910663
MULTI_BOUND_G,10,0,268,730.976126244318
MULTI_BOUND_G,10,0,269,786.9021920008288
MULTI_BOUND_G,10,0,270,778.5868420877214
MULTI_BOUND_G,10,0,271,797.4167299842898
MULTI_BOUND_G,10,0,272,829.0184939733406
MULTI_BOUND_G,10,0,273,822.4718554992976
MULTI_BOUND_G,10,0,274,666.2816494644246
MULTI_BOUND_G,10,0,275,690.8969618402559
MULTI_BOUND_G,10,0,276,722.0157617030154
MULTI_BOUND_G,10,0,277,756.5775727163988
MULTI_BOUND_G,10,0,278,769.9117893897725
MULTI_BOUND_G,10,0,279,761.3839229415436
MULTI_BOUND_G,10,0,280,769.2502466853275
MULTI_BOUND_G,10,0,281,788.6396971098534
MULTI_BOUND_G,10,0,282,669.1701403865665
MULTI_BOUND_G,10,0,283,706.8992609127838
MULTI_BOUND_G,10,0,284,722.6864439976121
MULTI_BOUND_G,10,0,285,779.5135824524862
MULTI_BOUND_G,10,0,286,791.546539425653
MULTI_BOUND_G,10,0,287,783.9707964285082
MULTI_BOUND_G,10,0,288,790.1867373652647
MULTI_BOUND_G,10,0,289,809.3200005755939
MULTI_BOUND_G,10,0,290,725.2268800569708
MULTI_BOUND_G,10,0,291,738.0111786218238
MULTI_BOUND_G,10,0,292,781.3133619231553
MULTI_BOUND_G,10,0,293,787.5436099329384
MULTI_BOUND_G,10,0,294,767.6072924650994
MULTI_BOUND_G,10,0,295,787.0984946563483
MULTI_BOUND_G,10,0,296,816.014676025472
MULTI_BOUND_G,10,0,297,814.5651488941074
MULTI_BOUND_G,10,0,298,579.8212460674067
MULTI_BOUND_G,10,0,299,607.6814133337759
MULTI_BOUND_G,10,0,300,641.6246333396865
MULTI_BOUND_G,10,0,301,705.9916080654577
MULTI_BOUND_G,10,0,302,690.7801799394933
MULTI_BOUND_G,10,0,303,699.4785400478027
MULTI_BOUND_G,10,0,304,729.1676010408338
MULTI_BOUND_G,10,0,305,718.4217995997907
MULTI_BOUND_G,10,0,306,643.8488528711068
MULTI_BOUND_G,10,0,307,671.2247657153366
MULTI_BOUND_G,10,0,308,684.0303004606249
MULTI_BOUND_G,10,0,309,671.2352891089953
MULTI_BOUND_G,10,0,310,693.4954429549044
MULTI_BOUND_G,10,0,311,680.914734011406
MULTI_BOUND_G,10,0,312,679.9113762663558
MULTI_BOUND_G,10,0,313,693.5358685129182
MULTI_BOUND_G,10,0,314,631.8103830395456
MULTI_BOUND_G,10,0,315,664.2836217564852
MULTI_BOUND_G,10,0,316,659.9891412615375
MULTI_BOUND_G,10,0,317,673.5103078480404
MULTI_BOUND_G,10,0,318,701.7512622253205
MULTI_BOUND_G,10,0,319,699.3465987311079
MULTI_BOUND_G,10,0,320,693.0633135690695
MULTI_BOUND_G,10,0,321,698.2632578199145
MULTI_BOUND_G,10,0,322,646.4915377556695
MULTI_BOUND_G,10,0,323,648.0487524143858
MULTI_BOUND_G,10,0,324,681.2062139253665
MULTI_BOUND_G,10,0,325,691.8803400477748
MULTI_BOUND_G,10,0,326,738.3927726139643
MULTI_BOUND_G,10,0,327,719.7173273573073
MULTI_BOUND_G,10,0,328,735.2862105671823
MULTI_BOUND_G,10,0,329,734.4394193113693
MULTI_BOUND_G,10,0,330,675.3289022492957
MULTI_BOUND_G,10,0,331,659.7702100244128
MULTI_BOUND_G,10,0,332,660.0846554690705
MULTI_BOUND_G,10,0,333,674.5041654071766
MULTI_BOUND_G,10,0,334,709.9087359174737
MULTI_BOUND_G,10,0,335,726.6407786437499
MULTI_BOUND_G,10,0,336,738.1861530671158
MULTI_BOUND_G,10,0,337,734.7265666484126
MULTI_BOUND_G,10,0,338,625.9736957402265
MULTI_BOUND_G,10,0,339,663.702816266444
MULTI_BOUND_G,10,0,340,700.7842956201148
MULTI_BOUND_G,10,0,341,736.3171378061461
MULTI_BOUND_G,10,0,342,748.3500947793132
MULTI_BOUND_G,10,0,343,740.7743517821683
MULTI_BOUND_G,10,0,344,746.9902927189248
MULTI_BOUND_G,10,0,345,766.1235559292539
MULTI_BOUND_G,10,0,346,637.7659345788188
MULTI_BOUND_G,10,0,347,665.3586014853727
MULTI_BOUND_G,10,0,348,706.1800736670888
MULTI_BOUND_G,10,0,349,731.0392123615154
MULTI_BOUND_G,10,0,350,744.373429034889
MULTI_BOUND_G,10,0,351,735.8455625866602
MULTI_BOUND_G,10,0,352,743.7118863304443
MULTI_BOUND_G,10,0,353,763.1013367549699
MULTI_BOUND_G,10,0,354,667.4796410170117
MULTI_BOUND_G,10,0,355,706.1598208016369
MULTI_BOUND_G,10,0,356,743.900212740879
MULTI_BOUND_G,10,0,357,778.3607800113994
MULTI_BOUND_G,10,0,358,770.045430098292
MULTI_BOUND_G,10,0,359,788.8753179948603
MULTI_BOUND_G,10,0,360,820.4770819839111
MULTI_BOUND_G,10,0,361,813.9304435098682
MULTI_BOUND_G,10,0,362,718.3821864657294
MULTI_BOUND_G,10,0,363,731.1664850305824
MULTI_BOUND_G,10,0,364,774.4686683319139
MULTI_BOUND_G,10,0,365,780.6989163416972
MULTI_BOUND_G,10,0,366,761.8270922290462
MULTI_BOUND_G,10,0,367,780.253801065107
MULTI_BOUND_G,10,0,368,809.1699824342309
MULTI_BOUND_G,10,0,369,807.7204553028663
MULTI_BOUND_G,10,0,370,550.6140416196906
MULTI_BOUND_G,10,0,371,590.7954892092087
MULTI_BOUND_G,10,0,372,578.0004778575791
MULTI_BOUND_G,10,0,373,600.2606317034883
MULTI_BOUND_G,10,0,374,587.6799227599901
MULTI_BOUND_G,10,0,375,586.6765650149398
MULTI_BOUND_G,10,0,376,589.2014936733999
MULTI_BOUND_G,10,0,377,600.3010572615023
MULTI_BOUND_G,10,0,378,589.0308541950499
MULTI_BOUND_G,10,0,379,617.2096124170416
MULTI_BOUND_G,10,0,380,630.7307790035445
MULTI_BOUND_G,10,0,381,658.9717333808246
MULTI_BOUND_G,10,0,382,631.4361061978911
MULTI_BOUND_G,10,0,383,656.567069886612
MULTI_BOUND_G,10,0,384,650.2837847245737
MULTI_BOUND_G,10,0,385,655.4837289754188
MULTI_BOUND_G,10,0,386,622.5019162816963
MULTI_BOUND_G,10,0,387,625.1344423446055
MULTI_BOUND_G,10,0,388,643.2225230903329
MULTI_BOUND_G,10,0,389,643.3660967588544
MULTI_BOUND_G,10,0,390,662.2651254049339
MULTI_BOUND_G,10,0,391,655.5252843407874
MULTI_BOUND_G,10,0,392,682.6992037801713
MULTI_BOUND_G,10,0,393,679.5942096766703
MULTI_BOUND_G,10,0,394,635.4222874315401
MULTI_BOUND_G,10,0,395,636.9795020902565
MULTI_BOUND_G,10,0,396,671.8007825281297
MULTI_BOUND_G,10,0,397,680.8110897236452
MULTI_BOUND_G,10,0,398,727.3235222898347
MULTI_BOUND_G,10,0,399,708.6480770331779
MULTI_BOUND_G,10,0,400,724.2169602430528
MULTI_BOUND_G,10,0,401,723.3701689872397
MULTI_BOUND_G,10,0,402,706.1909787647479
MULTI_BOUND_G,10,0,403,744.8711585493731
MULTI_BOUND_G,10,0,404,761.1460520026249
MULTI_BOUND_G,10,0,405,782.6115504886153
MULTI_BOUND_G,10,0,406,808.7567678460281
MULTI_BOUND_G,10,0,407,827.5866557425966
MULTI_BOUND_G,10,0,408,859.1884197316473
MULTI_BOUND_G,10,0,409,852.6417812576043
MULTI_BOUND_G,10,0,410,746.7249055628536
MULTI_BOUND_G,10,0,411,747.0393510075113
MULTI_BOUND_G,10,0,412,761.4588609456174
MULTI_BOUND_G,10,0,413,783.8931213229887
MULTI_BOUND_G,10,0,414,796.8634314559145
MULTI_BOUND_G,10,0,415,813.5954741821906
MULTI_BOUND_G,10,0,416,825.1408486055566
MULTI_BOUND_G,10,0,417,821.6812621868534
MULTI_BOUND_G,10,0,418,750.2773763851573
MULTI_BOUND_G,10,0,419,763.0616749500102
MULTI_BOUND_G,10,0,420,806.3638582513418
MULTI_BOUND_G,10,0,421,793.7222821484738
MULTI_BOUND_G,10,0,422,792.6577887932858
MULTI_BOUND_G,10,0,423,812.1489909845347
MULTI_BOUND_G,10,0,424,841.0651723536585
MULTI_BOUND_G,10,0,425,839.6156452222939
MULTI_BOUND_G,10,0,426,751.9051761891894
MULTI_BOUND_G,10,0,427,789.6342967154069
MULTI_BOUND_G,10,0,428,805.4214798002349
MULTI_BOUND_G,10,0,429,826.7157760690777
MULTI_BOUND_G,10,0,430,874.2815752282761
MULTI_BOUND_G,10,0,431,866.7058322311312
MULTI_BOUND_G,10,0,432,872.9217731678877
MULTI_BOUND_G,10,0,433,892.0550363782169
MULTI_BOUND_G,10,0,434,758.6628488047111
MULTI_BOUND_G,10,0,435,783.2781611805424
MULTI_BOUND_G,10,0,436,814.3969610433019
MULTI_BOUND_G,10,0,437,824.0996333622586
MULTI_BOUND_G,10,0,438,862.2929887300589
MULTI_BOUND_G,10,0,439,853.76512228183
MULTI_BOUND_G,10,0,440,861.631446025614
MULTI_BOUND_G,10,0,441,881.0208964501398
MULTI_BOUND_G,10,0,442,617.4392486021052
MULTI_BOUND_G,10,0,443,647.6839649811686
MULTI_BOUND_G,10,0,444,660.4894997264569
MULTI_BOUND_G,10,0,445,640.070002181365
MULTI_BOUND_G,10,0,446,669.9546422207364
MULTI_BOUND_G,10,0,447,646.6925731225391
MULTI_BOUND_G,10,0,448,649.040205623398
MULTI_BOUND_G,10,0,449,669.9950677787502
MULTI_BOUND_G,10,0,450,634.3107343789324
MULTI_BOUND_G,10,0,451,666.7839730958719
MULTI_BOUND_G,10,0,452,654.865006407462
MULTI_BOUND_G,10,0,453,666.3326567777784
MULTI_BOUND_G,10,0,454,704.2516135647072
MULTI_BOUND_G,10,0,455,666.8606878145238
MULTI_BOUND_G,10,0,456,701.8469500704946
MULTI_BOUND_G,10,0,457,695.5636649084562
MULTI_BOUND_G,10,0,458,635.7172290182629
MULTI_BOUND_G,10,0,459,671.5286052680544
MULTI_BOUND_G,10,0,460,678.3690081787872
MULTI_BOUND_G,10,0,461,704.513314548668
MULTI_BOUND_G,10,0,462,746.5983680126506
MULTI_BOUND_G,10,0,463,745.0221301724114
MULTI_BOUND_G,10,0,464,788.7146699851623
MULTI_BOUND_G,10,0,465,782.1680315111194
MULTI_BOUND_G,10,0,466,656.0279739983016
MULTI_BOUND_G,10,0,467,681.0193377298374
MULTI_BOUND_G,10,0,468,686.0880830480469
MULTI_BOUND_G,10,0,469,710.2068750771193
MULTI_BOUND_G,10,0,470,782.1983359963526
MULTI_BOUND_G,10,0,471,757.3089054607394
MULTI_BOUND_G,10,0,472,805.3743289717288
MULTI_BOUND_G,10,0,473,794.6285275306856
MULTI_BOUND_G,10,0,474,680.7795037829528
MULTI_BOUND_G,10,0,475,685.2055219765028
MULTI_BOUND_G,10,0,476,718.3629834874835
MULTI_BOUND_G,10,0,477,710.1715038471262
MULTI_BOUND_G,10,0,478,719.3591072002429
MULTI_BOUND_G,10,0,479,775.5495421760811
MULTI_BOUND_G,10,0,480,756.8740969194242
MULTI_BOUND_G,10,0,481,772.4429801292991
MULTI_BOUND_G,10,0,482,729.2794990591474
MULTI_BOUND_G,10,0,483,716.8365335157113
MULTI_BOUND_G,10,0,484,716.6002560437869
MULTI_BOUND_G,10,0,485,729.9326541308856
MULTI_BOUND_G,10,0,486,728.0227115832206
MULTI_BOUND_G,10,0,487,756.5997426389488
MULTI_BOUND_G,10,0,488,749.8599015748023
MULTI_BOUND_G,10,0,489,777.0338210141861
MULTI_BOUND_G,10,0,490,753.158974578864
MULTI_BOUND_G,10,0,491,734.7314788191475
MULTI_BOUND_G,10,0,492,737.9147277986389
MULTI_BOUND_G,10,0,493,744.7097515432827
MULTI_BOUND_G,10,0,494,764.9131995468664
MULTI_BOUND_G,10,0,495,787.738808247042
MULTI_BOUND_G,10,0,496,804.4708509733182
MULTI_BOUND_G,10,0,497,816.0162253966841
MULTI_BOUND_G,10,0,498,704.4820686965859
MULTI_BOUND_G,10,0,499,739.3423856879697
MULTI_BOUND_G,10,0,500,748.1430737403815
MULTI_BOUND_G,10,0,501,771.6627911900322
MULTI_BOUND_G,10,0,502,814.8255107625055
MULTI_BOUND_G,10,0,503,826.8584677356725
MULTI_BOUND_G,10,0,504,815.8206632656354
MULTI_BOUND_G,10,0,505,844.6319288856133
MULTI_BOUND_G,10,0,506,729.8322899314646
MULTI_BOUND_G,10,0,507,746.9413909415239
MULTI_BOUND_G,10,0,508,775.7111036028055
MULTI_BOUND_G,10,0,509,787.64458829555
MULTI_BOUND_G,10,0,510,820.1282131834388
MULTI_BOUND_G,10,0,511,833.4624298568125
MULTI_BOUND_G,10,0,512,823.1228847427187
MULTI_BOUND_G,10,0,513,852.1903375768934
MULTI_BOUND_G,10,0,514,656.9974490354444
MULTI_BOUND_G,10,0,515,684.8576163018138
MULTI_BOUND_G,10,0,516,696.9128566524396
MULTI_BOUND_G,10,0,517,718.8008363077244
MULTI_BOUND_G,10,0,518,783.1678110334956
MULTI_BOUND_G,10,0,519,776.6547430158404
MULTI_BOUND_G,10,0,520,806.3438040088715
MULTI_BOUND_G,10,0,521,795.5980025678285
MULTI_BOUND_G,10,0,522,697.4900805188714
MULTI_BOUND_G,10,0,523,729.963319235811
MULTI_BOUND_G,10,0,524,725.6688387408633
MULTI_BOUND_G,10,0,525,767.4309597046463
MULTI_BOUND_G,10,0,526,739.8953325217128
MULTI_BOUND_G,10,0,527,765.0262962104337
MULTI_BOUND_G,10,0,528,758.7430110483953
MULTI_BOUND_G,10,0,529,763.9429552992403
MULTI_BOUND_G,10,0,530,715.4224933655667
MULTI_BOUND_G,10,0,531,742.7984062097964
MULTI_BOUND_G,10,0,532,755.6039409550847
MULTI_BOUND_G,10,0,533,742.8089296034551
MULTI_BOUND_G,10,0,534,765.0690834493643
MULTI_BOUND_G,10,0,535,752.4883745058659
MULTI_BOUND_G,10,0,536,754.0099454192757
MULTI_BOUND_G,10,0,537,765.109509007378
MULTI_BOUND_G,10,0,538,705.4629845090687
MULTI_BOUND_G,10,0,539,707.0201991677851
MULTI_BOUND_G,10,0,540,740.1776606787657
MULTI_BOUND_G,10,0,541,741.8414796056586
MULTI_BOUND_G,10,0,542,797.3642193673636
MULTI_BOUND_G,10,0,543,778.6887741107066
MULTI_BOUND_G,10,0,544,794.2576573205815
MULTI_BOUND_G,10,0,545,793.4108660647686
MULTI_BOUND_G,10,0,546,793.6300589679734
MULTI_BOUND_G,10,0,547,781.1870934245371
MULTI_BOUND_G,10,0,548,783.8196194874463
MULTI_BOUND_G,10,0,549,801.9077002331736
MULTI_BOUND_G,10,0,550,820.9503025477748
MULTI_BOUND_G,10,0,551,814.2104614836281
MULTI_BOUND_G,10,0,552,841.384380923012
MULTI_BOUND_G,10,0,553,838.2793868195112
MULTI_BOUND_G,10,0,554,745.9183543826252
MULTI_BOUND_G,10,0,555,770.5336667584568
MULTI_BOUND_G,10,0,556,801.6524666212163
MULTI_BOUND_G,10,0,557,811.3551389401729
MULTI_BOUND_G,10,0,558,836.2142776345995
MULTI_BOUND_G,10,0,559,849.5484943079731
MULTI_BOUND_G,10,0,560,841.0206278597443
MULTI_BOUND_G,10,0,561,864.4406346488984
MULTI_BOUND_G,10,0,562,751.1331643375698
MULTI_BOUND_G,10,0,563,788.8622848637872
MULTI_BOUND_G,10,0,564,804.6494679486154
MULTI_BOUND_G,10,0,565,825.9437642174581
MULTI_BOUND_G,10,0,566,861.4766064034895
MULTI_BOUND_G,10,0,567,873.5095633766564
MULTI_BOUND_G,10,0,568,865.9338203795115
MULTI_BOUND_G,10,0,569,890.1492091670655
MULTI_BOUND_G,10,0,570,774.8617017106125
MULTI_BOUND_G,10,0,571,813.5418814952377
MULTI_BOUND_G,10,0,572,829.8167749484894
MULTI_BOUND_G,10,0,573,851.2822734344799
MULTI_BOUND_G,10,0,574,885.7428407050002
MULTI_BOUND_G,10,0,575,877.4274907918928
MULTI_BOUND_G,10,0,576,927.859142677512
MULTI_BOUND_G,10,0,577,921.312504203469
MULTI_BOUND_G,10,0,578,825.0550625289255
MULTI_BOUND_G,10,0,579,837.8393610937785
MULTI_BOUND_G,10,0,580,881.14154439511
MULTI_BOUND_G,10,0,581,887.3717924048931
MULTI_BOUND_G,10,0,582,868.4999682922421
MULTI_BOUND_G,10,0,583,867.4354749370541
MULTI_BOUND_G,10,0,584,915.8428584974267
MULTI_BOUND_G,10,0,585,914.3933313660622
MULTI_BOUND_G,10,0,586,660.8954196127036
MULTI_BOUND_G,10,0,587,688.2713324569334
MULTI_BOUND_G,10,0,588,701.0768672022216
MULTI_BOUND_G,10,0,589,688.281855850592
MULTI_BOUND_G,10,0,590,697.9613007530028
MULTI_BOUND_G,10,0,591,696.9579430079525
MULTI_BOUND_G,10,0,592,699.4828716664126
MULTI_BOUND_G,10,0,593,703.6437044243754
MULTI_BOUND_G,10,0,594,719.0501387077587
MULTI_BOUND_G,10,0,595,751.5233774246981
MULTI_BOUND_G,10,0,596,747.2288969297505
MULTI_BOUND_G,10,0,597,760.7500635162535
MULTI_BOUND_G,10,0,598,788.9910178935334
MULTI_BOUND_G,10,0,599,761.4553907106001
MULTI_BOUND_G,10,0,600,773.364338407143
MULTI_BOUND_G,10,0,601,785.5030134881275
MULTI_BOUND_G,10,0,602,772.4280518062462
MULTI_BOUND_G,10,0,603,759.98508626281
MULTI_BOUND_G,10,0,604,762.6176123257192
MULTI_BOUND_G,10,0,605,780.7056930714465
MULTI_BOUND_G,10,0,606,780.849266739968
MULTI_BOUND_G,10,0,607,786.0697234917615
MULTI_BOUND_G,10,0,608,820.1823737612849
MULTI_BOUND_G,10,0,609,817.077379657784
MULTI_BOUND_G,10,0,610,771.7180906397698
MULTI_BOUND_G,10,0,611,773.2753052984862
MULTI_BOUND_G,10,0,612,806.4327668094668
MULTI_BOUND_G,10,0,613,808.0965857363594
MULTI_BOUND_G,10,0,614,817.1068929318749
MULTI_BOUND_G,10,0,615,863.6193254980644
MULTI_BOUND_G,10,0,616,838.005149411268
MULTI_BOUND_G,10,0,617,859.6659721954694
MULTI_BOUND_G,10,0,618,792.6687658539702
MULTI_BOUND_G,10,0,619,820.5289331203396
MULTI_BOUND_G,10,0,620,832.5841734709654
MULTI_BOUND_G,10,0,621,854.4721531262501
MULTI_BOUND_G,10,0,622,918.8391278520212
MULTI_BOUND_G,10,0,623,903.6276997260568
MULTI_BOUND_G,10,0,624,912.3260598343661
MULTI_BOUND_G,10,0,625,432.74799469866343
MULTI_BOUND_G,10,0,626,808.8844308398319
MULTI_BOUND_G,10,0,627,847.5646106244571
MULTI_BOUND_G,10,0,628,863.8395040777089
MULTI_BOUND_G,10,0,629,885.3050025636993
MULTI_BOUND_G,10,0,630,919.7655698342194
MULTI_BOUND_G,10,0,631,911.4502199211121
MULTI_BOUND_G,10,0,632,444.7809516718305
MULTI_BOUND_G,10,0,633,850.8454785012617
MULTI_BOUND_G,10,0,634,863.6297770661147
MULTI_BOUND_G,10,0,635,906.9319603674462
MULTI_BOUND_G,10,0,636,913.1622083772293
MULTI_BOUND_G,10,0,637,894.2849930715986
MULTI_BOUND_G,10,0,638,893.2258909093903
MULTI_BOUND_G,10,0,639,912.7170931006392
MULTI_BOUND_G,10,0,640,437.20520867468554
MULTI_BOUND_G,10,0,641,892.6803019939723
MULTI_BOUND_G,10,0,642,877.1216097690894
MULTI_BOUND_G,10,0,643,877.4360552137472
MULTI_BOUND_G,10,0,644,891.8555651518535
MULTI_BOUND_G,10,0,645,914.2898255292248
MULTI_BOUND_G,10,0,646,443.42114961144205
MULTI_BOUND_G,10,0,647,885.9203017712898
MULTI_BOUND_G,10,0,648,910.5356141471211
MULTI_BOUND_G,10,0,649,462.5544128217713
MULTI_BOUND_G,10,0,650,712.2549214260998
MULTI_BOUND_G,10,0,651,737.2246845788935
MULTI_BOUND_G,10,0,652,747.9306378406816
MULTI_BOUND_G,10,0,653,739.6413576639883
MULTI_BOUND_G,10,0,654,749.8621428098515
MULTI_BOUND_G,10,0,655,742.2665157201236
MULTI_BOUND_G,10,0,656,748.3174448213488
MULTI_BOUND_G,10,0,657,750.8423734798089
MULTI_BOUND_G,10,0,658,735.6672344032725
MULTI_BOUND_G,10,0,659,768.572586701146
MULTI_BOUND_G,10,0,660,766.6842558976344
MULTI_BOUND_G,10,0,661,780.2054224841374
MULTI_BOUND_G,10,0,662,803.9406456864812
MULTI_BOUND_G,10,0,663,780.9107496784841
MULTI_BOUND_G,10,0,664,794.0023446671589
MULTI_BOUND_G,10,0,665,797.9040856097361
MULTI_BOUND_G,10,0,666,820.1404946385564
MULTI_BOUND_G,10,0,667,804.2880609834638
MULTI_BOUND_G,10,0,668,812.7362048494656
MULTI_BOUND_G,10,0,669,830.8242855951929
MULTI_BOUND_G,10,0,670,830.9678592637144
MULTI_BOUND_G,10,0,671,837.8275192097483
MULTI_BOUND_G,10,0,672,865.7952351100952
MULTI_BOUND_G,10,0,673,860.141685335255
MULTI_BOUND_G,10,0,674,798.6534352637443
MULTI_BOUND_G,10,0,675,797.3723866500904
MULTI_BOUND_G,10,0,676,830.9619617420051
MULTI_BOUND_G,10,0,677,835.031930360334
MULTI_BOUND_G,10,0,678,844.0422375558494
MULTI_BOUND_G,10,0,679,886.0489389471028
MULTI_BOUND_G,10,0,680,875.4087393752111
MULTI_BOUND_G,10,0,681,879.5470299731685
MULTI_BOUND_G,10,0,682,800.2307396052372
MULTI_BOUND_G,10,0,683,830.9291701439768
MULTI_BOUND_G,10,0,684,842.9844104946026
MULTI_BOUND_G,10,0,685,864.8723901498873
MULTI_BOUND_G,10,0,686,924.7336337007223
MULTI_BOUND_G,10,0,687,914.0279367496942
MULTI_BOUND_G,10,0,688,915.6720100117279
MULTI_BOUND_G,10,0,689,435.5419635190459
MULTI_BOUND_G,10,0,690,823.2480869585122
MULTI_BOUND_G,10,0,691,864.7665300155077
MULTI_BOUND_G,10,0,692,881.0414234687594
MULTI_BOUND_G,10,0,693,902.5069219547498
MULTI_BOUND_G,10,0,694,448.8761801924196
MULTI_BOUND_G,10,0,695,868.4019990604527
MULTI_BOUND_G,10,0,696,879.3871530667374
MULTI_BOUND_G,10,0,697,922.8210130240712
MULTI_BOUND_G,10,0,698,931.1508425173544
MULTI_BOUND_G,10,0,699,914.6851680961395
MULTI_BOUND_G,10,0,700,440.3483137441907
MULTI_BOUND_G,10,0,701,899.8611280556016
MULTI_BOUND_G,10,0,702,886.7085855221549
MULTI_BOUND_G,10,0,703,884.1847676944424
MULTI_BOUND_G,10,0,704,901.4425409049187
MULTI_BOUND_G,10,0,705,448.21463748797476
MULTI_BOUND_G,10,0,706,875.1333889225828
MULTI_BOUND_G,10,0,707,915.7007727211703
MULTI_BOUND_G,10,0,708,467.6040879125005
MULTI_BOUND_G,10,0,709,892.4242343903386
MULTI_BOUND_G,10,0,710,914.3122140456234
MULTI_BOUND_G,10,0,711,462.66802515835013
MULTI_BOUND_G,10,0,712,928.7495511110073
MULTI_BOUND_G,10,0,713,458.3735446634024
MULTI_BOUND_G,10,0,714,471.8947112499054
MULTI_BOUND_G,10,0,715,500.13566562718546
MULTI_BOUND_G,10,0,716,472.60003844425194
MULTI_BOUND_G,10,0,717,497.7310021329728
MULTI_BOUND_G,10,0,718,491.4477169709345
MULTI_BOUND_G,10,0,719,496.64766122177946
MULTI_BOUND_G,10,0,720,909.3550775379215
MULTI_BOUND_G,10,0,721,922.8762441244244
MULTI_BOUND_G,10,0,722,441.1967634630467
MULTI_BOUND_G,10,0,723,453.25200381367245
MULTI_BOUND_G,10,0,724,475.1399834689572
MULTI_BOUND_G,10,0,725,539.5069581947284
MULTI_BOUND_G,10,0,726,524.2955300687639
MULTI_BOUND_G,10,0,727,532.9938901770732
MULTI_BOUND_G,10,0,728,562.6829511701044
MULTI_BOUND_G,10,0,729,551.9371497290614
MULTI_BOUND_G,10,0,730,469.77759651140644
MULTI_BOUND_G,10,0,731,486.0524899646582
MULTI_BOUND_G,10,0,732,507.51798845064866
MULTI_BOUND_G,10,0,733,541.978555721169
MULTI_BOUND_G,10,0,734,533.6632058080615
MULTI_BOUND_G,10,0,735,552.4930937046299
MULTI_BOUND_G,10,0,736,584.0948576936808
MULTI_BOUND_G,10,0,737,577.5482192196376
MULTI_BOUND_G,10,0,738,463.47265214185677
MULTI_BOUND_G,10,0,739,498.18732831155376
MULTI_BOUND_G,10,0,740,499.85114723844663
MULTI_BOUND_G,10,0,741,508.8614544339621
MULTI_BOUND_G,10,0,742,555.3738870001516
MULTI_BOUND_G,10,0,743,536.6984417434946
MULTI_BOUND_G,10,0,744,552.2673249533696
MULTI_BOUND_G,10,0,745,551.4205336975565
MULTI_BOUND_G,10,0,746,487.11903371524744
MULTI_BOUND_G,10,0,747,502.9062168000756
MULTI_BOUND_G,10,0,748,524.2005130689183
MULTI_BOUND_G,10,0,749,559.7333552549496
MULTI_BOUND_G,10,0,750,571.7663122281167
MULTI_BOUND_G,10,0,751,564.1905692309717
MULTI_BOUND_G,10,0,752,570.4065101677282
MULTI_BOUND_G,10,0,753,589.5397733780575
MULTI_BOUND_G,10,0,754,494.76311604891646
MULTI_BOUND_G,10,0,755,538.0652993502481
MULTI_BOUND_G,10,0,756,544.2955473600312
MULTI_BOUND_G,10,0,757,525.4237232473802
MULTI_BOUND_G,10,0,758,524.359229892192
MULTI_BOUND_G,10,0,759,543.8504320834411
MULTI_BOUND_G,10,0,760,572.7666134525648
MULTI_BOUND_G,10,0,761,571.3170863212002
MULTI_BOUND_G,10,0,762,509.3750436131608
MULTI_BOUND_G,10,0,763,493.81635138827784
MULTI_BOUND_G,10,0,764,508.55030677104185
MULTI_BOUND_G,10,0,765,530.9845671484131
MULTI_BOUND_G,10,0,766,543.9548772813388
MULTI_BOUND_G,10,0,767,560.686920007615
MULTI_BOUND_G,10,0,768,572.232294430981
MULTI_BOUND_G,10,0,769,568.7727080122777
MULTI_BOUND_G,10,0,770,529.1732374776602
MULTI_BOUND_G,10,0,771,519.3627979971332
MULTI_BOUND_G,10,0,772,537.4508787428605
MULTI_BOUND_G,10,0,773,537.594452411382
MULTI_BOUND_G,10,0,774,556.4934810574616
MULTI_BOUND_G,10,0,775,549.753639993315
MULTI_BOUND_G,10,0,776,576.9275594326989
MULTI_BOUND_G,10,0,777,573.8225653291979
MULTI_BOUND_G,10,0,778,502.335352178497
MULTI_BOUND_G,10,0,779,533.4541520412564
MULTI_BOUND_G,10,0,780,543.1568243602132
MULTI_BOUND_G,10,0,781,568.0159630546398
MULTI_BOUND_G,10,0,782,581.3501797280134
MULTI_BOUND_G,10,0,783,572.8223132797846
MULTI_BOUND_G,10,0,784,580.6886370235686
MULTI_BOUND_G,10,0,785,600.0780874480943
MULTI_BOUND_G,10,0,786,509.9605906277733
MULTI_BOUND_G,10,0,787,522.7661253730614
MULTI_BOUND_G,10,0,788,509.97111402143196
MULTI_BOUND_G,10,0,789,532.2312678673411
MULTI_BOUND_G,10,0,790,519.6505589238427
MULTI_BOUND_G,10,0,791,518.6472011787924
MULTI_BOUND_G,10,0,792,521.1721298372527
MULTI_BOUND_G,10,0,793,532.271693425355
MULTI_BOUND_G,10,0,794,458.6176173268499
MULTI_BOUND_G,10,0,795,498.533024943845
MULTI_BOUND_G,10,0,796,520.4210045991298
MULTI_BOUND_G,10,0,797,584.787979324901
MULTI_BOUND_G,10,0,798,569.5765511989365
MULTI_BOUND_G,10,0,799,578.2749113072458
MULTI_BOUND_G,10,0,800,607.963972300277
MULTI_BOUND_G,10,0,801,597.218170859234
MULTI_BOUND_G,10,0,802,501.70088015353315
MULTI_BOUND_G,10,0,803,534.8583416645138
MULTI_BOUND_G,10,0,804,536.5221605914064
MULTI_BOUND_G,10,0,805,545.5324677869219
MULTI_BOUND_G,10,0,806,592.0449003531114
MULTI_BOUND_G,10,0,807,573.3694550964545
MULTI_BOUND_G,10,0,808,588.9383383063295
MULTI_BOUND_G,10,0,809,588.0915470505164
MULTI_BOUND_G,10,0,810,555.7362158244055
MULTI_BOUND_G,10,0,811,540.4919690441803
MULTI_BOUND_G,10,0,812,554.9114789822866
MULTI_BOUND_G,10,0,813,577.3457393596577
MULTI_BOUND_G,10,0,814,590.3160494925835
MULTI_BOUND_G,10,0,815,607.0480922188597
MULTI_BOUND_G,10,0,816,618.5934666422256
MULTI_BOUND_G,10,0,817,615.1338802235224
MULTI_BOUND_G,10,0,818,525.7026493040482
MULTI_BOUND_G,10,0,819,580.6577225419251
MULTI_BOUND_G,10,0,820,602.1232210279155
MULTI_BOUND_G,10,0,821,636.5837882984358
MULTI_BOUND_G,10,0,822,628.2684383853284
MULTI_BOUND_G,10,0,823,647.0983262818968
MULTI_BOUND_G,10,0,824,678.7000902709476
MULTI_BOUND_G,10,0,825,672.1534517969046
MULTI_BOUND_G,10,0,826,571.8952067606776
MULTI_BOUND_G,10,0,827,559.4522412172415
MULTI_BOUND_G,10,0,828,580.172848025878
MULTI_BOUND_G,10,0,829,580.3164216943997
MULTI_BOUND_G,10,0,830,599.215450340479
MULTI_BOUND_G,10,0,831,592.4756092763325
MULTI_BOUND_G,10,0,832,619.6495287157163
MULTI_BOUND_G,10,0,833,616.5445346122154
MULTI_BOUND_G,10,0,834,520.2555337893123
MULTI_BOUND_G,10,0,835,573.7718374003578
MULTI_BOUND_G,10,0,836,595.0661336692006
MULTI_BOUND_G,10,0,837,630.5989758552319
MULTI_BOUND_G,10,0,838,642.6319328283989
MULTI_BOUND_G,10,0,839,635.0561898312541
MULTI_BOUND_G,10,0,840,641.2721307680106
MULTI_BOUND_G,10,0,841,660.4053939783397
MULTI_BOUND_G,10,0,842,535.9382389628435
MULTI_BOUND_G,10,0,843,591.6723512014344
MULTI_BOUND_G,10,0,844,601.375023520391
MULTI_BOUND_G,10,0,845,626.2341622148176
MULTI_BOUND_G,10,0,846,639.5683788881912
MULTI_BOUND_G,10,0,847,631.0405124399624
MULTI_BOUND_G,10,0,848,638.9068361837465
MULTI_BOUND_G,10,0,849,658.2962866082721
MULTI_BOUND_G,10,0,850,575.839174148956
MULTI_BOUND_G,10,0,851,631.9256560151405
MULTI_BOUND_G,10,0,852,638.1559040249235
MULTI_BOUND_G,10,0,853,619.2840799122725
MULTI_BOUND_G,10,0,854,618.2195865570845
MULTI_BOUND_G,10,0,855,637.7107887483335
MULTI_BOUND_G,10,0,856,666.6269701174572
MULTI_BOUND_G,10,0,857,665.1774429860926
MULTI_BOUND_G,10,0,858,526.7074943637436
MULTI_BOUND_G,10,0,859,554.0834072079736
MULTI_BOUND_G,10,0,860,554.0939306016322
MULTI_BOUND_G,10,0,861,576.3540844475414
MULTI_BOUND_G,10,0,862,563.773375504043
MULTI_BOUND_G,10,0,863,562.7700177589927
MULTI_BOUND_G,10,0,864,565.2949464174528
MULTI_BOUND_G,10,0,865,576.3945100055552
MULTI_BOUND_G,10,0,866,586.7643319756146
MULTI_BOUND_G,10,0,867,619.2375706925541
MULTI_BOUND_G,10,0,868,614.9430901976064
MULTI_BOUND_G,10,0,869,628.4642567841092
MULTI_BOUND_G,10,0,870,629.1695839784559
MULTI_BOUND_G,10,0,871,654.3005476671767
MULTI_BOUND_G,10,0,872,648.0172625051384
MULTI_BOUND_G,10,0,873,653.2172067559835
MULTI_BOUND_G,10,0,874,641.1176658109491
MULTI_BOUND_G,10,0,875,628.6747002675128
MULTI_BOUND_G,10,0,876,631.307226330422
MULTI_BOUND_G,10,0,877,649.3953070761494
MULTI_BOUND_G,10,1,0,432.92023982962655
MULTI_BOUND_G,10,1,1,15014.916675524382
MULTI_BOUND_G,10,1,2,7487.3597099779545
MULTI_BOUND_G,10,1,3,3719.036158301231
MULTI_BOUND_G,10,1,4,1866.4889889268602
MULTI_BOUND_G,10,1,5,917.0286599052331
MULTI_BOUND_G,10,1,6,923.6720091707928
MULTI_BOUND_G,10,1,7,467.09808941376696
MULTI_BOUND_G,10,1,8,932.0254603771024
MULTI_BOUND_G,10,1,9,933.1799378599053
MULTI_BOUND_G,10,1,10,455.3780791575132
MULTI_BOUND_G,10,1,11,470.396661488415
MULTI_BOUND_G,10,1,12,477.4588558728559
MULTI_BOUND_G,10,1,13,499.0680714987077
MULTI_BOUND_G,10,1,14,496.43448531744554
MULTI_BOUND_G,10,1,15,505.8401057160508
MULTI_BOUND_G,10,1,16,522.8392340543087
MULTI_BOUND_G,10,1,17,475.8099653619938
MULTI_BOUND_G,10,1,18,502.31577481231056
MULTI_BOUND_G,10,1,19,508.42785791042735
MULTI_BOUND_G,10,1,20,504.45252959446174
MULTI_BOUND_G,10,1,21,535.4679374737979
MULTI_BOUND_G,10,1,22,537.5217425307417
MULTI_BOUND_G,10,1,23,537.1529464640023
MULTI_BOUND_G,10,1,24,551.7463802338277
MULTI_BOUND_G,10,1,25,492.3242353970165
MULTI_BOUND_G,10,1,26,526.7458433266738
MULTI_BOUND_G,10,1,27,519.1427134063542
MULTI_BOUND_G,10,1,28,528.0820921182396
MULTI_BOUND_G,10,1,29,527.4240856224217
MULTI_BOUND_G,10,1,30,534.4086892669889
MULTI_BOUND_G,10,1,31,542.8418915418674
MULTI_BOUND_G,10,1,32,573.5348957175922
MULTI_BOUND_G,10,1,33,499.909850379637
MULTI_BOUND_G,10,1,34,523.5649684063083
MULTI_BOUND_G,10,1,35,532.7187799534108
MULTI_BOUND_G,10,1,36,528.9021307763435
MULTI_BOUND_G,10,1,37,557.1476026443027
MULTI_BOUND_G,10,1,38,573.1573579155149
MULTI_BOUND_G,10,1,39,569.7223934425303
MULTI_BOUND_G,10,1,40,581.5420340266369
MULTI_BOUND_G,10,1,41,533.0666058434787
MULTI_BOUND_G,10,1,42,534.2210833262816
MULTI_BOUND_G,10,1,43,551.1208178404784
MULTI_BOUND_G,10,1,44,553.0850986141616
MULTI_BOUND_G,10,1,45,561.0846971568953
MULTI_BOUND_G,10,1,46,562.9818374579104
MULTI_BOUND_G,10,1,47,576.173363546508
MULTI_BOUND_G,10,1,48,582.4098571335364
MULTI_BOUND_G,10,1,49,555.1561702280438
MULTI_BOUND_G,10,1,50,576.7151829595292
MULTI_BOUND_G,10,1,51,580.0908738312016
MULTI_BOUND_G,10,1,52,576.848926058893
MULTI_BOUND_G,10,1,53,579.7045361961871
MULTI_BOUND_G,10,1,54,598.9843394470831
MULTI_BOUND_G,10,1,55,619.3100777119573
MULTI_BOUND_G,10,1,56,634.3802320328089
MULTI_BOUND_G,10,1,57,571.3720948944355
MULTI_BOUND_G,10,1,58,580.5217469611122
MULTI_BOUND_G,10,1,59,594.3392539917563
MULTI_BOUND_G,10,1,60,591.6925132043513
MULTI_BOUND_G,10,1,61,608.6766226161205
MULTI_BOUND_G,10,1,62,610.2177538146127
MULTI_BOUND_G,10,1,63,621.7158715867856
MULTI_BOUND_G,10,1,64,640.6330515982752
MULTI_BOUND_G,10,1,65,589.7102491783669
MULTI_BOUND_G,10,1,66,596.3535984439263
MULTI_BOUND_G,10,1,67,609.9760884385798
MULTI_BOUND_G,10,1,68,625.1504928295852
MULTI_BOUND_G,10,1,69,630.0071045537306
MULTI_BOUND_G,10,1,70,657.8527476939036
MULTI_BOUND_G,10,1,71,655.2651356062906
MULTI_BOUND_G,10,1,72,677.4903214528013
MULTI_BOUND_G,10,1,73,596.5268508837783
MULTI_BOUND_G,10,1,74,598.4919616051006
MULTI_BOUND_G,10,1,75,603.0019715028168
MULTI_BOUND_G,10,1,76,625.9233293894282
MULTI_BOUND_G,10,1,77,629.5504940782034
MULTI_BOUND_G,10,1,78,638.1148894364158
MULTI_BOUND_G,10,1,79,645.5089045831814
MULTI_BOUND_G,10,1,80,638.3960121852881
MULTI_BOUND_G,10,1,81,480.91039731408955
MULTI_BOUND_G,10,1,82,489.96653158550635
MULTI_BOUND_G,10,1,83,510.2617973002536
MULTI_BOUND_G,10,1,84,510.69570885370337
MULTI_BOUND_G,10,1,85,539.7297592586433
MULTI_BOUND_G,10,1,86,539.8073060860727
MULTI_BOUND_G,10,1,87,558.2359410133358
MULTI_BOUND_G,10,1,88,544.2635724729312
MULTI_BOUND_G,10,1,89,497.7389468400247
MULTI_BOUND_G,10,1,90,514.066270603194
MULTI_BOUND_G,10,1,91,530.9660051173909
MULTI_BOUND_G,10,1,92,532.9302858910742
MULTI_BOUND_G,10,1,93,540.9298844338078
MULTI_BOUND_G,10,1,94,542.8270247348229
MULTI_BOUND_G,10,1,95,556.0185508234205
MULTI_BOUND_G,10,1,96,562.2550444104488
MULTI_BOUND_G,10,1,97,543.3181879953291
MULTI_BOUND_G,10,1,98,549.9615372608888
MULTI_BOUND_G,10,1,99,563.5455996486457
MULTI_BOUND_G,10,1,100,563.5840272555422
MULTI_BOUND_G,10,1,101,583.615043370693
MULTI_BOUND_G,10,1,102,611.4606865108659
MULTI_BOUND_G,10,1,103,608.873074423253
MULTI_BOUND_G,10,1,104,631.0982602697636
MULTI_BOUND_G,10,1,105,551.8994971378083
MULTI_BOUND_G,10,1,106,546.6310437252847
MULTI_BOUND_G,10,1,107,555.7806957919614
MULTI_BOUND_G,10,1,108,569.5982028226056
MULTI_BOUND_G,10,1,109,583.9355714469699
MULTI_BOUND_G,10,1,110,585.476702645462
MULTI_BOUND_G,10,1,111,596.9748204176349
MULTI_BOUND_G,10,1,112,615.8920004291244
MULTI_BOUND_G,10,1,113,563.448789717402
MULTI_BOUND_G,10,1,114,568.6292206177463
MULTI_BOUND_G,10,1,115,601.2471131661798
MULTI_BOUND_G,10,1,116,597.2717848502143
MULTI_BOUND_G,10,1,117,628.2871927295503
MULTI_BOUND_G,10,1,118,630.3409977864942
MULTI_BOUND_G,10,1,119,629.9722017197548
MULTI_BOUND_G,10,1,120,644.5656354895802
MULTI_BOUND_G,10,1,121,550.8225612142595
MULTI_BOUND_G,10,1,122,562.8985439904527
MULTI_BOUND_G,10,1,123,574.4776792409307
MULTI_BOUND_G,10,1,124,579.8148416109661
MULTI_BOUND_G,10,1,125,608.0603134789251
MULTI_BOUND_G,10,1,126,624.0700687501374
MULTI_BOUND_G,10,1,127,620.6351042771528
MULTI_BOUND_G,10,1,128,632.4547448612593
MULTI_BOUND_G,10,1,129,590.6828075098518
MULTI_BOUND_G,10,1,130,584.9923302317857
MULTI_BOUND_G,10,1,131,578.9627972535982
MULTI_BOUND_G,10,1,132,593.9813795845
MULTI_BOUND_G,10,1,133,622.6527895947925
MULTI_BOUND_G,10,1,134,620.0192034135305
MULTI_BOUND_G,10,1,135,629.4248238121356
MULTI_BOUND_G,10,1,136,646.4239521503937
MULTI_BOUND_G,10,1,137,565.030610517286
MULTI_BOUND_G,10,1,138,577.9685689847784
MULTI_BOUND_G,10,1,139,602.903272587936
MULTI_BOUND_G,10,1,140,599.6613248156274
MULTI_BOUND_G,10,1,141,602.5169349529215
MULTI_BOUND_G,10,1,142,621.7967382038175
MULTI_BOUND_G,10,1,143,642.1224764686917
MULTI_BOUND_G,10,1,144,657.1926307895433
MULTI_BOUND_G,10,1,145,671.6576315633865
MULTI_BOUND_G,10,1,146,672.5360976755885
MULTI_BOUND_G,10,1,147,673.6227422847091
MULTI_BOUND_G,10,1,148,701.0541100690366
MULTI_BOUND_G,10,1,149,704.6812747578117
MULTI_BOUND_G,10,1,150,713.245670116024
MULTI_BOUND_G,10,1,151,720.6396852627897
MULTI_BOUND_G,10,1,152,713.5267928648964
MULTI_BOUND_G,10,1,153,535.8261491243643
MULTI_BOUND_G,10,1,154,544.8822833957811
MULTI_BOUND_G,10,1,155,562.84583624803
MULTI_BOUND_G,10,1,156,565.1775491105284
MULTI_BOUND_G,10,1,157,594.645511068918
MULTI_BOUND_G,10,1,158,594.7230578963474
MULTI_BOUND_G,10,1,159,613.1516928236106
MULTI_BOUND_G,10,1,160,599.1793242832059
MULTI_BOUND_G,10,1,161,540.9904768466279
MULTI_BOUND_G,10,1,162,582.7359644530202
MULTI_BOUND_G,10,1,163,575.1328345327006
MULTI_BOUND_G,10,1,164,584.072213244586
MULTI_BOUND_G,10,1,165,583.414206748768
MULTI_BOUND_G,10,1,166,590.3988103933352
MULTI_BOUND_G,10,1,167,598.8320126682138
MULTI_BOUND_G,10,1,168,629.5250168439386
MULTI_BOUND_G,10,1,169,564.8557162580993
MULTI_BOUND_G,10,1,170,570.0361471584437
MULTI_BOUND_G,10,1,171,596.5419566087604
MULTI_BOUND_G,10,1,172,602.6540397068773
MULTI_BOUND_G,10,1,173,629.6941192702477
MULTI_BOUND_G,10,1,174,631.7479243271916
MULTI_BOUND_G,10,1,175,631.379128260452
MULTI_BOUND_G,10,1,176,645.9725620302775
MULTI_BOUND_G,10,1,177,581.1970811475512
MULTI_BOUND_G,10,1,178,587.8404304131109
MULTI_BOUND_G,10,1,179,601.4244928008678
MULTI_BOUND_G,10,1,180,616.6373247987697
MULTI_BOUND_G,10,1,181,621.4939365229152
MULTI_BOUND_G,10,1,182,649.339579663088
MULTI_BOUND_G,10,1,183,646.7519675754752
MULTI_BOUND_G,10,1,184,668.9771534219858
MULTI_BOUND_G,10,1,185,617.1645703288104
MULTI_BOUND_G,10,1,186,611.4740930507444
MULTI_BOUND_G,10,1,187,620.4631424034585
MULTI_BOUND_G,10,1,188,627.5253367878994
MULTI_BOUND_G,10,1,189,649.1345524137512
MULTI_BOUND_G,10,1,190,646.500966232489
MULTI_BOUND_G,10,1,191,655.9065866310943
MULTI_BOUND_G,10,1,192,672.9057149693522
MULTI_BOUND_G,10,1,193,624.9124087635039
MULTI_BOUND_G,10,1,194,628.7936074176569
MULTI_BOUND_G,10,1,195,642.6111144483009
MULTI_BOUND_G,10,1,196,639.9643736608961
MULTI_BOUND_G,10,1,197,656.9484830726653
MULTI_BOUND_G,10,1,198,658.4896142711573
MULTI_BOUND_G,10,1,199,669.9877320433304
MULTI_BOUND_G,10,1,200,688.9049120548198
MULTI_BOUND_G,10,1,201,611.0670090098499
MULTI_BOUND_G,10,1,202,623.1429917860431
MULTI_BOUND_G,10,1,203,634.7221270365212
MULTI_BOUND_G,10,1,204,643.8759385836238
MULTI_BOUND_G,10,1,205,668.3047612745156
MULTI_BOUND_G,10,1,206,684.3145165457279
MULTI_BOUND_G,10,1,207,680.8795520727433
MULTI_BOUND_G,10,1,208,692.6991926568498
MULTI_BOUND_G,10,1,209,666.0635113458313
MULTI_BOUND_G,10,1,210,666.9419774580331
MULTI_BOUND_G,10,1,211,672.5386319648699
MULTI_BOUND_G,10,1,212,695.4599898514813
MULTI_BOUND_G,10,1,213,699.0871545402563
MULTI_BOUND_G,10,1,214,707.6515498984688
MULTI_BOUND_G,10,1,215,715.0455650452345
MULTI_BOUND_G,10,1,216,707.932672647341
MULTI_BOUND_G,10,1,217,633.2954858252374
MULTI_BOUND_G,10,1,218,646.2334442927297
MULTI_BOUND_G,10,1,219,667.792457024215
MULTI_BOUND_G,10,1,220,671.1681478958874
MULTI_BOUND_G,10,1,221,667.9262001235787
MULTI_BOUND_G,10,1,222,690.0616135117689
MULTI_BOUND_G,10,1,223,710.3873517766431
MULTI_BOUND_G,10,1,224,725.4575060974946
MULTI_BOUND_G,10,1,225,634.7706654044132
MULTI_BOUND_G,10,1,226,641.4140146699729
MULTI_BOUND_G,10,1,227,654.9980770577297
MULTI_BOUND_G,10,1,228,655.0365046646261
MULTI_BOUND_G,10,1,229,670.2109090556316
MULTI_BOUND_G,10,1,230,702.91316391995
MULTI_BOUND_G,10,1,231,700.3255518323369
MULTI_BOUND_G,10,1,232,722.5507376788478
MULTI_BOUND_G,10,1,233,653.529029651243
MULTI_BOUND_G,10,1,234,671.4925825034917
MULTI_BOUND_G,10,1,235,673.8242953659901
MULTI_BOUND_G,10,1,236,674.25820691944
MULTI_BOUND_G,10,1,237,703.2922573243798
MULTI_BOUND_G,10,1,238,703.3698041518093
MULTI_BOUND_G,10,1,239,721.7984390790723
MULTI_BOUND_G,10,1,240,707.8260705386676
MULTI_BOUND_G,10,1,241,634.5946195959161
MULTI_BOUND_G,10,1,242,649.7674658762825
MULTI_BOUND_G,10,1,243,650.9219433590854
MULTI_BOUND_G,10,1,244,667.8216778732822
MULTI_BOUND_G,10,1,245,677.7855571896991
MULTI_BOUND_G,10,1,246,679.6826974907142
MULTI_BOUND_G,10,1,247,692.8742235793118
MULTI_BOUND_G,10,1,248,699.1107171663402
MULTI_BOUND_G,10,1,249,658.825913692651
MULTI_BOUND_G,10,1,250,690.5121540433121
MULTI_BOUND_G,10,1,251,696.6242371414289
MULTI_BOUND_G,10,1,252,692.6489088254634
MULTI_BOUND_G,10,1,253,723.6643167047994
MULTI_BOUND_G,10,1,254,725.7181217617433
MULTI_BOUND_G,10,1,255,725.3493256950039
MULTI_BOUND_G,10,1,256,739.9427594648294
MULTI_BOUND_G,10,1,257,651.3940180156673
MULTI_BOUND_G,10,1,258,658.7178976924022
MULTI_BOUND_G,10,1,259,693.1395056220597
MULTI_BOUND_G,10,1,260,685.5363757017399
MULTI_BOUND_G,10,1,261,694.4757544136253
MULTI_BOUND_G,10,1,262,693.8177479178075
MULTI_BOUND_G,10,1,263,709.2355538372531
MULTI_BOUND_G,10,1,264,739.9285580129779
MULTI_BOUND_G,10,1,265,722.4981985574132
MULTI_BOUND_G,10,1,266,717.2297451448896
MULTI_BOUND_G,10,1,267,726.3793972115664
MULTI_BOUND_G,10,1,268,740.1969042422104
MULTI_BOUND_G,10,1,269,737.5501634548053
MULTI_BOUND_G,10,1,270,756.0754040650668
MULTI_BOUND_G,10,1,271,767.5735218372397
MULTI_BOUND_G,10,1,272,786.4907018487293
MULTI_BOUND_G,10,1,273,728.2047959979911
MULTI_BOUND_G,10,1,274,729.0832621101929
MULTI_BOUND_G,10,1,275,730.1699067193135
MULTI_BOUND_G,10,1,276,734.6799166170297
MULTI_BOUND_G,10,1,277,757.6012745036411
MULTI_BOUND_G,10,1,278,761.2284391924161
MULTI_BOUND_G,10,1,279,769.7928345506286
MULTI_BOUND_G,10,1,280,770.0739572995008
MULTI_BOUND_G,10,1,281,718.4025866364157
MULTI_BOUND_G,10,1,282,730.4785694126087
MULTI_BOUND_G,10,1,283,751.2115162101894
MULTI_BOUND_G,10,1,284,747.3948670331222
MULTI_BOUND_G,10,1,285,775.6403389010811
MULTI_BOUND_G,10,1,286,791.6500941722934
MULTI_BOUND_G,10,1,287,788.2151296993088
MULTI_BOUND_G,10,1,288,800.0347702834154
MULTI_BOUND_G,10,1,289,735.7732807770667
MULTI_BOUND_G,10,1,290,770.2702519760443
MULTI_BOUND_G,10,1,291,773.6459428477167
MULTI_BOUND_G,10,1,292,770.403995075408
MULTI_BOUND_G,10,1,293,773.2596052127021
MULTI_BOUND_G,10,1,294,792.5394084635982
MULTI_BOUND_G,10,1,295,812.8651467284724
MULTI_BOUND_G,10,1,296,826.4229463366147
MULTI_BOUND_G,10,1,297,622.605352053137
MULTI_BOUND_G,10,1,298,649.6250391768027
MULTI_BOUND_G,10,1,299,651.9567520393011
MULTI_BOUND_G,10,1,300,652.390663592751
MULTI_BOUND_G,10,1,301,681.4247139976908
MULTI_BOUND_G,10,1,302,681.5022608251202
MULTI_BOUND_G,10,1,303,699.9308957523833
MULTI_BOUND_G,10,1,304,685.9585272119787
MULTI_BOUND_G,10,1,305,643.9219569561735
MULTI_BOUND_G,10,1,306,638.2314796781075
MULTI_BOUND_G,10,1,307,632.2019466999197
MULTI_BOUND_G,10,1,308,654.2827234152625
MULTI_BOUND_G,10,1,309,675.8919390411143
MULTI_BOUND_G,10,1,310,673.258352859852
MULTI_BOUND_G,10,1,311,682.6639732584574
MULTI_BOUND_G,10,1,312,699.6631015967153
MULTI_BOUND_G,10,1,313,660.7964679159903
MULTI_BOUND_G,10,1,314,668.1203475927252
MULTI_BOUND_G,10,1,315,702.5419555223828
MULTI_BOUND_G,10,1,316,694.9388256020629
MULTI_BOUND_G,10,1,317,703.2201978181306
MULTI_BOUND_G,10,1,318,710.2048014626976
MULTI_BOUND_G,10,1,319,718.6380037375761
MULTI_BOUND_G,10,1,320,749.3310079133009
MULTI_BOUND_G,10,1,321,695.3426858227757
MULTI_BOUND_G,10,1,322,706.9218210732536
MULTI_BOUND_G,10,1,323,716.0756326203563
MULTI_BOUND_G,10,1,324,712.258983443289
MULTI_BOUND_G,10,1,325,740.5044553112482
MULTI_BOUND_G,10,1,326,756.5142105824602
MULTI_BOUND_G,10,1,327,753.0792461094758
MULTI_BOUND_G,10,1,328,764.8988866935824
MULTI_BOUND_G,10,1,329,692.4321324912269
MULTI_BOUND_G,10,1,330,707.6049787715932
MULTI_BOUND_G,10,1,331,725.6591907685929
MULTI_BOUND_G,10,1,332,727.6234715422763
MULTI_BOUND_G,10,1,333,735.6230700850099
MULTI_BOUND_G,10,1,334,737.5202103860249
MULTI_BOUND_G,10,1,335,750.7117364746225
MULTI_BOUND_G,10,1,336,756.948230061651
MULTI_BOUND_G,10,1,337,754.9865425290075
MULTI_BOUND_G,10,1,338,749.7180891164837
MULTI_BOUND_G,10,1,339,772.6852482138045
MULTI_BOUND_G,10,1,340,770.0385074263996
MULTI_BOUND_G,10,1,341,787.0226168381689
MULTI_BOUND_G,10,1,342,788.5637480366609
MULTI_BOUND_G,10,1,343,800.061865808834
MULTI_BOUND_G,10,1,344,818.9790458203233
MULTI_BOUND_G,10,1,345,724.8269097513465
MULTI_BOUND_G,10,1,346,737.7648682188387
MULTI_BOUND_G,10,1,347,759.3238809503241
MULTI_BOUND_G,10,1,348,759.457624049688
MULTI_BOUND_G,10,1,349,762.3132341869821
MULTI_BOUND_G,10,1,350,781.5930374378781
MULTI_BOUND_G,10,1,351,801.9187757027523
MULTI_BOUND_G,10,1,352,816.9889300236036
MULTI_BOUND_G,10,1,353,769.3303303125185
MULTI_BOUND_G,10,1,354,770.2087964247203
MULTI_BOUND_G,10,1,355,771.2954410338409
MULTI_BOUND_G,10,1,356,775.8054509315571
MULTI_BOUND_G,10,1,357,798.7268088181685
MULTI_BOUND_G,10,1,358,810.918368865156
MULTI_BOUND_G,10,1,359,818.3123840119217
MULTI_BOUND_G,10,1,360,811.1994916140281
MULTI_BOUND_G,10,1,361,770.3992083315079
MULTI_BOUND_G,10,1,362,783.983270719265
MULTI_BOUND_G,10,1,363,784.0216983261614
MULTI_BOUND_G,10,1,364,799.1961027171668
MULTI_BOUND_G,10,1,365,804.0527144413122
MULTI_BOUND_G,10,1,366,831.8983575814851
MULTI_BOUND_G,10,1,367,829.3107454938722
MULTI_BOUND_G,10,1,368,851.5359313403828
MULTI_BOUND_G,10,1,369,603.0321115041595
MULTI_BOUND_G,10,1,370,608.2125424045039
MULTI_BOUND_G,10,1,371,634.7183518548205
MULTI_BOUND_G,10,1,372,636.8551066369719
MULTI_BOUND_G,10,1,373,667.8705145163078
MULTI_BOUND_G,10,1,374,669.9243195732518
MULTI_BOUND_G,10,1,375,669.5555235065124
MULTI_BOUND_G,10,1,376,684.1489572763378
MULTI_BOUND_G,10,1,377,630.8091574491493
MULTI_BOUND_G,10,1,378,639.8652917205661
MULTI_BOUND_G,10,1,379,657.828844572815
MULTI_BOUND_G,10,1,380,660.5944689887633
MULTI_BOUND_G,10,1,381,689.6285193937031
MULTI_BOUND_G,10,1,382,689.7060662211325
MULTI_BOUND_G,10,1,383,708.1347011483956
MULTI_BOUND_G,10,1,384,694.162332607991
MULTI_BOUND_G,10,1,385,664.9231710524527
MULTI_BOUND_G,10,1,386,659.2326937743867
MULTI_BOUND_G,10,1,387,653.2031607961992
MULTI_BOUND_G,10,1,388,668.221743127101
MULTI_BOUND_G,10,1,389,675.2839375115417
MULTI_BOUND_G,10,1,390,696.8931531373935
MULTI_BOUND_G,10,1,391,694.2595669561315
MULTI_BOUND_G,10,1,392,720.6643156929947
MULTI_BOUND_G,10,1,393,647.0936862058417
MULTI_BOUND_G,10,1,394,654.4175658825766
MULTI_BOUND_G,10,1,395,688.8391738122341
MULTI_BOUND_G,10,1,396,681.2360438919143
MULTI_BOUND_G,10,1,397,690.1754226037997
MULTI_BOUND_G,10,1,398,696.5020197525489
MULTI_BOUND_G,10,1,399,704.9352220274275
MULTI_BOUND_G,10,1,400,735.6282262031523
MULTI_BOUND_G,10,1,401,666.8225428626413
MULTI_BOUND_G,10,1,402,681.9953891430076
MULTI_BOUND_G,10,1,403,683.1498666258105
MULTI_BOUND_G,10,1,404,700.0496011400073
MULTI_BOUND_G,10,1,405,702.0138819136907
MULTI_BOUND_G,10,1,406,710.0134804564243
MULTI_BOUND_G,10,1,407,725.1021468460369
MULTI_BOUND_G,10,1,408,731.3386404330654
MULTI_BOUND_G,10,1,409,734.81085068077
MULTI_BOUND_G,10,1,410,735.6893167929718
MULTI_BOUND_G,10,1,411,736.7759614020924
MULTI_BOUND_G,10,1,412,741.2859712998086
MULTI_BOUND_G,10,1,413,764.20732918642
MULTI_BOUND_G,10,1,414,767.834493875195
MULTI_BOUND_G,10,1,415,783.7929043801732
MULTI_BOUND_G,10,1,416,776.6800119822797
MULTI_BOUND_G,10,1,417,732.0690224369735
MULTI_BOUND_G,10,1,418,738.7123717025331
MULTI_BOUND_G,10,1,419,752.29643409029
MULTI_BOUND_G,10,1,420,752.3348616971864
MULTI_BOUND_G,10,1,421,767.5092660881919
MULTI_BOUND_G,10,1,422,772.3658778123372
MULTI_BOUND_G,10,1,423,800.2115209525102
MULTI_BOUND_G,10,1,424,819.849094711408
MULTI_BOUND_G,10,1,425,748.986662474123
MULTI_BOUND_G,10,1,426,743.7182090615995
MULTI_BOUND_G,10,1,427,752.8678611282762
MULTI_BOUND_G,10,1,428,766.6853681589203
MULTI_BOUND_G,10,1,429,764.0386273715152
MULTI_BOUND_G,10,1,430,781.0227367832845
MULTI_BOUND_G,10,1,431,782.5638679817766
MULTI_BOUND_G,10,1,432,812.9791657654391
MULTI_BOUND_G,10,1,433,738.3587007507875
MULTI_BOUND_G,10,1,434,746.8167258824816
MULTI_BOUND_G,10,1,435,772.8556719497651
MULTI_BOUND_G,10,1,436,776.2313628214376
MULTI_BOUND_G,10,1,437,775.8450251864231
MULTI_BOUND_G,10,1,438,789.5986464147371
MULTI_BOUND_G,10,1,439,815.410470352803
MULTI_BOUND_G,10,1,440,830.5207210230446
MULTI_BOUND_G,10,1,441,657.0333139976742
MULTI_BOUND_G,10,1,442,666.0894482690912
MULTI_BOUND_G,10,1,443,684.0530011213399
MULTI_BOUND_G,10,1,444,686.3847139838383
MULTI_BOUND_G,10,1,445,686.8186255372882
MULTI_BOUND_G,10,1,446,715.852675942228
MULTI_BOUND_G,10,1,447,734.3588576969205
MULTI_BOUND_G,10,1,448,720.3864891565158
MULTI_BOUND_G,10,1,449,648.677197345092
MULTI_BOUND_G,10,1,450,663.8500436254584
MULTI_BOUND_G,10,1,451,665.0045211082613
MULTI_BOUND_G,10,1,452,681.9042556224581
MULTI_BOUND_G,10,1,453,683.8685363961415
MULTI_BOUND_G,10,1,454,693.7652752398901
MULTI_BOUND_G,10,1,455,706.9568013284877
MULTI_BOUND_G,10,1,456,713.1932949155162
MULTI_BOUND_G,10,1,457,661.170630913377
MULTI_BOUND_G,10,1,458,666.3510618137213
MULTI_BOUND_G,10,1,459,692.856871264038
MULTI_BOUND_G,10,1,460,698.9689543621548
MULTI_BOUND_G,10,1,461,694.9936260461893
MULTI_BOUND_G,10,1,462,728.0628389824692
MULTI_BOUND_G,10,1,463,727.6940429157298
MULTI_BOUND_G,10,1,464,742.2874766855552
MULTI_BOUND_G,10,1,465,671.3475408357235
MULTI_BOUND_G,10,1,466,677.990890101283
MULTI_BOUND_G,10,1,467,691.57495248904
MULTI_BOUND_G,10,1,468,691.6133800959365
MULTI_BOUND_G,10,1,469,706.7877844869419
MULTI_BOUND_G,10,1,470,711.6443962110873
MULTI_BOUND_G,10,1,471,736.9024272636473
MULTI_BOUND_G,10,1,472,759.1276131101579
MULTI_BOUND_G,10,1,473,661.9558789539898
MULTI_BOUND_G,10,1,474,669.2797586307247
MULTI_BOUND_G,10,1,475,703.7013665603822
MULTI_BOUND_G,10,1,476,705.0376153519478
MULTI_BOUND_G,10,1,477,704.3796088561301
MULTI_BOUND_G,10,1,478,711.364212500697
MULTI_BOUND_G,10,1,479,719.7974147755756
MULTI_BOUND_G,10,1,480,750.4904189513004
MULTI_BOUND_G,10,1,481,732.061205718345
MULTI_BOUND_G,10,1,482,726.370728440279
MULTI_BOUND_G,10,1,483,720.3411954620913
MULTI_BOUND_G,10,1,484,735.3597777929931
MULTI_BOUND_G,10,1,485,742.421972177434
MULTI_BOUND_G,10,1,486,761.3976016220236
MULTI_BOUND_G,10,1,487,770.8032220206289
MULTI_BOUND_G,10,1,488,787.8023503588868
MULTI_BOUND_G,10,1,489,737.865879267657
MULTI_BOUND_G,10,1,490,738.7443453798587
MULTI_BOUND_G,10,1,491,739.8309899889794
MULTI_BOUND_G,10,1,492,744.3409998866955
MULTI_BOUND_G,10,1,493,770.8895224620819
MULTI_BOUND_G,10,1,494,779.4539178202945
MULTI_BOUND_G,10,1,495,786.8479329670602
MULTI_BOUND_G,10,1,496,779.7350405691666
MULTI_BOUND_G,10,1,497,732.248664653217
MULTI_BOUND_G,10,1,498,744.3246474294101
MULTI_BOUND_G,10,1,499,755.9037826798881
MULTI_BOUND_G,10,1,500,765.0575942269908
MULTI_BOUND_G,10,1,501,761.2409450499235
MULTI_BOUND_G,10,1,502,789.4864169178825
MULTI_BOUND_G,10,1,503,805.4961721890948
MULTI_BOUND_G,10,1,504,813.8808483002167
MULTI_BOUND_G,10,1,505,753.455462140331
MULTI_BOUND_G,10,1,506,766.3934206078231
MULTI_BOUND_G,10,1,507,787.9524333393085
MULTI_BOUND_G,10,1,508,791.3281242109811
MULTI_BOUND_G,10,1,509,784.2911428214993
MULTI_BOUND_G,10,1,510,790.9417865759665
MULTI_BOUND_G,10,1,511,830.5473280917367
MULTI_BOUND_G,10,1,512,845.6174824125881
MULTI_BOUND_G,10,1,513,672.3701002089826
MULTI_BOUND_G,10,1,514,677.550531109327
MULTI_BOUND_G,10,1,515,704.0563405596437
MULTI_BOUND_G,10,1,516,710.1684236577605
MULTI_BOUND_G,10,1,517,706.193095341795
MULTI_BOUND_G,10,1,518,737.208503221131
MULTI_BOUND_G,10,1,519,739.2623082780749
MULTI_BOUND_G,10,1,520,738.8935122113355
MULTI_BOUND_G,10,1,521,699.6818543405243
MULTI_BOUND_G,10,1,522,704.4703005596111
MULTI_BOUND_G,10,1,523,708.9803104573273
MULTI_BOUND_G,10,1,524,731.9016683439387
MULTI_BOUND_G,10,1,525,733.8139529995135
MULTI_BOUND_G,10,1,526,744.0932283909262
MULTI_BOUND_G,10,1,527,751.4872435376919
MULTI_BOUND_G,10,1,528,738.8969964022713
MULTI_BOUND_G,10,1,529,715.9951603591269
MULTI_BOUND_G,10,1,530,724.8238728559975
MULTI_BOUND_G,10,1,531,743.0148474827926
MULTI_BOUND_G,10,1,532,745.346560345291
MULTI_BOUND_G,10,1,533,745.7804718987406
MULTI_BOUND_G,10,1,534,774.8145223036806
MULTI_BOUND_G,10,1,535,774.89206913111
MULTI_BOUND_G,10,1,536,779.3483355179685
MULTI_BOUND_G,10,1,537,718.2528057453849
MULTI_BOUND_G,10,1,538,733.4256520257512
MULTI_BOUND_G,10,1,539,734.3527077340079
MULTI_BOUND_G,10,1,540,753.4441447964343
MULTI_BOUND_G,10,1,541,761.4437433391679
MULTI_BOUND_G,10,1,542,763.3408836401829
MULTI_BOUND_G,10,1,543,776.5324097287805
MULTI_BOUND_G,10,1,544,782.768903315809
MULTI_BOUND_G,10,1,545,721.2394595164616
MULTI_BOUND_G,10,1,546,728.5633391931965
MULTI_BOUND_G,10,1,547,755.3818172025342
MULTI_BOUND_G,10,1,548,764.0937741398734
MULTI_BOUND_G,10,1,549,763.6631894186019
MULTI_BOUND_G,10,1,550,770.6477930631688
MULTI_BOUND_G,10,1,551,779.0809953380474
MULTI_BOUND_G,10,1,552,809.7739995137722
MULTI_BOUND_G,10,1,553,761.399313627503
MULTI_BOUND_G,10,1,554,755.3697806493153
MULTI_BOUND_G,10,1,555,770.160941205671
MULTI_BOUND_G,10,1,556,777.450557364658
MULTI_BOUND_G,10,1,557,799.0597729905098
MULTI_BOUND_G,10,1,558,796.4261868092476
MULTI_BOUND_G,10,1,559,805.831807207853
MULTI_BOUND_G,10,1,560,822.8309355461108
MULTI_BOUND_G,10,1,561,814.5297185351408
MULTI_BOUND_G,10,1,562,809.261265122617
MULTI_BOUND_G,10,1,563,818.1834954147475
MULTI_BOUND_G,10,1,564,829.5816834325329
MULTI_BOUND_G,10,1,565,846.5657928443022
MULTI_BOUND_G,10,1,566,848.1069240427942
MULTI_BOUND_G,10,1,567,859.6050418149673
MULTI_BOUND_G,10,1,568,878.5222218264566
MULTI_BOUND_G,10,1,569,791.4873922296849
MULTI_BOUND_G,10,1,570,803.7907967804242
MULTI_BOUND_G,10,1,571,815.3699320309022
MULTI_BOUND_G,10,1,572,824.5237435780049
MULTI_BOUND_G,10,1,573,820.7070944009376
MULTI_BOUND_G,10,1,574,848.9525662688966
MULTI_BOUND_G,10,1,575,861.5273570671243
MULTI_BOUND_G,10,1,576,873.3469976512308
MULTI_BOUND_G,10,1,577,819.5376231613876
MULTI_BOUND_G,10,1,578,832.4755816288798
MULTI_BOUND_G,10,1,579,854.0345943603652
MULTI_BOUND_G,10,1,580,857.1828634574915
MULTI_BOUND_G,10,1,581,854.1683374597291
MULTI_BOUND_G,10,1,582,857.0239475970232
MULTI_BOUND_G,10,1,583,876.3037508479192
MULTI_BOUND_G,10,1,584,911.6996434336447
MULTI_BOUND_G,10,1,585,648.9143338872861
MULTI_BOUND_G,10,1,586,665.0210528993125
MULTI_BOUND_G,10,1,587,682.9846057515614
MULTI_BOUND_G,10,1,588,679.5215753573291
MULTI_BOUND_G,10,1,589,684.3038396660193
MULTI_BOUND_G,10,1,590,706.8522168226534
MULTI_BOUND_G,10,1,591,723.626848832406
MULTI_BOUND_G,10,1,592,716.5640804601778
MULTI_BOUND_G,10,1,593,697.234134651711
MULTI_BOUND_G,10,1,594,701.2072708683809
MULTI_BOUND_G,10,1,595,693.7313473887029
MULTI_BOUND_G,10,1,596,710.1963202210952
MULTI_BOUND_G,10,1,597,717.2585146055359
MULTI_BOUND_G,10,1,598,730.8581196541622
MULTI_BOUND_G,10,1,599,731.9677760108568
MULTI_BOUND_G,10,1,600,739.8450211920002
MULTI_BOUND_G,10,1,601,699.7774961873819
MULTI_BOUND_G,10,1,602,705.6549853626266
MULTI_BOUND_G,10,1,603,731.8593702990382
MULTI_BOUND_G,10,1,604,725.910243296229
MULTI_BOUND_G,10,1,605,742.8592325853399
MULTI_BOUND_G,10,1,606,736.4064828327914
MULTI_BOUND_G,10,1,607,742.1352449934795
MULTI_BOUND_G,10,1,608,785.558022858133
MULTI_BOUND_G,10,1,609,728.0851623765922
MULTI_BOUND_G,10,1,610,726.2150085363269
MULTI_BOUND_G,10,1,611,759.7714027272533
MULTI_BOUND_G,10,1,612,760.0887425686394
MULTI_BOUND_G,10,1,613,760.4617670079142
MULTI_BOUND_G,10,1,614,784.9139548115152
MULTI_BOUND_G,10,1,615,791.8545610523854
MULTI_BOUND_G,10,1,616,799.5383946540344
MULTI_BOUND_G,10,1,617,721.8805378339296
MULTI_BOUND_G,10,1,618,733.9565206101227
MULTI_BOUND_G,10,1,619,734.0051377841928
MULTI_BOUND_G,10,1,620,754.6894674077033
MULTI_BOUND_G,10,1,621,749.4264277291456
MULTI_BOUND_G,10,1,622,776.3642767720355
MULTI_BOUND_G,10,1,623,785.424335525681
MULTI_BOUND_G,10,1,624,778.1572882970154
MULTI_BOUND_G,10,1,625,736.0111386746125
MULTI_BOUND_G,10,1,626,751.1839849549789
MULTI_BOUND_G,10,1,627,752.3384624377818
MULTI_BOUND_G,10,1,628,759.5745834572426
MULTI_BOUND_G,10,1,629,764.1518929850522
MULTI_BOUND_G,10,1,630,771.1924656911701
MULTI_BOUND_G,10,1,631,775.30447331268
MULTI_BOUND_G,10,1,632,791.5367293314487
MULTI_BOUND_G,10,1,633,788.2207796069831
MULTI_BOUND_G,10,1,634,781.5059356929689
MULTI_BOUND_G,10,1,635,792.1019782611361
MULTI_BOUND_G,10,1,636,796.2558717970442
MULTI_BOUND_G,10,1,637,803.2727445043753
MULTI_BOUND_G,10,1,638,813.206269175535
MULTI_BOUND_G,10,1,639,819.043971788077
MULTI_BOUND_G,10,1,640,823.706326012906
MULTI_BOUND_G,10,1,641,808.392692988634
MULTI_BOUND_G,10,1,642,812.2820289276342
MULTI_BOUND_G,10,1,643,828.6201046419505
MULTI_BOUND_G,10,1,644,827.2121417473566
MULTI_BOUND_G,10,1,645,843.8329366398525
MULTI_BOUND_G,10,1,646,841.6389636233882
MULTI_BOUND_G,10,1,647,868.5255809269454
MULTI_BOUND_G,10,1,648,868.1528361598272
MULTI_BOUND_G,10,1,649,849.8115265854689
MULTI_BOUND_G,10,1,650,860.3536061924067
MULTI_BOUND_G,10,1,651,853.1752203922337
MULTI_BOUND_G,10,1,652,860.9979861296499
MULTI_BOUND_G,10,1,653,880.8620080086296
MULTI_BOUND_G,10,1,654,892.4987832746299
MULTI_BOUND_G,10,1,655,895.2684353761118
MULTI_BOUND_G,10,1,656,901.4066090389986
MULTI_BOUND_G,10,1,657,839.1016207109496
MULTI_BOUND_G,10,1,658,857.0315781727899
MULTI_BOUND_G,10,1,659,860.8549182298168
MULTI_BOUND_G,10,1,660,859.0109642409359
MULTI_BOUND_G,10,1,661,880.8859343449676
MULTI_BOUND_G,10,1,662,908.7315774851405
MULTI_BOUND_G,10,1,663,906.1439653975276
MULTI_BOUND_G,10,1,664,911.7422243198071
MULTI_BOUND_G,10,1,665,863.5954174058811
MULTI_BOUND_G,10,1,666,872.6515516772979
MULTI_BOUND_G,10,1,667,873.5967461496605
MULTI_BOUND_G,10,1,668,892.9468173920452
MULTI_BOUND_G,10,1,669,893.3807289454949
MULTI_BOUND_G,10,1,670,911.2652071637308
MULTI_BOUND_G,10,1,671,922.4923261778642
MULTI_BOUND_G,10,1,672,940.9209611051274
MULTI_BOUND_G,10,1,673,867.7001642760949
MULTI_BOUND_G,10,1,674,865.9377630167392
MULTI_BOUND_G,10,1,675,884.1105988794284
MULTI_BOUND_G,10,1,676,901.0103333936252
MULTI_BOUND_G,10,1,677,902.9746141673086
MULTI_BOUND_G,10,1,678,910.9742127100421
MULTI_BOUND_G,10,1,679,912.8713530110572
MULTI_BOUND_G,10,1,680,921.1498004999792
MULTI_BOUND_G,10,1,681,883.3947458203654
MULTI_BOUND_G,10,1,682,890.8017363372646
MULTI_BOUND_G,10,1,683,925.2233442669219
MULTI_BOUND_G,10,1,684,917.6202143466023
MULTI_BOUND_G,10,1,685,926.5595930584875
MULTI_BOUND_G,10,1,686,925.9015865626698
MULTI_BOUND_G,10,1,687,932.886190207237
MULTI_BOUND_G,10,1,688,435.3534195649909
MULTI_BOUND_G,10,1,689,923.0864941238583
MULTI_BOUND_G,10,1,690,917.9011515514987
MULTI_BOUND_G,10,1,691,927.0508036181755
MULTI_BOUND_G,10,1,692,940.8683106488195
MULTI_BOUND_G,10,1,693,458.2747774516023
MULTI_BOUND_G,10,1,694,924.0113586572313
MULTI_BOUND_G,10,1,695,929.2749003977399
MULTI_BOUND_G,10,1,696,461.90194214037734
MULTI_BOUND_G,10,1,697,929.9130447023135
MULTI_BOUND_G,10,1,698,470.46633749858984
MULTI_BOUND_G,10,1,699,477.86035264535553
MULTI_BOUND_G,10,1,700,936.0637611974371
MULTI_BOUND_G,10,1,701,470.747460247462
MULTI_BOUND_G,10,1,702,917.0286599052331
MULTI_BOUND_G,10,1,703,923.6720091707928
MULTI_BOUND_G,10,1,704,467.09808941376696
MULTI_BOUND_G,10,1,705,932.0254603771024
MULTI_BOUND_G,10,1,706,933.1799378599053
MULTI_BOUND_G,10,1,707,455.3780791575132
MULTI_BOUND_G,10,1,708,470.396661488415
MULTI_BOUND_G,10,1,709,477.4588558728559
MULTI_BOUND_G,10,1,710,499.0680714987077
MULTI_BOUND_G,10,1,711,496.43448531744554
MULTI_BOUND_G,10,1,712,505.8401057160508
MULTI_BOUND_G,10,1,713,522.8392340543087
MULTI_BOUND_G,10,1,714,475.8099653619938
MULTI_BOUND_G,10,1,715,502.31577481231056
MULTI_BOUND_G,10,1,716,508.42785791042735
MULTI_BOUND_G,10,1,717,504.45252959446174
MULTI_BOUND_G,10,1,718,535.4679374737979
MULTI_BOUND_G,10,1,719,537.5217425307417
MULTI_BOUND_G,10,1,720,537.1529464640023
MULTI_BOUND_G,10,1,721,551.7463802338277
MULTI_BOUND_G,10,1,722,492.3242353970165
MULTI_BOUND_G,10,1,723,526.7458433266738
MULTI_BOUND_G,10,1,724,519.1427134063542
MULTI_BOUND_G,10,1,725,528.0820921182396
MULTI_BOUND_G,10,1,726,527.4240856224217
MULTI_BOUND_G,10,1,727,534.4086892669889
MULTI_BOUND_G,10,1,728,542.8418915418674
MULTI_BOUND_G,10,1,729,573.5348957175922
MULTI_BOUND_G,10,1,730,499.909850379637
MULTI_BOUND_G,10,1,731,523.5649684063083
MULTI_BOUND_G,10,1,732,532.7187799534108
MULTI_BOUND_G,10,1,733,528.9021307763435
MULTI_BOUND_G,10,1,734,557.1476026443027
MULTI_BOUND_G,10,1,735,573.1573579155149
MULTI_BOUND_G,10,1,736,569.7223934425303
MULTI_BOUND_G,10,1,737,581.5420340266369
MULTI_BOUND_G,10,1,738,533.0666058434787
MULTI_BOUND_G,10,1,739,534.2210833262816
MULTI_BOUND_G,10,1,740,551.1208178404784
MULTI_BOUND_G,10,1,741,553.0850986141616
MULTI_BOUND_G,10,1,742,561.0846971568953
MULTI_BOUND_G,10,1,743,562.9818374579104
MULTI_BOUND_G,10,1,744,576.173363546508
MULTI_BOUND_G,10,1,745,582.4098571335364
MULTI_BOUND_G,10,1,746,555.1561702280438
MULTI_BOUND_G,10,1,747,576.7151829595292
MULTI_BOUND_G,10,1,748,580.0908738312016
MULTI_BOUND_G,10,1,749,576.848926058893
MULTI_BOUND_G,10,1,750,579.7045361961871
MULTI_BOUND_G,10,1,751,598.9843394470831
MULTI_BOUND_G,10,1,752,619.3100777119573
MULTI_BOUND_G,10,1,753,634.3802320328089
MULTI_BOUND_G,10,1,754,571.3720948944355
MULTI_BOUND_G,10,1,755,580.5217469611122
MULTI_BOUND_G,10,1,756,594.3392539917563
MULTI_BOUND_G,10,1,757,591.6925132043513
MULTI_BOUND_G,10,1,758,608.6766226161205
MULTI_BOUND_G,10,1,759,610.2177538146127
MULTI_BOUND_G,10,1,760,621.7158715867856
MULTI_BOUND_G,10,1,761,640.6330515982752
MULTI_BOUND_G,10,1,762,589.7102491783669
MULTI_BOUND_G,10,1,763,596.3535984439263
MULTI_BOUND_G,10,1,764,609.9760884385798
MULTI_BOUND_G,10,1,765,625.1504928295852
MULTI_BOUND_G,10,1,766,630.0071045537306
MULTI_BOUND_G,10,1,767,657.8527476939036
MULTI_BOUND_G,10,1,768,655.2651356062906
MULTI_BOUND_G,10,1,769,677.4903214528013
MULTI_BOUND_G,10,1,770,596.5268508837783
MULTI_BOUND_G,10,1,771,598.4919616051006
MULTI_BOUND_G,10,1,772,603.0019715028168
MULTI_BOUND_G,10,1,773,625.9233293894282
MULTI_BOUND_G,10,1,774,629.5504940782034
MULTI_BOUND_G,10,1,775,638.1148894364158
MULTI_BOUND_G,10,1,776,645.5089045831814
MULTI_BOUND_G,10,1,777,638.3960121852881
MULTI_BOUND_G,10,1,778,480.91039731408955
MULTI_BOUND_G,10,1,779,489.96653158550635
MULTI_BOUND_G,10,1,780,510.2617973002536
MULTI_BOUND_G,10,1,781,510.69570885370337
MULTI_BOUND_G,10,1,782,539.7297592586433
MULTI_BOUND_G,10,1,783,539.8073060860727
MULTI_BOUND_G,10,1,784,558.2359410133358
MULTI_BOUND_G,10,1,785,544.2635724729312
MULTI_BOUND_G,10,1,786,497.7389468400247
MULTI_BOUND_G,10,1,787,514.066270603194
MULTI_BOUND_G,10,1,788,530.9660051173909
MULTI_BOUND_G,10,1,789,532.9302858910742
MULTI_BOUND_G,10,1,790,540.9298844338078
MULTI_BOUND_G,10,1,791,542.8270247348229
MULTI_BOUND_G,10,1,792,556.0185508234205
MULTI_BOUND_G,10,1,793,562.2550444104488
MULTI_BOUND_G,10,1,794,543.3181879953291
MULTI_BOUND_G,10,1,795,549.9615372608888
MULTI_BOUND_G,10,1,796,563.5455996486457
MULTI_BOUND_G,10,1,797,563.5840272555422
MULTI_BOUND_G,10,1,798,583.615043370693
MULTI_BOUND_G,10,1,799,611.4606865108659
MULTI_BOUND_G,10,1,800,608.873074423253
MULTI_BOUND_G,10,1,801,631.0982602697636
MULTI_BOUND_G,10,1,802,551.8994971378083
MULTI_BOUND_G,10,1,803,546.6310437252847
MULTI_BOUND_G,10,1,804,555.7806957919614
MULTI_BOUND_G,10,1,805,569.5982028226056
MULTI_BOUND_G,10,1,806,583.9355714469699
MULTI_BOUND_G,10,1,807,585.476702645462
MULTI_BOUND_G,10,1,808,596.9748204176349
MULTI_BOUND_G,10,1,809,615.8920004291244
MULTI_BOUND_G,10,1,810,563.448789717402
MULTI_BOUND_G,10,1,811,568.6292206177463
MULTI_BOUND_G,10,1,812,601.2471131661798
MULTI_BOUND_G,10,1,813,597.2717848502143
MULTI_BOUND_G,10,1,814,628.2871927295503
MULTI_BOUND_G,10,1,815,630.3409977864942
MULTI_BOUND_G,10,1,816,629.9722017197548
MULTI_BOUND_G,10,1,817,644.5656354895802
MULTI_BOUND_G,10,1,818,550.8225612142595
MULTI_BOUND_G,10,1,819,562.8985439904527
MULTI_BOUND_G,10,1,820,574.4776792409307
MULTI_BOUND_G,10,1,821,579.8148416109661
MULTI_BOUND_G,10,1,822,608.0603134789251
MULTI_BOUND_G,10,1,823,624.0700687501374
MULTI_BOUND_G,10,1,824,620.6351042771528
MULTI_BOUND_G,10,1,825,632.4547448612593
MULTI_BOUND_G,10,1,826,590.6828075098518
MULTI_BOUND_G,10,1,827,584.9923302317857
MULTI_BOUND_G,10,1,828,578.9627972535982
MULTI_BOUND_G,10,1,829,593.9813795845
MULTI_BOUND_G,10,1,830,622.6527895947925
MULTI_BOUND_G,10,1,831,620.0192034135305
MULTI_BOUND_G,10,1,832,629.4248238121356
MULTI_BOUND_G,10,1,833,646.4239521503937
MULTI_BOUND_G,10,1,834,565.030610517286
MULTI_BOUND_G,10,1,835,577.9685689847784
MULTI_BOUND_G,10,1,836,602.903272587936
MULTI_BOUND_G,10,1,837,599.6613248156274
MULTI_BOUND_G,10,1,838,602.5169349529215
MULTI_BOUND_G,10,1,839,621.7967382038175
MULTI_BOUND_G,10,1,840,642.1224764686917
MULTI_BOUND_G,10,1,841,657.1926307895433
MULTI_BOUND_G,10,1,842,671.6576315633865
MULTI_BOUND_G,10,1,843,672.5360976755885
MULTI_BOUND_G,10,1,844,673.6227422847091
MULTI_BOUND_G,10,1,845,701.0541100690366
MULTI_BOUND_G,10,1,846,704.6812747578117
MULTI_BOUND_G,10,1,847,713.245670116024
MULTI_BOUND_G,10,1,848,720.6396852627897
MULTI_BOUND_G,10,1,849,713.5267928648964
MULTI_BOUND_G,10,1,850,535.8261491243643
MULTI_BOUND_G,10,1,851,544.8822833957811
MULTI_BOUND_G,10,1,852,562.84583624803
MULTI_BOUND_G,10,1,853,565.1775491105284
MULTI_BOUND_G,10,1,854,594.645511068918
MULTI_BOUND_G,10,1,855,594.7230578963474
MULTI_BOUND_G,10,1,856,613.1516928236106
MULTI_BOUND_G,10,1,857,599.1793242832059
MULTI_BOUND_G,10,1,858,540.9904768466279
MULTI_BOUND_G,10,1,859,582.7359644530202
MULTI_BOUND_G,10,1,860,575.1328345327006
MULTI_BOUND_G,10,1,861,584.072213244586
MULTI_BOUND_G,10,1,862,583.414206748768
MULTI_BOUND_G,10,1,863,590.3988103933352
MULTI_BOUND_G,10,1,864,598.8320126682138
MULTI_BOUND_G,10,1,865,629.5250168439386
MULTI_BOUND_G,10,1,866,564.8557162580993
MULTI_BOUND_G,10,1,867,570.0361471584437
MULTI_BOUND_G,10,1,868,596.5419566087604
MULTI_BOUND_G,10,1,869,602.6540397068773
MULTI_BOUND_G,10,1,870,629.6941192702477
MULTI_BOUND_G,10,1,871,631.7479243271916
MULTI_BOUND_G,10,1,872,631.379128260452
MULTI_BOUND_G,10,1,873,645.9725620302775
MULTI_BOUND_G,10,2,0,336.26974280352727
MULTI_BOUND_G,10,2,1,8762.439711271705
MULTI_BOUND_G,10,2,2,4395.92009489738
MULTI_BOUND_G,10,2,3,2199.9254216840463
MULTI_BOUND_G,10,2,4,1112.6920585961507
MULTI_BOUND_G,10,2,5,549.386250685448
MULTI_BOUND_G,10,2,6,555.8454592506989
MULTI_BOUND_G,10,2,7,574.2148013082156
MULTI_BOUND_G,10,2,8,584.000636441538
MULTI_BOUND_G,10,2,9,587.1102466197786
MULTI_BOUND_G,10,2,10,565.7567000810209
MULTI_BOUND_G,10,2,11,639.4177738195299
MULTI_BOUND_G,10,2,12,543.8569090877564
MULTI_BOUND_G,10,2,13,594.1856417655008
MULTI_BOUND_G,10,2,14,577.9861963168619
MULTI_BOUND_G,10,2,15,618.9349176330577
MULTI_BOUND_G,10,2,16,629.1797503108692
MULTI_BOUND_G,10,2,17,648.6597226317217
MULTI_BOUND_G,10,2,18,650.4817576578703
MULTI_BOUND_G,10,2,19,622.6365096618227
MULTI_BOUND_G,10,2,20,641.5245864492945
MULTI_BOUND_G,10,2,21,654.2259068414726
MULTI_BOUND_G,10,2,22,639.032056563917
MULTI_BOUND_G,10,2,23,664.7380111583094
MULTI_BOUND_G,10,2,24,657.5925323306542
MULTI_BOUND_G,10,2,25,706.4133464163397
MULTI_BOUND_G,10,2,26,625.7736479076251
MULTI_BOUND_G,10,2,27,661.7980341378816
MULTI_BOUND_G,10,2,28,671.3341259720219
MULTI_BOUND_G,10,2,29,721.7949278441731
MULTI_BOUND_G,10,2,30,717.2037839730119
MULTI_BOUND_G,10,2,31,350.36730224753916
MULTI_BOUND_G,10,2,32,671.3155625455407
MULTI_BOUND_G,10,2,33,686.7203450091736
MULTI_BOUND_G,10,2,34,700.4727689544741
MULTI_BOUND_G,10,2,35,728.039322434802
MULTI_BOUND_G,10,2,36,356.0895202587144
MULTI_BOUND_G,10,2,37,726.4563560535165
MULTI_BOUND_G,10,2,38,745.2556427642223
MULTI_BOUND_G,10,2,39,728.9720846254561
MULTI_BOUND_G,10,2,40,365.6680427694838
MULTI_BOUND_G,10,2,41,384.79399865113135
MULTI_BOUND_G,10,2,42,387.6233788863623
MULTI_BOUND_G,10,2,43,653.0254062452434
MULTI_BOUND_G,10,2,44,636.7418481064774
MULTI_BOUND_G,10,2,45,652.5024134141297
MULTI_BOUND_G,10,2,46,665.9296942149164
MULTI_BOUND_G,10,2,47,672.0244003970522
MULTI_BOUND_G,10,2,48,661.1517041625436
MULTI_BOUND_G,10,2,49,718.1317965817232
MULTI_BOUND_G,10,2,50,666.1614537451796
MULTI_BOUND_G,10,2,51,665.445645765205
MULTI_BOUND_G,10,2,52,678.8627741373577
MULTI_BOUND_G,10,2,53,663.6689238598021
MULTI_BOUND_G,10,2,54,689.3748784541946
MULTI_BOUND_G,10,2,55,682.2293996265394
MULTI_BOUND_G,10,2,56,731.0502137122248
MULTI_BOUND_G,10,2,57,652.0814100802161
MULTI_BOUND_G,10,2,58,663.3042547572686
MULTI_BOUND_G,10,2,59,677.0566787025689
MULTI_BOUND_G,10,2,60,704.6232321828968
MULTI_BOUND_G,10,2,61,722.0679205935749
MULTI_BOUND_G,10,2,62,743.4747953329118
MULTI_BOUND_G,10,2,63,344.3814751327619
MULTI_BOUND_G,10,2,64,653.9466026509307
MULTI_BOUND_G,10,2,65,668.5821069601272
MULTI_BOUND_G,10,2,66,705.2557097803638
MULTI_BOUND_G,10,2,67,710.9779277915388
MULTI_BOUND_G,10,2,68,720.5564503023083
MULTI_BOUND_G,10,2,69,739.6824061839559
MULTI_BOUND_G,10,2,70,345.0732094987643
MULTI_BOUND_G,10,2,71,688.3711936578886
MULTI_BOUND_G,10,2,72,704.7803410689055
MULTI_BOUND_G,10,2,73,709.2454965826398
MULTI_BOUND_G,10,2,74,736.8687798442461
MULTI_BOUND_G,10,2,75,748.5454356275716
MULTI_BOUND_G,10,2,76,354.1673102660844
MULTI_BOUND_G,10,2,77,673.3534945308909
MULTI_BOUND_G,10,2,78,710.6230924179388
MULTI_BOUND_G,10,2,79,694.4236469692999
MULTI_BOUND_G,10,2,80,735.3723682854957
MULTI_BOUND_G,10,2,81,357.276920444325
MULTI_BOUND_G,10,2,82,663.4852920297353
MULTI_BOUND_G,10,2,83,658.5733561218045
MULTI_BOUND_G,10,2,84,680.1182291667837
MULTI_BOUND_G,10,2,85,710.4071425849767
MULTI_BOUND_G,10,2,86,716.1679162519131
MULTI_BOUND_G,10,2,87,731.9936693867562
MULTI_BOUND_G,10,2,88,737.8187839089376
MULTI_BOUND_G,10,2,89,409.58444764407636
MULTI_BOUND_G,10,2,90,617.0427119978015
MULTI_BOUND_G,10,2,91,623.5019205630524
MULTI_BOUND_G,10,2,92,641.8712626205688
MULTI_BOUND_G,10,2,93,642.5629969865713
MULTI_BOUND_G,10,2,94,651.6570977538914
MULTI_BOUND_G,10,2,95,633.4131613933744
MULTI_BOUND_G,10,2,96,707.0742351318834
MULTI_BOUND_G,10,2,97,599.1044588157359
MULTI_BOUND_G,10,2,98,632.6022451141409
MULTI_BOUND_G,10,2,99,669.2758479343772
MULTI_BOUND_G,10,2,100,674.9980659455525
MULTI_BOUND_G,10,2,101,684.576588456322
MULTI_BOUND_G,10,2,102,703.7025443379694
MULTI_BOUND_G,10,2,103,706.5319245732005
MULTI_BOUND_G,10,2,104,653.7447963381845
MULTI_BOUND_G,10,2,105,687.1645419525171
MULTI_BOUND_G,10,2,106,699.3052744025813
MULTI_BOUND_G,10,2,107,749.7660762747325
MULTI_BOUND_G,10,2,108,364.35287646281887
MULTI_BOUND_G,10,2,109,691.5559728355773
MULTI_BOUND_G,10,2,110,710.4440496230491
MULTI_BOUND_G,10,2,111,709.7282416430746
MULTI_BOUND_G,10,2,112,707.9515197376718
MULTI_BOUND_G,10,2,113,733.6574743320641
MULTI_BOUND_G,10,2,114,348.1534310141801
MULTI_BOUND_G,10,2,115,741.5227644754441
MULTI_BOUND_G,10,2,116,737.3408266888636
MULTI_BOUND_G,10,2,117,389.1021523303758
MULTI_BOUND_G,10,2,118,399.3469850081874
MULTI_BOUND_G,10,2,119,418.82695732903994
MULTI_BOUND_G,10,2,120,420.6489923551885
MULTI_BOUND_G,10,2,121,374.6103737147288
MULTI_BOUND_G,10,2,122,393.4984505022005
MULTI_BOUND_G,10,2,123,730.5031867086456
MULTI_BOUND_G,10,2,124,749.3654686978539
MULTI_BOUND_G,10,2,125,392.78264252222596
MULTI_BOUND_G,10,2,126,406.1997708943786
MULTI_BOUND_G,10,2,127,391.0059206168231
MULTI_BOUND_G,10,2,128,416.71187521121544
MULTI_BOUND_G,10,2,129,409.5663963835603
MULTI_BOUND_G,10,2,130,458.38721046924576
MULTI_BOUND_G,10,2,131,402.80820525044476
MULTI_BOUND_G,10,2,132,398.62626746386434
MULTI_BOUND_G,10,2,133,414.0310499274972
MULTI_BOUND_G,10,2,134,427.78347387279763
MULTI_BOUND_G,10,2,135,455.35002735312554
MULTI_BOUND_G,10,2,136,472.7947157638035
MULTI_BOUND_G,10,2,137,494.20159050314044
MULTI_BOUND_G,10,2,138,491.85511285741063
MULTI_BOUND_G,10,2,139,382.65408569481974
MULTI_BOUND_G,10,2,140,418.6784719250761
MULTI_BOUND_G,10,2,141,416.0738313091522
MULTI_BOUND_G,10,2,142,428.21456375921645
MULTI_BOUND_G,10,2,143,478.6753656313676
MULTI_BOUND_G,10,2,144,474.0842217602065
MULTI_BOUND_G,10,2,145,509.1433991121844
MULTI_BOUND_G,10,2,146,509.980409703931
MULTI_BOUND_G,10,2,147,453.22110541291687
MULTI_BOUND_G,10,2,148,472.0203921236225
MULTI_BOUND_G,10,2,149,455.73683398485645
MULTI_BOUND_G,10,2,150,471.4973992925087
MULTI_BOUND_G,10,2,151,484.9246800932955
MULTI_BOUND_G,10,2,152,491.0193862754313
MULTI_BOUND_G,10,2,153,480.1466900409228
MULTI_BOUND_G,10,2,154,537.1267824601022
MULTI_BOUND_G,10,2,155,484.01076083731414
MULTI_BOUND_G,10,2,156,481.6743175911959
MULTI_BOUND_G,10,2,157,500.419908248331
MULTI_BOUND_G,10,2,158,504.8850637620653
MULTI_BOUND_G,10,2,159,532.5083470236716
MULTI_BOUND_G,10,2,160,544.1850028069971
MULTI_BOUND_G,10,2,161,540.0513034200671
MULTI_BOUND_G,10,2,162,555.1141224540331
MULTI_BOUND_G,10,2,163,471.8385173777416
MULTI_BOUND_G,10,2,164,485.15515531790203
MULTI_BOUND_G,10,2,165,480.2432194099712
MULTI_BOUND_G,10,2,166,501.78809245495046
MULTI_BOUND_G,10,2,167,532.0770058731434
MULTI_BOUND_G,10,2,168,537.8377795400797
MULTI_BOUND_G,10,2,169,553.6635326749229
MULTI_BOUND_G,10,2,170,559.4886471971042
MULTI_BOUND_G,10,2,171,416.2702854161479
MULTI_BOUND_G,10,2,172,432.78309215056095
MULTI_BOUND_G,10,2,173,438.3219111375516
MULTI_BOUND_G,10,2,174,468.386152401672
MULTI_BOUND_G,10,2,175,477.4488008249322
MULTI_BOUND_G,10,2,176,477.69169713297975
MULTI_BOUND_G,10,2,177,500.628373539593
MULTI_BOUND_G,10,2,178,495.3995852334465
MULTI_BOUND_G,10,2,179,475.9078181534644
MULTI_BOUND_G,10,2,180,531.6862568485928
MULTI_BOUND_G,10,2,181,515.4026987098268
MULTI_BOUND_G,10,2,182,531.163264017479
MULTI_BOUND_G,10,2,183,544.5905448182658
MULTI_BOUND_G,10,2,184,550.6852510004016
MULTI_BOUND_G,10,2,185,539.8125547658931
MULTI_BOUND_G,10,2,186,596.7926471850726
MULTI_BOUND_G,10,2,187,496.3925195485533
MULTI_BOUND_G,10,2,188,544.822304348529
MULTI_BOUND_G,10,2,189,544.1064963685544
MULTI_BOUND_G,10,2,190,557.5236247407071
MULTI_BOUND_G,10,2,191,542.3297744631516
MULTI_BOUND_G,10,2,192,568.035729057544
MULTI_BOUND_G,10,2,193,560.8902502298888
MULTI_BOUND_G,10,2,194,609.7110643155743
MULTI_BOUND_G,10,2,195,530.7422606835655
MULTI_BOUND_G,10,2,196,541.9651053606179
MULTI_BOUND_G,10,2,197,555.4306635130747
MULTI_BOUND_G,10,2,198,555.7175293059184
MULTI_BOUND_G,10,2,199,583.2840827862462
MULTI_BOUND_G,10,2,200,600.7287711969243
MULTI_BOUND_G,10,2,201,622.1356459362612
MULTI_BOUND_G,10,2,202,619.7891682905315
MULTI_BOUND_G,10,2,203,532.6074532542801
MULTI_BOUND_G,10,2,204,556.8064747560076
MULTI_BOUND_G,10,2,205,547.2429575634767
MULTI_BOUND_G,10,2,206,583.9165603837131
MULTI_BOUND_G,10,2,207,589.6387783948884
MULTI_BOUND_G,10,2,208,599.2173009056578
MULTI_BOUND_G,10,2,209,618.3432567873053
MULTI_BOUND_G,10,2,210,621.1726370225363
MULTI_BOUND_G,10,2,211,567.0320442612381
MULTI_BOUND_G,10,2,212,576.6133935060515
MULTI_BOUND_G,10,2,213,583.441191672255
MULTI_BOUND_G,10,2,214,587.9063471859893
MULTI_BOUND_G,10,2,215,615.5296304475955
MULTI_BOUND_G,10,2,216,627.206286230921
MULTI_BOUND_G,10,2,217,623.0725868439911
MULTI_BOUND_G,10,2,218,638.135405877957
MULTI_BOUND_G,10,2,219,552.0143451342403
MULTI_BOUND_G,10,2,220,581.0200263553278
MULTI_BOUND_G,10,2,221,589.2839430212881
MULTI_BOUND_G,10,2,222,573.0844975726493
MULTI_BOUND_G,10,2,223,614.0332188888451
MULTI_BOUND_G,10,2,224,624.2780515666566
MULTI_BOUND_G,10,2,225,643.7580238875091
MULTI_BOUND_G,10,2,226,645.5800589136577
MULTI_BOUND_G,10,2,227,542.1461426330848
MULTI_BOUND_G,10,2,228,537.234206725154
MULTI_BOUND_G,10,2,229,557.6705186507318
MULTI_BOUND_G,10,2,230,558.7790797701332
MULTI_BOUND_G,10,2,231,589.0679931883261
MULTI_BOUND_G,10,2,232,594.8287668552625
MULTI_BOUND_G,10,2,233,610.6545199901057
MULTI_BOUND_G,10,2,234,616.479634512287
MULTI_BOUND_G,10,2,235,658.8931755343056
MULTI_BOUND_G,10,2,236,656.2885349183814
MULTI_BOUND_G,10,2,237,685.5834923221539
MULTI_BOUND_G,10,2,238,668.4292673684458
MULTI_BOUND_G,10,2,239,718.8900692405969
MULTI_BOUND_G,10,2,240,714.2989253694359
MULTI_BOUND_G,10,2,241,749.3581027214136
MULTI_BOUND_G,10,2,242,348.9148729457511
MULTI_BOUND_G,10,2,243,490.54817797613157
MULTI_BOUND_G,10,2,244,509.4104599653398
MULTI_BOUND_G,10,2,245,533.6094814670673
MULTI_BOUND_G,10,2,246,524.0459642745363
MULTI_BOUND_G,10,2,247,560.7195670947729
MULTI_BOUND_G,10,2,248,576.0203076167174
MULTI_BOUND_G,10,2,249,595.146263498365
MULTI_BOUND_G,10,2,250,597.9756437335959
MULTI_BOUND_G,10,2,251,488.8745842606541
MULTI_BOUND_G,10,2,252,526.240825166429
MULTI_BOUND_G,10,2,253,532.7000337316799
MULTI_BOUND_G,10,2,254,551.7611101551989
MULTI_BOUND_G,10,2,255,560.8552109225191
MULTI_BOUND_G,10,2,256,563.9648211007597
MULTI_BOUND_G,10,2,257,542.611274562002
MULTI_BOUND_G,10,2,258,616.2723483005111
MULTI_BOUND_G,10,2,259,513.7964845175868
MULTI_BOUND_G,10,2,260,526.8556193082834
MULTI_BOUND_G,10,2,261,555.8613005293709
MULTI_BOUND_G,10,2,262,564.1252171953312
MULTI_BOUND_G,10,2,263,547.9257717466924
MULTI_BOUND_G,10,2,264,599.1193257406997
MULTI_BOUND_G,10,2,265,618.5992980615522
MULTI_BOUND_G,10,2,266,620.4213330877008
MULTI_BOUND_G,10,2,267,568.2231495753156
MULTI_BOUND_G,10,2,268,565.8733938841347
MULTI_BOUND_G,10,2,269,584.7359563097287
MULTI_BOUND_G,10,2,270,590.2747752967193
MULTI_BOUND_G,10,2,271,629.4016649841001
MULTI_BOUND_G,10,2,272,629.6445612921475
MULTI_BOUND_G,10,2,273,652.5812376987608
MULTI_BOUND_G,10,2,274,647.3524493926143
MULTI_BOUND_G,10,2,275,561.2682163513568
MULTI_BOUND_G,10,2,276,590.8099243638607
MULTI_BOUND_G,10,2,277,608.982193171358
MULTI_BOUND_G,10,2,278,622.3993215435107
MULTI_BOUND_G,10,2,279,607.2054712659551
MULTI_BOUND_G,10,2,280,632.9114258603474
MULTI_BOUND_G,10,2,281,625.7659470326923
MULTI_BOUND_G,10,2,282,674.5867611183778
MULTI_BOUND_G,10,2,283,575.732963929846
MULTI_BOUND_G,10,2,284,611.7573501601025
MULTI_BOUND_G,10,2,285,609.1527095441786
MULTI_BOUND_G,10,2,286,638.4476669479509
MULTI_BOUND_G,10,2,287,621.2934419942428
MULTI_BOUND_G,10,2,288,667.1630999952329
MULTI_BOUND_G,10,2,289,702.2222773472108
MULTI_BOUND_G,10,2,290,703.0592879389574
MULTI_BOUND_G,10,2,291,643.7244158687813
MULTI_BOUND_G,10,2,292,680.703567853204
MULTI_BOUND_G,10,2,293,683.2192964251437
MULTI_BOUND_G,10,2,294,698.979861732796
MULTI_BOUND_G,10,2,295,712.4071425335827
MULTI_BOUND_G,10,2,296,718.5018487157186
MULTI_BOUND_G,10,2,297,707.62915248121
MULTI_BOUND_G,10,2,298,342.7916486693276
MULTI_BOUND_G,10,2,299,708.4336199430488
MULTI_BOUND_G,10,2,300,706.0971766969304
MULTI_BOUND_G,10,2,301,718.0149691878621
MULTI_BOUND_G,10,2,302,724.8427673540657
MULTI_BOUND_G,10,2,303,729.3079228677998
MULTI_BOUND_G,10,2,304,364.1985234086645
MULTI_BOUND_G,10,2,305,702.0259978043097
MULTI_BOUND_G,10,2,306,715.34263574447
MULTI_BOUND_G,10,2,307,710.4306998365392
MULTI_BOUND_G,10,2,308,730.867011762117
MULTI_BOUND_G,10,2,309,731.9755728815185
MULTI_BOUND_G,10,2,310,361.8520457629347
MULTI_BOUND_G,10,2,311,448.44221336725155
MULTI_BOUND_G,10,2,312,446.09245767607064
MULTI_BOUND_G,10,2,313,464.9550201016647
MULTI_BOUND_G,10,2,314,470.4938390886553
MULTI_BOUND_G,10,2,315,500.55808035277573
MULTI_BOUND_G,10,2,316,509.62072877603595
MULTI_BOUND_G,10,2,317,532.8003014906967
MULTI_BOUND_G,10,2,318,527.5715131845502
MULTI_BOUND_G,10,2,319,500.7926332536149
MULTI_BOUND_G,10,2,320,544.6180827246408
MULTI_BOUND_G,10,2,321,562.9874247821574
MULTI_BOUND_G,10,2,322,563.6791591481597
MULTI_BOUND_G,10,2,323,572.7732599154798
MULTI_BOUND_G,10,2,324,575.8828700937205
MULTI_BOUND_G,10,2,325,554.5293235549627
MULTI_BOUND_G,10,2,326,628.1903972934717
MULTI_BOUND_G,10,2,327,550.0814829678413
MULTI_BOUND_G,10,2,328,545.8995451812609
MULTI_BOUND_G,10,2,329,561.3043276448939
MULTI_BOUND_G,10,2,330,574.7698857973505
MULTI_BOUND_G,10,2,331,575.0567515901944
MULTI_BOUND_G,10,2,332,602.6233050705223
MULTI_BOUND_G,10,2,333,641.474868220537
MULTI_BOUND_G,10,2,334,639.1283905748073
MULTI_BOUND_G,10,2,335,519.9033096703301
MULTI_BOUND_G,10,2,336,549.4450176828341
MULTI_BOUND_G,10,2,337,568.3330944703059
MULTI_BOUND_G,10,2,338,567.6172864903313
MULTI_BOUND_G,10,2,339,581.034414862484
MULTI_BOUND_G,10,2,340,591.5465191793209
MULTI_BOUND_G,10,2,341,584.4010403516656
MULTI_BOUND_G,10,2,342,633.2218544373511
MULTI_BOUND_G,10,2,343,530.6549391551151
MULTI_BOUND_G,10,2,344,549.5172211443235
MULTI_BOUND_G,10,2,345,573.7162426460509
MULTI_BOUND_G,10,2,346,564.1527254535201
MULTI_BOUND_G,10,2,347,600.8263282737564
MULTI_BOUND_G,10,2,348,606.5485462849317
MULTI_BOUND_G,10,2,349,635.2530246773485
MULTI_BOUND_G,10,2,350,638.0824049125797
MULTI_BOUND_G,10,2,351,558.3121179440391
MULTI_BOUND_G,10,2,352,571.3712527347357
MULTI_BOUND_G,10,2,353,600.3769339558232
MULTI_BOUND_G,10,2,354,608.6408506217836
MULTI_BOUND_G,10,2,355,592.4414051731446
MULTI_BOUND_G,10,2,356,633.3901264893404
MULTI_BOUND_G,10,2,357,663.1149314880045
MULTI_BOUND_G,10,2,358,664.936966514153
MULTI_BOUND_G,10,2,359,604.7975845824863
MULTI_BOUND_G,10,2,360,602.4611413363681
MULTI_BOUND_G,10,2,361,614.3789338272998
MULTI_BOUND_G,10,2,362,621.2067319935032
MULTI_BOUND_G,10,2,363,625.6718875072374
MULTI_BOUND_G,10,2,364,653.2951707688437
MULTI_BOUND_G,10,2,365,664.9718265521692
MULTI_BOUND_G,10,2,366,666.6999930381181
MULTI_BOUND_G,10,2,367,581.3375252661898
MULTI_BOUND_G,10,2,368,594.6541632063504
MULTI_BOUND_G,10,2,369,589.7422272984194
MULTI_BOUND_G,10,2,370,610.1785392239974
MULTI_BOUND_G,10,2,371,611.2871003433988
MULTI_BOUND_G,10,2,372,641.5760137615916
MULTI_BOUND_G,10,2,373,647.336787428528
MULTI_BOUND_G,10,2,374,662.8404244651806
MULTI_BOUND_G,10,2,375,642.0148472386551
MULTI_BOUND_G,10,2,376,678.0392334689116
MULTI_BOUND_G,10,2,377,675.4345928529876
MULTI_BOUND_G,10,2,378,704.7295502567599
MULTI_BOUND_G,10,2,379,687.5753253030518
MULTI_BOUND_G,10,2,380,738.0361271752031
MULTI_BOUND_G,10,2,381,358.48790191305415
MULTI_BOUND_G,10,2,382,460.72364469448735
MULTI_BOUND_G,10,2,383,458.3738890033063
MULTI_BOUND_G,10,2,384,477.2364514289004
MULTI_BOUND_G,10,2,385,512.8395116800116
MULTI_BOUND_G,10,2,386,521.9021601032716
MULTI_BOUND_G,10,2,387,522.1450564113193
MULTI_BOUND_G,10,2,388,545.0817328179324
MULTI_BOUND_G,10,2,389,539.852944511786
MULTI_BOUND_G,10,2,390,498.1991766370129
MULTI_BOUND_G,10,2,391,535.5654175427878
MULTI_BOUND_G,10,2,392,560.3939681655553
MULTI_BOUND_G,10,2,393,561.0857025315577
MULTI_BOUND_G,10,2,394,570.1798032988778
MULTI_BOUND_G,10,2,395,573.2894134771184
MULTI_BOUND_G,10,2,396,551.9358669383607
MULTI_BOUND_G,10,2,397,625.5969406768697
MULTI_BOUND_G,10,2,398,547.6656065047713
MULTI_BOUND_G,10,2,399,543.4836687181909
MULTI_BOUND_G,10,2,400,558.8884511818237
MULTI_BOUND_G,10,2,401,572.3540093342804
MULTI_BOUND_G,10,2,402,600.2074286074521
MULTI_BOUND_G,10,2,403,617.65211701813
MULTI_BOUND_G,10,2,404,639.0589917574669
MULTI_BOUND_G,10,2,405,636.7125141117372
MULTI_BOUND_G,10,2,406,527.8534323943235
MULTI_BOUND_G,10,2,407,546.7157143835318
MULTI_BOUND_G,10,2,408,570.9147358852592
MULTI_BOUND_G,10,2,409,598.0248215129648
MULTI_BOUND_G,10,2,410,603.7470395241401
MULTI_BOUND_G,10,2,411,613.3255620349096
MULTI_BOUND_G,10,2,412,632.4515179165569
MULTI_BOUND_G,10,2,413,635.280898151788
MULTI_BOUND_G,10,2,414,555.4903063259794
MULTI_BOUND_G,10,2,415,568.549441116676
MULTI_BOUND_G,10,2,416,597.5551223377636
MULTI_BOUND_G,10,2,417,605.8190390037239
MULTI_BOUND_G,10,2,418,630.5683148712808
MULTI_BOUND_G,10,2,419,640.8131475490923
MULTI_BOUND_G,10,2,420,660.2931198699448
MULTI_BOUND_G,10,2,421,662.1151548960934
MULTI_BOUND_G,10,2,422,537.5032054494502
MULTI_BOUND_G,10,2,423,574.4823574338731
MULTI_BOUND_G,10,2,424,593.2816441445789
MULTI_BOUND_G,10,2,425,592.758651313465
MULTI_BOUND_G,10,2,426,606.1859321142517
MULTI_BOUND_G,10,2,427,612.2806382963875
MULTI_BOUND_G,10,2,428,601.4079420618791
MULTI_BOUND_G,10,2,429,658.3880344810584
MULTI_BOUND_G,10,2,430,610.8105692338288
MULTI_BOUND_G,10,2,431,608.4741259877104
MULTI_BOUND_G,10,2,432,620.3919184786421
MULTI_BOUND_G,10,2,433,627.2197166448457
MULTI_BOUND_G,10,2,434,659.308155420186
MULTI_BOUND_G,10,2,435,670.9848112035115
MULTI_BOUND_G,10,2,436,666.8511118165818
MULTI_BOUND_G,10,2,437,681.9139308505478
MULTI_BOUND_G,10,2,438,594.8049447312386
MULTI_BOUND_G,10,2,439,608.1215826713992
MULTI_BOUND_G,10,2,440,603.2096467634683
MULTI_BOUND_G,10,2,441,623.6459586890462
MULTI_BOUND_G,10,2,442,655.0434332266406
MULTI_BOUND_G,10,2,443,660.8042068935769
MULTI_BOUND_G,10,2,444,676.6299600284199
MULTI_BOUND_G,10,2,445,682.4550745506015
MULTI_BOUND_G,10,2,446,639.1637100367162
MULTI_BOUND_G,10,2,447,675.1880962669727
MULTI_BOUND_G,10,2,448,672.5834556510488
MULTI_BOUND_G,10,2,449,701.8784130548211
MULTI_BOUND_G,10,2,450,735.1849899732642
MULTI_BOUND_G,10,2,451,357.0623333120847
MULTI_BOUND_G,10,2,452,439.8036909452597
MULTI_BOUND_G,10,2,453,477.1699318510348
MULTI_BOUND_G,10,2,454,483.62914041628557
MULTI_BOUND_G,10,2,455,501.99848247380214
MULTI_BOUND_G,10,2,456,511.78431760712476
MULTI_BOUND_G,10,2,457,514.8939277853653
MULTI_BOUND_G,10,2,458,493.54038124660764
MULTI_BOUND_G,10,2,459,567.2014549851167
MULTI_BOUND_G,10,2,460,471.64059025334313
MULTI_BOUND_G,10,2,461,513.7054062651271
MULTI_BOUND_G,10,2,462,521.9693229310874
MULTI_BOUND_G,10,2,463,505.76987748244863
MULTI_BOUND_G,10,2,464,546.7185987986443
MULTI_BOUND_G,10,2,465,556.9634314764558
MULTI_BOUND_G,10,2,466,576.4434037973084
MULTI_BOUND_G,10,2,467,578.2654388234571
MULTI_BOUND_G,10,2,468,545.1844263184324
MULTI_BOUND_G,10,2,469,564.0469887440266
MULTI_BOUND_G,10,2,470,569.5858077310172
MULTI_BOUND_G,10,2,471,599.6500489951377
MULTI_BOUND_G,10,2,472,608.7126974183977
MULTI_BOUND_G,10,2,473,608.9555937264454
MULTI_BOUND_G,10,2,474,631.8922701330586
MULTI_BOUND_G,10,2,475,626.6634818269122
MULTI_BOUND_G,10,2,476,520.8784828149055
MULTI_BOUND_G,10,2,477,550.4201908274093
MULTI_BOUND_G,10,2,478,569.3082676148811
MULTI_BOUND_G,10,2,479,582.0095880070593
MULTI_BOUND_G,10,2,480,566.8157377295038
MULTI_BOUND_G,10,2,481,592.5216923238961
MULTI_BOUND_G,10,2,482,585.3762134962408
MULTI_BOUND_G,10,2,483,634.1970275819262
MULTI_BOUND_G,10,2,484,553.5573290732118
MULTI_BOUND_G,10,2,485,589.5817153034683
MULTI_BOUND_G,10,2,486,616.2720320913165
MULTI_BOUND_G,10,2,487,599.1178071376087
MULTI_BOUND_G,10,2,488,649.5786090097597
MULTI_BOUND_G,10,2,489,644.9874651385987
MULTI_BOUND_G,10,2,490,680.0466424905765
MULTI_BOUND_G,10,2,491,680.883653082323
MULTI_BOUND_G,10,2,492,599.0992437111273
MULTI_BOUND_G,10,2,493,614.5040261747603
MULTI_BOUND_G,10,2,494,627.969584327217
MULTI_BOUND_G,10,2,495,628.2564501200607
MULTI_BOUND_G,10,2,496,655.8230036003886
MULTI_BOUND_G,10,2,497,673.2676920110664
MULTI_BOUND_G,10,2,498,694.6745667504034
MULTI_BOUND_G,10,2,499,692.3280891046736
MULTI_BOUND_G,10,2,500,617.2608852346805
MULTI_BOUND_G,10,2,501,654.2400372191032
MULTI_BOUND_G,10,2,502,673.0393239298089
MULTI_BOUND_G,10,2,503,656.7557657910429
MULTI_BOUND_G,10,2,504,685.9436118994819
MULTI_BOUND_G,10,2,505,692.0383180816177
MULTI_BOUND_G,10,2,506,681.1656218471092
MULTI_BOUND_G,10,2,507,738.1457142662887
MULTI_BOUND_G,10,2,508,675.0718083474509
MULTI_BOUND_G,10,2,509,686.9896008383826
MULTI_BOUND_G,10,2,510,693.8173990045859
MULTI_BOUND_G,10,2,511,698.2825545183202
MULTI_BOUND_G,10,2,512,725.9058377799265
MULTI_BOUND_G,10,2,513,737.582493563252
MULTI_BOUND_G,10,2,514,733.448794176322
MULTI_BOUND_G,10,2,515,348.68583923392464
MULTI_BOUND_G,10,2,516,681.3523452167514
MULTI_BOUND_G,10,2,517,694.668983156912
MULTI_BOUND_G,10,2,518,710.193359174559
MULTI_BOUND_G,10,2,519,711.3019202939604
MULTI_BOUND_G,10,2,520,351.5152194691556
MULTI_BOUND_G,10,2,521,504.95780091908
MULTI_BOUND_G,10,2,522,542.3240418248549
MULTI_BOUND_G,10,2,523,548.7832503901059
MULTI_BOUND_G,10,2,524,567.1525924476224
MULTI_BOUND_G,10,2,525,567.8443268136248
MULTI_BOUND_G,10,2,526,576.9384275809449
MULTI_BOUND_G,10,2,527,558.6944912204278
MULTI_BOUND_G,10,2,528,632.3555649589368
MULTI_BOUND_G,10,2,529,524.3857886427895
MULTI_BOUND_G,10,2,530,567.4470921337252
MULTI_BOUND_G,10,2,531,557.8835749411944
MULTI_BOUND_G,10,2,532,594.5571777614307
MULTI_BOUND_G,10,2,533,600.279395772606
MULTI_BOUND_G,10,2,534,609.8579182833755
MULTI_BOUND_G,10,2,535,628.9838741650229
MULTI_BOUND_G,10,2,536,631.813254400254
MULTI_BOUND_G,10,2,537,610.6953170251302
MULTI_BOUND_G,10,2,538,608.3455613339493
MULTI_BOUND_G,10,2,539,632.7469427465339
MULTI_BOUND_G,10,2,540,662.8111840106544
MULTI_BOUND_G,10,2,541,671.8738324339147
MULTI_BOUND_G,10,2,542,672.1167287419621
MULTI_BOUND_G,10,2,543,695.0534051485754
MULTI_BOUND_G,10,2,544,689.8246168424289
MULTI_BOUND_G,10,2,545,579.0261261652381
MULTI_BOUND_G,10,2,546,612.4458717795706
MULTI_BOUND_G,10,2,547,641.7408291833428
MULTI_BOUND_G,10,2,548,624.586604229635
MULTI_BOUND_G,10,2,549,675.047406101786
MULTI_BOUND_G,10,2,550,670.456262230625
MULTI_BOUND_G,10,2,551,705.5154395826028
MULTI_BOUND_G,10,2,552,706.3524501743493
MULTI_BOUND_G,10,2,553,587.295594650127
MULTI_BOUND_G,10,2,554,616.8373026626308
MULTI_BOUND_G,10,2,555,635.7253794501025
MULTI_BOUND_G,10,2,556,635.0095714701281
MULTI_BOUND_G,10,2,557,633.2328495647253
MULTI_BOUND_G,10,2,558,658.9388041591176
MULTI_BOUND_G,10,2,559,651.7933253314625
MULTI_BOUND_G,10,2,560,700.614139417148
MULTI_BOUND_G,10,2,561,666.8040943024976
MULTI_BOUND_G,10,2,562,662.622156515917
MULTI_BOUND_G,10,2,563,691.4924971320065
MULTI_BOUND_G,10,2,564,691.7793629248504
MULTI_BOUND_G,10,2,565,719.3459164051783
MULTI_BOUND_G,10,2,566,351.74281724390255
MULTI_BOUND_G,10,2,567,682.1164183735543
MULTI_BOUND_G,10,2,568,719.0955703579771
MULTI_BOUND_G,10,2,569,737.8948570686828
MULTI_BOUND_G,10,2,570,721.6112989299168
MULTI_BOUND_G,10,2,571,737.3718642375691
MULTI_BOUND_G,10,2,572,361.98764992171414
MULTI_BOUND_G,10,2,573,742.9718176108531
MULTI_BOUND_G,10,2,574,381.4676222425667
MULTI_BOUND_G,10,2,575,383.2896572687153
MULTI_BOUND_G,10,2,576,598.7310679746209
MULTI_BOUND_G,10,2,577,617.5933499638293
MULTI_BOUND_G,10,2,578,641.7923714655567
MULTI_BOUND_G,10,2,579,632.228854273026
MULTI_BOUND_G,10,2,580,668.9024570932622
MULTI_BOUND_G,10,2,581,674.6246751044375
MULTI_BOUND_G,10,2,582,684.203197615207
MULTI_BOUND_G,10,2,583,704.933101052866
MULTI_BOUND_G,10,2,584,600.7484633400682
MULTI_BOUND_G,10,2,585,638.1147042458431
MULTI_BOUND_G,10,2,586,644.573912811094
MULTI_BOUND_G,10,2,587,662.9432548686104
MULTI_BOUND_G,10,2,588,663.6349892346129
MULTI_BOUND_G,10,2,589,675.8387001801736
MULTI_BOUND_G,10,2,590,653.2597209621965
MULTI_BOUND_G,10,2,591,728.146227379925
MULTI_BOUND_G,10,2,592,646.1919324044136
MULTI_BOUND_G,10,2,593,643.8421767132326
MULTI_BOUND_G,10,2,594,662.7047391388267
MULTI_BOUND_G,10,2,595,668.2435581258173
MULTI_BOUND_G,10,2,596,698.3077993899378
MULTI_BOUND_G,10,2,597,707.3704478131979
MULTI_BOUND_G,10,2,598,707.6133441212455
MULTI_BOUND_G,10,2,599,336.47793240002704
MULTI_BOUND_G,10,2,600,632.3519799840052
MULTI_BOUND_G,10,2,601,645.4111147747017
MULTI_BOUND_G,10,2,602,674.4167959957892
MULTI_BOUND_G,10,2,603,682.6807126617496
MULTI_BOUND_G,10,2,604,666.4812672131106
MULTI_BOUND_G,10,2,605,707.4299885293065
MULTI_BOUND_G,10,2,606,717.6748212071179
MULTI_BOUND_G,10,2,607,343.3057305662305
MULTI_BOUND_G,10,2,608,661.249174954643
MULTI_BOUND_G,10,2,609,690.7908829671468
MULTI_BOUND_G,10,2,610,709.6789597546185
MULTI_BOUND_G,10,2,611,708.9631517746438
MULTI_BOUND_G,10,2,612,722.3802801467966
MULTI_BOUND_G,10,2,613,707.186429869241
MULTI_BOUND_G,10,2,614,347.7708860799648
MULTI_BOUND_G,10,2,615,714.1067984978345
MULTI_BOUND_G,10,2,616,709.9248607112539
MULTI_BOUND_G,10,2,617,725.3296431748868
MULTI_BOUND_G,10,2,618,738.7952013273434
MULTI_BOUND_G,10,2,619,375.394169341571
MULTI_BOUND_G,10,2,620,699.1806936623399
MULTI_BOUND_G,10,2,621,735.2050798925964
MULTI_BOUND_G,10,2,622,732.6004392766722
MULTI_BOUND_G,10,2,623,387.0708251248965
MULTI_BOUND_G,10,2,624,724.0153700060596
MULTI_BOUND_G,10,2,625,382.93712573796677
MULTI_BOUND_G,10,2,626,397.9999447719326
MULTI_BOUND_G,10,2,627,501.73078504208553
MULTI_BOUND_G,10,2,628,549.9161339392565
MULTI_BOUND_G,10,2,629,556.3753425045074
MULTI_BOUND_G,10,2,630,562.4844212404196
MULTI_BOUND_G,10,2,631,560.5882266659416
MULTI_BOUND_G,10,2,632,571.2701840825528
MULTI_BOUND_G,10,2,633,573.2956102160435
MULTI_BOUND_G,10,2,634,626.0956496329958
MULTI_BOUND_G,10,2,635,561.9845435585564
MULTI_BOUND_G,10,2,636,560.1954860871682
MULTI_BOUND_G,10,2,637,593.2302515789445
MULTI_BOUND_G,10,2,638,598.4612687959583
MULTI_BOUND_G,10,2,639,596.113830787662
MULTI_BOUND_G,10,2,640,624.8022887822533
MULTI_BOUND_G,10,2,641,647.3073847816693
MULTI_BOUND_G,10,2,642,653.527021489728
MULTI_BOUND_G,10,2,643,552.3653997644267
MULTI_BOUND_G,10,2,644,556.8831620960914
MULTI_BOUND_G,10,2,645,584.6075952639665
MULTI_BOUND_G,10,2,646,585.8631860628316
MULTI_BOUND_G,10,2,647,608.6847814427254
MULTI_BOUND_G,10,2,648,615.9987435726388
MULTI_BOUND_G,10,2,649,637.8375294050127
MULTI_BOUND_G,10,2,650,643.7031496738664
MULTI_BOUND_G,10,2,651,598.6298287522859
MULTI_BOUND_G,10,2,652,611.1282653231897
MULTI_BOUND_G,10,2,653,615.6463080912404
MULTI_BOUND_G,10,2,654,635.5296467357743
MULTI_BOUND_G,10,2,655,653.3336246782904
MULTI_BOUND_G,10,2,656,660.8045289828125
MULTI_BOUND_G,10,2,657,674.8994327312025
MULTI_BOUND_G,10,2,658,684.575773525022
MULTI_BOUND_G,10,2,659,575.7091544693392
MULTI_BOUND_G,10,2,660,616.0699704732391
MULTI_BOUND_G,10,2,661,622.6977839391064
MULTI_BOUND_G,10,2,662,619.3940470186516
MULTI_BOUND_G,10,2,663,633.3148479953456
MULTI_BOUND_G,10,2,664,632.4655173753335
MULTI_BOUND_G,10,2,665,644.911136356932
MULTI_BOUND_G,10,2,666,685.9947997874136
MULTI_BOUND_G,10,2,667,654.3894806982242
MULTI_BOUND_G,10,2,668,665.0557351737285
MULTI_BOUND_G,10,2,669,666.1159979798178
MULTI_BOUND_G,10,2,670,683.1069677984221
MULTI_BOUND_G,10,2,671,694.2129415826619
MULTI_BOUND_G,10,2,672,707.9274876226472
MULTI_BOUND_G,10,2,673,340.6993432512039
MULTI_BOUND_G,10,2,674,643.5756676082525
MULTI_BOUND_G,10,2,675,667.3431587022255
MULTI_BOUND_G,10,2,676,664.2348454817603
MULTI_BOUND_G,10,2,677,697.5588871562215
MULTI_BOUND_G,10,2,678,681.3630074632676
MULTI_BOUND_G,10,2,679,729.4243087444561
MULTI_BOUND_G,10,2,680,346.46011691814033
MULTI_BOUND_G,10,2,681,671.8937506446969
MULTI_BOUND_G,10,2,682,719.6920106205157
MULTI_BOUND_G,10,2,683,726.231034009617
MULTI_BOUND_G,10,2,684,722.2077391924554
MULTI_BOUND_G,10,2,685,723.1201122380229
MULTI_BOUND_G,10,2,686,362.28587005298346
MULTI_BOUND_G,10,2,687,726.6853356869967
MULTI_BOUND_G,10,2,688,368.1109845751648
MULTI_BOUND_G,10,2,689,717.7295702534075
MULTI_BOUND_G,10,2,690,359.55044656654854
MULTI_BOUND_G,10,2,691,713.3899376459377
MULTI_BOUND_G,10,2,692,395.574832796805
MULTI_BOUND_G,10,2,693,707.3780392267391
MULTI_BOUND_G,10,2,694,749.740568015164
MULTI_BOUND_G,10,2,695,392.970192180881
MULTI_BOUND_G,10,2,696,422.2651495846534
MULTI_BOUND_G,10,2,697,405.11092463094536
MULTI_BOUND_G,10,2,698,455.57172650309644
MULTI_BOUND_G,10,2,699,450.9805826319354
MULTI_BOUND_G,10,2,700,486.0397599839132
MULTI_BOUND_G,10,2,701,486.8767705756598
MULTI_BOUND_G,10,2,702,549.386250685448
MULTI_BOUND_G,10,2,703,555.8454592506989
MULTI_BOUND_G,10,2,704,574.2148013082156
MULTI_BOUND_G,10,2,705,584.000636441538
MULTI_BOUND_G,10,2,706,587.1102466197786
MULTI_BOUND_G,10,2,707,565.7567000810209
MULTI_BOUND_G,10,2,708,639.4177738195299
MULTI_BOUND_G,10,2,709,543.8569090877564
MULTI_BOUND_G,10,2,710,594.1856417655008
MULTI_BOUND_G,10,2,711,577.9861963168619
MULTI_BOUND_G,10,2,712,618.9349176330577
MULTI_BOUND_G,10,2,713,629.1797503108692
MULTI_BOUND_G,10,2,714,648.6597226317217
MULTI_BOUND_G,10,2,715,650.4817576578703
MULTI_BOUND_G,10,2,716,622.6365096618227
MULTI_BOUND_G,10,2,717,641.5245864492945
MULTI_BOUND_G,10,2,718,654.2259068414726
MULTI_BOUND_G,10,2,719,639.032056563917
MULTI_BOUND_G,10,2,720,664.7380111583094
MULTI_BOUND_G,10,2,721,657.5925323306542
MULTI_BOUND_G,10,2,722,706.4133464163397
MULTI_BOUND_G,10,2,723,625.7736479076251
MULTI_BOUND_G,10,2,724,661.7980341378816
MULTI_BOUND_G,10,2,725,671.3341259720219
MULTI_BOUND_G,10,2,726,721.7949278441731
MULTI_BOUND_G,10,2,727,717.2037839730119
MULTI_BOUND_G,10,2,728,350.36730224753916
MULTI_BOUND_G,10,2,729,671.3155625455407
MULTI_BOUND_G,10,2,730,686.7203450091736
MULTI_BOUND_G,10,2,731,700.4727689544741
MULTI_BOUND_G,10,2,732,728.039322434802
MULTI_BOUND_G,10,2,733,356.0895202587144
MULTI_BOUND_G,10,2,734,726.4563560535165
MULTI_BOUND_G,10,2,735,745.2556427642223
MULTI_BOUND_G,10,2,736,728.9720846254561
MULTI_BOUND_G,10,2,737,365.6680427694838
MULTI_BOUND_G,10,2,738,384.79399865113135
MULTI_BOUND_G,10,2,739,387.6233788863623
MULTI_BOUND_G,10,2,740,653.0254062452434
MULTI_BOUND_G,10,2,741,636.7418481064774
MULTI_BOUND_G,10,2,742,652.5024134141297
MULTI_BOUND_G,10,2,743,665.9296942149164
MULTI_BOUND_G,10,2,744,672.0244003970522
MULTI_BOUND_G,10,2,745,661.1517041625436
MULTI_BOUND_G,10,2,746,718.1317965817232
MULTI_BOUND_G,10,2,747,666.1614537451796
MULTI_BOUND_G,10,2,748,665.445645765205
MULTI_BOUND_G,10,2,749,678.8627741373577
MULTI_BOUND_G,10,2,750,663.6689238598021
MULTI_BOUND_G,10,2,751,689.3748784541946
MULTI_BOUND_G,10,2,752,682.2293996265394
MULTI_BOUND_G,10,2,753,731.0502137122248
MULTI_BOUND_G,10,2,754,652.0814100802161
MULTI_BOUND_G,10,2,755,663.3042547572686
MULTI_BOUND_G,10,2,756,677.0566787025689
MULTI_BOUND_G,10,2,757,704.6232321828968
MULTI_BOUND_G,10,2,758,722.0679205935749
MULTI_BOUND_G,10,2,759,743.4747953329118
MULTI_BOUND_G,10,2,760,344.3814751327619
MULTI_BOUND_G,10,2,761,653.9466026509307
MULTI_BOUND_G,10,2,762,668.5821069601272
MULTI_BOUND_G,10,2,763,705.2557097803638
MULTI_BOUND_G,10,2,764,710.9779277915388
MULTI_BOUND_G,10,2,765,720.5564503023083
MULTI_BOUND_G,10,2,766,739.6824061839559
MULTI_BOUND_G,10,2,767,345.0732094987643
MULTI_BOUND_G,10,2,768,688.3711936578886
MULTI_BOUND_G,10,2,769,704.7803410689055
MULTI_BOUND_G,10,2,770,709.2454965826398
MULTI_BOUND_G,10,2,771,736.8687798442461
MULTI_BOUND_G,10,2,772,748.5454356275716
MULTI_BOUND_G,10,2,773,354.1673102660844
MULTI_BOUND_G,10,2,774,673.3534945308909
MULTI_BOUND_G,10,2,775,710.6230924179388
MULTI_BOUND_G,10,2,776,694.4236469692999
MULTI_BOUND_G,10,2,777,735.3723682854957
MULTI_BOUND_G,10,2,778,357.276920444325
MULTI_BOUND_G,10,2,779,663.4852920297353
MULTI_BOUND_G,10,2,780,658.5733561218045
MULTI_BOUND_G,10,2,781,680.1182291667837
MULTI_BOUND_G,10,2,782,710.4071425849767
MULTI_BOUND_G,10,2,783,716.1679162519131
MULTI_BOUND_G,10,2,784,731.9936693867562
MULTI_BOUND_G,10,2,785,737.8187839089376
MULTI_BOUND_G,10,2,786,409.58444764407636
MULTI_BOUND_G,10,2,787,617.0427119978015
MULTI_BOUND_G,10,2,788,623.5019205630524
MULTI_BOUND_G,10,2,789,641.8712626205688
MULTI_BOUND_G,10,2,790,642.5629969865713
MULTI_BOUND_G,10,2,791,651.6570977538914
MULTI_BOUND_G,10,2,792,633.4131613933744
MULTI_BOUND_G,10,2,793,707.0742351318834
MULTI_BOUND_G,10,2,794,599.1044588157359
MULTI_BOUND_G,10,2,795,632.6022451141409
MULTI_BOUND_G,10,2,796,669.2758479343772
MULTI_BOUND_G,10,2,797,674.9980659455525
MULTI_BOUND_G,10,2,798,684.576588456322
MULTI_BOUND_G,10,2,799,703.7025443379694
MULTI_BOUND_G,10,2,800,706.5319245732005
MULTI_BOUND_G,10,2,801,653.7447963381845
MULTI_BOUND_G,10,2,802,687.1645419525171
MULTI_BOUND_G,10,2,803,699.3052744025813
MULTI_BOUND_G,10,2,804,749.7660762747325
MULTI_BOUND_G,10,2,805,364.35287646281887
MULTI_BOUND_G,10,2,806,691.5559728355773
MULTI_BOUND_G,10,2,807,710.4440496230491
MULTI_BOUND_G,10,2,808,709.7282416430746
MULTI_BOUND_G,10,2,809,707.9515197376718
MULTI_BOUND_G,10,2,810,733.6574743320641
MULTI_BOUND_G,10,2,811,348.1534310141801
MULTI_BOUND_G,10,2,812,741.5227644754441
MULTI_BOUND_G,10,2,813,737.3408266888636
MULTI_BOUND_G,10,2,814,389.1021523303758
MULTI_BOUND_G,10,2,815,399.3469850081874
MULTI_BOUND_G,10,2,816,418.82695732903994
MULTI_BOUND_G,10,2,817,420.6489923551885
MULTI_BOUND_G,10,2,818,374.6103737147288
MULTI_BOUND_G,10,2,819,393.4984505022005
MULTI_BOUND_G,10,2,820,730.5031867086456
MULTI_BOUND_G,10,2,821,749.3654686978539
MULTI_BOUND_G,10,2,822,392.78264252222596
MULTI_BOUND_G,10,2,823,406.1997708943786
MULTI_BOUND_G,10,2,824,391.0059206168231
MULTI_BOUND_G,10,2,825,416.71187521121544
MULTI_BOUND_G,10,2,826,409.5663963835603
MULTI_BOUND_G,10,2,827,458.38721046924576
MULTI_BOUND_G,10,2,828,402.80820525044476
MULTI_BOUND_G,10,2,829,398.62626746386434
MULTI_BOUND_G,10,2,830,414.0310499274972
MULTI_BOUND_G,10,2,831,427.78347387279763
MULTI_BOUND_G,10,2,832,455.35002735312554
MULTI_BOUND_G,10,2,833,472.7947157638035
MULTI_BOUND_G,10,2,834,494.20159050314044
MULTI_BOUND_G,10,2,835,491.85511285741063
MULTI_BOUND_G,10,2,836,382.65408569481974
MULTI_BOUND_G,10,2,837,418.6784719250761
MULTI_BOUND_G,10,2,838,416.0738313091522
MULTI_BOUND_G,10,2,839,428.21456375921645
MULTI_BOUND_G,10,2,840,478.6753656313676
MULTI_BOUND_G,10,2,841,474.0842217602065
MULTI_BOUND_G,10,2,842,509.1433991121844
MULTI_BOUND_G,10,2,843,509.980409703931
MULTI_BOUND_G,10,2,844,453.22110541291687
MULTI_BOUND_G,10,2,845,472.0203921236225
MULTI_BOUND_G,10,2,846,455.73683398485645
MULTI_BOUND_G,10,2,847,471.4973992925087
MULTI_BOUND_G,10,2,848,484.9246800932955
MULTI_BOUND_G,10,2,849,491.0193862754313
MULTI_BOUND_G,10,2,850,480.1466900409228
MULTI_BOUND_G,10,2,851,537.1267824601022
MULTI_BOUND_G,10,2,852,484.01076083731414
MULTI_BOUND_G,10,2,853,481.6743175911959
MULTI_BOUND_G,10,2,854,500.419908248331
MULTI_BOUND_G,10,2,855,504.8850637620653
MULTI_BOUND_G,10,2,856,532.5083470236716
MULTI_BOUND_G,10,2,857,544.1850028069971
MULTI_BOUND_G,10,2,858,540.0513034200671
MULTI_BOUND_G,10,2,859,555.1141224540331
MULTI_BOUND_G,10,2,860,471.8385173777416
MULTI_BOUND_G,10,2,861,485.15515531790203
MULTI_BOUND_G,10,2,862,480.2432194099712
MULTI_BOUND_G,10,2,863,501.78809245495046
MULTI_BOUND_G,10,2,864,532.0770058731434
MULTI_BOUND_G,10,2,865,537.8377795400797
MULTI_BOUND_G,10,2,866,553.6635326749229
MULTI_BOUND_G,10,2,867,559.4886471971042
MULTI_BOUND_G,10,2,868,416.2702854161479
MULTI_BOUND_G,10,2,869,432.78309215056095
MULTI_BOUND_G,10,2,870,438.3219111375516
MULTI_BOUND_G,10,2,871,468.386152401672
MULTI_BOUND_G,10,2,872,477.4488008249322
MULTI_BOUND_G,10,2,873,477.69169713297975
MULTI_BOUND_G,10,2,874,500.628373539593
MULTI_BOUND_G,10,2,875,495.3995852334465
MULTI_BOUND_G,10,2,876,475.9078181534644
MULTI_BOUND_G,10,2,877,531.6862568485928
MULTI_BOUND_G,10,2,878,515.4026987098268
MULTI_BOUND_G,10,2,879,531.163264017479
MULTI_BOUND_G,10,2,880,544.5905448182658
MULTI_BOUND_G,10,2,881,550.6852510004016
MULTI_BOUND_G,10,2,882,539.8125547658931
MULTI_BOUND_G,10,2,883,596.7926471850726
MULTI_BOUND_G,10,2,884,496.3925195485533
MULTI_BOUND_G,10,2,885,544.822304348529
MULTI_BOUND_G,10,2,886,544.1064963685544
MULTI_BOUND_G,10,2,887,557.5236247407071
MULTI_BOUND_G,10,2,888,542.3297744631516
MULTI_BOUND_G,10,2,889,568.035729057544
MULTI_BOUND_G,10,2,890,560.8902502298888
MULTI_BOUND_G,10,2,891,609.7110643155743
MULTI_BOUND_G,10,2,892,530.7422606835655
MULTI_BOUND_G,10,2,893,541.9651053606179
MULTI_BOUND_G,10,2,894,555.4306635130747
MULTI_BOUND_G,10,2,895,555.7175293059184
MULTI_BOUND_G,10,2,896,583.2840827862462
MULTI_BOUND_G,10,2,897,600.7287711969243
MULTI_BOUND_G,10,2,898,622.1356459362612
MULTI_BOUND_G,10,2,899,619.7891682905315
MULTI_BOUND_G,10,2,900,532.6074532542801
MULTI_BOUND_G,10,2,901,556.8064747560076
MULTI_BOUND_G,10,2,902,547.2429575634767
MULTI_BOUND_G,10,2,903,583.9165603837131
MULTI_BOUND_G,10,2,904,589.6387783948884
MULTI_BOUND_G,10,2,905,599.2173009056578
MULTI_BOUND_G,10,2,906,618.3432567873053
MULTI_BOUND_G,10,2,907,621.1726370225363
MULTI_BOUND_G,10,2,908,567.0320442612381
MULTI_BOUND_G,10,2,909,576.6133935060515
MULTI_BOUND_G,10,2,910,583.441191672255
MULTI_BOUND_G,10,3,0,367.8489014354203
MULTI_BOUND_G,10,3,1,13734.864486223054
MULTI_BOUND_G,10,3,2,6855.857660833608
MULTI_BOUND_G,10,3,3,3430.163116411617
MULTI_BOUND_G,10,3,4,1715.450631841535
MULTI_BOUND_G,10,3,5,860.9937688077434
MULTI_BOUND_G,10,3,6,439.8775026890415
MULTI_BOUND_G,10,3,7,475.1520917845349
MULTI_BOUND_G,10,3,8,481.3256174329062
MULTI_BOUND_G,10,3,9,507.70047152962087
MULTI_BOUND_G,10,3,10,513.5804049029587
MULTI_BOUND_G,10,3,11,523.466184359731
MULTI_BOUND_G,10,3,12,527.9413930013233
MULTI_BOUND_G,10,3,13,568.0261899503089
MULTI_BOUND_G,10,3,14,478.8171895067985
MULTI_BOUND_G,10,3,15,468.37782565805037
MULTI_BOUND_G,10,3,16,491.6439255317347
MULTI_BOUND_G,10,3,17,509.4325771457219
MULTI_BOUND_G,10,3,18,515.7293843696797
MULTI_BOUND_G,10,3,19,521.9831913314146
MULTI_BOUND_G,10,3,20,505.8997275463149
MULTI_BOUND_G,10,3,21,561.2686200254168
MULTI_BOUND_G,10,3,22,495.1715890789528
MULTI_BOUND_G,10,3,23,481.6306585171924
MULTI_BOUND_G,10,3,24,511.89945700941286
MULTI_BOUND_G,10,3,25,516.5802345962139
MULTI_BOUND_G,10,3,26,541.4763106040537
MULTI_BOUND_G,10,3,27,546.8351382043147
MULTI_BOUND_G,10,3,28,551.9496439290531
MULTI_BOUND_G,10,3,29,590.3870454364237
MULTI_BOUND_G,10,3,30,527.4518904146465
MULTI_BOUND_G,10,3,31,520.3129943779343
MULTI_BOUND_G,10,3,32,536.3773096380469
MULTI_BOUND_G,10,3,33,548.9701446497764
MULTI_BOUND_G,10,3,34,575.2589590310639
MULTI_BOUND_G,10,3,35,572.9170813911105
MULTI_BOUND_G,10,3,36,586.4543499052977
MULTI_BOUND_G,10,3,37,594.83677901343
MULTI_BOUND_G,10,3,38,512.4687076132988
MULTI_BOUND_G,10,3,39,538.8811966999858
MULTI_BOUND_G,10,3,40,541.6822584686419
MULTI_BOUND_G,10,3,41,544.7141374704415
MULTI_BOUND_G,10,3,42,576.7983679641252
MULTI_BOUND_G,10,3,43,571.8661039531603
MULTI_BOUND_G,10,3,44,611.4092083028786
MULTI_BOUND_G,10,3,45,598.9020241286403
MULTI_BOUND_G,10,3,46,574.6035972497598
MULTI_BOUND_G,10,3,47,591.9523615655585
MULTI_BOUND_G,10,3,48,600.3089082198219
MULTI_BOUND_G,10,3,49,588.8858790191442
MULTI_BOUND_G,10,3,50,595.2683154132662
MULTI_BOUND_G,10,3,51,626.3633087454895
MULTI_BOUND_G,10,3,52,611.974873906706
MULTI_BOUND_G,10,3,53,666.8200666340381
MULTI_BOUND_G,10,3,54,561.3348989545659
MULTI_BOUND_G,10,3,55,587.5452304287843
MULTI_BOUND_G,10,3,56,597.2294340730024
MULTI_BOUND_G,10,3,57,623.2807005993482
MULTI_BOUND_G,10,3,58,626.2537462459677
MULTI_BOUND_G,10,3,59,632.3183102669094
MULTI_BOUND_G,10,3,60,637.6598638354808
MULTI_BOUND_G,10,3,61,673.2081409981588
MULTI_BOUND_G,10,3,62,547.0022797633848
MULTI_BOUND_G,10,3,63,566.5214149189048
MULTI_BOUND_G,10,3,64,592.704111346166
MULTI_BOUND_G,10,3,65,627.3780585497601
MULTI_BOUND_G,10,3,66,619.7364178135203
MULTI_BOUND_G,10,3,67,623.6918359690683
MULTI_BOUND_G,10,3,68,628.9345544321699
MULTI_BOUND_G,10,3,69,665.5060077183285
MULTI_BOUND_G,10,3,70,621.7535680300591
MULTI_BOUND_G,10,3,71,663.8876876107051
MULTI_BOUND_G,10,3,72,649.604421093982
MULTI_BOUND_G,10,3,73,674.6022350097617
MULTI_BOUND_G,10,3,74,695.384810544029
MULTI_BOUND_G,10,3,75,679.6654358688754
MULTI_BOUND_G,10,3,76,673.9201223205125
MULTI_BOUND_G,10,3,77,707.0018397912895
MULTI_BOUND_G,10,3,78,481.12545607118125
MULTI_BOUND_G,10,3,79,504.3915559448655
MULTI_BOUND_G,10,3,80,513.6829801882101
MULTI_BOUND_G,10,3,81,522.1802075588528
MULTI_BOUND_G,10,3,82,528.4770147828106
MULTI_BOUND_G,10,3,83,534.7308217445454
MULTI_BOUND_G,10,3,84,518.6473579594458
MULTI_BOUND_G,10,3,85,574.0162504385477
MULTI_BOUND_G,10,3,86,539.2094664199466
MULTI_BOUND_G,10,3,87,554.1873267981582
MULTI_BOUND_G,10,3,88,570.2516420582709
MULTI_BOUND_G,10,3,89,582.8444770700004
MULTI_BOUND_G,10,3,90,609.133291451288
MULTI_BOUND_G,10,3,91,606.7914138113345
MULTI_BOUND_G,10,3,92,620.3286823255216
MULTI_BOUND_G,10,3,93,628.7111114336542
MULTI_BOUND_G,10,3,94,548.1560930070458
MULTI_BOUND_G,10,3,95,578.4248914992663
MULTI_BOUND_G,10,3,96,593.6560048657586
MULTI_BOUND_G,10,3,97,583.1056690860673
MULTI_BOUND_G,10,3,98,608.001745093907
MULTI_BOUND_G,10,3,99,613.360572694168
MULTI_BOUND_G,10,3,100,618.4750784189064
MULTI_BOUND_G,10,3,101,656.912479926277
MULTI_BOUND_G,10,3,102,580.1501756665598
MULTI_BOUND_G,10,3,103,594.7093883720634
MULTI_BOUND_G,10,3,104,604.8614137585066
MULTI_BOUND_G,10,3,105,609.2896957893338
MULTI_BOUND_G,10,3,106,632.9258989708705
MULTI_BOUND_G,10,3,107,644.0470947508709
MULTI_BOUND_G,10,3,108,640.1960281109559
MULTI_BOUND_G,10,3,109,654.5995917678804
MULTI_BOUND_G,10,3,110,575.3041429688823
MULTI_BOUND_G,10,3,111,594.8232781244023
MULTI_BOUND_G,10,3,112,621.0059745516636
MULTI_BOUND_G,10,3,113,648.038281019018
MULTI_BOUND_G,10,3,114,645.1309584147621
MULTI_BOUND_G,10,3,115,651.993699174566
MULTI_BOUND_G,10,3,116,657.2364176376675
MULTI_BOUND_G,10,3,117,693.8078709238262
MULTI_BOUND_G,10,3,118,629.2055854821035
MULTI_BOUND_G,10,3,119,646.5543497979021
MULTI_BOUND_G,10,3,120,643.487867251488
MULTI_BOUND_G,10,3,121,649.8703036456097
MULTI_BOUND_G,10,3,122,668.4806555474759
MULTI_BOUND_G,10,3,123,680.9652969778332
MULTI_BOUND_G,10,3,124,666.5768621390496
MULTI_BOUND_G,10,3,125,721.4220548663816
MULTI_BOUND_G,10,3,126,613.4660545404533
MULTI_BOUND_G,10,3,127,639.6763860146717
MULTI_BOUND_G,10,3,128,649.3605896588898
MULTI_BOUND_G,10,3,129,651.2123900405584
MULTI_BOUND_G,10,3,130,678.3849018318551
MULTI_BOUND_G,10,3,131,684.4494658527967
MULTI_BOUND_G,10,3,132,689.7910194213682
MULTI_BOUND_G,10,3,133,725.339296584046
MULTI_BOUND_G,10,3,134,643.0650784054453
MULTI_BOUND_G,10,3,135,669.4775674921323
MULTI_BOUND_G,10,3,136,672.2786292607883
MULTI_BOUND_G,10,3,137,675.310508262588
MULTI_BOUND_G,10,3,138,702.4624747453068
MULTI_BOUND_G,10,3,139,701.6124824446156
MULTI_BOUND_G,10,3,140,742.005579095025
MULTI_BOUND_G,10,3,141,729.4983949207867
MULTI_BOUND_G,10,3,142,741.8997407630839
MULTI_BOUND_G,10,3,143,784.0338603437299
MULTI_BOUND_G,10,3,144,769.7505938270067
MULTI_BOUND_G,10,3,145,780.6771848554631
MULTI_BOUND_G,10,3,146,815.5309832770538
MULTI_BOUND_G,10,3,147,378.09203358202774
MULTI_BOUND_G,10,3,148,544.828872818569
MULTI_BOUND_G,10,3,149,551.0023984669403
MULTI_BOUND_G,10,3,150,557.7731129856821
MULTI_BOUND_G,10,3,151,577.377252563655
MULTI_BOUND_G,10,3,152,583.2571859369928
MULTI_BOUND_G,10,3,153,593.142965393765
MULTI_BOUND_G,10,3,154,597.6181740353575
MULTI_BOUND_G,10,3,155,637.702970984343
MULTI_BOUND_G,10,3,156,552.0120969117481
MULTI_BOUND_G,10,3,157,554.8131586804042
MULTI_BOUND_G,10,3,158,557.8450376822038
MULTI_BOUND_G,10,3,159,589.9292681758875
MULTI_BOUND_G,10,3,160,584.9970041649226
MULTI_BOUND_G,10,3,161,584.1470118642313
MULTI_BOUND_G,10,3,162,624.5401085146409
MULTI_BOUND_G,10,3,163,612.0329243404026
MULTI_BOUND_G,10,3,164,583.9953038726246
MULTI_BOUND_G,10,3,165,570.4543733108643
MULTI_BOUND_G,10,3,166,615.9542851695771
MULTI_BOUND_G,10,3,167,605.4039493898858
MULTI_BOUND_G,10,3,168,630.3000253977254
MULTI_BOUND_G,10,3,169,635.6588529979865
MULTI_BOUND_G,10,3,170,640.7733587227249
MULTI_BOUND_G,10,3,171,679.2107602300955
MULTI_BOUND_G,10,3,172,618.7958189799699
MULTI_BOUND_G,10,3,173,622.0490881250873
MULTI_BOUND_G,10,3,174,632.2011135115306
MULTI_BOUND_G,10,3,175,636.6293955423578
MULTI_BOUND_G,10,3,176,660.2655987238945
MULTI_BOUND_G,10,3,177,671.3867945038949
MULTI_BOUND_G,10,3,178,667.5357278639799
MULTI_BOUND_G,10,3,179,681.9392915209044
MULTI_BOUND_G,10,3,180,639.9203583895904
MULTI_BOUND_G,10,3,181,648.2769050438538
MULTI_BOUND_G,10,3,182,636.8538758431762
MULTI_BOUND_G,10,3,183,643.2363122372981
MULTI_BOUND_G,10,3,184,661.8466641391642
MULTI_BOUND_G,10,3,185,674.3313055695214
MULTI_BOUND_G,10,3,186,659.9428707307379
MULTI_BOUND_G,10,3,187,714.7880634580699
MULTI_BOUND_G,10,3,188,625.8644501407308
MULTI_BOUND_G,10,3,189,635.5486537849489
MULTI_BOUND_G,10,3,190,637.4004541666175
MULTI_BOUND_G,10,3,191,661.5999203112947
MULTI_BOUND_G,10,3,192,664.5729659579142
MULTI_BOUND_G,10,3,193,670.6375299788559
MULTI_BOUND_G,10,3,194,675.9790835474273
MULTI_BOUND_G,10,3,195,711.5273607101053
MULTI_BOUND_G,10,3,196,634.5333296198676
MULTI_BOUND_G,10,3,197,656.6500860347916
MULTI_BOUND_G,10,3,198,665.575505258192
MULTI_BOUND_G,10,3,199,678.1683402699215
MULTI_BOUND_G,10,3,200,704.4571546512088
MULTI_BOUND_G,10,3,201,702.1152770112556
MULTI_BOUND_G,10,3,202,715.6525455254427
MULTI_BOUND_G,10,3,203,724.0349746335751
MULTI_BOUND_G,10,3,204,661.4425996419037
MULTI_BOUND_G,10,3,205,647.1593331251806
MULTI_BOUND_G,10,3,206,658.0859241536369
MULTI_BOUND_G,10,3,207,672.1571470409601
MULTI_BOUND_G,10,3,208,692.9397225752277
MULTI_BOUND_G,10,3,209,677.2203479000739
MULTI_BOUND_G,10,3,210,671.475034351711
MULTI_BOUND_G,10,3,211,704.556751822488
MULTI_BOUND_G,10,3,212,703.6212392221557
MULTI_BOUND_G,10,3,213,729.8039356494169
MULTI_BOUND_G,10,3,214,764.477882853011
MULTI_BOUND_G,10,3,215,756.8362421167712
MULTI_BOUND_G,10,3,216,753.9289195125153
MULTI_BOUND_G,10,3,217,760.7916602723192
MULTI_BOUND_G,10,3,218,766.0343787354208
MULTI_BOUND_G,10,3,219,372.1652957102164
MULTI_BOUND_G,10,3,220,583.6663311006648
MULTI_BOUND_G,10,3,221,572.3603875402787
MULTI_BOUND_G,10,3,222,586.9196002457821
MULTI_BOUND_G,10,3,223,601.4999076630526
MULTI_BOUND_G,10,3,224,625.1361108445892
MULTI_BOUND_G,10,3,225,636.2573066245898
MULTI_BOUND_G,10,3,226,632.4062399846746
MULTI_BOUND_G,10,3,227,646.809803641599
MULTI_BOUND_G,10,3,228,562.8946292101798
MULTI_BOUND_G,10,3,229,604.3427439540445
MULTI_BOUND_G,10,3,230,611.1134584727863
MULTI_BOUND_G,10,3,231,630.7175980507591
MULTI_BOUND_G,10,3,232,636.5975314240968
MULTI_BOUND_G,10,3,233,646.4833108808691
MULTI_BOUND_G,10,3,234,650.9585195224615
MULTI_BOUND_G,10,3,235,691.0433164714472
MULTI_BOUND_G,10,3,236,610.1684110752844
MULTI_BOUND_G,10,3,237,599.7290472265363
MULTI_BOUND_G,10,3,238,622.9951471002206
MULTI_BOUND_G,10,3,239,632.2865713435651
MULTI_BOUND_G,10,3,240,640.7837987142077
MULTI_BOUND_G,10,3,241,647.0806059381655
MULTI_BOUND_G,10,3,242,637.250949114801
MULTI_BOUND_G,10,3,243,692.6198415939027
MULTI_BOUND_G,10,3,244,629.5330157566572
MULTI_BOUND_G,10,3,245,615.9920851948968
MULTI_BOUND_G,10,3,246,646.2608836871173
MULTI_BOUND_G,10,3,247,661.4919970536098
MULTI_BOUND_G,10,3,248,650.9416612739183
MULTI_BOUND_G,10,3,249,675.8377372817579
MULTI_BOUND_G,10,3,250,681.1965648820192
MULTI_BOUND_G,10,3,251,724.7484721141279
MULTI_BOUND_G,10,3,252,642.8551894799214
MULTI_BOUND_G,10,3,253,669.2676785666083
MULTI_BOUND_G,10,3,254,672.0687403352644
MULTI_BOUND_G,10,3,255,675.100619337064
MULTI_BOUND_G,10,3,256,707.1848498307477
MULTI_BOUND_G,10,3,257,701.4025935190915
MULTI_BOUND_G,10,3,258,741.7956901695011
MULTI_BOUND_G,10,3,259,729.2885059952628
MULTI_BOUND_G,10,3,260,710.2953015158837
MULTI_BOUND_G,10,3,261,727.6440658316825
MULTI_BOUND_G,10,3,262,736.0006124859459
MULTI_BOUND_G,10,3,263,724.5775832852682
MULTI_BOUND_G,10,3,264,730.9600196793901
MULTI_BOUND_G,10,3,265,749.5703715812563
MULTI_BOUND_G,10,3,266,747.66657817283
MULTI_BOUND_G,10,3,267,802.511770900162
MULTI_BOUND_G,10,3,268,663.4699704694311
MULTI_BOUND_G,10,3,269,679.2164031537279
MULTI_BOUND_G,10,3,270,709.1718020522123
MULTI_BOUND_G,10,3,271,743.8457492558065
MULTI_BOUND_G,10,3,272,733.2967859153108
MULTI_BOUND_G,10,3,273,740.1595266751146
MULTI_BOUND_G,10,3,274,745.4022451382162
MULTI_BOUND_G,10,3,275,781.9736984243749
MULTI_BOUND_G,10,3,276,697.1749934091565
MULTI_BOUND_G,10,3,277,723.3853248833749
MULTI_BOUND_G,10,3,278,734.9213289092615
MULTI_BOUND_G,10,3,279,759.1207950539388
MULTI_BOUND_G,10,3,280,762.0938407005583
MULTI_BOUND_G,10,3,281,768.1584047215
MULTI_BOUND_G,10,3,282,773.4999582900714
MULTI_BOUND_G,10,3,283,375.3864974258014
MULTI_BOUND_G,10,3,284,753.253526666896
MULTI_BOUND_G,10,3,285,795.387646247542
MULTI_BOUND_G,10,3,286,792.0309707592752
MULTI_BOUND_G,10,3,287,383.7689265339337
MULTI_BOUND_G,10,3,288,563.5683392209748
MULTI_BOUND_G,10,3,289,598.8429283164681
MULTI_BOUND_G,10,3,290,611.7871684835812
MULTI_BOUND_G,10,3,291,631.3913080615541
MULTI_BOUND_G,10,3,292,637.2712414348919
MULTI_BOUND_G,10,3,293,647.1570208916642
MULTI_BOUND_G,10,3,294,651.6322295332566
MULTI_BOUND_G,10,3,295,691.7170264822421
MULTI_BOUND_G,10,3,296,573.4105298969357
MULTI_BOUND_G,10,3,297,599.8230189836229
MULTI_BOUND_G,10,3,298,605.6559597540786
MULTI_BOUND_G,10,3,299,637.7401902477621
MULTI_BOUND_G,10,3,300,632.8079262367972
MULTI_BOUND_G,10,3,301,631.957933936106
MULTI_BOUND_G,10,3,302,672.3510305865157
MULTI_BOUND_G,10,3,303,659.8438464122772
MULTI_BOUND_G,10,3,304,658.5756490204244
MULTI_BOUND_G,10,3,305,648.1362851716763
MULTI_BOUND_G,10,3,306,680.6938092887051
MULTI_BOUND_G,10,3,307,689.1910366593477
MULTI_BOUND_G,10,3,308,695.4878438833055
MULTI_BOUND_G,10,3,309,701.7416508450405
MULTI_BOUND_G,10,3,310,685.6581870599409
MULTI_BOUND_G,10,3,311,741.0270795390427
MULTI_BOUND_G,10,3,312,692.4915165352129
MULTI_BOUND_G,10,3,313,681.1855729748268
MULTI_BOUND_G,10,3,314,705.8968110667736
MULTI_BOUND_G,10,3,315,710.3250930976008
MULTI_BOUND_G,10,3,316,733.9612962791375
MULTI_BOUND_G,10,3,317,745.0824920591378
MULTI_BOUND_G,10,3,318,741.2314254192229
MULTI_BOUND_G,10,3,319,755.6349890761473
MULTI_BOUND_G,10,3,320,661.9747505146463
MULTI_BOUND_G,10,3,321,689.8256035785691
MULTI_BOUND_G,10,3,322,700.7521946070254
MULTI_BOUND_G,10,3,323,714.8234174943486
MULTI_BOUND_G,10,3,324,735.6059930286162
MULTI_BOUND_G,10,3,325,719.8866183534624
MULTI_BOUND_G,10,3,326,714.1413048050995
MULTI_BOUND_G,10,3,327,747.2230222758765
MULTI_BOUND_G,10,3,328,707.9643173440456
MULTI_BOUND_G,10,3,329,733.6696283141079
MULTI_BOUND_G,10,3,330,722.2465991134302
MULTI_BOUND_G,10,3,331,728.6290355075521
MULTI_BOUND_G,10,3,332,747.2393874094182
MULTI_BOUND_G,10,3,333,759.7240288397754
MULTI_BOUND_G,10,3,334,745.3355940009919
MULTI_BOUND_G,10,3,335,800.1807867283239
MULTI_BOUND_G,10,3,336,683.1708826893732
MULTI_BOUND_G,10,3,337,719.0654178078097
MULTI_BOUND_G,10,3,338,720.9172181894783
MULTI_BOUND_G,10,3,339,745.1166843341555
MULTI_BOUND_G,10,3,340,748.089729980775
MULTI_BOUND_G,10,3,341,754.1542940017167
MULTI_BOUND_G,10,3,342,759.4958475702881
MULTI_BOUND_G,10,3,343,368.38444206590975
MULTI_BOUND_G,10,3,344,715.7714911687351
MULTI_BOUND_G,10,3,345,737.8882475836591
MULTI_BOUND_G,10,3,346,730.7493515469469
MULTI_BOUND_G,10,3,347,759.406501818789
MULTI_BOUND_G,10,3,348,785.6953162000764
MULTI_BOUND_G,10,3,349,783.3534385601231
MULTI_BOUND_G,10,3,350,796.8907070743103
MULTI_BOUND_G,10,3,351,373.498947790648
MULTI_BOUND_G,10,3,352,763.64421124224
MULTI_BOUND_G,10,3,353,411.9363492980186
MULTI_BOUND_G,10,3,354,662.4898029308024
MULTI_BOUND_G,10,3,355,675.3165389557386
MULTI_BOUND_G,10,3,356,684.6079631990831
MULTI_BOUND_G,10,3,357,693.1051905697257
MULTI_BOUND_G,10,3,358,699.4019977936834
MULTI_BOUND_G,10,3,359,705.6558047554184
MULTI_BOUND_G,10,3,360,684.7810220238748
MULTI_BOUND_G,10,3,361,744.9412334494207
MULTI_BOUND_G,10,3,362,705.5497422385163
MULTI_BOUND_G,10,3,363,722.8985065543151
MULTI_BOUND_G,10,3,364,731.2550532085785
MULTI_BOUND_G,10,3,365,726.2144604020227
MULTI_BOUND_G,10,3,366,744.8248123038888
MULTI_BOUND_G,10,3,367,757.3094537342461
MULTI_BOUND_G,10,3,368,738.1296999490185
MULTI_BOUND_G,10,3,369,797.7662116227946
MULTI_BOUND_G,10,3,370,708.1528788026358
MULTI_BOUND_G,10,3,371,724.880746733096
MULTI_BOUND_G,10,3,372,740.1118600995883
MULTI_BOUND_G,10,3,373,724.7702053734529
MULTI_BOUND_G,10,3,374,754.4576003277366
MULTI_BOUND_G,10,3,375,759.8164279279977
MULTI_BOUND_G,10,3,376,764.930933652736
MULTI_BOUND_G,10,3,377,803.3683351601067
MULTI_BOUND_G,10,3,378,681.7045339242331
MULTI_BOUND_G,10,3,379,707.9148653984515
MULTI_BOUND_G,10,3,380,717.5990690426696
MULTI_BOUND_G,10,3,381,719.4508694243382
MULTI_BOUND_G,10,3,382,743.6503355690152
MULTI_BOUND_G,10,3,383,746.6233812156349
MULTI_BOUND_G,10,3,384,758.029498805148
MULTI_BOUND_G,10,3,385,788.7864570213817
MULTI_BOUND_G,10,3,386,729.5975496939259
MULTI_BOUND_G,10,3,387,764.8721387894192
MULTI_BOUND_G,10,3,388,771.0456644377905
MULTI_BOUND_G,10,3,389,777.8163789565323
MULTI_BOUND_G,10,3,390,797.4205185345052
MULTI_BOUND_G,10,3,391,803.3004519078429
MULTI_BOUND_G,10,3,392,813.1862313646152
MULTI_BOUND_G,10,3,393,399.73549817702326
MULTI_BOUND_G,10,3,394,758.3800639195558
MULTI_BOUND_G,10,3,395,780.4968203344798
MULTI_BOUND_G,10,3,396,773.3579242977676
MULTI_BOUND_G,10,3,397,789.4222395578803
MULTI_BOUND_G,10,3,398,394.80323416605836
MULTI_BOUND_G,10,3,399,783.0382517909466
MULTI_BOUND_G,10,3,400,771.7323082305604
MULTI_BOUND_G,10,3,401,786.2915209360639
MULTI_BOUND_G,10,3,402,796.4435463225071
MULTI_BOUND_G,10,3,403,393.9532418653671
MULTI_BOUND_G,10,3,404,434.3463385157767
MULTI_BOUND_G,10,3,405,421.83915434153835
MULTI_BOUND_G,10,3,406,659.2719570017832
MULTI_BOUND_G,10,3,407,648.8325931530351
MULTI_BOUND_G,10,3,408,651.120351422988
MULTI_BOUND_G,10,3,409,681.3901172700639
MULTI_BOUND_G,10,3,410,670.3919068749806
MULTI_BOUND_G,10,3,411,696.1841518646643
MULTI_BOUND_G,10,3,412,702.4379588263993
MULTI_BOUND_G,10,3,413,686.3544950412997
MULTI_BOUND_G,10,3,414,687.9883093982116
MULTI_BOUND_G,10,3,415,674.4473788364513
MULTI_BOUND_G,10,3,416,684.9588896870611
MULTI_BOUND_G,10,3,417,719.9472906951642
MULTI_BOUND_G,10,3,418,709.3969549154729
MULTI_BOUND_G,10,3,419,714.7975931575866
MULTI_BOUND_G,10,3,420,739.6518585235735
MULTI_BOUND_G,10,3,421,744.7663642483119
MULTI_BOUND_G,10,3,422,720.6295939083053
MULTI_BOUND_G,10,3,423,736.7573042619833
MULTI_BOUND_G,10,3,424,766.0921925199782
MULTI_BOUND_G,10,3,425,754.6691633193005
MULTI_BOUND_G,10,3,426,761.0515997134223
MULTI_BOUND_G,10,3,427,779.6619516152884
MULTI_BOUND_G,10,3,428,792.1465930456458
MULTI_BOUND_G,10,3,429,777.7581582068622
MULTI_BOUND_G,10,3,430,699.2000777111724
MULTI_BOUND_G,10,3,431,754.2319544482765
MULTI_BOUND_G,10,3,432,739.4271384929166
MULTI_BOUND_G,10,3,433,767.1761946153896
MULTI_BOUND_G,10,3,434,773.1648298009742
MULTI_BOUND_G,10,3,435,802.5460470234725
MULTI_BOUND_G,10,3,436,807.0212556650649
MULTI_BOUND_G,10,3,437,394.4154060064519
MULTI_BOUND_G,10,3,438,742.3211261278634
MULTI_BOUND_G,10,3,439,764.4378825427874
MULTI_BOUND_G,10,3,440,737.5416988644644
MULTI_BOUND_G,10,3,441,748.6122576912334
MULTI_BOUND_G,10,3,442,785.9561367779173
MULTI_BOUND_G,10,3,443,792.7495133934788
MULTI_BOUND_G,10,3,444,386.77376527021215
MULTI_BOUND_G,10,3,445,762.8646533921249
MULTI_BOUND_G,10,3,446,731.8014221901279
MULTI_BOUND_G,10,3,447,745.1395809335108
MULTI_BOUND_G,10,3,448,776.2699479236854
MULTI_BOUND_G,10,3,449,780.6982299545126
MULTI_BOUND_G,10,3,450,784.8389953703233
MULTI_BOUND_G,10,3,451,815.4556289160498
MULTI_BOUND_G,10,3,452,383.86644266595624
MULTI_BOUND_G,10,3,453,708.1030777674633
MULTI_BOUND_G,10,3,454,733.0923552795612
MULTI_BOUND_G,10,3,455,763.7549005275106
MULTI_BOUND_G,10,3,456,765.6067009091792
MULTI_BOUND_G,10,3,457,789.8061670538561
MULTI_BOUND_G,10,3,458,773.2837749347499
MULTI_BOUND_G,10,3,459,798.8437767214175
MULTI_BOUND_G,10,3,460,390.7291834257601
MULTI_BOUND_G,10,3,461,739.2371212754737
MULTI_BOUND_G,10,3,462,765.9114602380454
MULTI_BOUND_G,10,3,463,767.2296181686961
MULTI_BOUND_G,10,3,464,791.2398387742271
MULTI_BOUND_G,10,3,465,823.3240692679108
MULTI_BOUND_G,10,3,466,395.9719018888617
MULTI_BOUND_G,10,3,467,432.54335517502034
MULTI_BOUND_G,10,3,468,791.9525289340985
MULTI_BOUND_G,10,3,469,781.5131650853504
MULTI_BOUND_G,10,3,470,804.7792649590347
MULTI_BOUND_G,10,3,471,400.13720082784494
MULTI_BOUND_G,10,3,472,813.8860317268433
MULTI_BOUND_G,10,3,473,800.345101165083
MULTI_BOUND_G,10,3,474,417.4859651436436
MULTI_BOUND_G,10,3,475,781.8115769356937
MULTI_BOUND_G,10,3,476,425.84251179790715
MULTI_BOUND_G,10,3,477,795.8895703338201
MULTI_BOUND_G,10,3,478,414.4194825972295
MULTI_BOUND_G,10,3,479,788.0058365402565
MULTI_BOUND_G,10,3,480,814.2161680144749
MULTI_BOUND_G,10,3,481,420.8019189913514
MULTI_BOUND_G,10,3,482,439.4122708932175
MULTI_BOUND_G,10,3,483,451.8969123235748
MULTI_BOUND_G,10,3,484,437.5084774847911
MULTI_BOUND_G,10,3,485,492.35367021212323
MULTI_BOUND_G,10,3,486,766.7358185432236
MULTI_BOUND_G,10,3,487,756.2964546944754
MULTI_BOUND_G,10,3,488,779.5625545681597
MULTI_BOUND_G,10,3,489,788.8539788115042
MULTI_BOUND_G,10,3,490,797.3512061821468
MULTI_BOUND_G,10,3,491,809.9018203678396
MULTI_BOUND_G,10,3,492,793.8183565827401
MULTI_BOUND_G,10,3,493,387.52884563240747
MULTI_BOUND_G,10,3,494,806.3924556528078
MULTI_BOUND_G,10,3,495,792.8515250910475
MULTI_BOUND_G,10,3,496,413.7391771066259
MULTI_BOUND_G,10,3,497,423.4233807508441
MULTI_BOUND_G,10,3,498,425.27518113251267
MULTI_BOUND_G,10,3,499,449.47464727718966
MULTI_BOUND_G,10,3,500,452.44769292380937
MULTI_BOUND_G,10,3,501,458.512256944751
MULTI_BOUND_G,10,3,502,463.85381051332257
MULTI_BOUND_G,10,3,503,499.4020876760003
MULTI_BOUND_G,10,3,504,446.2568428019056
MULTI_BOUND_G,10,3,505,488.39096238255155
MULTI_BOUND_G,10,3,506,474.1076958658284
MULTI_BOUND_G,10,3,507,485.03428689428483
MULTI_BOUND_G,10,3,508,499.10550978160813
MULTI_BOUND_G,10,3,509,519.8880853158755
MULTI_BOUND_G,10,3,510,504.1687106407219
MULTI_BOUND_G,10,3,511,498.4233970923589
MULTI_BOUND_G,10,3,512,531.505114563136
MULTI_BOUND_G,10,3,513,439.8775026890415
MULTI_BOUND_G,10,3,514,475.1520917845349
MULTI_BOUND_G,10,3,515,481.3256174329062
MULTI_BOUND_G,10,3,516,507.70047152962087
MULTI_BOUND_G,10,3,517,513.5804049029587
MULTI_BOUND_G,10,3,518,523.466184359731
MULTI_BOUND_G,10,3,519,527.9413930013233
MULTI_BOUND_G,10,3,520,568.0261899503089
MULTI_BOUND_G,10,3,521,478.8171895067985
MULTI_BOUND_G,10,3,522,468.37782565805037
MULTI_BOUND_G,10,3,523,491.6439255317347
MULTI_BOUND_G,10,3,524,509.4325771457219
MULTI_BOUND_G,10,3,525,515.7293843696797
MULTI_BOUND_G,10,3,526,521.9831913314146
MULTI_BOUND_G,10,3,527,505.8997275463149
MULTI_BOUND_G,10,3,528,561.2686200254168
MULTI_BOUND_G,10,3,529,495.1715890789528
MULTI_BOUND_G,10,3,530,481.6306585171924
MULTI_BOUND_G,10,3,531,511.89945700941286
MULTI_BOUND_G,10,3,532,516.5802345962139
MULTI_BOUND_G,10,3,533,541.4763106040537
MULTI_BOUND_G,10,3,534,546.8351382043147
MULTI_BOUND_G,10,3,535,551.9496439290531
MULTI_BOUND_G,10,3,536,590.3870454364237
MULTI_BOUND_G,10,3,537,527.4518904146465
MULTI_BOUND_G,10,3,538,520.3129943779343
MULTI_BOUND_G,10,3,539,536.3773096380469
MULTI_BOUND_G,10,3,540,548.9701446497764
MULTI_BOUND_G,10,3,541,575.2589590310639
MULTI_BOUND_G,10,3,542,572.9170813911105
MULTI_BOUND_G,10,3,543,586.4543499052977
MULTI_BOUND_G,10,3,544,594.83677901343
MULTI_BOUND_G,10,3,545,512.4687076132988
MULTI_BOUND_G,10,3,546,538.8811966999858
MULTI_BOUND_G,10,3,547,541.6822584686419
MULTI_BOUND_G,10,3,548,544.7141374704415
MULTI_BOUND_G,10,3,549,576.7983679641252
MULTI_BOUND_G,10,3,550,571.8661039531603
MULTI_BOUND_G,10,3,551,611.4092083028786
MULTI_BOUND_G,10,3,552,598.9020241286403
MULTI_BOUND_G,10,3,553,574.6035972497598
MULTI_BOUND_G,10,3,554,591.9523615655585
MULTI_BOUND_G,10,3,555,600.3089082198219
MULTI_BOUND_G,10,3,556,588.8858790191442
MULTI_BOUND_G,10,3,557,595.2683154132662
MULTI_BOUND_G,10,3,558,626.3633087454895
MULTI_BOUND_G,10,3,559,611.974873906706
MULTI_BOUND_G,10,3,560,666.8200666340381
MULTI_BOUND_G,10,3,561,561.3348989545659
MULTI_BOUND_G,10,3,562,587.5452304287843
MULTI_BOUND_G,10,3,563,597.2294340730024
MULTI_BOUND_G,10,3,564,623.2807005993482
MULTI_BOUND_G,10,3,565,626.2537462459677
MULTI_BOUND_G,10,3,566,632.3183102669094
MULTI_BOUND_G,10,3,567,637.6598638354808
MULTI_BOUND_G,10,3,568,673.2081409981588
MULTI_BOUND_G,10,3,569,547.0022797633848
MULTI_BOUND_G,10,3,570,566.5214149189048
MULTI_BOUND_G,10,3,571,592.704111346166
MULTI_BOUND_G,10,3,572,627.3780585497601
MULTI_BOUND_G,10,3,573,619.7364178135203
MULTI_BOUND_G,10,3,574,623.6918359690683
MULTI_BOUND_G,10,3,575,628.9345544321699
MULTI_BOUND_G,10,3,576,665.5060077183285
MULTI_BOUND_G,10,3,577,621.7535680300591
MULTI_BOUND_G,10,3,578,663.8876876107051
MULTI_BOUND_G,10,3,579,649.604421093982
MULTI_BOUND_G,10,3,580,674.6022350097617
MULTI_BOUND_G,10,3,581,695.384810544029
MULTI_BOUND_G,10,3,582,679.6654358688754
MULTI_BOUND_G,10,3,583,673.9201223205125
MULTI_BOUND_G,10,3,584,707.0018397912895
MULTI_BOUND_G,10,3,585,481.12545607118125
MULTI_BOUND_G,10,3,586,504.3915559448655
MULTI_BOUND_G,10,3,587,513.6829801882101
MULTI_BOUND_G,10,3,588,522.1802075588528
MULTI_BOUND_G,10,3,589,528.4770147828106
MULTI_BOUND_G,10,3,590,534.7308217445454
MULTI_BOUND_G,10,3,591,518.6473579594458
MULTI_BOUND_G,10,3,592,574.0162504385477
MULTI_BOUND_G,10,3,593,539.2094664199466
MULTI_BOUND_G,10,3,594,554.1873267981582
MULTI_BOUND_G,10,3,595,570.2516420582709
MULTI_BOUND_G,10,3,596,582.8444770700004
MULTI_BOUND_G,10,3,597,609.133291451288
MULTI_BOUND_G,10,3,598,606.7914138113345
MULTI_BOUND_G,10,3,599,620.3286823255216
MULTI_BOUND_G,10,3,600,628.7111114336542
MULTI_BOUND_G,10,3,601,548.1560930070458
MULTI_BOUND_G,10,3,602,578.4248914992663
MULTI_BOUND_G,10,3,603,593.6560048657586
MULTI_BOUND_G,10,3,604,583.1056690860673
MULTI_BOUND_G,10,3,605,608.001745093907
MULTI_BOUND_G,10,3,606,613.360572694168
MULTI_BOUND_G,10,3,607,618.4750784189064
MULTI_BOUND_G,10,3,608,656.912479926277
MULTI_BOUND_G,10,3,609,580.1501756665598
MULTI_BOUND_G,10,3,610,594.7093883720634
MULTI_BOUND_G,10,3,611,604.8614137585066
MULTI_BOUND_G,10,3,612,609.2896957893338
MULTI_BOUND_G,10,3,613,632.9258989708705
MULTI_BOUND_G,10,3,614,644.0470947508709
MULTI_BOUND_G,10,3,615,640.1960281109559
MULTI_BOUND_G,10,3,616,654.5995917678804
MULTI_BOUND_G,10,3,617,575.3041429688823
MULTI_BOUND_G,10,3,618,594.8232781244023
MULTI_BOUND_G,10,3,619,621.0059745516636
MULTI_BOUND_G,10,3,620,648.038281019018
MULTI_BOUND_G,10,3,621,645.1309584147621
MULTI_BOUND_G,10,3,622,651.993699174566
MULTI_BOUND_G,10,3,623,657.2364176376675
MULTI_BOUND_G,10,3,624,693.8078709238262
MULTI_BOUND_G,10,3,625,629.2055854821035
MULTI_BOUND_G,10,3,626,646.5543497979021
MULTI_BOUND_G,10,3,627,643.487867251488
MULTI_BOUND_G,10,3,628,649.8703036456097
MULTI_BOUND_G,10,3,629,668.4806555474759
MULTI_BOUND_G,10,3,630,680.9652969778332
MULTI_BOUND_G,10,3,631,666.5768621390496
MULTI_BOUND_G,10,3,632,721.4220548663816
MULTI_BOUND_G,10,3,633,613.4660545404533
MULTI_BOUND_G,10,3,634,639.6763860146717
MULTI_BOUND_G,10,3,635,649.3605896588898
MULTI_BOUND_G,10,3,636,651.2123900405584
MULTI_BOUND_G,10,3,637,678.3849018318551
MULTI_BOUND_G,10,3,638,684.4494658527967
MULTI_BOUND_G,10,3,639,689.7910194213682
MULTI_BOUND_G,10,3,640,725.339296584046
MULTI_BOUND_G,10,3,641,643.0650784054453
MULTI_BOUND_G,10,3,642,669.4775674921323
MULTI_BOUND_G,10,3,643,672.2786292607883
MULTI_BOUND_G,10,3,644,675.310508262588
MULTI_BOUND_G,10,3,645,702.4624747453068
MULTI_BOUND_G,10,3,646,701.6124824446156
MULTI_BOUND_G,10,3,647,742.005579095025
MULTI_BOUND_G,10,3,648,729.4983949207867
MULTI_BOUND_G,10,3,649,741.8997407630839
MULTI_BOUND_G,10,3,650,784.0338603437299
MULTI_BOUND_G,10,3,651,769.7505938270067
MULTI_BOUND_G,10,3,652,780.6771848554631
MULTI_BOUND_G,10,3,653,815.5309832770538
MULTI_BOUND_G,10,3,654,378.09203358202774
MULTI_BOUND_G,10,3,655,544.828872818569
MULTI_BOUND_G,10,3,656,551.0023984669403
MULTI_BOUND_G,10,3,657,557.7731129856821
MULTI_BOUND_G,10,3,658,577.377252563655
MULTI_BOUND_G,10,3,659,583.2571859369928
MULTI_BOUND_G,10,3,660,593.142965393765
MULTI_BOUND_G,10,3,661,597.6181740353575
MULTI_BOUND_G,10,3,662,637.702970984343
MULTI_BOUND_G,10,3,663,552.0120969117481
MULTI_BOUND_G,10,3,664,554.8131586804042
MULTI_BOUND_G,10,3,665,557.8450376822038
MULTI_BOUND_G,10,3,666,589.9292681758875
MULTI_BOUND_G,10,3,667,584.9970041649226
MULTI_BOUND_G,10,3,668,584.1470118642313
MULTI_BOUND_G,10,3,669,624.5401085146409
MULTI_BOUND_G,10,3,670,612.0329243404026
MULTI_BOUND_G,10,3,671,583.9953038726246
MULTI_BOUND_G,10,3,672,570.4543733108643
MULTI_BOUND_G,10,3,673,615.9542851695771
MULTI_BOUND_G,10,3,674,605.4039493898858
MULTI_BOUND_G,10,3,675,630.3000253977254
MULTI_BOUND_G,10,3,676,635.6588529979865
MULTI_BOUND_G,10,3,677,640.7733587227249
MULTI_BOUND_G,10,3,678,679.2107602300955
MULTI_BOUND_G,10,3,679,618.7958189799699
MULTI_BOUND_G,10,3,680,622.0490881250873
MULTI_BOUND_G,10,3,681,632.2011135115306
MULTI_BOUND_G,10,3,682,636.6293955423578
MULTI_BOUND_G,10,3,683,660.2655987238945
MULTI_BOUND_G,10,3,684,671.3867945038949
MULTI_BOUND_G,10,3,685,667.5357278639799
MULTI_BOUND_G,10,3,686,681.9392915209044
MULTI_BOUND_G,10,3,687,639.9203583895904
MULTI_BOUND_G,10,3,688,648.2769050438538
MULTI_BOUND_G,10,3,689,636.8538758431762
MULTI_BOUND_G,10,3,690,643.2363122372981
MULTI_BOUND_G,10,3,691,661.8466641391642
MULTI_BOUND_G,10,3,692,674.3313055695214
MULTI_BOUND_G,10,3,693,659.9428707307379
MULTI_BOUND_G,10,3,694,714.7880634580699
MULTI_BOUND_G,10,3,695,625.8644501407308
MULTI_BOUND_G,10,3,696,635.5486537849489
MULTI_BOUND_G,10,3,697,637.4004541666175
MULTI_BOUND_G,10,3,698,661.5999203112947
MULTI_BOUND_G,10,3,699,664.5729659579142
MULTI_BOUND_G,10,3,700,670.6375299788559
MULTI_BOUND_G,10,3,701,675.9790835474273
MULTI_BOUND_G,10,3,702,711.5273607101053
MULTI_BOUND_G,10,3,703,634.5333296198676
MULTI_BOUND_G,10,3,704,656.6500860347916
MULTI_BOUND_G,10,3,705,665.575505258192
MULTI_BOUND_G,10,3,706,678.1683402699215
MULTI_BOUND_G,10,3,707,704.4571546512088
MULTI_BOUND_G,10,3,708,702.1152770112556
MULTI_BOUND_G,10,3,709,715.6525455254427
MULTI_BOUND_G,10,3,710,724.0349746335751
MULTI_BOUND_G,10,3,711,661.4425996419037
MULTI_BOUND_G,10,3,712,647.1593331251806
MULTI_BOUND_G,10,3,713,658.0859241536369
MULTI_BOUND_G,10,3,714,672.1571470409601
MULTI_BOUND_G,10,3,715,692.9397225752277
MULTI_BOUND_G,10,3,716,677.2203479000739
MULTI_BOUND_G,10,3,717,671.475034351711
MULTI_BOUND_G,10,3,718,704.556751822488
MULTI_BOUND_G,10,3,719,703.6212392221557
MULTI_BOUND_G,10,3,720,729.8039356494169
MULTI_BOUND_G,10,3,721,764.477882853011
MULTI_BOUND_G,10,3,722,756.8362421167712
MULTI_BOUND_G,10,3,723,753.9289195125153
MULTI_BOUND_G,10,3,724,760.7916602723192
MULTI_BOUND_G,10,3,725,766.0343787354208
MULTI_BOUND_G,10,3,726,372.1652957102164
MULTI_BOUND_G,10,3,727,583.6663311006648
MULTI_BOUND_G,10,3,728,572.3603875402787
MULTI_BOUND_G,10,3,729,586.9196002457821
MULTI_BOUND_G,10,3,730,601.4999076630526
MULTI_BOUND_G,10,3,731,625.1361108445892
MULTI_BOUND_G,10,3,732,636.2573066245898
MULTI_BOUND_G,10,3,733,632.4062399846746
MULTI_BOUND_G,10,3,734,646.809803641599
MULTI_BOUND_G,10,3,735,562.8946292101798
MULTI_BOUND_G,10,3,736,604.3427439540445
MULTI_BOUND_G,10,3,737,611.1134584727863
MULTI_BOUND_G,10,3,738,630.7175980507591
MULTI_BOUND_G,10,3,739,636.5975314240968
MULTI_BOUND_G,10,3,740,646.4833108808691
MULTI_BOUND_G,10,3,741,650.9585195224615
MULTI_BOUND_G,10,3,742,691.0433164714472
MULTI_BOUND_G,10,3,743,610.1684110752844
MULTI_BOUND_G,10,3,744,599.7290472265363
MULTI_BOUND_G,10,3,745,622.9951471002206
MULTI_BOUND_G,10,3,746,632.2865713435651
MULTI_BOUND_G,10,3,747,640.7837987142077
MULTI_BOUND_G,10,3,748,647.0806059381655
MULTI_BOUND_G,10,3,749,637.250949114801
MULTI_BOUND_G,10,3,750,692.6198415939027
MULTI_BOUND_G,10,3,751,629.5330157566572
MULTI_BOUND_G,10,3,752,615.9920851948968
MULTI_BOUND_G,10,3,753,646.2608836871173
MULTI_BOUND_G,10,3,754,661.4919970536098
MULTI_BOUND_G,10,3,755,650.9416612739183
MULTI_BOUND_G,10,3,756,675.8377372817579
MULTI_BOUND_G,10,3,757,681.1965648820192
MULTI_BOUND_G,10,3,758,724.7484721141279
MULTI_BOUND_G,10,3,759,642.8551894799214
MULTI_BOUND_G,10,3,760,669.2676785666083
MULTI_BOUND_G,10,3,761,672.0687403352644
MULTI_BOUND_G,10,3,762,675.100619337064
MULTI_BOUND_G,10,3,763,707.1848498307477
MULTI_BOUND_G,10,3,764,701.4025935190915
MULTI_BOUND_G,10,3,765,741.7956901695011
MULTI_BOUND_G,10,3,766,729.2885059952628
MULTI_BOUND_G,10,3,767,710.2953015158837
MULTI_BOUND_G,10,3,768,727.6440658316825
MULTI_BOUND_G,10,3,769,736.0006124859459
MULTI_BOUND_G,10,3,770,724.5775832852682
MULTI_BOUND_G,10,3,771,730.9600196793901
MULTI_BOUND_G,10,3,772,749.5703715812563
MULTI_BOUND_G,10,3,773,747.66657817283
MULTI_BOUND_G,10,3,774,802.511770900162
MULTI_BOUND_G,10,3,775,663.4699704694311
MULTI_BOUND_G,10,3,776,679.2164031537279
MULTI_BOUND_G,10,3,777,709.1718020522123
MULTI_BOUND_G,10,3,778,743.8457492558065
MULTI_BOUND_G,10,3,779,733.2967859153108
MULTI_BOUND_G,10,3,780,740.1595266751146
MULTI_BOUND_G,10,3,781,745.4022451382162
MULTI_BOUND_G,10,3,782,781.9736984243749
MULTI_BOUND_G,10,3,783,697.1749934091565
MULTI_BOUND_G,10,3,784,723.3853248833749
MULTI_BOUND_G,10,3,785,734.9213289092615
MULTI_BOUND_G,10,3,786,759.1207950539388
MULTI_BOUND_G,10,3,787,762.0938407005583
MULTI_BOUND_G,10,3,788,768.1584047215
MULTI_BOUND_G,10,3,789,773.4999582900714
MULTI_BOUND_G,10,3,790,375.3864974258014
MULTI_BOUND_G,10,3,791,753.253526666896
MULTI_BOUND_G,10,3,792,795.387646247542
MULTI_BOUND_G,10,3,793,792.0309707592752
MULTI_BOUND_G,10,3,794,383.7689265339337
MULTI_BOUND_G,10,3,795,563.5683392209748
MULTI_BOUND_G,10,3,796,598.8429283164681
MULTI_BOUND_G,10,3,797,611.7871684835812
MULTI_BOUND_G,10,3,798,631.3913080615541
MULTI_BOUND_G,10,3,799,637.2712414348919
MULTI_BOUND_G,10,3,800,647.1570208916642
MULTI_BOUND_G,10,3,801,651.6322295332566
MULTI_BOUND_G,10,3,802,691.7170264822421
MULTI_BOUND_G,10,3,803,573.4105298969357
MULTI_BOUND_G,10,3,804,599.8230189836229
MULTI_BOUND_G,10,3,805,605.6559597540786
MULTI_BOUND_G,10,3,806,637.7401902477621
MULTI_BOUND_G,10,3,807,632.8079262367972
MULTI_BOUND_G,10,3,808,631.957933936106
MULTI_BOUND_G,10,3,809,672.3510305865157
MULTI_BOUND_G,10,3,810,659.8438464122772
MULTI_BOUND_G,10,3,811,658.5756490204244
MULTI_BOUND_G,10,3,812,648.1362851716763
MULTI_BOUND_G,10,3,813,680.6938092887051
MULTI_BOUND_G,10,3,814,689.1910366593477
MULTI_BOUND_G,10,3,815,695.4878438833055
MULTI_BOUND_G,10,3,816,701.7416508450405
MULTI_BOUND_G,10,3,817,685.6581870599409
MULTI_BOUND_G,10,3,818,741.0270795390427
MULTI_BOUND_G,10,3,819,692.4915165352129
MULTI_BOUND_G,10,3,820,681.1855729748268
MULTI_BOUND_G,10,3,821,705.8968110667736
MULTI_BOUND_G,10,3,822,710.3250930976008
MULTI_BOUND_G,10,3,823,733.9612962791375
MULTI_BOUND_G,10,3,824,745.0824920591378
MULTI_BOUND_G,10,3,825,741.2314254192229
MULTI_BOUND_G,10,3,826,755.6349890761473
MULTI_BOUND_G,10,3,827,661.9747505146463
MULTI_BOUND_G,10,3,828,689.8256035785691
MULTI_BOUND_G,10,3,829,700.7521946070254
MULTI_BOUND_G,10,3,830,714.8234174943486
MULTI_BOUND_G,10,3,831,735.6059930286162
MULTI_BOUND_G,10,3,832,719.8866183534624
MULTI_BOUND_G,10,3,833,714.1413048050995
MULTI_BOUND_G,10,3,834,747.2230222758765
MULTI_BOUND_G,10,3,835,707.9643173440456
MULTI_BOUND_G,10,3,836,733.6696283141079
MULTI_BOUND_G,10,3,837,722.2465991134302
MULTI_BOUND_G,10,3,838,728.6290355075521
MULTI_BOUND_G,10,3,839,747.2393874094182
MULTI_BOUND_G,10,3,840,759.7240288397754
MULTI_BOUND_G,10,3,841,745.3355940009919
MULTI_BOUND_G,10,3,842,800.1807867283239
MULTI_BOUND_G,10,3,843,683.1708826893732
MULTI_BOUND_G,10,3,844,719.0654178078097
MULTI_BOUND_G,10,3,845,720.9172181894783
MULTI_BOUND_G,10,3,846,745.1166843341555
MULTI_BOUND_G,10,3,847,748.089729980775
MULTI_BOUND_G,10,3,848,754.1542940017167
MULTI_BOUND_G,10,3,849,759.4958475702881
MULTI_BOUND_G,10,3,850,368.38444206590975
MULTI_BOUND_G,10,3,851,715.7714911687351
MULTI_BOUND_G,10,3,852,737.8882475836591
MULTI_BOUND_G,10,3,853,730.7493515469469
MULTI_BOUND_G,10,3,854,759.406501818789
MULTI_BOUND_G,10,3,855,785.6953162000764
MULTI_BOUND_G,10,3,856,783.3534385601231
MULTI_BOUND_G,10,3,857,796.8907070743103
MULTI_BOUND_G,10,3,858,373.498947790648
MULTI_BOUND_G,10,3,859,763.64421124224
MULTI_BOUND_G,10,3,860,411.9363492980186
MULTI_BOUND_G,10,3,861,662.4898029308024
MULTI_BOUND_G,10,3,862,675.3165389557386
MULTI_BOUND_G,10,3,863,684.6079631990831
MULTI_BOUND_G,10,3,864,693.1051905697257
MULTI_BOUND_G,10,3,865,699.4019977936834
MULTI_BOUND_G,10,3,866,705.6558047554184
MULTI_BOUND_G,10,3,867,684.7810220238748
MULTI_BOUND_G,10,3,868,744.9412334494207
MULTI_BOUND_G,10,3,869,705.5497422385163
MULTI_BOUND_G,10,3,870,722.8985065543151
MULTI_BOUND_G,10,3,871,731.2550532085785
MULTI_BOUND_G,10,3,872,726.2144604020227
MULTI_BOUND_G,10,3,873,744.8248123038888
MULTI_BOUND_G,10,3,874,757.3094537342461
MULTI_BOUND_G,10,3,875,738.1296999490185
MULTI_BOUND_G,10,3,876,797.7662116227946
MULTI_BOUND_G,10,3,877,708.1528788026358
MULTI_BOUND_G,10,3,878,724.880746733096
MULTI_BOUND_G,10,3,879,740.1118600995883
MULTI_BOUND_G,10,3,880,724.7702053734529
MULTI_BOUND_G,10,3,881,754.4576003277366
MULTI_BOUND_G,10,3,882,759.8164279279977
MULTI_BOUND_G,10,3,883,764.930933652736
MULTI_BOUND_G,10,3,884,803.3683351601067
MULTI_BOUND_G,10,4,0,325.55138572428285
MULTI_BOUND_G,10,4,1,11097.763996759104
MULTI_BOUND_G,10,4,2,5537.500392130899
MULTI_BOUND_G,10,4,3,2752.2969382241163
MULTI_BOUND_G,10,4,4,1370.6111545259687
MULTI_BOUND_G,10,4,5,681.3691520763656
MULTI_BOUND_G,10,4,6,686.1492178934924
MULTI_BOUND_G,10,4,7,697.6636851780149
MULTI_BOUND_G,10,4,8,346.39237490064653
MULTI_BOUND_G,10,4,9,384.1542690248872
MULTI_BOUND_G,10,4,10,399.1011091004999
MULTI_BOUND_G,10,4,11,418.06887947117906
MULTI_BOUND_G,10,4,12,428.18593049944513
MULTI_BOUND_G,10,4,13,440.20987004796075
MULTI_BOUND_G,10,4,14,436.9192937512617
MULTI_BOUND_G,10,4,15,443.6203133481643
MULTI_BOUND_G,10,4,16,368.27652493974625
MULTI_BOUND_G,10,4,17,373.3707341265291
MULTI_BOUND_G,10,4,18,390.23525854639456
MULTI_BOUND_G,10,4,19,403.5922240631781
MULTI_BOUND_G,10,4,20,399.58134073817655
MULTI_BOUND_G,10,4,21,418.07606329681954
MULTI_BOUND_G,10,4,22,416.15143066943415
MULTI_BOUND_G,10,4,23,431.16937638088353
MULTI_BOUND_G,10,4,24,434.34483216506203
MULTI_BOUND_G,10,4,25,425.4473403302869
MULTI_BOUND_G,10,4,26,439.3662532782473
MULTI_BOUND_G,10,4,27,448.98636256460406
MULTI_BOUND_G,10,4,28,446.3148538662559
MULTI_BOUND_G,10,4,29,458.2125555276079
MULTI_BOUND_G,10,4,30,463.11762461612386
MULTI_BOUND_G,10,4,31,474.314169202006
MULTI_BOUND_G,10,4,32,439.7622480792925
MULTI_BOUND_G,10,4,33,438.1512710841371
MULTI_BOUND_G,10,4,34,441.89073067997026
MULTI_BOUND_G,10,4,35,443.5639890986963
MULTI_BOUND_G,10,4,36,473.79091389398945
MULTI_BOUND_G,10,4,37,480.8727766265239
MULTI_BOUND_G,10,4,38,477.5619500105083
MULTI_BOUND_G,10,4,39,484.17521082179786
MULTI_BOUND_G,10,4,40,463.7793387344652
MULTI_BOUND_G,10,4,41,451.2103704772549
MULTI_BOUND_G,10,4,42,466.77201695722204
MULTI_BOUND_G,10,4,43,473.5789184023454
MULTI_BOUND_G,10,4,44,490.4262538090628
MULTI_BOUND_G,10,4,45,500.020010395555
MULTI_BOUND_G,10,4,46,498.6398401695012
MULTI_BOUND_G,10,4,47,493.9629144739442
MULTI_BOUND_G,10,4,48,437.490949094711
MULTI_BOUND_G,10,4,49,473.9764020293926
MULTI_BOUND_G,10,4,50,463.5520633356185
MULTI_BOUND_G,10,4,51,472.5797295810491
MULTI_BOUND_G,10,4,52,473.1156688352016
MULTI_BOUND_G,10,4,53,485.9751591562449
MULTI_BOUND_G,10,4,54,516.3732801171062
MULTI_BOUND_G,10,4,55,521.4270237922356
MULTI_BOUND_G,10,4,56,449.38085512067585
MULTI_BOUND_G,10,4,57,475.81964446385564
MULTI_BOUND_G,10,4,58,454.16092093780264
MULTI_BOUND_G,10,4,59,465.67538822232524
MULTI_BOUND_G,10,4,60,478.1112150918168
MULTI_BOUND_G,10,4,61,507.3262546828151
MULTI_BOUND_G,10,4,62,515.0841841297846
MULTI_BOUND_G,10,4,63,512.2391362484439
MULTI_BOUND_G,10,4,64,489.24913662895096
MULTI_BOUND_G,10,4,65,489.00130975127945
MULTI_BOUND_G,10,4,66,503.2025165653767
MULTI_BOUND_G,10,4,67,510.3868543408807
MULTI_BOUND_G,10,4,68,515.4846460647598
MULTI_BOUND_G,10,4,69,512.899067551718
MULTI_BOUND_G,10,4,70,520.2435849197757
MULTI_BOUND_G,10,4,71,525.8892992028159
MULTI_BOUND_G,10,4,72,463.3901919499275
MULTI_BOUND_G,10,4,73,475.9031859419144
MULTI_BOUND_G,10,4,74,485.83446844464686
MULTI_BOUND_G,10,4,75,483.73819363329744
MULTI_BOUND_G,10,4,76,492.76319837716477
MULTI_BOUND_G,10,4,77,499.45291644204224
MULTI_BOUND_G,10,4,78,516.6749898538116
MULTI_BOUND_G,10,4,79,533.4663248682984
MULTI_BOUND_G,10,4,80,689.7289575650512
MULTI_BOUND_G,10,4,81,345.5061111110695
MULTI_BOUND_G,10,4,82,367.68718668413214
MULTI_BOUND_G,10,4,83,372.46725250125894
MULTI_BOUND_G,10,4,84,383.9817197857815
MULTI_BOUND_G,10,4,85,396.417546655273
MULTI_BOUND_G,10,4,86,425.63258624627133
MULTI_BOUND_G,10,4,87,433.3905156932409
MULTI_BOUND_G,10,4,88,430.5454678119
MULTI_BOUND_G,10,4,89,419.14216633288925
MULTI_BOUND_G,10,4,90,440.71456274345053
MULTI_BOUND_G,10,4,91,443.80118660427513
MULTI_BOUND_G,10,4,92,451.1495669129181
MULTI_BOUND_G,10,4,93,462.427093089494
MULTI_BOUND_G,10,4,94,461.26412883203267
MULTI_BOUND_G,10,4,95,465.48160850036743
MULTI_BOUND_G,10,4,96,470.65564678128277
MULTI_BOUND_G,10,4,97,447.07474387827386
MULTI_BOUND_G,10,4,98,460.3765923193888
MULTI_BOUND_G,10,4,99,474.2955052673492
MULTI_BOUND_G,10,4,100,483.91561455370595
MULTI_BOUND_G,10,4,101,481.24410585535776
MULTI_BOUND_G,10,4,102,493.1418075167098
MULTI_BOUND_G,10,4,103,498.04687660522575
MULTI_BOUND_G,10,4,104,509.24342119110787
MULTI_BOUND_G,10,4,105,456.992812291932
MULTI_BOUND_G,10,4,106,476.24424990119616
MULTI_BOUND_G,10,4,107,481.338459087979
MULTI_BOUND_G,10,4,108,511.559949024628
MULTI_BOUND_G,10,4,109,507.54906569962634
MULTI_BOUND_G,10,4,110,526.0437882582694
MULTI_BOUND_G,10,4,111,524.119155630884
MULTI_BOUND_G,10,4,112,539.1371013423334
MULTI_BOUND_G,10,4,113,504.91108587387293
MULTI_BOUND_G,10,4,114,534.7364962441735
MULTI_BOUND_G,10,4,115,538.4759558400067
MULTI_BOUND_G,10,4,116,540.1492142587327
MULTI_BOUND_G,10,4,117,570.3761390540258
MULTI_BOUND_G,10,4,118,577.4580017865603
MULTI_BOUND_G,10,4,119,574.1471751705448
MULTI_BOUND_G,10,4,120,580.7604359818342
MULTI_BOUND_G,10,4,121,538.8989831398583
MULTI_BOUND_G,10,4,122,553.3329370765375
MULTI_BOUND_G,10,4,123,568.8945835565047
MULTI_BOUND_G,10,4,124,575.701485001628
MULTI_BOUND_G,10,4,125,592.5488204083456
MULTI_BOUND_G,10,4,126,602.1425769948376
MULTI_BOUND_G,10,4,127,600.7624067687839
MULTI_BOUND_G,10,4,128,596.0854810732269
MULTI_BOUND_G,10,4,129,531.829571434744
MULTI_BOUND_G,10,4,130,541.106342437873
MULTI_BOUND_G,10,4,131,567.1674566787805
MULTI_BOUND_G,10,4,132,576.1951229242111
MULTI_BOUND_G,10,4,133,576.7310621783636
MULTI_BOUND_G,10,4,134,589.590552499407
MULTI_BOUND_G,10,4,135,619.9886734602683
MULTI_BOUND_G,10,4,136,625.0424171353977
MULTI_BOUND_G,10,4,137,557.6648043718667
MULTI_BOUND_G,10,4,138,579.9265196792967
MULTI_BOUND_G,10,4,139,594.127726493394
MULTI_BOUND_G,10,4,140,601.312064268898
MULTI_BOUND_G,10,4,141,606.409855992777
MULTI_BOUND_G,10,4,142,603.8242774797352
MULTI_BOUND_G,10,4,143,611.1687948477929
MULTI_BOUND_G,10,4,144,616.8145091308331
MULTI_BOUND_G,10,4,145,557.369364509919
MULTI_BOUND_G,10,4,146,553.6650492381715
MULTI_BOUND_G,10,4,147,569.8823585019061
MULTI_BOUND_G,10,4,148,577.7173661932891
MULTI_BOUND_G,10,4,149,586.7423709371565
MULTI_BOUND_G,10,4,150,593.4320890020338
MULTI_BOUND_G,10,4,151,610.6541624138032
MULTI_BOUND_G,10,4,152,627.4454974282901
MULTI_BOUND_G,10,4,153,421.4645285779927
MULTI_BOUND_G,10,4,154,438.65535345398484
MULTI_BOUND_G,10,4,155,441.7419773148095
MULTI_BOUND_G,10,4,156,449.0903576234524
MULTI_BOUND_G,10,4,157,460.36788380002844
MULTI_BOUND_G,10,4,158,459.2049195425671
MULTI_BOUND_G,10,4,159,463.42239921090174
MULTI_BOUND_G,10,4,160,468.5964374918172
MULTI_BOUND_G,10,4,161,431.24996260238424
MULTI_BOUND_G,10,4,162,462.6863499678402
MULTI_BOUND_G,10,4,163,461.0753729726848
MULTI_BOUND_G,10,4,164,466.48809098724405
MULTI_BOUND_G,10,4,165,496.7150157825372
MULTI_BOUND_G,10,4,166,503.7968785150716
MULTI_BOUND_G,10,4,167,500.48605189905606
MULTI_BOUND_G,10,4,168,507.0993127103456
MULTI_BOUND_G,10,4,169,455.19217618540307
MULTI_BOUND_G,10,4,170,482.19509837929263
MULTI_BOUND_G,10,4,171,469.6261301220823
MULTI_BOUND_G,10,4,172,491.9946780471728
MULTI_BOUND_G,10,4,173,508.8420134538902
MULTI_BOUND_G,10,4,174,518.4357700403824
MULTI_BOUND_G,10,4,175,517.0555998143286
MULTI_BOUND_G,10,4,176,512.3786741187716
MULTI_BOUND_G,10,4,177,453.7888414761244
MULTI_BOUND_G,10,4,178,470.4129514463812
MULTI_BOUND_G,10,4,179,491.550735600365
MULTI_BOUND_G,10,4,180,525.4653460466568
MULTI_BOUND_G,10,4,181,535.5823970749229
MULTI_BOUND_G,10,4,182,547.6063366234387
MULTI_BOUND_G,10,4,183,544.3157603267396
MULTI_BOUND_G,10,4,184,551.0167799236422
MULTI_BOUND_G,10,4,185,484.5178652565555
MULTI_BOUND_G,10,4,186,493.79463625968447
MULTI_BOUND_G,10,4,187,530.280089194366
MULTI_BOUND_G,10,4,188,528.8834167460226
MULTI_BOUND_G,10,4,189,529.4193560001751
MULTI_BOUND_G,10,4,190,542.2788463212185
MULTI_BOUND_G,10,4,191,572.6769672820798
MULTI_BOUND_G,10,4,192,577.7307109572091
MULTI_BOUND_G,10,4,193,526.0518133721195
MULTI_BOUND_G,10,4,194,503.8524730962294
MULTI_BOUND_G,10,4,195,531.0732344853047
MULTI_BOUND_G,10,4,196,540.6933437716616
MULTI_BOUND_G,10,4,197,538.0218350733134
MULTI_BOUND_G,10,4,198,549.9195367346654
MULTI_BOUND_G,10,4,199,554.8246058231814
MULTI_BOUND_G,10,4,200,566.0211504090635
MULTI_BOUND_G,10,4,201,528.5001349268589
MULTI_BOUND_G,10,4,202,544.7174441905934
MULTI_BOUND_G,10,4,203,554.6487266933259
MULTI_BOUND_G,10,4,204,552.5524518819765
MULTI_BOUND_G,10,4,205,561.5774566258438
MULTI_BOUND_G,10,4,206,568.2671746907212
MULTI_BOUND_G,10,4,207,585.4892481024906
MULTI_BOUND_G,10,4,208,602.2805831169776
MULTI_BOUND_G,10,4,209,542.0526639995885
MULTI_BOUND_G,10,4,210,564.5622061846899
MULTI_BOUND_G,10,4,211,578.5155861211158
MULTI_BOUND_G,10,4,212,585.6999238966198
MULTI_BOUND_G,10,4,213,590.7977156204988
MULTI_BOUND_G,10,4,214,588.2121371074569
MULTI_BOUND_G,10,4,215,595.5566544755147
MULTI_BOUND_G,10,4,216,601.2023687585548
MULTI_BOUND_G,10,4,217,540.9836998629203
MULTI_BOUND_G,10,4,218,589.6035647791626
MULTI_BOUND_G,10,4,219,567.9448412531098
MULTI_BOUND_G,10,4,220,579.4593085376323
MULTI_BOUND_G,10,4,221,591.8951354071239
MULTI_BOUND_G,10,4,222,621.1101749981221
MULTI_BOUND_G,10,4,223,628.8681044450917
MULTI_BOUND_G,10,4,224,626.0230565637507
MULTI_BOUND_G,10,4,225,489.16016827701094
MULTI_BOUND_G,10,4,226,476.704170102038
MULTI_BOUND_G,10,4,227,499.732201616574
MULTI_BOUND_G,10,4,228,509.4376170138277
MULTI_BOUND_G,10,4,229,516.7859973224706
MULTI_BOUND_G,10,4,230,528.0635234990466
MULTI_BOUND_G,10,4,231,531.11803890992
MULTI_BOUND_G,10,4,232,529.4301181619661
MULTI_BOUND_G,10,4,233,510.970998669224
MULTI_BOUND_G,10,4,234,530.2224362784882
MULTI_BOUND_G,10,4,235,535.316645465271
MULTI_BOUND_G,10,4,236,552.1811698851365
MULTI_BOUND_G,10,4,237,565.53813540192
MULTI_BOUND_G,10,4,238,554.9084605404894
MULTI_BOUND_G,10,4,239,573.1600156066922
MULTI_BOUND_G,10,4,240,578.0973420081762
MULTI_BOUND_G,10,4,241,552.927978546059
MULTI_BOUND_G,10,4,242,567.4469711636137
MULTI_BOUND_G,10,4,243,580.9381761352519
MULTI_BOUND_G,10,4,244,607.9803731463348
MULTI_BOUND_G,10,4,245,618.0974241746009
MULTI_BOUND_G,10,4,246,630.1213637231165
MULTI_BOUND_G,10,4,247,626.8307874264174
MULTI_BOUND_G,10,4,248,626.6698479944507
MULTI_BOUND_G,10,4,249,559.7948121089856
MULTI_BOUND_G,10,4,250,537.5954718330956
MULTI_BOUND_G,10,4,251,542.8228936338069
MULTI_BOUND_G,10,4,252,564.8162332221709
MULTI_BOUND_G,10,4,253,574.4363425085278
MULTI_BOUND_G,10,4,254,553.3726041488774
MULTI_BOUND_G,10,4,255,583.6625354715316
MULTI_BOUND_G,10,4,256,588.5676045600476
MULTI_BOUND_G,10,4,257,537.3939444322979
MULTI_BOUND_G,10,4,258,568.8303317977537
MULTI_BOUND_G,10,4,259,562.8843877580279
MULTI_BOUND_G,10,4,260,566.0132812807286
MULTI_BOUND_G,10,4,261,602.8589976124508
MULTI_BOUND_G,10,4,262,609.9408603449851
MULTI_BOUND_G,10,4,263,606.6300337289697
MULTI_BOUND_G,10,4,264,606.38133551139
MULTI_BOUND_G,10,4,265,576.0193933807343
MULTI_BOUND_G,10,4,266,603.0223155746238
MULTI_BOUND_G,10,4,267,597.9405671569768
MULTI_BOUND_G,10,4,268,605.3817199388033
MULTI_BOUND_G,10,4,269,629.6692306492214
MULTI_BOUND_G,10,4,270,639.2629872357136
MULTI_BOUND_G,10,4,271,631.0208579807907
MULTI_BOUND_G,10,4,272,633.2058913141027
MULTI_BOUND_G,10,4,273,603.3321817605854
MULTI_BOUND_G,10,4,274,605.9901612272852
MULTI_BOUND_G,10,4,275,649.0944056983959
MULTI_BOUND_G,10,4,276,630.595640364218
MULTI_BOUND_G,10,4,277,648.2336725042048
MULTI_BOUND_G,10,4,278,661.0931628252482
MULTI_BOUND_G,10,4,279,691.4912837861095
MULTI_BOUND_G,10,4,280,689.6830684323697
MULTI_BOUND_G,10,4,281,651.2644261850453
MULTI_BOUND_G,10,4,282,673.7739683701467
MULTI_BOUND_G,10,4,283,665.1355880013718
MULTI_BOUND_G,10,4,284,688.0497270532071
MULTI_BOUND_G,10,4,285,700.0094778059556
MULTI_BOUND_G,10,4,286,690.8051077564845
MULTI_BOUND_G,10,4,287,326.8781219617342
MULTI_BOUND_G,10,4,288,637.5263427839453
MULTI_BOUND_G,10,4,289,641.8964541526016
MULTI_BOUND_G,10,4,290,658.113763416336
MULTI_BOUND_G,10,4,291,668.0450459190686
MULTI_BOUND_G,10,4,292,665.9487711077192
MULTI_BOUND_G,10,4,293,674.9737758515864
MULTI_BOUND_G,10,4,294,681.663493916464
MULTI_BOUND_G,10,4,295,692.2667757918042
MULTI_BOUND_G,10,4,296,573.3949919103391
MULTI_BOUND_G,10,4,297,569.01342037577
MULTI_BOUND_G,10,4,298,590.5858167863313
MULTI_BOUND_G,10,4,299,593.6724406471558
MULTI_BOUND_G,10,4,300,601.0208209557989
MULTI_BOUND_G,10,4,301,612.2983471323748
MULTI_BOUND_G,10,4,302,611.1353828749134
MULTI_BOUND_G,10,4,303,620.5269008241635
MULTI_BOUND_G,10,4,304,568.3180467468487
MULTI_BOUND_G,10,4,305,584.9421567171055
MULTI_BOUND_G,10,4,306,606.0799408710892
MULTI_BOUND_G,10,4,307,621.026780946702
MULTI_BOUND_G,10,4,308,639.9945513173811
MULTI_BOUND_G,10,4,309,650.1116023456473
MULTI_BOUND_G,10,4,310,662.1355418941628
MULTI_BOUND_G,10,4,311,665.5459851943665
MULTI_BOUND_G,10,4,312,579.2182484904793
MULTI_BOUND_G,10,4,313,598.4696860997435
MULTI_BOUND_G,10,4,314,603.5638952865263
MULTI_BOUND_G,10,4,315,620.4284197063918
MULTI_BOUND_G,10,4,316,633.7853852231754
MULTI_BOUND_G,10,4,317,629.7745018981738
MULTI_BOUND_G,10,4,318,648.2692244568168
MULTI_BOUND_G,10,4,319,661.3625375408808
MULTI_BOUND_G,10,4,320,601.5514293375181
MULTI_BOUND_G,10,4,321,623.4163780598813
MULTI_BOUND_G,10,4,322,650.1712942537605
MULTI_BOUND_G,10,4,323,628.5125707277076
MULTI_BOUND_G,10,4,324,640.0270380122302
MULTI_BOUND_G,10,4,325,652.4628648817218
MULTI_BOUND_G,10,4,326,681.67790447272
MULTI_BOUND_G,10,4,327,686.5907860383486
MULTI_BOUND_G,10,4,328,633.3274813923401
MULTI_BOUND_G,10,4,329,628.0798800711043
MULTI_BOUND_G,10,4,330,630.1863494450876
MULTI_BOUND_G,10,4,331,654.5991667046981
MULTI_BOUND_G,10,4,332,661.5380217968743
MULTI_BOUND_G,10,4,333,669.3902058844549
MULTI_BOUND_G,10,4,334,686.6122792962243
MULTI_BOUND_G,10,4,335,696.7067702565155
MULTI_BOUND_G,10,4,336,624.8041583653305
MULTI_BOUND_G,10,4,337,634.0809293684595
MULTI_BOUND_G,10,4,338,670.566382303141
MULTI_BOUND_G,10,4,339,660.142043609367
MULTI_BOUND_G,10,4,340,669.1697098547977
MULTI_BOUND_G,10,4,341,669.7056491089502
MULTI_BOUND_G,10,4,342,682.5651394299935
MULTI_BOUND_G,10,4,343,329.8561808171373
MULTI_BOUND_G,10,4,344,669.1887161048137
MULTI_BOUND_G,10,4,345,646.9893758289238
MULTI_BOUND_G,10,4,346,660.2912242700387
MULTI_BOUND_G,10,4,347,683.8302465043557
MULTI_BOUND_G,10,4,348,681.1587378060076
MULTI_BOUND_G,10,4,349,693.0564394673597
MULTI_BOUND_G,10,4,350,697.9615085558755
MULTI_BOUND_G,10,4,351,327.2706023040954
MULTI_BOUND_G,10,4,352,651.6855316680546
MULTI_BOUND_G,10,4,353,683.1219190335106
MULTI_BOUND_G,10,4,354,681.5109420383553
MULTI_BOUND_G,10,4,355,685.2504016341884
MULTI_BOUND_G,10,4,356,686.9236600529144
MULTI_BOUND_G,10,4,357,334.6151196721532
MULTI_BOUND_G,10,4,358,676.7307554435881
MULTI_BOUND_G,10,4,359,703.7336776374776
MULTI_BOUND_G,10,4,360,691.1647093802674
MULTI_BOUND_G,10,4,361,340.2608339551932
MULTI_BOUND_G,10,4,362,538.9337237724694
MULTI_BOUND_G,10,4,363,555.5578337427262
MULTI_BOUND_G,10,4,364,591.6424579723227
MULTI_BOUND_G,10,4,365,610.6102283430018
MULTI_BOUND_G,10,4,366,620.727279371268
MULTI_BOUND_G,10,4,367,632.7512189197835
MULTI_BOUND_G,10,4,368,629.4606426230845
MULTI_BOUND_G,10,4,369,636.1616622199872
MULTI_BOUND_G,10,4,370,544.6310727543824
MULTI_BOUND_G,10,4,371,540.2495012198134
MULTI_BOUND_G,10,4,372,564.9085214911993
MULTI_BOUND_G,10,4,373,572.2569017998422
MULTI_BOUND_G,10,4,374,583.5344279764181
MULTI_BOUND_G,10,4,375,582.3714637189569
MULTI_BOUND_G,10,4,376,586.5889433872916
MULTI_BOUND_G,10,4,377,591.762981668207
MULTI_BOUND_G,10,4,378,532.534595601893
MULTI_BOUND_G,10,4,379,551.786033211157
MULTI_BOUND_G,10,4,380,556.8802423979399
MULTI_BOUND_G,10,4,381,573.7447668178054
MULTI_BOUND_G,10,4,382,587.1017323345889
MULTI_BOUND_G,10,4,383,601.5855715682303
MULTI_BOUND_G,10,4,384,599.660938940845
MULTI_BOUND_G,10,4,385,614.6788846522943
MULTI_BOUND_G,10,4,386,585.4080442762247
MULTI_BOUND_G,10,4,387,607.9175864613262
MULTI_BOUND_G,10,4,388,607.6697595836547
MULTI_BOUND_G,10,4,389,621.870966397752
MULTI_BOUND_G,10,4,390,629.055304173256
MULTI_BOUND_G,10,4,391,634.153095897135
MULTI_BOUND_G,10,4,392,638.9120347521509
MULTI_BOUND_G,10,4,393,644.5577490351911
MULTI_BOUND_G,10,4,394,572.2318773184177
MULTI_BOUND_G,10,4,395,617.9941012562282
MULTI_BOUND_G,10,4,396,607.569762562454
MULTI_BOUND_G,10,4,397,616.5974288078846
MULTI_BOUND_G,10,4,398,617.1333680620371
MULTI_BOUND_G,10,4,399,629.9928583830805
MULTI_BOUND_G,10,4,400,660.3909793439418
MULTI_BOUND_G,10,4,401,665.4447230190713
MULTI_BOUND_G,10,4,402,585.6077663964891
MULTI_BOUND_G,10,4,403,581.9034511247414
MULTI_BOUND_G,10,4,404,598.1207603884761
MULTI_BOUND_G,10,4,405,608.0520428912085
MULTI_BOUND_G,10,4,406,605.9557680798591
MULTI_BOUND_G,10,4,407,614.9807728237265
MULTI_BOUND_G,10,4,408,621.6704908886038
MULTI_BOUND_G,10,4,409,655.6838993148601
MULTI_BOUND_G,10,4,410,608.0477588371175
MULTI_BOUND_G,10,4,411,639.4841462025735
MULTI_BOUND_G,10,4,412,637.8731692074182
MULTI_BOUND_G,10,4,413,641.6126288032513
MULTI_BOUND_G,10,4,414,673.5128120172703
MULTI_BOUND_G,10,4,415,680.5946747498049
MULTI_BOUND_G,10,4,416,677.2838481337893
MULTI_BOUND_G,10,4,417,683.8971089450788
MULTI_BOUND_G,10,4,418,631.6116922236026
MULTI_BOUND_G,10,4,419,658.6146144174922
MULTI_BOUND_G,10,4,420,646.0456461602819
MULTI_BOUND_G,10,4,421,661.607292640249
MULTI_BOUND_G,10,4,422,685.26152949209
MULTI_BOUND_G,10,4,423,694.8552860785819
MULTI_BOUND_G,10,4,424,693.4751158525282
MULTI_BOUND_G,10,4,425,688.7981901569713
MULTI_BOUND_G,10,4,426,624.1990205641753
MULTI_BOUND_G,10,4,427,646.380096137238
MULTI_BOUND_G,10,4,428,672.8188854804176
MULTI_BOUND_G,10,4,429,662.6746292388873
MULTI_BOUND_G,10,4,430,675.1104561083789
MULTI_BOUND_G,10,4,431,704.3254956993771
MULTI_BOUND_G,10,4,432,328.8978469310827
MULTI_BOUND_G,10,4,433,536.0360155176983
MULTI_BOUND_G,10,4,434,531.6544439831292
MULTI_BOUND_G,10,4,435,553.2268403936904
MULTI_BOUND_G,10,4,436,556.3134642545151
MULTI_BOUND_G,10,4,437,563.661844563158
MULTI_BOUND_G,10,4,438,573.7764064822727
MULTI_BOUND_G,10,4,439,577.9938861506073
MULTI_BOUND_G,10,4,440,583.1679244315228
MULTI_BOUND_G,10,4,441,558.064335502694
MULTI_BOUND_G,10,4,442,535.864995226804
MULTI_BOUND_G,10,4,443,549.166843667919
MULTI_BOUND_G,10,4,444,563.0857566158793
MULTI_BOUND_G,10,4,445,570.0343572038879
MULTI_BOUND_G,10,4,446,581.9320588652399
MULTI_BOUND_G,10,4,447,586.837127953756
MULTI_BOUND_G,10,4,448,598.033672539638
MULTI_BOUND_G,10,4,449,577.4644338596261
MULTI_BOUND_G,10,4,450,594.0885438298828
MULTI_BOUND_G,10,4,451,615.2263279838667
MULTI_BOUND_G,10,4,452,630.1731680594795
MULTI_BOUND_G,10,4,453,649.1409384301585
MULTI_BOUND_G,10,4,454,659.2579894584246
MULTI_BOUND_G,10,4,455,667.9913527102412
MULTI_BOUND_G,10,4,456,674.6923723071438
MULTI_BOUND_G,10,4,457,568.0116119710517
MULTI_BOUND_G,10,4,458,587.2630495803157
MULTI_BOUND_G,10,4,459,592.3572587670986
MULTI_BOUND_G,10,4,460,609.2217831869641
MULTI_BOUND_G,10,4,461,618.567865378746
MULTI_BOUND_G,10,4,462,637.062587937389
MULTI_BOUND_G,10,4,463,635.1379553100037
MULTI_BOUND_G,10,4,464,650.155901021453
MULTI_BOUND_G,10,4,465,579.9977116807572
MULTI_BOUND_G,10,4,466,602.1787872538197
MULTI_BOUND_G,10,4,467,628.6175765969995
MULTI_BOUND_G,10,4,468,606.9588530709466
MULTI_BOUND_G,10,4,469,618.4733203554692
MULTI_BOUND_G,10,4,470,630.9091472249606
MULTI_BOUND_G,10,4,471,667.8821162629285
MULTI_BOUND_G,10,4,472,665.0370683815877
MULTI_BOUND_G,10,4,473,597.1215558108006
MULTI_BOUND_G,10,4,474,628.5579431762563
MULTI_BOUND_G,10,4,475,626.9469661811011
MULTI_BOUND_G,10,4,476,630.6864257769342
MULTI_BOUND_G,10,4,477,632.3596841956603
MULTI_BOUND_G,10,4,478,662.5866089909534
MULTI_BOUND_G,10,4,479,666.3576451074723
MULTI_BOUND_G,10,4,480,672.9709059187619
MULTI_BOUND_G,10,4,481,636.5943316623404
MULTI_BOUND_G,10,4,482,663.59725385623
MULTI_BOUND_G,10,4,483,651.0282855990197
MULTI_BOUND_G,10,4,484,666.5899320789869
MULTI_BOUND_G,10,4,485,673.3968335241102
MULTI_BOUND_G,10,4,486,690.2441689308278
MULTI_BOUND_G,10,4,487,698.457755291266
MULTI_BOUND_G,10,4,488,693.7808295957091
MULTI_BOUND_G,10,4,489,350.5907430254308
MULTI_BOUND_G,10,4,490,695.0996766069443
MULTI_BOUND_G,10,4,491,691.3953613351966
MULTI_BOUND_G,10,4,492,355.6444867005602
MULTI_BOUND_G,10,4,493,533.6984943313432
MULTI_BOUND_G,10,4,494,552.2303206754202
MULTI_BOUND_G,10,4,495,559.3527171034557
MULTI_BOUND_G,10,4,496,574.1451748892621
MULTI_BOUND_G,10,4,497,588.3257783669321
MULTI_BOUND_G,10,4,498,585.5633237151031
MULTI_BOUND_G,10,4,499,602.1334136463607
MULTI_BOUND_G,10,4,500,616.4213469484382
MULTI_BOUND_G,10,4,501,566.8436991167051
MULTI_BOUND_G,10,4,502,564.5341942161951
MULTI_BOUND_G,10,4,503,586.1065906267563
MULTI_BOUND_G,10,4,504,587.1650272463285
MULTI_BOUND_G,10,4,505,596.541594796224
MULTI_BOUND_G,10,4,506,606.5706922996274
MULTI_BOUND_G,10,4,507,605.9261443059665
MULTI_BOUND_G,10,4,508,610.8736363836732
MULTI_BOUND_G,10,4,509,553.8405769095525
MULTI_BOUND_G,10,4,510,564.425923888747
MULTI_BOUND_G,10,4,511,598.8393101893695
MULTI_BOUND_G,10,4,512,590.4870381296545
MULTI_BOUND_G,10,4,513,598.7846919657131
MULTI_BOUND_G,10,4,514,598.0224563879849
MULTI_BOUND_G,10,4,515,612.9101339502809
MULTI_BOUND_G,10,4,516,643.3082549111422
MULTI_BOUND_G,10,4,517,571.91388865662
MULTI_BOUND_G,10,4,518,587.9594350601833
MULTI_BOUND_G,10,4,519,610.4057951902325
MULTI_BOUND_G,10,4,520,625.3526352658454
MULTI_BOUND_G,10,4,521,642.2922183952719
MULTI_BOUND_G,10,4,522,654.4374566647906
MULTI_BOUND_G,10,4,523,665.2129675401338
MULTI_BOUND_G,10,4,524,663.1708199166071
MULTI_BOUND_G,10,4,525,597.8868344270061
MULTI_BOUND_G,10,4,526,620.0035808212407
MULTI_BOUND_G,10,4,527,623.0004117599898
MULTI_BOUND_G,10,4,528,629.7747621105193
MULTI_BOUND_G,10,4,529,632.5811934610581
MULTI_BOUND_G,10,4,530,646.8981695604282
MULTI_BOUND_G,10,4,531,651.0520336645303
MULTI_BOUND_G,10,4,532,659.8884012115261
MULTI_BOUND_G,10,4,533,606.4836145089055
MULTI_BOUND_G,10,4,534,637.156511216368
MULTI_BOUND_G,10,4,535,636.8875884458998
MULTI_BOUND_G,10,4,536,641.3570604511049
MULTI_BOUND_G,10,4,537,643.0303188698309
MULTI_BOUND_G,10,4,538,672.407892611832
MULTI_BOUND_G,10,4,539,679.0906777244861
MULTI_BOUND_G,10,4,540,677.0282797816429
MULTI_BOUND_G,10,4,541,629.5604713656087
MULTI_BOUND_G,10,4,542,655.7999029015047
MULTI_BOUND_G,10,4,543,644.5729888689814
MULTI_BOUND_G,10,4,544,660.8646477583205
MULTI_BOUND_G,10,4,545,667.6715492034439
MULTI_BOUND_G,10,4,546,684.5188846101614
MULTI_BOUND_G,10,4,547,692.864212523481
MULTI_BOUND_G,10,4,548,686.02735803379
MULTI_BOUND_G,10,4,549,681.6795514945753
MULTI_BOUND_G,10,4,550,660.2437018766789
MULTI_BOUND_G,10,4,551,674.8541262938594
MULTI_BOUND_G,10,4,552,688.7730392418197
MULTI_BOUND_G,10,4,553,697.144719855004
MULTI_BOUND_G,10,4,554,334.55205331600575
MULTI_BOUND_G,10,4,555,669.2415522056735
MULTI_BOUND_G,10,4,556,692.7312037548016
MULTI_BOUND_G,10,4,557,717.0979264639224
MULTI_BOUND_G,10,4,558,351.34338833049264
MULTI_BOUND_G,10,4,559,559.2074296397178
MULTI_BOUND_G,10,4,560,554.8258581051488
MULTI_BOUND_G,10,4,561,576.3982545157099
MULTI_BOUND_G,10,4,562,586.7171930503862
MULTI_BOUND_G,10,4,563,598.1107848617535
MULTI_BOUND_G,10,4,564,596.9478206042922
MULTI_BOUND_G,10,4,565,601.1653002726268
MULTI_BOUND_G,10,4,566,606.3393385535423
MULTI_BOUND_G,10,4,567,571.9841748369365
MULTI_BOUND_G,10,4,568,588.6082848071933
MULTI_BOUND_G,10,4,569,609.746068961177
MULTI_BOUND_G,10,4,570,624.6929090367898
MULTI_BOUND_G,10,4,571,653.6616648009438
MULTI_BOUND_G,10,4,572,665.8016699842506
MULTI_BOUND_G,10,4,573,662.5110936875516
MULTI_BOUND_G,10,4,574,669.2121132844543
MULTI_BOUND_G,10,4,575,574.0888435644438
MULTI_BOUND_G,10,4,576,596.2699191375062
MULTI_BOUND_G,10,4,577,622.708708480686
MULTI_BOUND_G,10,4,578,601.0499849546331
MULTI_BOUND_G,10,4,579,624.8842134738559
MULTI_BOUND_G,10,4,580,654.2153186996454
MULTI_BOUND_G,10,4,581,661.9732481466151
MULTI_BOUND_G,10,4,582,659.1282002652742
MULTI_BOUND_G,10,4,583,587.6369955372656
MULTI_BOUND_G,10,4,584,611.8665766985214
MULTI_BOUND_G,10,4,585,628.8471667531782
MULTI_BOUND_G,10,4,586,642.2041322699617
MULTI_BOUND_G,10,4,587,638.1932489449601
MULTI_BOUND_G,10,4,588,656.6879715036032
MULTI_BOUND_G,10,4,589,654.7633388762179
MULTI_BOUND_G,10,4,590,669.7812845876672
MULTI_BOUND_G,10,4,591,633.1584643881753
MULTI_BOUND_G,10,4,592,610.9591241122853
MULTI_BOUND_G,10,4,593,624.2609725534003
MULTI_BOUND_G,10,4,594,638.1798855013606
MULTI_BOUND_G,10,4,595,647.7999947877174
MULTI_BOUND_G,10,4,596,645.1284860893693
MULTI_BOUND_G,10,4,597,661.8151912044459
MULTI_BOUND_G,10,4,598,673.1278014251193
MULTI_BOUND_G,10,4,599,675.4060212849224
MULTI_BOUND_G,10,4,600,702.408943478812
MULTI_BOUND_G,10,4,601,689.8399752216017
MULTI_BOUND_G,10,4,602,705.4016217015688
MULTI_BOUND_G,10,4,603,339.48240124106917
MULTI_BOUND_G,10,4,604,658.2203246782635
MULTI_BOUND_G,10,4,605,667.4970956813925
MULTI_BOUND_G,10,4,606,703.982548616074
MULTI_BOUND_G,10,4,607,693.5582099223
MULTI_BOUND_G,10,4,608,702.5858761677307
MULTI_BOUND_G,10,4,609,346.5642639736038
MULTI_BOUND_G,10,4,610,684.0150569767532
MULTI_BOUND_G,10,4,611,706.5245991618546
MULTI_BOUND_G,10,4,612,343.25343735758815
MULTI_BOUND_G,10,4,613,683.5440995435793
MULTI_BOUND_G,10,4,614,679.8397842718316
MULTI_BOUND_G,10,4,615,696.0570935355663
MULTI_BOUND_G,10,4,616,705.9883760382987
MULTI_BOUND_G,10,4,617,703.8921012269493
MULTI_BOUND_G,10,4,618,349.8666981688777
MULTI_BOUND_G,10,4,619,611.7227380235313
MULTI_BOUND_G,10,4,620,607.3411664889622
MULTI_BOUND_G,10,4,621,628.9135628995235
MULTI_BOUND_G,10,4,622,632.000186760348
MULTI_BOUND_G,10,4,623,650.6260932455671
MULTI_BOUND_G,10,4,624,649.4631289881056
MULTI_BOUND_G,10,4,625,652.4889022919069
MULTI_BOUND_G,10,4,626,658.8546469373557
MULTI_BOUND_G,10,4,627,615.6325528776174
MULTI_BOUND_G,10,4,628,632.2566628478742
MULTI_BOUND_G,10,4,629,653.394447001858
MULTI_BOUND_G,10,4,630,668.3412870774707
MULTI_BOUND_G,10,4,631,687.3090574481498
MULTI_BOUND_G,10,4,632,709.4500480249314
MULTI_BOUND_G,10,4,633,704.9677653636991
MULTI_BOUND_G,10,4,634,327.27792444671275
MULTI_BOUND_G,10,4,635,595.8212390810145
MULTI_BOUND_G,10,4,636,618.0023146540772
MULTI_BOUND_G,10,4,637,644.4411039972568
MULTI_BOUND_G,10,4,638,621.9609967039324
MULTI_BOUND_G,10,4,639,634.2968477557265
MULTI_BOUND_G,10,4,640,675.9477142162164
MULTI_BOUND_G,10,4,641,682.5139372986523
MULTI_BOUND_G,10,4,642,680.860595781845
MULTI_BOUND_G,10,4,643,633.0137648221046
MULTI_BOUND_G,10,4,644,652.2652024313688
MULTI_BOUND_G,10,4,645,674.2239360380171
MULTI_BOUND_G,10,4,646,687.5809015548004
MULTI_BOUND_G,10,4,647,683.570018229799
MULTI_BOUND_G,10,4,648,702.0647407884421
MULTI_BOUND_G,10,4,649,698.9484017965231
MULTI_BOUND_G,10,4,650,330.27060266946955
MULTI_BOUND_G,10,4,651,688.8025197258086
MULTI_BOUND_G,10,4,652,666.6031794499186
MULTI_BOUND_G,10,4,653,679.9050278910336
MULTI_BOUND_G,10,4,654,692.6322344744603
MULTI_BOUND_G,10,4,655,703.4440501253507
MULTI_BOUND_G,10,4,656,700.7725414270026
MULTI_BOUND_G,10,4,657,337.0775041145928
MULTI_BOUND_G,10,4,658,353.92483952131033
MULTI_BOUND_G,10,4,659,692.1289889466609
MULTI_BOUND_G,10,4,660,701.4057599497899
MULTI_BOUND_G,10,4,661,363.51859610780247
MULTI_BOUND_G,10,4,662,362.1384258817487
MULTI_BOUND_G,10,4,663,357.4615001861916
MULTI_BOUND_G,10,4,664,681.3691520763656
MULTI_BOUND_G,10,4,665,686.1492178934924
MULTI_BOUND_G,10,4,666,697.6636851780149
MULTI_BOUND_G,10,4,667,346.39237490064653
MULTI_BOUND_G,10,4,668,384.1542690248872
MULTI_BOUND_G,10,4,669,399.1011091004999
MULTI_BOUND_G,10,4,670,418.06887947117906
MULTI_BOUND_G,10,4,671,428.18593049944513
MULTI_BOUND_G,10,4,672,440.20987004796075
MULTI_BOUND_G,10,4,673,436.9192937512617
MULTI_BOUND_G,10,4,674,443.6203133481643
MULTI_BOUND_G,10,4,675,368.27652493974625
MULTI_BOUND_G,10,4,676,373.3707341265291
MULTI_BOUND_G,10,4,677,390.23525854639456
MULTI_BOUND_G,10,4,678,403.5922240631781
MULTI_BOUND_G,10,4,679,399.58134073817655
MULTI_BOUND_G,10,4,680,418.07606329681954
MULTI_BOUND_G,10,4,681,416.15143066943415
MULTI_BOUND_G,10,4,682,431.16937638088353
MULTI_BOUND_G,10,4,683,434.34483216506203
MULTI_BOUND_G,10,4,684,425.4473403302869
MULTI_BOUND_G,10,4,685,439.3662532782473
MULTI_BOUND_G,10,4,686,448.98636256460406
MULTI_BOUND_G,10,4,687,446.3148538662559
MULTI_BOUND_G,10,4,688,458.2125555276079
MULTI_BOUND_G,10,4,689,463.11762461612386
MULTI_BOUND_G,10,4,690,474.314169202006
MULTI_BOUND_G,10,4,691,439.7622480792925
MULTI_BOUND_G,10,4,692,438.1512710841371
MULTI_BOUND_G,10,4,693,441.89073067997026
MULTI_BOUND_G,10,4,694,443.5639890986963
MULTI_BOUND_G,10,4,695,473.79091389398945
MULTI_BOUND_G,10,4,696,480.8727766265239
MULTI_BOUND_G,10,4,697,477.5619500105083
MULTI_BOUND_G,10,4,698,484.17521082179786
MULTI_BOUND_G,10,4,699,463.7793387344652
MULTI_BOUND_G,10,4,700,451.2103704772549
MULTI_BOUND_G,10,4,701,466.77201695722204
MULTI_BOUND_G,10,4,702,473.5789184023454
MULTI_BOUND_G,10,4,703,490.4262538090628
MULTI_BOUND_G,10,4,704,500.020010395555
MULTI_BOUND_G,10,4,705,498.6398401695012
MULTI_BOUND_G,10,4,706,493.9629144739442
MULTI_BOUND_G,10,4,707,437.490949094711
MULTI_BOUND_G,10,4,708,473.9764020293926
MULTI_BOUND_G,10,4,709,463.5520633356185
MULTI_BOUND_G,10,4,710,472.5797295810491
MULTI_BOUND_G,10,4,711,473.1156688352016
MULTI_BOUND_G,10,4,712,485.9751591562449
MULTI_BOUND_G,10,4,713,516.3732801171062
MULTI_BOUND_G,10,4,714,521.4270237922356
MULTI_BOUND_G,10,4,715,449.38085512067585
MULTI_BOUND_G,10,4,716,475.81964446385564
MULTI_BOUND_G,10,4,717,454.16092093780264
MULTI_BOUND_G,10,4,718,465.67538822232524
MULTI_BOUND_G,10,4,719,478.1112150918168
MULTI_BOUND_G,10,4,720,507.3262546828151
MULTI_BOUND_G,10,4,721,515.0841841297846
MULTI_BOUND_G,10,4,722,512.2391362484439
MULTI_BOUND_G,10,4,723,489.24913662895096
MULTI_BOUND_G,10,4,724,489.00130975127945
MULTI_BOUND_G,10,4,725,503.2025165653767
MULTI_BOUND_G,10,4,726,510.3868543408807
MULTI_BOUND_G,10,4,727,515.4846460647598
MULTI_BOUND_G,10,4,728,512.899067551718
MULTI_BOUND_G,10,4,729,520.2435849197757
MULTI_BOUND_G,10,4,730,525.8892992028159
MULTI_BOUND_G,10,4,731,463.3901919499275
MULTI_BOUND_G,10,4,732,475.9031859419144
MULTI_BOUND_G,10,4,733,485.83446844464686
MULTI_BOUND_G,10,4,734,483.73819363329744
MULTI_BOUND_G,10,4,735,492.76319837716477
MULTI_BOUND_G,10,4,736,499.45291644204224
MULTI_BOUND_G,10,4,737,516.6749898538116
MULTI_BOUND_G,10,4,738,533.4663248682984
MULTI_BOUND_G,10,4,739,689.7289575650512
MULTI_BOUND_G,10,4,740,345.5061111110695
MULTI_BOUND_G,10,4,741,367.68718668413214
MULTI_BOUND_G,10,4,742,372.46725250125894
MULTI_BOUND_G,10,4,743,383.9817197857815
MULTI_BOUND_G,10,4,744,396.417546655273
MULTI_BOUND_G,10,4,745,425.63258624627133
MULTI_BOUND_G,10,4,746,433.3905156932409
MULTI_BOUND_G,10,4,747,430.5454678119
MULTI_BOUND_G,10,4,748,419.14216633288925
MULTI_BOUND_G,10,4,749,440.71456274345053
MULTI_BOUND_G,10,4,750,443.80118660427513
MULTI_BOUND_G,10,4,751,451.1495669129181
MULTI_BOUND_G,10,4,752,462.427093089494
MULTI_BOUND_G,10,4,753,461.26412883203267
MULTI_BOUND_G,10,4,754,465.48160850036743
MULTI_BOUND_G,10,4,755,470.65564678128277
MULTI_BOUND_G,10,4,756,447.07474387827386
MULTI_BOUND_G,10,4,757,460.3765923193888
MULTI_BOUND_G,10,4,758,474.2955052673492
MULTI_BOUND_G,10,4,759,483.91561455370595
MULTI_BOUND_G,10,4,760,481.24410585535776
MULTI_BOUND_G,10,4,761,493.1418075167098
MULTI_BOUND_G,10,4,762,498.04687660522575
MULTI_BOUND_G,10,4,763,509.24342119110787
MULTI_BOUND_G,10,4,764,456.992812291932
MULTI_BOUND_G,10,4,765,476.24424990119616
MULTI_BOUND_G,10,4,766,481.338459087979
MULTI_BOUND_G,10,4,767,511.559949024628
MULTI_BOUND_G,10,4,768,507.54906569962634
MULTI_BOUND_G,10,4,769,526.0437882582694
MULTI_BOUND_G,10,4,770,524.119155630884
MULTI_BOUND_G,10,4,771,539.1371013423334
MULTI_BOUND_G,10,4,772,504.91108587387293
MULTI_BOUND_G,10,4,773,534.7364962441735
MULTI_BOUND_G,10,4,774,538.4759558400067
MULTI_BOUND_G,10,4,775,540.1492142587327
MULTI_BOUND_G,10,4,776,570.3761390540258
MULTI_BOUND_G,10,4,777,577.4580017865603
MULTI_BOUND_G,10,4,778,574.1471751705448
MULTI_BOUND_G,10,4,779,580.7604359818342
MULTI_BOUND_G,10,4,780,538.8989831398583
MULTI_BOUND_G,10,4,781,553.3329370765375
MULTI_BOUND_G,10,4,782,568.8945835565047
MULTI_BOUND_G,10,4,783,575.701485001628
MULTI_BOUND_G,10,4,784,592.5488204083456
MULTI_BOUND_G,10,4,785,602.1425769948376
MULTI_BOUND_G,10,4,786,600.7624067687839
MULTI_BOUND_G,10,4,787,596.0854810732269
MULTI_BOUND_G,10,4,788,531.829571434744
MULTI_BOUND_G,10,4,789,541.106342437873
MULTI_BOUND_G,10,4,790,567.1674566787805
MULTI_BOUND_G,10,4,791,576.1951229242111
MULTI_BOUND_G,10,4,792,576.7310621783636
MULTI_BOUND_G,10,4,793,589.590552499407
MULTI_BOUND_G,10,4,794,619.9886734602683
MULTI_BOUND_G,10,4,795,625.0424171353977
MULTI_BOUND_G,10,4,796,557.6648043718667
MULTI_BOUND_G,10,4,797,579.9265196792967
MULTI_BOUND_G,10,4,798,594.127726493394
MULTI_BOUND_G,10,4,799,601.312064268898
MULTI_BOUND_G,10,4,800,606.409855992777
MULTI_BOUND_G,10,4,801,603.8242774797352
MULTI_BOUND_G,10,4,802,611.1687948477929
MULTI_BOUND_G,10,4,803,616.8145091308331
MULTI_BOUND_G,10,4,804,557.369364509919
MULTI_BOUND_G,10,4,805,553.6650492381715
MULTI_BOUND_G,10,4,806,569.8823585019061
MULTI_BOUND_G,10,4,807,577.7173661932891
MULTI_BOUND_G,10,4,808,586.7423709371565
MULTI_BOUND_G,10,4,809,593.4320890020338
MULTI_BOUND_G,10,4,810,610.6541624138032
MULTI_BOUND_G,10,4,811,627.4454974282901
MULTI_BOUND_G,10,4,812,421.4645285779927
MULTI_BOUND_G,10,4,813,438.65535345398484
MULTI_BOUND_G,10,4,814,441.7419773148095
MULTI_BOUND_G,10,4,815,449.0903576234524
MULTI_BOUND_G,10,4,816,460.36788380002844
MULTI_BOUND_G,10,4,817,459.2049195425671
MULTI_BOUND_G,10,4,818,463.42239921090174
MULTI_BOUND_G,10,4,819,468.5964374918172
MULTI_BOUND_G,10,4,820,431.24996260238424
MULTI_BOUND_G,10,4,821,462.6863499678402
MULTI_BOUND_G,10,4,822,461.0753729726848
MULTI_BOUND_G,10,4,823,466.48809098724405
MULTI_BOUND_G,10,4,824,496.7150157825372
MULTI_BOUND_G,10,4,825,503.7968785150716
MULTI_BOUND_G,10,4,826,500.48605189905606
MULTI_BOUND_G,10,4,827,507.0993127103456
MULTI_BOUND_G,10,4,828,455.19217618540307
MULTI_BOUND_G,10,4,829,482.19509837929263
MULTI_BOUND_G,10,4,830,469.6261301220823
MULTI_BOUND_G,10,4,831,491.9946780471728
MULTI_BOUND_G,10,4,832,508.8420134538902
MULTI_BOUND_G,10,4,833,518.4357700403824
MULTI_BOUND_G,10,4,834,517.0555998143286
MULTI_BOUND_G,10,4,835,512.3786741187716
MULTI_BOUND_G,10,4,836,453.7888414761244
MULTI_BOUND_G,10,4,837,470.4129514463812
MULTI_BOUND_G,10,4,838,491.550735600365
MULTI_BOUND_G,10,4,839,525.4653460466568
MULTI_BOUND_G,10,4,840,535.5823970749229
MULTI_BOUND_G,10,4,841,547.6063366234387
MULTI_BOUND_G,10,4,842,544.3157603267396
MULTI_BOUND_G,10,4,843,551.0167799236422
MULTI_BOUND_G,10,4,844,484.5178652565555
MULTI_BOUND_G,10,4,845,493.79463625968447
MULTI_BOUND_G,10,4,846,530.280089194366
MULTI_BOUND_G,10,4,847,528.8834167460226
MULTI_BOUND_G,10,4,848,529.4193560001751
MULTI_BOUND_G,10,4,849,542.2788463212185
MULTI_BOUND_G,10,4,850,572.6769672820798
MULTI_BOUND_G,10,4,851,577.7307109572091
MULTI_BOUND_G,10,4,852,526.0518133721195
MULTI_BOUND_G,10,4,853,503.8524730962294
MULTI_BOUND_G,10,4,854,531.0732344853047
MULTI_BOUND_G,10,4,855,540.6933437716616
MULTI_BOUND_G,10,4,856,538.0218350733134
MULTI_BOUND_G,10,4,857,549.9195367346654
MULTI_BOUND_G,10,4,858,554.8246058231814
MULTI_BOUND_G,10,4,859,566.0211504090635
MULTI_BOUND_G,10,4,860,528.5001349268589
MULTI_BOUND_G,10,4,861,544.7174441905934
MULTI_BOUND_G,10,4,862,554.6487266933259
MULTI_BOUND_G,10,4,863,552.5524518819765
MULTI_BOUND_G,10,4,864,561.5774566258438
MULTI_BOUND_G,10,4,865,568.2671746907212
MULTI_BOUND_G,10,4,866,585.4892481024906
MULTI_BOUND_G,10,4,867,602.2805831169776
MULTI_BOUND_G,10,4,868,542.0526639995885
MULTI_BOUND_G,10,4,869,564.5622061846899
MULTI_BOUND_G,10,4,870,578.5155861211158
MULTI_BOUND_G,10,4,871,585.6999238966198
MULTI_BOUND_G,10,4,872,590.7977156204988
MULTI_BOUND_G,10,4,873,588.2121371074569
MULTI_BOUND_G,10,4,874,595.5566544755147
MULTI_BOUND_G,10,4,875,601.2023687585548
MULTI_BOUND_G,10,4,876,540.9836998629203
MULTI_BOUND_G,10,4,877,589.6035647791626
MULTI_BOUND_G,10,4,878,567.9448412531098
MULTI_BOUND_G,10,4,879,579.4593085376323
MULTI_BOUND_G,10,4,880,591.8951354071239
MULTI_BOUND_G,10,4,881,621.1101749981221
MULTI_BOUND_G,10,5,0,370.02913020118325
MULTI_BOUND_G,10,5,1,11205.626610252595
MULTI_BOUND_G,10,5,2,5603.853469403962
MULTI_BOUND_G,10,5,3,2779.0478498721977
MULTI_BOUND_G,10,5,4,1387.2190331285929
MULTI_BOUND_G,10,5,5,706.7846382407342
MULTI_BOUND_G,10,5,6,730.0932524955698
MULTI_BOUND_G,10,5,7,727.858921663399
MULTI_BOUND_G,10,5,8,734.8482613587732
MULTI_BOUND_G,10,5,9,739.6723982687209
MULTI_BOUND_G,10,5,10,776.1526507210948
MULTI_BOUND_G,10,5,11,766.7110892159604
MULTI_BOUND_G,10,5,12,742.8263932859172
MULTI_BOUND_G,10,5,13,764.1572329082891
MULTI_BOUND_G,10,5,14,786.9707032810212
MULTI_BOUND_G,10,5,15,787.3934564970849
MULTI_BOUND_G,10,5,16,394.7368925262068
MULTI_BOUND_G,10,5,17,740.5964663804813
MULTI_BOUND_G,10,5,18,760.6349923438094
MULTI_BOUND_G,10,5,19,780.7829589111369
MULTI_BOUND_G,10,5,20,782.8642539598421
MULTI_BOUND_G,10,5,21,393.4926178483425
MULTI_BOUND_G,10,5,22,766.6852203406227
MULTI_BOUND_G,10,5,23,795.7889261217312
MULTI_BOUND_G,10,5,24,797.1271076890628
MULTI_BOUND_G,10,5,25,395.47266387747106
MULTI_BOUND_G,10,5,26,780.4016160989679
MULTI_BOUND_G,10,5,27,800.4451977303949
MULTI_BOUND_G,10,5,28,398.1104710929518
MULTI_BOUND_G,10,5,29,420.3253801114231
MULTI_BOUND_G,10,5,30,448.78604768329956
MULTI_BOUND_G,10,5,31,452.7441843456403
MULTI_BOUND_G,10,5,32,769.4576683168061
MULTI_BOUND_G,10,5,33,768.2133936389417
MULTI_BOUND_G,10,5,34,770.1934396680705
MULTI_BOUND_G,10,5,35,772.8312468835511
MULTI_BOUND_G,10,5,36,795.0461559020225
MULTI_BOUND_G,10,5,37,384.48075562781736
MULTI_BOUND_G,10,5,38,756.9473100148352
MULTI_BOUND_G,10,5,39,782.8695183812262
MULTI_BOUND_G,10,5,40,803.0174849485538
MULTI_BOUND_G,10,5,41,805.0987799972592
MULTI_BOUND_G,10,5,42,404.60988086705095
MULTI_BOUND_G,10,5,43,803.8233400188888
MULTI_BOUND_G,10,5,44,427.9184951218864
MULTI_BOUND_G,10,5,45,425.6841642897157
MULTI_BOUND_G,10,5,46,432.67350398508984
MULTI_BOUND_G,10,5,47,437.49764089503753
MULTI_BOUND_G,10,5,48,473.9778933474115
MULTI_BOUND_G,10,5,49,464.53633184227715
MULTI_BOUND_G,10,5,50,794.5219990945764
MULTI_BOUND_G,10,5,51,417.329457195967
MULTI_BOUND_G,10,5,52,422.6957156543547
MULTI_BOUND_G,10,5,53,444.0265552767265
MULTI_BOUND_G,10,5,54,466.84002564945865
MULTI_BOUND_G,10,5,55,467.26277886552236
MULTI_BOUND_G,10,5,56,487.06353966365947
MULTI_BOUND_G,10,5,57,524.3118841876762
MULTI_BOUND_G,10,5,58,527.846556301456
MULTI_BOUND_G,10,5,59,420.7552499840434
MULTI_BOUND_G,10,5,60,418.2845590465114
MULTI_BOUND_G,10,5,61,438.3281406779382
MULTI_BOUND_G,10,5,62,438.7136687484585
MULTI_BOUND_G,10,5,63,472.36553751549826
MULTI_BOUND_G,10,5,64,469.99061542309335
MULTI_BOUND_G,10,5,65,486.0853259690714
MULTI_BOUND_G,10,5,66,516.6706125276874
MULTI_BOUND_G,10,5,67,448.6522332420337
MULTI_BOUND_G,10,5,68,448.0001153269085
MULTI_BOUND_G,10,5,69,477.103821108017
MULTI_BOUND_G,10,5,70,478.4420026753486
MULTI_BOUND_G,10,5,71,506.09619297944766
MULTI_BOUND_G,10,5,72,498.74631285947453
MULTI_BOUND_G,10,5,73,526.3702653689444
MULTI_BOUND_G,10,5,74,554.8269501354683
MULTI_BOUND_G,10,5,75,442.02905701988317
MULTI_BOUND_G,10,5,76,447.9127394229463
MULTI_BOUND_G,10,5,77,467.95126538627426
MULTI_BOUND_G,10,5,78,488.0992319536018
MULTI_BOUND_G,10,5,79,490.1805270023072
MULTI_BOUND_G,10,5,80,515.1891587763739
MULTI_BOUND_G,10,5,81,546.8667351160045
MULTI_BOUND_G,10,5,82,552.8049576197549
MULTI_BOUND_G,10,5,83,553.4165834095955
MULTI_BOUND_G,10,5,84,544.6716882899709
MULTI_BOUND_G,10,5,85,541.8977852422901
MULTI_BOUND_G,10,5,86,585.4409556594983
MULTI_BOUND_G,10,5,87,579.6840305589512
MULTI_BOUND_G,10,5,88,579.0785588456688
MULTI_BOUND_G,10,5,89,598.7130157441871
MULTI_BOUND_G,10,5,90,622.2499133941715
MULTI_BOUND_G,10,5,91,540.1583353167696
MULTI_BOUND_G,10,5,92,546.1355979683995
MULTI_BOUND_G,10,5,93,575.1134174356798
MULTI_BOUND_G,10,5,94,555.2637381045058
MULTI_BOUND_G,10,5,95,574.5569127679837
MULTI_BOUND_G,10,5,96,589.6357661656037
MULTI_BOUND_G,10,5,97,611.8204417746311
MULTI_BOUND_G,10,5,98,649.4486164666306
MULTI_BOUND_G,10,5,99,587.0020166302585
MULTI_BOUND_G,10,5,100,599.4276437258662
MULTI_BOUND_G,10,5,101,622.2596819139467
MULTI_BOUND_G,10,5,102,623.7241737762042
MULTI_BOUND_G,10,5,103,638.1366791277675
MULTI_BOUND_G,10,5,104,634.0411105138433
MULTI_BOUND_G,10,5,105,677.6729249341591
MULTI_BOUND_G,10,5,106,674.9408062184045
MULTI_BOUND_G,10,5,107,708.124296769522
MULTI_BOUND_G,10,5,108,690.5046856258199
MULTI_BOUND_G,10,5,109,709.5828544297103
MULTI_BOUND_G,10,5,110,720.6034974286713
MULTI_BOUND_G,10,5,111,743.2943360590621
MULTI_BOUND_G,10,5,112,768.9253268521093
MULTI_BOUND_G,10,5,113,781.1450798377892
MULTI_BOUND_G,10,5,114,677.6028807440913
MULTI_BOUND_G,10,5,115,697.750847311419
MULTI_BOUND_G,10,5,116,704.9321979189504
MULTI_BOUND_G,10,5,117,699.8321423601243
MULTI_BOUND_G,10,5,118,724.840774134191
MULTI_BOUND_G,10,5,119,756.5183504738217
MULTI_BOUND_G,10,5,120,762.4565729775719
MULTI_BOUND_G,10,5,121,749.7812317455969
MULTI_BOUND_G,10,5,122,725.2538004625134
MULTI_BOUND_G,10,5,123,748.0672708352455
MULTI_BOUND_G,10,5,124,748.4900240513092
MULTI_BOUND_G,10,5,125,768.2907848494463
MULTI_BOUND_G,10,5,126,805.5391293734631
MULTI_BOUND_G,10,5,127,375.28517630331896
MULTI_BOUND_G,10,5,128,749.3401224504858
MULTI_BOUND_G,10,5,129,750.9452893090855
MULTI_BOUND_G,10,5,130,752.2834708764171
MULTI_BOUND_G,10,5,131,779.9376611805163
MULTI_BOUND_G,10,5,132,772.5877810605431
MULTI_BOUND_G,10,5,133,373.05084547114825
MULTI_BOUND_G,10,5,134,782.1352853608719
MULTI_BOUND_G,10,5,135,773.813767742709
MULTI_BOUND_G,10,5,136,805.8381399926119
MULTI_BOUND_G,10,5,137,800.0812148920648
MULTI_BOUND_G,10,5,138,380.0401851665224
MULTI_BOUND_G,10,5,139,774.2667277095563
MULTI_BOUND_G,10,5,140,773.9528996974315
MULTI_BOUND_G,10,5,141,774.3384277679518
MULTI_BOUND_G,10,5,142,807.9902965349914
MULTI_BOUND_G,10,5,143,805.6153744425865
MULTI_BOUND_G,10,5,144,384.8643220764701
MULTI_BOUND_G,10,5,145,421.3445745288441
MULTI_BOUND_G,10,5,146,411.9030130237097
MULTI_BOUND_G,10,5,147,796.1900348525287
MULTI_BOUND_G,10,5,148,819.4986491073643
MULTI_BOUND_G,10,5,149,398.806518473575
MULTI_BOUND_G,10,5,150,430.46163070316436
MULTI_BOUND_G,10,5,151,412.8420195594624
MULTI_BOUND_G,10,5,152,431.92018836335285
MULTI_BOUND_G,10,5,153,442.9408313623138
MULTI_BOUND_G,10,5,154,465.6316699927045
MULTI_BOUND_G,10,5,155,491.2626607857518
MULTI_BOUND_G,10,5,156,503.4824137714319
MULTI_BOUND_G,10,5,157,783.9578855228199
MULTI_BOUND_G,10,5,158,774.6136320927112
MULTI_BOUND_G,10,5,159,795.687915515376
MULTI_BOUND_G,10,5,160,388.01831709366627
MULTI_BOUND_G,10,5,161,433.87658799912174
MULTI_BOUND_G,10,5,162,823.2363969886926
MULTI_BOUND_G,10,5,163,409.34915671603824
MULTI_BOUND_G,10,5,164,432.16262708877025
MULTI_BOUND_G,10,5,165,432.58538030483396
MULTI_BOUND_G,10,5,166,452.38614110297107
MULTI_BOUND_G,10,5,167,489.63448562698795
MULTI_BOUND_G,10,5,168,493.16915774076756
MULTI_BOUND_G,10,5,169,779.4980317119482
MULTI_BOUND_G,10,5,170,793.4623925366751
MULTI_BOUND_G,10,5,171,791.2280617045043
MULTI_BOUND_G,10,5,172,798.2174013998786
MULTI_BOUND_G,10,5,173,803.0415383098263
MULTI_BOUND_G,10,5,174,385.78839018823044
MULTI_BOUND_G,10,5,175,816.1919158597332
MULTI_BOUND_G,10,5,176,795.8345062161814
MULTI_BOUND_G,10,5,177,405.8269161515585
MULTI_BOUND_G,10,5,178,425.9748827188861
MULTI_BOUND_G,10,5,179,433.15623332641735
MULTI_BOUND_G,10,5,180,428.0561777675914
MULTI_BOUND_G,10,5,181,453.06480954165806
MULTI_BOUND_G,10,5,182,484.74238588128867
MULTI_BOUND_G,10,5,183,490.680608385039
MULTI_BOUND_G,10,5,184,439.37568307088054
MULTI_BOUND_G,10,5,185,411.87714414837194
MULTI_BOUND_G,10,5,186,440.9808499294803
MULTI_BOUND_G,10,5,187,442.319031496812
MULTI_BOUND_G,10,5,188,469.9732218009111
MULTI_BOUND_G,10,5,189,462.62334168093787
MULTI_BOUND_G,10,5,190,490.24729419040773
MULTI_BOUND_G,10,5,191,518.7039789569317
MULTI_BOUND_G,10,5,192,445.95094955026866
MULTI_BOUND_G,10,5,193,425.59353990671707
MULTI_BOUND_G,10,5,194,445.637121538144
MULTI_BOUND_G,10,5,195,446.02264960866415
MULTI_BOUND_G,10,5,196,479.674518375704
MULTI_BOUND_G,10,5,197,477.2995962832991
MULTI_BOUND_G,10,5,198,493.39430682927707
MULTI_BOUND_G,10,5,199,523.979593387893
MULTI_BOUND_G,10,5,200,507.89759905842243
MULTI_BOUND_G,10,5,201,499.5760814402597
MULTI_BOUND_G,10,5,202,488.05728327295424
MULTI_BOUND_G,10,5,203,531.6004536901623
MULTI_BOUND_G,10,5,204,525.8435285896155
MULTI_BOUND_G,10,5,205,525.2380568763331
MULTI_BOUND_G,10,5,206,544.8725137748513
MULTI_BOUND_G,10,5,207,568.4094114248356
MULTI_BOUND_G,10,5,208,497.954449556722
MULTI_BOUND_G,10,5,209,526.9322690240024
MULTI_BOUND_G,10,5,210,507.0825896928284
MULTI_BOUND_G,10,5,211,526.3757643563063
MULTI_BOUND_G,10,5,212,545.7028281741684
MULTI_BOUND_G,10,5,213,541.4546177539263
MULTI_BOUND_G,10,5,214,563.6392933629537
MULTI_BOUND_G,10,5,215,601.2674680549532
MULTI_BOUND_G,10,5,216,534.7232626675101
MULTI_BOUND_G,10,5,217,557.5553008555905
MULTI_BOUND_G,10,5,218,559.0197927178481
MULTI_BOUND_G,10,5,219,573.4322980694113
MULTI_BOUND_G,10,5,220,571.5477709481132
MULTI_BOUND_G,10,5,221,569.3367294554871
MULTI_BOUND_G,10,5,222,612.968543875803
MULTI_BOUND_G,10,5,223,610.2364251600484
MULTI_BOUND_G,10,5,224,755.4621614690083
MULTI_BOUND_G,10,5,225,737.8425503253062
MULTI_BOUND_G,10,5,226,756.9207191291968
MULTI_BOUND_G,10,5,227,767.9413621281577
MULTI_BOUND_G,10,5,228,790.6322007585484
MULTI_BOUND_G,10,5,229,816.2631915515957
MULTI_BOUND_G,10,5,230,384.98974782833545
MULTI_BOUND_G,10,5,231,758.8771187649656
MULTI_BOUND_G,10,5,232,734.3496874818821
MULTI_BOUND_G,10,5,233,757.163157854614
MULTI_BOUND_G,10,5,234,757.5859110706778
MULTI_BOUND_G,10,5,235,777.386671868815
MULTI_BOUND_G,10,5,236,814.6350163928317
MULTI_BOUND_G,10,5,237,379.83311981300324
MULTI_BOUND_G,10,5,238,730.8274469174024
MULTI_BOUND_G,10,5,239,750.97541348473
MULTI_BOUND_G,10,5,240,758.1567640922613
MULTI_BOUND_G,10,5,241,753.0567085334352
MULTI_BOUND_G,10,5,242,778.0653403075021
MULTI_BOUND_G,10,5,243,809.7429166471326
MULTI_BOUND_G,10,5,244,378.588845135139
MULTI_BOUND_G,10,5,245,764.3762138367244
MULTI_BOUND_G,10,5,246,765.9813806953242
MULTI_BOUND_G,10,5,247,767.3195622626558
MULTI_BOUND_G,10,5,248,794.973752566755
MULTI_BOUND_G,10,5,249,787.6238724467818
MULTI_BOUND_G,10,5,250,380.5688911642676
MULTI_BOUND_G,10,5,251,770.9514803161126
MULTI_BOUND_G,10,5,252,770.6376523039878
MULTI_BOUND_G,10,5,253,771.023180374508
MULTI_BOUND_G,10,5,254,804.6750491415479
MULTI_BOUND_G,10,5,255,802.3001270491428
MULTI_BOUND_G,10,5,256,383.20669837974833
MULTI_BOUND_G,10,5,257,405.42160739821963
MULTI_BOUND_G,10,5,258,433.8822749700961
MULTI_BOUND_G,10,5,259,437.8404116324368
MULTI_BOUND_G,10,5,260,772.9265569110639
MULTI_BOUND_G,10,5,261,771.6822822331995
MULTI_BOUND_G,10,5,262,773.6623282623283
MULTI_BOUND_G,10,5,263,776.3001354778089
MULTI_BOUND_G,10,5,264,798.5150444962803
MULTI_BOUND_G,10,5,265,386.21519992494626
MULTI_BOUND_G,10,5,266,795.519121580824
MULTI_BOUND_G,10,5,267,423.76638590285404
MULTI_BOUND_G,10,5,268,798.9449143689003
MULTI_BOUND_G,10,5,269,816.5178050627952
MULTI_BOUND_G,10,5,270,406.146774759152
MULTI_BOUND_G,10,5,271,425.2249435630424
MULTI_BOUND_G,10,5,272,436.2455865620035
MULTI_BOUND_G,10,5,273,458.9364251923941
MULTI_BOUND_G,10,5,274,484.56741598544136
MULTI_BOUND_G,10,5,275,496.78716897112145
MULTI_BOUND_G,10,5,276,740.2983080985682
MULTI_BOUND_G,10,5,277,735.1416800832362
MULTI_BOUND_G,10,5,278,735.8774514345006
MULTI_BOUND_G,10,5,279,738.5152586499812
MULTI_BOUND_G,10,5,280,760.7301676684526
MULTI_BOUND_G,10,5,281,789.190835240329
MULTI_BOUND_G,10,5,282,793.1489719026697
MULTI_BOUND_G,10,5,283,791.0280233114631
MULTI_BOUND_G,10,5,284,773.1413046054433
MULTI_BOUND_G,10,5,285,791.0997233698586
MULTI_BOUND_G,10,5,286,393.2449698774235
MULTI_BOUND_G,10,5,287,774.7722226646181
MULTI_BOUND_G,10,5,288,825.9967520284611
MULTI_BOUND_G,10,5,289,801.4693207453776
MULTI_BOUND_G,10,5,290,413.39293644475106
MULTI_BOUND_G,10,5,291,789.0800539389943
MULTI_BOUND_G,10,5,292,420.57428705228233
MULTI_BOUND_G,10,5,293,807.3404734877183
MULTI_BOUND_G,10,5,294,415.4742314934564
MULTI_BOUND_G,10,5,295,440.48286326752304
MULTI_BOUND_G,10,5,296,472.16043960715376
MULTI_BOUND_G,10,5,297,478.098662110904
MULTI_BOUND_G,10,5,298,414.19879151508593
MULTI_BOUND_G,10,5,299,465.4233208789291
MULTI_BOUND_G,10,5,300,440.89588959584546
MULTI_BOUND_G,10,5,301,463.7093599685776
MULTI_BOUND_G,10,5,302,464.1321131846413
MULTI_BOUND_G,10,5,303,483.9328739827784
MULTI_BOUND_G,10,5,304,521.1812185067952
MULTI_BOUND_G,10,5,305,524.7158906205749
MULTI_BOUND_G,10,5,306,438.1357905764343
MULTI_BOUND_G,10,5,307,464.98221158381784
MULTI_BOUND_G,10,5,308,466.5873784424176
MULTI_BOUND_G,10,5,309,467.9255600097493
MULTI_BOUND_G,10,5,310,495.5797503138484
MULTI_BOUND_G,10,5,311,488.2298701938752
MULTI_BOUND_G,10,5,312,515.853822703345
MULTI_BOUND_G,10,5,313,544.310507469869
MULTI_BOUND_G,10,5,314,497.77737449420414
MULTI_BOUND_G,10,5,315,489.45585687604137
MULTI_BOUND_G,10,5,316,480.7109617564167
MULTI_BOUND_G,10,5,317,521.4802291259441
MULTI_BOUND_G,10,5,318,515.723304025397
MULTI_BOUND_G,10,5,319,515.1178323121147
MULTI_BOUND_G,10,5,320,534.752289210633
MULTI_BOUND_G,10,5,321,558.2891868606173
MULTI_BOUND_G,10,5,322,489.9088168428884
MULTI_BOUND_G,10,5,323,472.0220981368688
MULTI_BOUND_G,10,5,324,489.59498883076367
MULTI_BOUND_G,10,5,325,489.98051690128386
MULTI_BOUND_G,10,5,326,523.6323856683236
MULTI_BOUND_G,10,5,327,521.2574635759187
MULTI_BOUND_G,10,5,328,537.3521741218968
MULTI_BOUND_G,10,5,329,567.9374606805128
MULTI_BOUND_G,10,5,330,507.54440592176405
MULTI_BOUND_G,10,5,331,542.4994880406742
MULTI_BOUND_G,10,5,332,522.6498087095003
MULTI_BOUND_G,10,5,333,541.942983372978
MULTI_BOUND_G,10,5,334,561.2700471908404
MULTI_BOUND_G,10,5,335,557.0218367705983
MULTI_BOUND_G,10,5,336,579.2065123796257
MULTI_BOUND_G,10,5,337,616.8346870716251
MULTI_BOUND_G,10,5,338,511.0654582536241
MULTI_BOUND_G,10,5,339,546.3231235373123
MULTI_BOUND_G,10,5,340,547.7876153995699
MULTI_BOUND_G,10,5,341,562.2001207511331
MULTI_BOUND_G,10,5,342,560.315593629835
MULTI_BOUND_G,10,5,343,558.1045521372089
MULTI_BOUND_G,10,5,344,601.7363665575248
MULTI_BOUND_G,10,5,345,599.0042478417702
MULTI_BOUND_G,10,5,346,692.5676357146012
MULTI_BOUND_G,10,5,347,706.5319965393281
MULTI_BOUND_G,10,5,348,704.2976657071573
MULTI_BOUND_G,10,5,349,711.2870054025316
MULTI_BOUND_G,10,5,350,716.1111423124793
MULTI_BOUND_G,10,5,351,752.5913947648531
MULTI_BOUND_G,10,5,352,743.1498332597188
MULTI_BOUND_G,10,5,353,730.0533387095841
MULTI_BOUND_G,10,5,354,761.7084509391735
MULTI_BOUND_G,10,5,355,744.0888397954715
MULTI_BOUND_G,10,5,356,763.1670085993619
MULTI_BOUND_G,10,5,357,796.8784902287136
MULTI_BOUND_G,10,5,358,822.5094810217608
MULTI_BOUND_G,10,5,359,388.112892563418
MULTI_BOUND_G,10,5,360,719.2651373296753
MULTI_BOUND_G,10,5,361,765.1234082351307
MULTI_BOUND_G,10,5,362,740.5959769520472
MULTI_BOUND_G,10,5,363,763.832200540843
MULTI_BOUND_G,10,5,364,783.6329613389801
MULTI_BOUND_G,10,5,365,820.8813058629969
MULTI_BOUND_G,10,5,366,382.95626454808587
MULTI_BOUND_G,10,5,367,770.6225033068897
MULTI_BOUND_G,10,5,368,743.123964384381
MULTI_BOUND_G,10,5,369,773.5658517328211
MULTI_BOUND_G,10,5,370,801.2200420369203
MULTI_BOUND_G,10,5,371,793.870161916947
MULTI_BOUND_G,10,5,372,383.69203589935023
MULTI_BOUND_G,10,5,373,777.1977697862778
MULTI_BOUND_G,10,5,374,756.840360142726
MULTI_BOUND_G,10,5,375,777.2694698446733
MULTI_BOUND_G,10,5,376,810.9213386117129
MULTI_BOUND_G,10,5,377,808.546416519308
MULTI_BOUND_G,10,5,378,386.32984311483085
MULTI_BOUND_G,10,5,379,408.5447521333022
MULTI_BOUND_G,10,5,380,437.0054197051787
MULTI_BOUND_G,10,5,381,440.96355636751946
MULTI_BOUND_G,10,5,382,751.003474994875
MULTI_BOUND_G,10,5,383,745.846846979543
MULTI_BOUND_G,10,5,384,746.5826183308073
MULTI_BOUND_G,10,5,385,749.220425546288
MULTI_BOUND_G,10,5,386,771.4353345647594
MULTI_BOUND_G,10,5,387,799.8960021366357
MULTI_BOUND_G,10,5,388,372.6753449591858
MULTI_BOUND_G,10,5,389,752.2289270914857
MULTI_BOUND_G,10,5,390,789.7801130693937
MULTI_BOUND_G,10,5,391,772.1605019256916
MULTI_BOUND_G,10,5,392,791.238670729582
MULTI_BOUND_G,10,5,393,402.14872362852805
MULTI_BOUND_G,10,5,394,780.2125186816256
MULTI_BOUND_G,10,5,395,416.1130844532548
MULTI_BOUND_G,10,5,396,804.149517742974
MULTI_BOUND_G,10,5,397,413.8787536210841
MULTI_BOUND_G,10,5,398,420.86809331645827
MULTI_BOUND_G,10,5,399,425.69223022640597
MULTI_BOUND_G,10,5,400,462.17248267877994
MULTI_BOUND_G,10,5,401,452.7309211736456
MULTI_BOUND_G,10,5,402,438.84260777631266
MULTI_BOUND_G,10,5,403,420.9558890702931
MULTI_BOUND_G,10,5,404,418.48519813276107
MULTI_BOUND_G,10,5,405,438.91430783470815
MULTI_BOUND_G,10,5,406,472.566176601748
MULTI_BOUND_G,10,5,407,470.1912545093431
MULTI_BOUND_G,10,5,408,486.28596505532107
MULTI_BOUND_G,10,5,409,516.871251613937
MULTI_BOUND_G,10,5,410,422.58680712946773
MULTI_BOUND_G,10,5,411,427.95306558785535
MULTI_BOUND_G,10,5,412,473.8113364933108
MULTI_BOUND_G,10,5,413,449.2839052102273
MULTI_BOUND_G,10,5,414,472.5201287990231
MULTI_BOUND_G,10,5,415,492.32088959716015
MULTI_BOUND_G,10,5,416,529.569234121177
MULTI_BOUND_G,10,5,417,533.1039062349566
MULTI_BOUND_G,10,5,418,436.8946384038441
MULTI_BOUND_G,10,5,419,442.7907121521624
MULTI_BOUND_G,10,5,420,474.44582438175183
MULTI_BOUND_G,10,5,421,456.82621323804983
MULTI_BOUND_G,10,5,422,475.90438204194027
MULTI_BOUND_G,10,5,423,509.61586367129195
MULTI_BOUND_G,10,5,424,535.2468544643392
MULTI_BOUND_G,10,5,425,547.4666074500193
MULTI_BOUND_G,10,5,426,455.15505795256814
MULTI_BOUND_G,10,5,427,482.0014789599517
MULTI_BOUND_G,10,5,428,454.50294003744307
MULTI_BOUND_G,10,5,429,484.9448273858831
MULTI_BOUND_G,10,5,430,512.5990176899822
MULTI_BOUND_G,10,5,431,505.249137570009
MULTI_BOUND_G,10,5,432,532.873090079479
MULTI_BOUND_G,10,5,433,561.3297748460028
MULTI_BOUND_G,10,5,434,550.8352260277229
MULTI_BOUND_G,10,5,435,533.7688132899355
MULTI_BOUND_G,10,5,436,530.9949102422548
MULTI_BOUND_G,10,5,437,574.5380806594628
MULTI_BOUND_G,10,5,438,568.781155558916
MULTI_BOUND_G,10,5,439,568.1756838456336
MULTI_BOUND_G,10,5,440,587.8101407441518
MULTI_BOUND_G,10,5,441,611.3470383941361
MULTI_BOUND_G,10,5,442,541.3486314099011
MULTI_BOUND_G,10,5,443,547.3258940615309
MULTI_BOUND_G,10,5,444,576.3037135288113
MULTI_BOUND_G,10,5,445,556.4540341976373
MULTI_BOUND_G,10,5,446,575.747208861115
MULTI_BOUND_G,10,5,447,595.0742726789774
MULTI_BOUND_G,10,5,448,613.0107378677626
MULTI_BOUND_G,10,5,449,650.6389125597622
MULTI_BOUND_G,10,5,450,575.6292517595303
MULTI_BOUND_G,10,5,451,588.0548788551381
MULTI_BOUND_G,10,5,452,610.8869170432185
MULTI_BOUND_G,10,5,453,612.3514089054761
MULTI_BOUND_G,10,5,454,626.7639142570393
MULTI_BOUND_G,10,5,455,624.8793871357414
MULTI_BOUND_G,10,5,456,666.300160063431
MULTI_BOUND_G,10,5,457,663.5680413476764
MULTI_BOUND_G,10,5,458,481.49643259018035
MULTI_BOUND_G,10,5,459,527.2861329640414
MULTI_BOUND_G,10,5,460,520.885230270845
MULTI_BOUND_G,10,5,461,522.8652762999736
MULTI_BOUND_G,10,5,462,525.5030835154543
MULTI_BOUND_G,10,5,463,547.7179925339256
MULTI_BOUND_G,10,5,464,576.1786601058021
MULTI_BOUND_G,10,5,465,580.1367967681429
MULTI_BOUND_G,10,5,466,510.8137374704582
MULTI_BOUND_G,10,5,467,540.2871161398006
MULTI_BOUND_G,10,5,468,530.9428627096918
MULTI_BOUND_G,10,5,469,552.0171461323566
MULTI_BOUND_G,10,5,470,559.0064858277308
MULTI_BOUND_G,10,5,471,563.8306227376785
MULTI_BOUND_G,10,5,472,600.3108751900523
MULTI_BOUND_G,10,5,473,590.869313684918
MULTI_BOUND_G,10,5,474,572.0138864496539
MULTI_BOUND_G,10,5,475,577.9099601979722
MULTI_BOUND_G,10,5,476,591.9454612838596
MULTI_BOUND_G,10,5,477,611.0236300877501
MULTI_BOUND_G,10,5,478,622.0442730867111
MULTI_BOUND_G,10,5,479,644.7351117171017
MULTI_BOUND_G,10,5,480,670.3661025101491
MULTI_BOUND_G,10,5,481,682.5858554958292
MULTI_BOUND_G,10,5,482,579.5656276056732
MULTI_BOUND_G,10,5,483,561.6789088996534
MULTI_BOUND_G,10,5,484,559.2082179621215
MULTI_BOUND_G,10,5,485,579.2517995935483
MULTI_BOUND_G,10,5,486,579.6373276640686
MULTI_BOUND_G,10,5,487,610.9142743387033
MULTI_BOUND_G,10,5,488,627.0089848846814
MULTI_BOUND_G,10,5,489,657.5942714432973
MULTI_BOUND_G,10,5,490,568.3820330752544
MULTI_BOUND_G,10,5,491,574.2657154783175
MULTI_BOUND_G,10,5,492,594.3042414416456
MULTI_BOUND_G,10,5,493,621.6335586165044
MULTI_BOUND_G,10,5,494,616.5335030576783
MULTI_BOUND_G,10,5,495,641.5421348317452
MULTI_BOUND_G,10,5,496,673.2197111713757
MULTI_BOUND_G,10,5,497,679.1579336751261
MULTI_BOUND_G,10,5,498,597.8920017274543
MULTI_BOUND_G,10,5,499,624.7384227348377
MULTI_BOUND_G,10,5,500,597.239883812329
MULTI_BOUND_G,10,5,501,626.3435895934375
MULTI_BOUND_G,10,5,502,627.6817711607691
MULTI_BOUND_G,10,5,503,647.9860813448951
MULTI_BOUND_G,10,5,504,675.6100338543649
MULTI_BOUND_G,10,5,505,704.0667186208888
MULTI_BOUND_G,10,5,506,683.1564278507499
MULTI_BOUND_G,10,5,507,674.834910232587
MULTI_BOUND_G,10,5,508,666.0900151129624
MULTI_BOUND_G,10,5,509,663.3161120652817
MULTI_BOUND_G,10,5,510,701.1023573819429
MULTI_BOUND_G,10,5,511,700.4968856686605
MULTI_BOUND_G,10,5,512,720.1313425671788
MULTI_BOUND_G,10,5,513,743.6682402171631
MULTI_BOUND_G,10,5,514,684.8113696017003
MULTI_BOUND_G,10,5,515,690.7886322533302
MULTI_BOUND_G,10,5,516,699.9167723894366
MULTI_BOUND_G,10,5,517,719.2099470529142
MULTI_BOUND_G,10,5,518,738.5370108707766
MULTI_BOUND_G,10,5,519,734.2888004505345
MULTI_BOUND_G,10,5,520,756.4734760595619
MULTI_BOUND_G,10,5,521,794.1016507515614
MULTI_BOUND_G,10,5,522,714.2848891713883
MULTI_BOUND_G,10,5,523,726.7105162669961
MULTI_BOUND_G,10,5,524,751.0070463173341
MULTI_BOUND_G,10,5,525,765.4195516688974
MULTI_BOUND_G,10,5,526,763.5350245475993
MULTI_BOUND_G,10,5,527,761.3239830549732
MULTI_BOUND_G,10,5,528,371.33377304925796
MULTI_BOUND_G,10,5,529,533.8856604283135
MULTI_BOUND_G,10,5,530,539.781734176632
MULTI_BOUND_G,10,5,531,571.4368464062213
MULTI_BOUND_G,10,5,532,553.8172352625194
MULTI_BOUND_G,10,5,533,572.8954040664098
MULTI_BOUND_G,10,5,534,583.9160470653708
MULTI_BOUND_G,10,5,535,632.2378764888088
MULTI_BOUND_G,10,5,536,643.4075389878253
MULTI_BOUND_G,10,5,537,517.0386936382915
MULTI_BOUND_G,10,5,538,522.9223760413546
MULTI_BOUND_G,10,5,539,542.9609020046827
MULTI_BOUND_G,10,5,540,563.1088685720101
MULTI_BOUND_G,10,5,541,570.2902191795415
MULTI_BOUND_G,10,5,542,565.1901636207156
MULTI_BOUND_G,10,5,543,621.8763717344128
MULTI_BOUND_G,10,5,544,626.7645037514999
MULTI_BOUND_G,10,5,545,511.6844398209514
MULTI_BOUND_G,10,5,546,557.4741401948125
MULTI_BOUND_G,10,5,547,552.3175121794804
MULTI_BOUND_G,10,5,548,551.0732375016161
MULTI_BOUND_G,10,5,549,553.0532835307448
MULTI_BOUND_G,10,5,550,555.6910907462254
MULTI_BOUND_G,10,5,551,606.3666673365732
MULTI_BOUND_G,10,5,552,609.2747135122506
MULTI_BOUND_G,10,5,553,524.7214216890925
MULTI_BOUND_G,10,5,554,554.1948003584349
MULTI_BOUND_G,10,5,555,544.8505469283261
MULTI_BOUND_G,10,5,556,568.1591611831616
MULTI_BOUND_G,10,5,557,565.924830350991
MULTI_BOUND_G,10,5,558,577.7383069563128
MULTI_BOUND_G,10,5,559,614.2185594086867
MULTI_BOUND_G,10,5,560,603.7269074168889
MULTI_BOUND_G,10,5,561,581.3462396324796
MULTI_BOUND_G,10,5,562,586.7124980908673
MULTI_BOUND_G,10,5,563,632.5707689963228
MULTI_BOUND_G,10,5,564,608.0433377132393
MULTI_BOUND_G,10,5,565,630.8568080859712
MULTI_BOUND_G,10,5,566,631.279561302035
MULTI_BOUND_G,10,5,567,688.3286666241889
MULTI_BOUND_G,10,5,568,690.8132482513051
MULTI_BOUND_G,10,5,569,598.2380501570756
MULTI_BOUND_G,10,5,570,625.084471164459
MULTI_BOUND_G,10,5,571,597.5859322419503
MULTI_BOUND_G,10,5,572,626.6896380230588
MULTI_BOUND_G,10,5,573,655.6820098944896
MULTI_BOUND_G,10,5,574,648.3321297745164
MULTI_BOUND_G,10,5,575,674.9059917973229
MULTI_BOUND_G,10,5,576,704.4127670505101
MULTI_BOUND_G,10,5,577,594.3526202759043
MULTI_BOUND_G,10,5,578,606.7782473715122
MULTI_BOUND_G,10,5,579,629.6102855595927
MULTI_BOUND_G,10,5,580,631.0747774218502
MULTI_BOUND_G,10,5,581,645.4872827734134
MULTI_BOUND_G,10,5,582,643.6027556521153
MULTI_BOUND_G,10,5,583,641.3917141594892
MULTI_BOUND_G,10,5,584,664.0891368034626
MULTI_BOUND_G,10,5,585,664.4420935833577
MULTI_BOUND_G,10,5,586,646.555374877338
MULTI_BOUND_G,10,5,587,644.0846839398059
MULTI_BOUND_G,10,5,588,664.1282655712329
MULTI_BOUND_G,10,5,589,698.1656624087929
MULTI_BOUND_G,10,5,590,695.7907403163879
MULTI_BOUND_G,10,5,591,710.8353603757025
MULTI_BOUND_G,10,5,592,742.4707374209819
MULTI_BOUND_G,10,5,593,656.1909730574539
MULTI_BOUND_G,10,5,594,662.1682357090838
MULTI_BOUND_G,10,5,595,691.1460551763643
MULTI_BOUND_G,10,5,596,671.2963758451903
MULTI_BOUND_G,10,5,597,690.589550508668
MULTI_BOUND_G,10,5,598,709.9166143265302
MULTI_BOUND_G,10,5,599,705.6684039062881
MULTI_BOUND_G,10,5,600,743.8518618296182
MULTI_BOUND_G,10,5,601,526.9551213526524
MULTI_BOUND_G,10,5,602,572.7448217265136
MULTI_BOUND_G,10,5,603,567.5881937111815
MULTI_BOUND_G,10,5,604,566.3439190333171
MULTI_BOUND_G,10,5,605,570.9617722779265
MULTI_BOUND_G,10,5,606,593.1766812963979
MULTI_BOUND_G,10,5,607,621.6373488682742
MULTI_BOUND_G,10,5,608,625.595485530615
MULTI_BOUND_G,10,5,609,568.7163584992068
MULTI_BOUND_G,10,5,610,574.612432247525
MULTI_BOUND_G,10,5,611,606.2675444771145
MULTI_BOUND_G,10,5,612,588.6479333334124
MULTI_BOUND_G,10,5,613,618.7467451362639
MULTI_BOUND_G,10,5,614,641.4375837666546
MULTI_BOUND_G,10,5,615,667.0685745597019
MULTI_BOUND_G,10,5,616,679.288327545382
MULTI_BOUND_G,10,5,617,544.235673485905
MULTI_BOUND_G,10,5,618,573.7090521552473
MULTI_BOUND_G,10,5,619,564.3647987251385
MULTI_BOUND_G,10,5,620,587.6734129799739
MULTI_BOUND_G,10,5,621,592.4284218431774
MULTI_BOUND_G,10,5,622,597.2525587531251
MULTI_BOUND_G,10,5,623,633.7328112054992
MULTI_BOUND_G,10,5,624,624.2912497003648
MULTI_BOUND_G,10,5,625,571.72276066271
MULTI_BOUND_G,10,5,626,577.606443065773
MULTI_BOUND_G,10,5,627,597.6449690291009
MULTI_BOUND_G,10,5,628,617.7929355964286
MULTI_BOUND_G,10,5,629,624.97428620396
MULTI_BOUND_G,10,5,630,644.8828624192006
MULTI_BOUND_G,10,5,631,676.5604387588313
MULTI_BOUND_G,10,5,632,682.4986612625815
MULTI_BOUND_G,10,5,633,648.726490544467
MULTI_BOUND_G,10,5,634,640.4049729263041
MULTI_BOUND_G,10,5,635,631.6600778066795
MULTI_BOUND_G,10,5,636,628.8861747589988
MULTI_BOUND_G,10,5,637,672.429345176207
MULTI_BOUND_G,10,5,638,666.0669483623776
MULTI_BOUND_G,10,5,639,685.7014052608959
MULTI_BOUND_G,10,5,640,709.2383029108802
MULTI_BOUND_G,10,5,641,629.9663058999542
MULTI_BOUND_G,10,5,642,635.3325643583419
MULTI_BOUND_G,10,5,643,681.1908352637972
MULTI_BOUND_G,10,5,644,656.6634039807137
MULTI_BOUND_G,10,5,645,679.4768743534459
MULTI_BOUND_G,10,5,646,699.7003883676466
MULTI_BOUND_G,10,5,647,736.9487328916634
MULTI_BOUND_G,10,5,648,740.4834050054432
MULTI_BOUND_G,10,5,649,671.8182794415079
MULTI_BOUND_G,10,5,650,653.9315607354881
MULTI_BOUND_G,10,5,651,651.4608697979561
MULTI_BOUND_G,10,5,652,671.504451429383
MULTI_BOUND_G,10,5,653,671.8899794999033
MULTI_BOUND_G,10,5,654,705.541848266943
MULTI_BOUND_G,10,5,655,719.2616367205161
MULTI_BOUND_G,10,5,656,749.846923279132
MULTI_BOUND_G,10,5,657,694.1454439767041
MULTI_BOUND_G,10,5,658,706.5710710723118
MULTI_BOUND_G,10,5,659,729.4031092603923
MULTI_BOUND_G,10,5,660,730.8676011226498
MULTI_BOUND_G,10,5,661,743.3955793529151
MULTI_BOUND_G,10,5,662,741.1845378602889
MULTI_BOUND_G,10,5,663,784.8163522806047
MULTI_BOUND_G,10,5,664,782.0842335648501
MULTI_BOUND_G,10,5,665,728.654638167623
MULTI_BOUND_G,10,5,666,734.6319008192529
MULTI_BOUND_G,10,5,667,763.6097202865334
MULTI_BOUND_G,10,5,668,743.7600409553594
MULTI_BOUND_G,10,5,669,782.3802794366993
MULTI_BOUND_G,10,5,670,778.1320690164572
MULTI_BOUND_G,10,5,671,389.72073521843964
MULTI_BOUND_G,10,5,672,608.5405752535096
MULTI_BOUND_G,10,5,673,614.4366490018281
MULTI_BOUND_G,10,5,674,646.0917612314175
MULTI_BOUND_G,10,5,675,647.5503188916059
MULTI_BOUND_G,10,5,676,658.5709618905669
MULTI_BOUND_G,10,5,677,681.2618005209576
MULTI_BOUND_G,10,5,678,706.8927913140049
MULTI_BOUND_G,10,5,679,719.1125442996848
MULTI_BOUND_G,10,5,680,584.6987427096831
MULTI_BOUND_G,10,5,681,630.4884430835441
MULTI_BOUND_G,10,5,682,625.3318150682121
MULTI_BOUND_G,10,5,683,624.0875403903477
MULTI_BOUND_G,10,5,684,626.0675864194765
MULTI_BOUND_G,10,5,685,650.9203026534285
MULTI_BOUND_G,10,5,686,679.3809702253048
MULTI_BOUND_G,10,5,687,683.3391068876456
MULTI_BOUND_G,10,5,688,598.3421487981218
MULTI_BOUND_G,10,5,689,627.8155274674641
MULTI_BOUND_G,10,5,690,618.4712740373553
MULTI_BOUND_G,10,5,691,641.7798882921908
MULTI_BOUND_G,10,5,692,639.5455574600202
MULTI_BOUND_G,10,5,693,646.5348971553942
MULTI_BOUND_G,10,5,694,687.839286517716
MULTI_BOUND_G,10,5,695,678.3977250125816
MULTI_BOUND_G,10,5,696,607.7089876755638
MULTI_BOUND_G,10,5,697,613.5926700786267
MULTI_BOUND_G,10,5,698,653.7791626092824
MULTI_BOUND_G,10,5,699,660.9605132168138
MULTI_BOUND_G,10,5,700,655.8604576579877
MULTI_BOUND_G,10,5,701,680.8690894320544
MULTI_BOUND_G,10,5,702,712.5466657716851
MULTI_BOUND_G,10,5,703,718.4848882754353
MULTI_BOUND_G,10,5,704,682.8074105636981
MULTI_BOUND_G,10,5,705,674.4858929455353
MULTI_BOUND_G,10,5,706,665.7409978259107
MULTI_BOUND_G,10,5,707,662.9670947782298
MULTI_BOUND_G,10,5,708,706.510265195438
MULTI_BOUND_G,10,5,709,700.753340094891
MULTI_BOUND_G,10,5,710,700.1478683816085
MULTI_BOUND_G,10,5,711,743.3192229301112
MULTI_BOUND_G,10,5,712,676.0425828450664
MULTI_BOUND_G,10,5,713,681.408841303454
MULTI_BOUND_G,10,5,714,727.2671122089096
MULTI_BOUND_G,10,5,715,725.553151298558
MULTI_BOUND_G,10,5,716,725.9759045146217
MULTI_BOUND_G,10,5,717,745.776665312759
MULTI_BOUND_G,10,5,718,783.0250098367757
MULTI_BOUND_G,10,5,719,786.5596819505553
MULTI_BOUND_G,10,5,720,699.6983993859462
MULTI_BOUND_G,10,5,721,726.5448203933297
MULTI_BOUND_G,10,5,722,699.0462814708211
MULTI_BOUND_G,10,5,723,728.1499872519296
MULTI_BOUND_G,10,5,724,729.4881688192613
MULTI_BOUND_G,10,5,725,757.1423591233603
MULTI_BOUND_G,10,5,726,777.416431512857
MULTI_BOUND_G,10,5,727,805.873116279381
MULTI_BOUND_G,10,5,728,727.1131530499691
MULTI_BOUND_G,10,5,729,739.538780145577
MULTI_BOUND_G,10,5,730,762.3708183336576
MULTI_BOUND_G,10,5,731,778.2478155474782
MULTI_BOUND_G,10,5,732,776.3632884261801
MULTI_BOUND_G,10,5,733,774.152246933554
MULTI_BOUND_G,10,5,734,377.7479049885484
MULTI_BOUND_G,10,5,735,765.8795508250723
MULTI_BOUND_G,10,5,736,771.8568134767022
MULTI_BOUND_G,10,5,737,800.8346329439827
MULTI_BOUND_G,10,5,738,800.2781282762865
MULTI_BOUND_G,10,5,739,819.6051920941486
MULTI_BOUND_G,10,5,740,815.3569816739065
MULTI_BOUND_G,10,5,741,408.3331915471643
MULTI_BOUND_G,10,5,742,625.2292433693459
MULTI_BOUND_G,10,5,743,660.1882864977999
MULTI_BOUND_G,10,5,744,659.374198918418
MULTI_BOUND_G,10,5,745,656.9281490455684
MULTI_BOUND_G,10,5,746,673.9089455833897
MULTI_BOUND_G,10,5,747,676.5467527988704
MULTI_BOUND_G,10,5,748,698.7616618173417
MULTI_BOUND_G,10,5,749,709.0440343450781
MULTI_BOUND_G,10,5,750,648.5657382728516
MULTI_BOUND_G,10,5,751,673.9083087805243
MULTI_BOUND_G,10,5,752,667.7048205913804
MULTI_BOUND_G,10,5,753,692.2152100412013
MULTI_BOUND_G,10,5,754,703.779854522738
MULTI_BOUND_G,10,5,755,710.7691942181123
MULTI_BOUND_G,10,5,756,715.59333112806
MULTI_BOUND_G,10,5,757,733.8952885362936
MULTI_BOUND_G,10,5,758,676.7445253768974
MULTI_BOUND_G,10,5,759,688.8106329190225
MULTI_BOUND_G,10,5,760,723.838246579071
MULTI_BOUND_G,10,5,761,717.4523310456451
MULTI_BOUND_G,10,5,762,725.2650509096842
MULTI_BOUND_G,10,5,763,740.6885546344407
MULTI_BOUND_G,10,5,764,760.489315432578
MULTI_BOUND_G,10,5,765,779.5593649124545
MULTI_BOUND_G,10,5,766,704.4964840938278
MULTI_BOUND_G,10,5,767,690.7405735494779
MULTI_BOUND_G,10,5,768,694.9697316956833
MULTI_BOUND_G,10,5,769,707.323421322668
MULTI_BOUND_G,10,5,770,722.7096999018811
MULTI_BOUND_G,10,5,771,742.5625933552133
MULTI_BOUND_G,10,5,772,753.9866465765158
MULTI_BOUND_G,10,5,773,782.4883486369696
MULTI_BOUND_G,10,5,774,709.3062299028137
MULTI_BOUND_G,10,5,775,732.0218427485277
MULTI_BOUND_G,10,5,776,715.353961071426
MULTI_BOUND_G,10,5,777,736.7677748480922
MULTI_BOUND_G,10,5,778,753.1067069241167
MULTI_BOUND_G,10,5,779,766.9619219145084
MULTI_BOUND_G,10,5,780,773.4110171082426
MULTI_BOUND_G,10,5,781,373.462463494998
MULTI_BOUND_G,10,5,782,713.3596764931568
MULTI_BOUND_G,10,5,783,725.9555993252127
MULTI_BOUND_G,10,5,784,751.1225947453452
MULTI_BOUND_G,10,5,785,747.3019589153506
MULTI_BOUND_G,10,5,786,766.3801277192412
MULTI_BOUND_G,10,5,787,762.4000202095093
MULTI_BOUND_G,10,5,788,371.5779363736999
MULTI_BOUND_G,10,5,789,702.4521314722784
MULTI_BOUND_G,10,5,790,715.035662959079
MULTI_BOUND_G,10,5,791,742.3850474266575
MULTI_BOUND_G,10,5,792,748.7340386802775
MULTI_BOUND_G,10,5,793,751.5728488518587
MULTI_BOUND_G,10,5,794,764.6143090426905
MULTI_BOUND_G,10,5,795,789.6229408167571
MULTI_BOUND_G,10,5,796,803.1222221122476
MULTI_BOUND_G,10,5,797,412.9987093013897
MULTI_BOUND_G,10,5,798,410.266590585635
MULTI_BOUND_G,10,5,799,658.6093079623358
MULTI_BOUND_G,10,5,800,704.3990083361969
MULTI_BOUND_G,10,5,801,699.2423803208649
MULTI_BOUND_G,10,5,802,697.9981056430005
MULTI_BOUND_G,10,5,803,697.781448545685
MULTI_BOUND_G,10,5,804,699.3549548651196
MULTI_BOUND_G,10,5,805,722.5065995219485
MULTI_BOUND_G,10,5,806,757.2496721402983
MULTI_BOUND_G,10,5,807,689.1486212290984
MULTI_BOUND_G,10,5,808,718.6219998984407
MULTI_BOUND_G,10,5,809,709.2777464683319
MULTI_BOUND_G,10,5,810,732.5863607231673
MULTI_BOUND_G,10,5,811,728.1553267645525
MULTI_BOUND_G,10,5,812,735.0171012022381
MULTI_BOUND_G,10,5,813,738.9045024738282
MULTI_BOUND_G,10,5,814,769.2041974435582
MULTI_BOUND_G,10,5,815,716.6427372726298
MULTI_BOUND_G,10,5,816,722.0089957310174
MULTI_BOUND_G,10,5,817,767.867266636473
MULTI_BOUND_G,10,5,818,740.0788313308992
MULTI_BOUND_G,10,5,819,766.1533057261214
MULTI_BOUND_G,10,5,820,764.3793558157408
MULTI_BOUND_G,10,5,821,784.0525513561896
MULTI_BOUND_G,10,5,822,384.3281937487569
MULTI_BOUND_G,10,5,823,740.0171204367628
MULTI_BOUND_G,10,5,824,722.130401730743
MULTI_BOUND_G,10,5,825,719.6597107932109
MULTI_BOUND_G,10,5,826,739.7032924246379
MULTI_BOUND_G,10,5,827,731.0598277210563
MULTI_BOUND_G,10,5,828,773.7406892621979
MULTI_BOUND_G,10,5,829,769.1690640433487
MULTI_BOUND_G,10,5,830,787.4604777157709
MULTI_BOUND_G,10,5,831,748.3287949158157
MULTI_BOUND_G,10,5,832,775.1752159231992
MULTI_BOUND_G,10,5,833,747.6766770006905
MULTI_BOUND_G,10,5,834,776.780382781799
MULTI_BOUND_G,10,5,835,775.7942959649978
MULTI_BOUND_G,10,5,836,805.7727546532298
MULTI_BOUND_G,10,5,837,795.1618705107662
MULTI_BOUND_G,10,5,838,383.77168908106074
MULTI_BOUND_G,10,5,839,754.1289856322758
MULTI_BOUND_G,10,5,840,760.0250593805943
MULTI_BOUND_G,10,5,841,791.6801716101837
MULTI_BOUND_G,10,5,842,770.7995564439914
MULTI_BOUND_G,10,5,843,790.9420261439279
MULTI_BOUND_G,10,5,844,804.1593722693331
MULTI_BOUND_G,10,5,845,403.09875289892307
MULTI_BOUND_G,10,5,846,745.4286332380952
MULTI_BOUND_G,10,5,847,751.3123156411582
MULTI_BOUND_G,10,5,848,768.0898375819959
MULTI_BOUND_G,10,5,849,791.4988081718138
MULTI_BOUND_G,10,5,850,798.6801587793452
MULTI_BOUND_G,10,5,851,791.3834000940749
MULTI_BOUND_G,10,5,852,398.85054247868095
MULTI_BOUND_G,10,5,853,421.0352180877083
MULTI_BOUND_G,10,5,854,458.6633927797078
MULTI_BOUND_G,10,5,855,706.7846382407342
MULTI_BOUND_G,10,5,856,730.0932524955698
MULTI_BOUND_G,10,5,857,727.858921663399
MULTI_BOUND_G,10,5,858,734.8482613587732
MULTI_BOUND_G,10,5,859,739.6723982687209
MULTI_BOUND_G,10,5,860,776.1526507210948
MULTI_BOUND_G,10,5,861,766.7110892159604
MULTI_BOUND_G,10,5,862,742.8263932859172
MULTI_BOUND_G,10,5,863,764.1572329082891
MULTI_BOUND_G,10,5,864,786.9707032810212
MULTI_BOUND_G,10,5,865,787.3934564970849
MULTI_BOUND_G,10,5,866,394.7368925262068
MULTI_BOUND_G,10,5,867,740.5964663804813
MULTI_BOUND_G,10,5,868,760.6349923438094
MULTI_BOUND_G,10,5,869,780.7829589111369
MULTI_BOUND_G,10,5,870,782.8642539598421
MULTI_BOUND_G,10,5,871,393.4926178483425
MULTI_BOUND_G,10,5,872,766.6852203406227
MULTI_BOUND_G,10,5,873,795.7889261217312
MULTI_BOUND_G,10,5,874,797.1271076890628
MULTI_BOUND_G,10,5,875,395.47266387747106
MULTI_BOUND_G,10,5,876,780.4016160989679
MULTI_BOUND_G,10,5,877,800.4451977303949
MULTI_BOUND_G,10,5,878,398.1104710929518
MULTI_BOUND_G,10,5,879,420.3253801114231
MULTI_BOUND_G,10,5,880,448.78604768329956
MULTI_BOUND_G,10,5,881,452.7441843456403
MULTI_BOUND_G,10,5,882,769.4576683168061
MULTI_BOUND_G,10,5,883,768.2133936389417
MULTI_BOUND_G,10,5,884,770.1934396680705
MULTI_BOUND_G,10,5,885,772.8312468835511
MULTI_BOUND_G,10,5,886,795.0461559020225
MULTI_BOUND_G,10,5,887,384.48075562781736
MULTI_BOUND_G,10,5,888,756.9473100148352
MULTI_BOUND_G,10,5,889,782.8695183812262
MULTI_BOUND_G,10,5,890,803.0174849485538
MULTI_BOUND_G,10,5,891,805.0987799972592
MULTI_BOUND_G,10,5,892,404.60988086705095
MULTI_BOUND_G,10,5,893,803.8233400188888
MULTI_BOUND_G,10,5,894,427.9184951218864
MULTI_BOUND_G,10,5,895,425.6841642897157
MULTI_BOUND_G,10,5,896,432.67350398508984
MULTI_BOUND_G,10,5,897,437.49764089503753
MULTI_BOUND_G,10,5,898,473.9778933474115
MULTI_BOUND_G,10,5,899,464.53633184227715
MULTI_BOUND_G,10,5,900,794.5219990945764
MULTI_BOUND_G,10,5,901,417.329457195967
MULTI_BOUND_G,10,5,902,422.6957156543547
MULTI_BOUND_G,10,5,903,444.0265552767265
MULTI_BOUND_G,10,5,904,466.84002564945865
MULTI_BOUND_G,10,5,905,467.26277886552236
MULTI_BOUND_G,10,5,906,487.06353966365947
MULTI_BOUND_G,10,5,907,524.3118841876762
MULTI_BOUND_G,10,5,908,527.846556301456
MULTI_BOUND_G,10,5,909,420.7552499840434
MULTI_BOUND_G,10,5,910,418.2845590465114
MULTI_BOUND_G,10,5,911,438.3281406779382
MULTI_BOUND_G,10,5,912,438.7136687484585
MULTI_BOUND_G,10,5,913,472.36553751549826
MULTI_BOUND_G,10,5,914,469.99061542309335
MULTI_BOUND_G,10,5,915,486.0853259690714
MULTI_BOUND_G,10,6,0,382.27089587996056
MULTI_BOUND_G,10,6,1,12546.150897657904
MULTI_BOUND_G,10,6,2,6262.997132602646
MULTI_BOUND_G,10,6,3,3120.806345973451
MULTI_BOUND_G,10,6,4,1566.6549297374852
MULTI_BOUND_G,10,6,5,775.218228949832
MULTI_BOUND_G,10,6,6,814.4290213817071
MULTI_BOUND_G,10,6,7,803.4162741893949
MULTI_BOUND_G,10,6,8,809.2044662979519
MULTI_BOUND_G,10,6,9,804.5566280102838
MULTI_BOUND_G,10,6,10,389.08388097322006
MULTI_BOUND_G,10,6,11,797.7769800401284
MULTI_BOUND_G,10,6,12,804.5934967293903
MULTI_BOUND_G,10,6,13,797.00025003196
MULTI_BOUND_G,10,6,14,408.548505115455
MULTI_BOUND_G,10,6,15,419.5362519332157
MULTI_BOUND_G,10,6,16,419.277426052726
MULTI_BOUND_G,10,6,17,411.3578176882053
MULTI_BOUND_G,10,6,18,430.7250183428192
MULTI_BOUND_G,10,6,19,440.41826805589847
MULTI_BOUND_G,10,6,20,455.7933340957394
MULTI_BOUND_G,10,6,21,798.8678011467898
MULTI_BOUND_G,10,6,22,813.7300804696724
MULTI_BOUND_G,10,6,23,812.0764899764974
MULTI_BOUND_G,10,6,24,810.520903455368
MULTI_BOUND_G,10,6,25,816.4428115600986
MULTI_BOUND_G,10,6,26,398.7558043159256
MULTI_BOUND_G,10,6,27,827.3002773600672
MULTI_BOUND_G,10,6,28,411.3726229660791
MULTI_BOUND_G,10,6,29,437.96659674780085
MULTI_BOUND_G,10,6,30,426.95384955548855
MULTI_BOUND_G,10,6,31,432.7420416640455
MULTI_BOUND_G,10,6,32,428.09420337637744
MULTI_BOUND_G,10,6,33,468.30666382914967
MULTI_BOUND_G,10,6,34,460.32714539051415
MULTI_BOUND_G,10,6,35,446.22624851012233
MULTI_BOUND_G,10,6,36,454.0762705329854
MULTI_BOUND_G,10,6,37,451.9363113194799
MULTI_BOUND_G,10,6,38,453.168436720272
MULTI_BOUND_G,10,6,39,471.68102717560123
MULTI_BOUND_G,10,6,40,465.9872076270657
MULTI_BOUND_G,10,6,41,474.9375977668168
MULTI_BOUND_G,10,6,42,487.2658387369619
MULTI_BOUND_G,10,6,43,419.01320768984795
MULTI_BOUND_G,10,6,44,425.82972437910985
MULTI_BOUND_G,10,6,45,418.2364776816796
MULTI_BOUND_G,10,6,46,461.13062426394663
MULTI_BOUND_G,10,6,47,467.7795162452551
MULTI_BOUND_G,10,6,48,484.5961424096105
MULTI_BOUND_G,10,6,49,481.3105654506908
MULTI_BOUND_G,10,6,50,496.95504595860996
MULTI_BOUND_G,10,6,51,436.8395307352861
MULTI_BOUND_G,10,6,52,447.67949535580954
MULTI_BOUND_G,10,6,53,453.9270652174954
MULTI_BOUND_G,10,6,54,473.77594868862
MULTI_BOUND_G,10,6,55,462.5991386469841
MULTI_BOUND_G,10,6,56,477.2641174846473
MULTI_BOUND_G,10,6,57,462.8399386257138
MULTI_BOUND_G,10,6,58,501.0643142723518
MULTI_BOUND_G,10,6,59,450.60489078048437
MULTI_BOUND_G,10,6,60,446.59089438426474
MULTI_BOUND_G,10,6,61,465.4671701033669
MULTI_BOUND_G,10,6,62,463.81357961019205
MULTI_BOUND_G,10,6,63,462.25799308906267
MULTI_BOUND_G,10,6,64,468.17990119379306
MULTI_BOUND_G,10,6,65,491.5373804057738
MULTI_BOUND_G,10,6,66,501.0485586737391
MULTI_BOUND_G,10,6,67,456.2439778193459
MULTI_BOUND_G,10,6,68,455.1583110313427
MULTI_BOUND_G,10,6,69,463.1537187753388
MULTI_BOUND_G,10,6,70,464.84388717029384
MULTI_BOUND_G,10,6,71,460.38430604355864
MULTI_BOUND_G,10,6,72,475.00739126411906
MULTI_BOUND_G,10,6,73,492.68746245550244
MULTI_BOUND_G,10,6,74,493.2501203037746
MULTI_BOUND_G,10,6,75,478.91250605287075
MULTI_BOUND_G,10,6,76,484.36948524791626
MULTI_BOUND_G,10,6,77,494.16273477551243
MULTI_BOUND_G,10,6,78,504.4975606897658
MULTI_BOUND_G,10,6,79,519.1261977413906
MULTI_BOUND_G,10,6,80,523.3683248667907
MULTI_BOUND_G,10,6,81,534.1033916714138
MULTI_BOUND_G,10,6,82,549.8593059299299
MULTI_BOUND_G,10,6,83,507.9627178520268
MULTI_BOUND_G,10,6,84,524.1457817466347
MULTI_BOUND_G,10,6,85,512.0615748473289
MULTI_BOUND_G,10,6,86,526.4595287170558
MULTI_BOUND_G,10,6,87,544.1781337055486
MULTI_BOUND_G,10,6,88,547.5537631600058
MULTI_BOUND_G,10,6,89,555.35818890494
MULTI_BOUND_G,10,6,90,547.6623581741667
MULTI_BOUND_G,10,6,91,774.5170505004601
MULTI_BOUND_G,10,6,92,793.9816746426951
MULTI_BOUND_G,10,6,93,804.9694214604558
MULTI_BOUND_G,10,6,94,796.7909872154453
MULTI_BOUND_G,10,6,95,816.1581878700594
MULTI_BOUND_G,10,6,96,825.8514375831385
MULTI_BOUND_G,10,6,97,394.71332160739314
MULTI_BOUND_G,10,6,98,784.1889738431657
MULTI_BOUND_G,10,6,99,796.8057924933192
MULTI_BOUND_G,10,6,100,823.399766275041
MULTI_BOUND_G,10,6,101,812.3870190827286
MULTI_BOUND_G,10,6,102,813.5273729036176
MULTI_BOUND_G,10,6,103,393.5692534198869
MULTI_BOUND_G,10,6,104,804.4463772170881
MULTI_BOUND_G,10,6,105,803.6696472089197
MULTI_BOUND_G,10,6,106,411.88320370393484
MULTI_BOUND_G,10,6,107,822.2727002625262
MULTI_BOUND_G,10,6,108,413.93783786080576
MULTI_BOUND_G,10,6,109,417.34093389639304
MULTI_BOUND_G,10,6,110,416.2565332405486
MULTI_BOUND_G,10,6,111,433.0618976111672
MULTI_BOUND_G,10,6,112,441.44097615694795
MULTI_BOUND_G,10,6,113,484.6336413641422
MULTI_BOUND_G,10,6,114,495.4736059846657
MULTI_BOUND_G,10,6,115,501.72117584635157
MULTI_BOUND_G,10,6,116,505.82952944134115
MULTI_BOUND_G,10,6,117,521.5700593174763
MULTI_BOUND_G,10,6,118,510.3932492758403
MULTI_BOUND_G,10,6,119,510.63404925456996
MULTI_BOUND_G,10,6,120,548.8584249012081
MULTI_BOUND_G,10,6,121,488.52828104949026
MULTI_BOUND_G,10,6,122,491.0270681546276
MULTI_BOUND_G,10,6,123,510.49169229686265
MULTI_BOUND_G,10,6,124,521.4794391146233
MULTI_BOUND_G,10,6,125,513.3010048696128
MULTI_BOUND_G,10,6,126,532.6682055242268
MULTI_BOUND_G,10,6,127,542.3614552373061
MULTI_BOUND_G,10,6,128,557.736521277147
MULTI_BOUND_G,10,6,129,481.87147378234715
MULTI_BOUND_G,10,6,130,503.0129349568814
MULTI_BOUND_G,10,6,131,498.9989385606618
MULTI_BOUND_G,10,6,132,517.875214279764
MULTI_BOUND_G,10,6,133,516.2216237865891
MULTI_BOUND_G,10,6,134,520.5879453701901
MULTI_BOUND_G,10,6,135,543.9454245821709
MULTI_BOUND_G,10,6,136,553.456602850136
MULTI_BOUND_G,10,6,137,501.17146024691885
MULTI_BOUND_G,10,6,138,513.7882788970724
MULTI_BOUND_G,10,6,139,515.3912222032199
MULTI_BOUND_G,10,6,140,540.382252678794
MULTI_BOUND_G,10,6,141,529.3695054864818
MULTI_BOUND_G,10,6,142,530.5098593073707
MULTI_BOUND_G,10,6,143,570.7223197601429
MULTI_BOUND_G,10,6,144,562.7428013215074
MULTI_BOUND_G,10,6,145,521.8261439634039
MULTI_BOUND_G,10,6,146,523.6368206157422
MULTI_BOUND_G,10,6,147,521.0494139552355
MULTI_BOUND_G,10,6,148,563.9435605375025
MULTI_BOUND_G,10,6,149,570.592452518811
MULTI_BOUND_G,10,6,150,587.4090786831664
MULTI_BOUND_G,10,6,151,584.1235017242466
MULTI_BOUND_G,10,6,152,599.7679822321659
MULTI_BOUND_G,10,6,153,522.7705422991384
MULTI_BOUND_G,10,6,154,540.2724701224854
MULTI_BOUND_G,10,6,155,544.3713271177875
MULTI_BOUND_G,10,6,156,558.7692809875144
MULTI_BOUND_G,10,6,157,576.4878859760072
MULTI_BOUND_G,10,6,158,579.8635154304643
MULTI_BOUND_G,10,6,159,587.6679411753986
MULTI_BOUND_G,10,6,160,579.9721104446253
MULTI_BOUND_G,10,6,161,532.1809901797659
MULTI_BOUND_G,10,6,162,556.8233962021053
MULTI_BOUND_G,10,6,163,555.7377294141022
MULTI_BOUND_G,10,6,164,565.4233055530533
MULTI_BOUND_G,10,6,165,560.9637244263181
MULTI_BOUND_G,10,6,166,575.5868096468785
MULTI_BOUND_G,10,6,167,593.266880838262
MULTI_BOUND_G,10,6,168,593.8295386865341
MULTI_BOUND_G,10,6,169,570.5376776346832
MULTI_BOUND_G,10,6,170,575.9946568297286
MULTI_BOUND_G,10,6,171,585.7879063573248
MULTI_BOUND_G,10,6,172,596.1227322715782
MULTI_BOUND_G,10,6,173,591.4180862125586
MULTI_BOUND_G,10,6,174,614.9934964486031
MULTI_BOUND_G,10,6,175,625.7285632532261
MULTI_BOUND_G,10,6,176,641.4844775117423
MULTI_BOUND_G,10,6,177,563.3363545270257
MULTI_BOUND_G,10,6,178,562.1922863395196
MULTI_BOUND_G,10,6,179,573.7605216104415
MULTI_BOUND_G,10,6,180,580.5062366235675
MULTI_BOUND_G,10,6,181,582.5608707804383
MULTI_BOUND_G,10,6,182,584.8795661601813
MULTI_BOUND_G,10,6,183,601.6849305307999
MULTI_BOUND_G,10,6,184,610.0640090765806
MULTI_BOUND_G,10,6,185,583.1386911979922
MULTI_BOUND_G,10,6,186,585.6374783031297
MULTI_BOUND_G,10,6,187,605.1021024453646
MULTI_BOUND_G,10,6,188,616.0898492631253
MULTI_BOUND_G,10,6,189,615.8310233826356
MULTI_BOUND_G,10,6,190,607.9114150181149
MULTI_BOUND_G,10,6,191,636.9718653858081
MULTI_BOUND_G,10,6,192,652.346931425649
MULTI_BOUND_G,10,6,193,602.186363878562
MULTI_BOUND_G,10,6,194,603.7893071847096
MULTI_BOUND_G,10,6,195,628.7803376602837
MULTI_BOUND_G,10,6,196,617.7675904679713
MULTI_BOUND_G,10,6,197,623.5557825765283
MULTI_BOUND_G,10,6,198,618.9079442888603
MULTI_BOUND_G,10,6,199,659.1204047416325
MULTI_BOUND_G,10,6,200,651.1408863029969
MULTI_BOUND_G,10,6,201,617.7681161617013
MULTI_BOUND_G,10,6,202,612.7622761247777
MULTI_BOUND_G,10,6,203,610.1748694642711
MULTI_BOUND_G,10,6,204,653.069016046538
MULTI_BOUND_G,10,6,205,659.7179080278465
MULTI_BOUND_G,10,6,206,676.5345341922019
MULTI_BOUND_G,10,6,207,673.2489572332822
MULTI_BOUND_G,10,6,208,688.8934377412014
MULTI_BOUND_G,10,6,209,632.2014378383093
MULTI_BOUND_G,10,6,210,638.4490076999953
MULTI_BOUND_G,10,6,211,642.5573612949847
MULTI_BOUND_G,10,6,212,658.2978911711199
MULTI_BOUND_G,10,6,213,647.1210811294839
MULTI_BOUND_G,10,6,214,661.786059967147
MULTI_BOUND_G,10,6,215,647.3618811082137
MULTI_BOUND_G,10,6,216,685.5862567548517
MULTI_BOUND_G,10,6,217,594.9399657531206
MULTI_BOUND_G,10,6,218,645.237716290357
MULTI_BOUND_G,10,6,219,653.08773831322
MULTI_BOUND_G,10,6,220,652.1799045005067
MULTI_BOUND_G,10,6,221,670.692494955836
MULTI_BOUND_G,10,6,222,664.9986754073004
MULTI_BOUND_G,10,6,223,673.9490655470515
MULTI_BOUND_G,10,6,224,686.2773065171966
MULTI_BOUND_G,10,6,225,620.2187666872225
MULTI_BOUND_G,10,6,226,644.8611727095619
MULTI_BOUND_G,10,6,227,643.7755059215588
MULTI_BOUND_G,10,6,228,651.7709136655548
MULTI_BOUND_G,10,6,229,653.4610820605097
MULTI_BOUND_G,10,6,230,649.0015009337747
MULTI_BOUND_G,10,6,231,681.3046573457185
MULTI_BOUND_G,10,6,232,681.8673151939906
MULTI_BOUND_G,10,6,233,680.6339306258111
MULTI_BOUND_G,10,6,234,686.0909098208566
MULTI_BOUND_G,10,6,235,706.2189852627062
MULTI_BOUND_G,10,6,236,701.5143392036866
MULTI_BOUND_G,10,6,237,720.8476223143309
MULTI_BOUND_G,10,6,238,725.089749439731
MULTI_BOUND_G,10,6,239,735.8248162443541
MULTI_BOUND_G,10,6,240,751.5807305028702
MULTI_BOUND_G,10,6,241,694.4464140459892
MULTI_BOUND_G,10,6,242,711.9483418693362
MULTI_BOUND_G,10,6,243,728.1314057639441
MULTI_BOUND_G,10,6,244,730.4451527343654
MULTI_BOUND_G,10,6,245,748.163757722858
MULTI_BOUND_G,10,6,246,751.5393871773151
MULTI_BOUND_G,10,6,247,759.3438129222494
MULTI_BOUND_G,10,6,248,751.6479821914761
MULTI_BOUND_G,10,6,249,598.4472043121892
MULTI_BOUND_G,10,6,250,619.5886654867235
MULTI_BOUND_G,10,6,251,615.5746690905039
MULTI_BOUND_G,10,6,252,634.4509448096061
MULTI_BOUND_G,10,6,253,631.2417677953017
MULTI_BOUND_G,10,6,254,637.1636759000322
MULTI_BOUND_G,10,6,255,657.9166340611823
MULTI_BOUND_G,10,6,256,670.0323333799782
MULTI_BOUND_G,10,6,257,622.5040223933682
MULTI_BOUND_G,10,6,258,625.0028094985057
MULTI_BOUND_G,10,6,259,644.4674336407408
MULTI_BOUND_G,10,6,260,655.1963545780117
MULTI_BOUND_G,10,6,261,647.2767462134909
MULTI_BOUND_G,10,6,262,666.643946868105
MULTI_BOUND_G,10,6,263,673.7326755303536
MULTI_BOUND_G,10,6,264,691.7122626210252
MULTI_BOUND_G,10,6,265,649.4580089395956
MULTI_BOUND_G,10,6,266,662.0748275897491
MULTI_BOUND_G,10,6,267,663.6777708958967
MULTI_BOUND_G,10,6,268,688.6688013714709
MULTI_BOUND_G,10,6,269,675.051533128328
MULTI_BOUND_G,10,6,270,683.4442462877154
MULTI_BOUND_G,10,6,271,678.7964080000474
MULTI_BOUND_G,10,6,272,711.029350014184
MULTI_BOUND_G,10,6,273,665.6964549848211
MULTI_BOUND_G,10,6,274,664.552386797315
MULTI_BOUND_G,10,6,275,676.1206220682369
MULTI_BOUND_G,10,6,276,682.8663370813629
MULTI_BOUND_G,10,6,277,688.324067273821
MULTI_BOUND_G,10,6,278,687.2396666179766
MULTI_BOUND_G,10,6,279,701.4405099377648
MULTI_BOUND_G,10,6,280,712.4241095343759
MULTI_BOUND_G,10,6,281,672.7852786876715
MULTI_BOUND_G,10,6,282,679.6017953769334
MULTI_BOUND_G,10,6,283,674.5959553400098
MULTI_BOUND_G,10,6,284,672.0085486795032
MULTI_BOUND_G,10,6,285,714.9026952617702
MULTI_BOUND_G,10,6,286,721.5515872430786
MULTI_BOUND_G,10,6,287,732.4781153976837
MULTI_BOUND_G,10,6,288,750.7271169564335
MULTI_BOUND_G,10,6,289,673.1826112546186
MULTI_BOUND_G,10,6,290,678.639590449664
MULTI_BOUND_G,10,6,291,688.4328399772602
MULTI_BOUND_G,10,6,292,698.7676658915136
MULTI_BOUND_G,10,6,293,694.063019832494
MULTI_BOUND_G,10,6,294,713.3963029431384
MULTI_BOUND_G,10,6,295,717.6384300685385
MULTI_BOUND_G,10,6,296,728.3734968731615
MULTI_BOUND_G,10,6,297,670.1683365890157
MULTI_BOUND_G,10,6,298,728.3161091491153
MULTI_BOUND_G,10,6,299,726.1761499356098
MULTI_BOUND_G,10,6,300,727.4082753364019
MULTI_BOUND_G,10,6,301,745.9208657917311
MULTI_BOUND_G,10,6,302,740.2270462431956
MULTI_BOUND_G,10,6,303,749.1774363829467
MULTI_BOUND_G,10,6,304,758.9011563022611
MULTI_BOUND_G,10,6,305,663.2452959946645
MULTI_BOUND_G,10,6,306,680.7472238180114
MULTI_BOUND_G,10,6,307,696.9302877126194
MULTI_BOUND_G,10,6,308,684.8460808133136
MULTI_BOUND_G,10,6,309,699.2440346830406
MULTI_BOUND_G,10,6,310,716.9626396715332
MULTI_BOUND_G,10,6,311,717.7337480751601
MULTI_BOUND_G,10,6,312,720.4468641401513
MULTI_BOUND_G,10,6,313,731.2037148890659
MULTI_BOUND_G,10,6,314,755.8461209114053
MULTI_BOUND_G,10,6,315,743.3386338103371
MULTI_BOUND_G,10,6,316,762.7558618673983
MULTI_BOUND_G,10,6,317,764.4460302623532
MULTI_BOUND_G,10,6,318,774.6095343561784
MULTI_BOUND_G,10,6,319,787.7285249293135
MULTI_BOUND_G,10,6,320,792.3223751994926
MULTI_BOUND_G,10,6,321,600.1527549272481
MULTI_BOUND_G,10,6,322,611.72099019817
MULTI_BOUND_G,10,6,323,618.466705211296
MULTI_BOUND_G,10,6,324,620.5213393681669
MULTI_BOUND_G,10,6,325,623.9244354037542
MULTI_BOUND_G,10,6,326,622.8400347479098
MULTI_BOUND_G,10,6,327,639.6453991185283
MULTI_BOUND_G,10,6,328,648.0244776643091
MULTI_BOUND_G,10,6,329,598.2726584697826
MULTI_BOUND_G,10,6,330,612.4924204260836
MULTI_BOUND_G,10,6,331,637.4834509016578
MULTI_BOUND_G,10,6,332,626.4707037093456
MULTI_BOUND_G,10,6,333,632.2588958179025
MULTI_BOUND_G,10,6,334,627.6110575302345
MULTI_BOUND_G,10,6,335,667.8235179830067
MULTI_BOUND_G,10,6,336,659.8439995443712
MULTI_BOUND_G,10,6,337,620.831409560079
MULTI_BOUND_G,10,6,338,627.6479262493409
MULTI_BOUND_G,10,6,339,622.6420862124173
MULTI_BOUND_G,10,6,340,620.0546795519107
MULTI_BOUND_G,10,6,341,669.5977181154861
MULTI_BOUND_G,10,6,342,686.4143442798417
MULTI_BOUND_G,10,6,343,683.1287673209218
MULTI_BOUND_G,10,6,344,698.773247828841
MULTI_BOUND_G,10,6,345,656.5239579272967
MULTI_BOUND_G,10,6,346,673.6114924095061
MULTI_BOUND_G,10,6,347,677.7198460044955
MULTI_BOUND_G,10,6,348,693.4603758806306
MULTI_BOUND_G,10,6,349,682.2835658389947
MULTI_BOUND_G,10,6,350,696.9485446766579
MULTI_BOUND_G,10,6,351,682.5243658177245
MULTI_BOUND_G,10,6,352,720.7487414643624
MULTI_BOUND_G,10,6,353,632.695971743911
MULTI_BOUND_G,10,6,354,682.9937222811475
MULTI_BOUND_G,10,6,355,688.7037850905051
MULTI_BOUND_G,10,6,356,689.9359104912971
MULTI_BOUND_G,10,6,357,708.4485009466264
MULTI_BOUND_G,10,6,358,702.7546813980908
MULTI_BOUND_G,10,6,359,711.705071537842
MULTI_BOUND_G,10,6,360,724.0333125079869
MULTI_BOUND_G,10,6,361,630.2917397395105
MULTI_BOUND_G,10,6,362,653.8484789738468
MULTI_BOUND_G,10,6,363,661.8438867178428
MULTI_BOUND_G,10,6,364,663.5340551127978
MULTI_BOUND_G,10,6,365,659.0744739860627
MULTI_BOUND_G,10,6,366,673.697559206623
MULTI_BOUND_G,10,6,367,691.3776303980065
MULTI_BOUND_G,10,6,368,691.9402882462787
MULTI_BOUND_G,10,6,369,664.7191975459933
MULTI_BOUND_G,10,6,370,681.846662324308
MULTI_BOUND_G,10,6,371,700.7229380434102
MULTI_BOUND_G,10,6,372,699.0693475502353
MULTI_BOUND_G,10,6,373,697.5137610291058
MULTI_BOUND_G,10,6,374,703.4356691338363
MULTI_BOUND_G,10,6,375,726.7931483458169
MULTI_BOUND_G,10,6,376,736.3043266137823
MULTI_BOUND_G,10,6,377,707.5698251845696
MULTI_BOUND_G,10,6,378,717.3630747121658
MULTI_BOUND_G,10,6,379,727.6979006264191
MULTI_BOUND_G,10,6,380,722.9932545673996
MULTI_BOUND_G,10,6,381,742.3265376780439
MULTI_BOUND_G,10,6,382,746.568664803444
MULTI_BOUND_G,10,6,383,757.3037316080671
MULTI_BOUND_G,10,6,384,773.0596458665832
MULTI_BOUND_G,10,6,385,727.6531049534534
MULTI_BOUND_G,10,6,386,761.3380966714084
MULTI_BOUND_G,10,6,387,749.2538897721024
MULTI_BOUND_G,10,6,388,763.6518436418296
MULTI_BOUND_G,10,6,389,781.3704486303222
MULTI_BOUND_G,10,6,390,784.7460780847794
MULTI_BOUND_G,10,6,391,792.5505038297136
MULTI_BOUND_G,10,6,392,784.8546730989403
MULTI_BOUND_G,10,6,393,610.6327919975066
MULTI_BOUND_G,10,6,394,631.7742531720409
MULTI_BOUND_G,10,6,395,646.6365324949235
MULTI_BOUND_G,10,6,396,644.9829420017486
MULTI_BOUND_G,10,6,397,643.4273554806191
MULTI_BOUND_G,10,6,398,649.3492635853496
MULTI_BOUND_G,10,6,399,672.7067427973302
MULTI_BOUND_G,10,6,400,682.2179210652956
MULTI_BOUND_G,10,6,401,638.2433181379457
MULTI_BOUND_G,10,6,402,660.2067293853182
MULTI_BOUND_G,10,6,403,671.1944762030789
MULTI_BOUND_G,10,6,404,670.9356503225891
MULTI_BOUND_G,10,6,405,663.0160419580684
MULTI_BOUND_G,10,6,406,682.3832426126825
MULTI_BOUND_G,10,6,407,692.0764923257616
MULTI_BOUND_G,10,6,408,707.4515583656026
MULTI_BOUND_G,10,6,409,663.9297904283429
MULTI_BOUND_G,10,6,410,674.3539575117587
MULTI_BOUND_G,10,6,411,681.0996725248847
MULTI_BOUND_G,10,6,412,683.1543066817555
MULTI_BOUND_G,10,6,413,686.5574027173428
MULTI_BOUND_G,10,6,414,685.4730020614984
MULTI_BOUND_G,10,6,415,702.278366432117
MULTI_BOUND_G,10,6,416,710.6574449778977
MULTI_BOUND_G,10,6,417,689.5196153300711
MULTI_BOUND_G,10,6,418,696.336132019333
MULTI_BOUND_G,10,6,419,691.3302919824094
MULTI_BOUND_G,10,6,420,688.7428853219028
MULTI_BOUND_G,10,6,421,731.6370319041697
MULTI_BOUND_G,10,6,422,755.1025500498337
MULTI_BOUND_G,10,6,423,751.816973090914
MULTI_BOUND_G,10,6,424,767.4614535988331
MULTI_BOUND_G,10,6,425,685.0360314940048
MULTI_BOUND_G,10,6,426,700.2862602166465
MULTI_BOUND_G,10,6,427,710.6210861308998
MULTI_BOUND_G,10,6,428,705.9164400718803
MULTI_BOUND_G,10,6,429,725.2497231825246
MULTI_BOUND_G,10,6,430,729.4918503079247
MULTI_BOUND_G,10,6,431,740.2269171125478
MULTI_BOUND_G,10,6,432,755.9828313710639
MULTI_BOUND_G,10,6,433,669.4772254718504
MULTI_BOUND_G,10,6,434,719.7749760090869
MULTI_BOUND_G,10,6,435,727.62499803195
MULTI_BOUND_G,10,6,436,725.4850388184445
MULTI_BOUND_G,10,6,437,745.2297546745658
MULTI_BOUND_G,10,6,438,739.5359351260303
MULTI_BOUND_G,10,6,439,748.4863252657814
MULTI_BOUND_G,10,6,440,760.8145662359263
MULTI_BOUND_G,10,6,441,682.10686602003
MULTI_BOUND_G,10,6,442,699.608793843377
MULTI_BOUND_G,10,6,443,715.791857737985
MULTI_BOUND_G,10,6,444,703.707650838679
MULTI_BOUND_G,10,6,445,735.8242096968988
MULTI_BOUND_G,10,6,446,739.199839151356
MULTI_BOUND_G,10,6,447,747.0042648962902
MULTI_BOUND_G,10,6,448,739.3084341655169
MULTI_BOUND_G,10,6,449,763.9168042244651
MULTI_BOUND_G,10,6,450,774.7567688449884
MULTI_BOUND_G,10,6,451,785.112692301664
MULTI_BOUND_G,10,6,452,800.8532221777991
MULTI_BOUND_G,10,6,453,789.676412136163
MULTI_BOUND_G,10,6,454,804.3413909738262
MULTI_BOUND_G,10,6,455,789.9172121148928
MULTI_BOUND_G,10,6,456,384.75988984177525
MULTI_BOUND_G,10,6,457,738.0824176494287
MULTI_BOUND_G,10,6,458,762.7248236717681
MULTI_BOUND_G,10,6,459,769.634564627761
MULTI_BOUND_G,10,6,460,771.324733022716
MULTI_BOUND_G,10,6,461,766.865151895981
MULTI_BOUND_G,10,6,462,781.4882371165413
MULTI_BOUND_G,10,6,463,799.1683083079248
MULTI_BOUND_G,10,6,464,799.7309661561969
MULTI_BOUND_G,10,6,465,650.3576373981081
MULTI_BOUND_G,10,6,466,671.4990985726423
MULTI_BOUND_G,10,6,467,667.4851021764227
MULTI_BOUND_G,10,6,468,684.70778740235
MULTI_BOUND_G,10,6,469,683.1522008812206
MULTI_BOUND_G,10,6,470,689.074108985951
MULTI_BOUND_G,10,6,471,712.4315881979317
MULTI_BOUND_G,10,6,472,721.9427664658971
MULTI_BOUND_G,10,6,473,654.8626295547359
MULTI_BOUND_G,10,6,474,705.1603800919725
MULTI_BOUND_G,10,6,475,713.0104021148355
MULTI_BOUND_G,10,6,476,710.8704429013301
MULTI_BOUND_G,10,6,477,712.1025683021221
MULTI_BOUND_G,10,6,478,724.9213392089158
MULTI_BOUND_G,10,6,479,733.8717293486669
MULTI_BOUND_G,10,6,480,746.1999703188119
MULTI_BOUND_G,10,6,481,678.8364652210188
MULTI_BOUND_G,10,6,482,677.6923970335126
MULTI_BOUND_G,10,6,483,689.2606323044346
MULTI_BOUND_G,10,6,484,698.0609814744315
MULTI_BOUND_G,10,6,485,701.4640775100188
MULTI_BOUND_G,10,6,486,700.3796768541744
MULTI_BOUND_G,10,6,487,717.1850412247929
MULTI_BOUND_G,10,6,488,725.5641197705737
MULTI_BOUND_G,10,6,489,661.6014532833912
MULTI_BOUND_G,10,6,490,679.1033811067382
MULTI_BOUND_G,10,6,491,695.2864450013461
MULTI_BOUND_G,10,6,492,683.2022381020402
MULTI_BOUND_G,10,6,493,697.6001919717673
MULTI_BOUND_G,10,6,494,718.6944264147171
MULTI_BOUND_G,10,6,495,726.4988521596514
MULTI_BOUND_G,10,6,496,718.8030214288781
MULTI_BOUND_G,10,6,497,736.9693593864375
MULTI_BOUND_G,10,6,498,739.468146491575
MULTI_BOUND_G,10,6,499,769.9205174515707
MULTI_BOUND_G,10,6,500,769.661691571081
MULTI_BOUND_G,10,6,501,761.7420832065602
MULTI_BOUND_G,10,6,502,781.1092838611743
MULTI_BOUND_G,10,6,503,790.8025335742534
MULTI_BOUND_G,10,6,504,806.1775996140944
MULTI_BOUND_G,10,6,505,764.72599017191
MULTI_BOUND_G,10,6,506,777.3428088220634
MULTI_BOUND_G,10,6,507,778.945752128211
MULTI_BOUND_G,10,6,508,792.9240354114729
MULTI_BOUND_G,10,6,509,798.7122275200298
MULTI_BOUND_G,10,6,510,794.0643892323618
MULTI_BOUND_G,10,6,511,383.83776158425906
MULTI_BOUND_G,10,6,512,795.7058000381437
MULTI_BOUND_G,10,6,513,806.545764658667
MULTI_BOUND_G,10,6,514,812.793334520353
MULTI_BOUND_G,10,6,515,816.9016881153426
MULTI_BOUND_G,10,6,516,821.4654079498416
MULTI_BOUND_G,10,6,517,400.65438774861457
MULTI_BOUND_G,10,6,518,792.959501937166
MULTI_BOUND_G,10,6,519,798.4164811322114
MULTI_BOUND_G,10,6,520,808.2097306598076
MULTI_BOUND_G,10,6,521,813.8399105150414
MULTI_BOUND_G,10,6,522,397.3688107896947
MULTI_BOUND_G,10,6,523,810.5482574383772
MULTI_BOUND_G,10,6,524,413.01329129761393
MULTI_BOUND_G,10,6,525,650.4533318757954
MULTI_BOUND_G,10,6,526,662.3088819454051
MULTI_BOUND_G,10,6,527,673.8771172163271
MULTI_BOUND_G,10,6,528,680.622832229453
MULTI_BOUND_G,10,6,529,682.677466386324
MULTI_BOUND_G,10,6,530,676.0128880507331
MULTI_BOUND_G,10,6,531,676.5879290755975
MULTI_BOUND_G,10,6,532,701.8015261366854
MULTI_BOUND_G,10,6,533,673.4705830854778
MULTI_BOUND_G,10,6,534,685.4709947007011
MULTI_BOUND_G,10,6,535,704.935618842936
MULTI_BOUND_G,10,6,536,715.9233656606966
MULTI_BOUND_G,10,6,537,715.664539780207
MULTI_BOUND_G,10,6,538,699.3366987252168
MULTI_BOUND_G,10,6,539,717.044457699122
MULTI_BOUND_G,10,6,540,736.8053817833795
MULTI_BOUND_G,10,6,541,668.3325442984335
MULTI_BOUND_G,10,6,542,728.1319193457559
MULTI_BOUND_G,10,6,543,722.9823231115031
MULTI_BOUND_G,10,6,544,723.7743077839353
MULTI_BOUND_G,10,6,545,735.0741075559056
MULTI_BOUND_G,10,6,546,753.5866980112348
MULTI_BOUND_G,10,6,547,748.435035911981
MULTI_BOUND_G,10,6,548,769.1715095725954
MULTI_BOUND_G,10,6,549,673.4275204640742
MULTI_BOUND_G,10,6,550,691.0709878915784
MULTI_BOUND_G,10,6,551,700.0566097524747
MULTI_BOUND_G,10,6,552,718.9328854715769
MULTI_BOUND_G,10,6,553,717.279294978402
MULTI_BOUND_G,10,6,554,715.7237084572726
MULTI_BOUND_G,10,6,555,713.2373838715337
MULTI_BOUND_G,10,6,556,745.0030957739837
MULTI_BOUND_G,10,6,557,698.3577652630672
MULTI_BOUND_G,10,6,558,708.0426400272829
MULTI_BOUND_G,10,6,559,713.1435770804605
MULTI_BOUND_G,10,6,560,747.6362320661206
MULTI_BOUND_G,10,6,561,736.6234848738084
MULTI_BOUND_G,10,6,562,742.4116769823653
MULTI_BOUND_G,10,6,563,777.9762991474695
MULTI_BOUND_G,10,6,564,761.5885480183645
MULTI_BOUND_G,10,6,565,717.424478045879
MULTI_BOUND_G,10,6,566,734.3086691063191
MULTI_BOUND_G,10,6,567,719.8012045593097
MULTI_BOUND_G,10,6,568,756.60995073404
MULTI_BOUND_G,10,6,569,776.2584609724644
MULTI_BOUND_G,10,6,570,793.0750871368198
MULTI_BOUND_G,10,6,571,789.7895101779
MULTI_BOUND_G,10,6,572,797.0257579953497
MULTI_BOUND_G,10,6,573,733.3672447781255
MULTI_BOUND_G,10,6,574,757.2423010695753
MULTI_BOUND_G,10,6,575,747.190248022305
MULTI_BOUND_G,10,6,576,777.3703765114249
MULTI_BOUND_G,10,6,577,756.662535159312
MULTI_BOUND_G,10,6,578,791.9990135630496
MULTI_BOUND_G,10,6,579,789.156105224163
MULTI_BOUND_G,10,6,580,822.7321217515889
MULTI_BOUND_G,10,6,581,753.5016431763584
MULTI_BOUND_G,10,6,582,761.4096639109441
MULTI_BOUND_G,10,6,583,780.656852029746
MULTI_BOUND_G,10,6,584,775.2635811146495
MULTI_BOUND_G,10,6,585,800.5057355008705
MULTI_BOUND_G,10,6,586,789.3289254592346
MULTI_BOUND_G,10,6,587,803.9939042968978
MULTI_BOUND_G,10,6,588,384.58614650331094
MULTI_BOUND_G,10,6,589,745.6171472590775
MULTI_BOUND_G,10,6,590,766.7615595343868
MULTI_BOUND_G,10,6,591,778.6755110034997
MULTI_BOUND_G,10,6,592,786.6709187474956
MULTI_BOUND_G,10,6,593,788.3610871424506
MULTI_BOUND_G,10,6,594,783.3693634173987
MULTI_BOUND_G,10,6,595,788.4569168650977
MULTI_BOUND_G,10,6,596,816.2046624276594
MULTI_BOUND_G,10,6,597,701.420610353826
MULTI_BOUND_G,10,6,598,698.99286530721
MULTI_BOUND_G,10,6,599,711.8447774372418
MULTI_BOUND_G,10,6,600,708.8671407941061
MULTI_BOUND_G,10,6,601,704.9439126188133
MULTI_BOUND_G,10,6,602,724.048222642826
MULTI_BOUND_G,10,6,603,739.7691863576001
MULTI_BOUND_G,10,6,604,742.5186278451051
MULTI_BOUND_G,10,6,605,728.224836720403
MULTI_BOUND_G,10,6,606,729.4399469664306
MULTI_BOUND_G,10,6,607,740.4648963115138
MULTI_BOUND_G,10,6,608,745.4747807971105
MULTI_BOUND_G,10,6,609,760.9171689050463
MULTI_BOUND_G,10,6,610,772.3647611951395
MULTI_BOUND_G,10,6,611,782.0580109082189
MULTI_BOUND_G,10,6,612,791.8034398897839
MULTI_BOUND_G,10,6,613,743.0797036854718
MULTI_BOUND_G,10,6,614,755.6965223356252
MULTI_BOUND_G,10,6,615,757.2994656417728
MULTI_BOUND_G,10,6,616,772.5671444610854
MULTI_BOUND_G,10,6,617,771.2777489250348
MULTI_BOUND_G,10,6,618,777.0659410335917
MULTI_BOUND_G,10,6,619,766.7884656876479
MULTI_BOUND_G,10,6,620,796.9293492102704
MULTI_BOUND_G,10,6,621,730.5393885703608
MULTI_BOUND_G,10,6,622,765.1359251191716
MULTI_BOUND_G,10,6,623,788.6871611304601
MULTI_BOUND_G,10,6,624,786.5472019169548
MULTI_BOUND_G,10,6,625,786.4956504586369
MULTI_BOUND_G,10,6,626,796.5685661168145
MULTI_BOUND_G,10,6,627,794.9684611662649
MULTI_BOUND_G,10,6,628,821.8767293344367
MULTI_BOUND_G,10,6,629,762.9597083635039
MULTI_BOUND_G,10,6,630,769.7762250527658
MULTI_BOUND_G,10,6,631,764.7703850158422
MULTI_BOUND_G,10,6,632,756.5533412970599
MULTI_BOUND_G,10,6,633,805.0771249376024
MULTI_BOUND_G,10,6,634,810.4423400598012
MULTI_BOUND_G,10,6,635,812.841429094841
MULTI_BOUND_G,10,6,636,825.2570661243467
MULTI_BOUND_G,10,6,637,779.7133255060577
MULTI_BOUND_G,10,6,638,790.5532901265811
MULTI_BOUND_G,10,6,639,784.0953628160923
MULTI_BOUND_G,10,6,640,800.9092135832565
MULTI_BOUND_G,10,6,641,806.9263918031301
MULTI_BOUND_G,10,6,642,803.5163738503378
MULTI_BOUND_G,10,6,643,820.1379122554189
MULTI_BOUND_G,10,6,644,799.5542081418683
MULTI_BOUND_G,10,6,645,763.374774769817
MULTI_BOUND_G,10,6,646,784.5162359443513
MULTI_BOUND_G,10,6,647,779.2185626890218
MULTI_BOUND_G,10,6,648,789.6551636109723
MULTI_BOUND_G,10,6,649,782.0237107856335
MULTI_BOUND_G,10,6,650,796.1693382529295
MULTI_BOUND_G,10,6,651,825.4487255696406
MULTI_BOUND_G,10,6,652,391.5800217147064
MULTI_BOUND_G,10,6,653,816.7420661699563
MULTI_BOUND_G,10,6,654,820.9153685058918
MULTI_BOUND_G,10,6,655,409.2600929060899
MULTI_BOUND_G,10,6,656,409.82275075436206
MULTI_BOUND_G,10,6,657,731.7523899252429
MULTI_BOUND_G,10,6,658,734.2511770303804
MULTI_BOUND_G,10,6,659,753.7158011726153
MULTI_BOUND_G,10,6,660,764.7035479903759
MULTI_BOUND_G,10,6,661,760.1817130271156
MULTI_BOUND_G,10,6,662,756.5251137453655
MULTI_BOUND_G,10,6,663,775.8923143999795
MULTI_BOUND_G,10,6,664,800.9606301528996
MULTI_BOUND_G,10,6,665,757.125195138189
MULTI_BOUND_G,10,6,666,769.7420137883424
MULTI_BOUND_G,10,6,667,771.34495709449
MULTI_BOUND_G,10,6,668,796.3359875700642
MULTI_BOUND_G,10,6,669,786.8484234035384
MULTI_BOUND_G,10,6,670,786.4635941986409
MULTI_BOUND_G,10,6,671,826.6760546514131
MULTI_BOUND_G,10,6,672,818.6965362127776
MULTI_BOUND_G,10,6,673,759.8759585303941
MULTI_BOUND_G,10,6,674,781.0174197049282
MULTI_BOUND_G,10,6,675,777.0034233087086
MULTI_BOUND_G,10,6,676,795.8796990278108
MULTI_BOUND_G,10,6,677,794.2261085346358
MULTI_BOUND_G,10,6,678,788.407512930736
MULTI_BOUND_G,10,6,679,798.592430118237
MULTI_BOUND_G,10,6,680,389.8306135949948
MULTI_BOUND_G,10,6,681,781.0108488277149
MULTI_BOUND_G,10,6,682,783.5643564342063
MULTI_BOUND_G,10,6,683,782.8215254800532
MULTI_BOUND_G,10,6,684,780.2341188195466
MULTI_BOUND_G,10,6,685,823.1282654018136
MULTI_BOUND_G,10,6,686,400.16543950924824
MULTI_BOUND_G,10,6,687,795.9937927590955
MULTI_BOUND_G,10,6,688,794.8497245715894
MULTI_BOUND_G,10,6,689,802.1549507597408
MULTI_BOUND_G,10,6,690,813.1636748556373
MULTI_BOUND_G,10,6,691,815.2183090125083
MULTI_BOUND_G,10,6,692,818.6214050480955
MULTI_BOUND_G,10,6,693,817.5370043922511
MULTI_BOUND_G,10,6,694,395.4607934502286
MULTI_BOUND_G,10,6,695,809.2008614057953
MULTI_BOUND_G,10,6,696,414.79407656087295
MULTI_BOUND_G,10,6,697,419.0362036862731
MULTI_BOUND_G,10,6,698,429.77127049089614
MULTI_BOUND_G,10,6,699,445.5271847494123
MULTI_BOUND_G,10,6,700,775.218228949832
MULTI_BOUND_G,10,6,701,814.4290213817071
MULTI_BOUND_G,10,6,702,803.4162741893949
MULTI_BOUND_G,10,6,703,809.2044662979519
MULTI_BOUND_G,10,6,704,804.5566280102838
MULTI_BOUND_G,10,6,705,389.08388097322006
MULTI_BOUND_G,10,6,706,797.7769800401284
MULTI_BOUND_G,10,6,707,804.5934967293903
MULTI_BOUND_G,10,6,708,797.00025003196
MULTI_BOUND_G,10,6,709,408.548505115455
MULTI_BOUND_G,10,6,710,419.5362519332157
MULTI_BOUND_G,10,6,711,419.277426052726
MULTI_BOUND_G,10,6,712,411.3578176882053
MULTI_BOUND_G,10,6,713,430.7250183428192
MULTI_BOUND_G,10,6,714,440.41826805589847
MULTI_BOUND_G,10,6,715,455.7933340957394
MULTI_BOUND_G,10,6,716,798.8678011467898
MULTI_BOUND_G,10,6,717,813.7300804696724
MULTI_BOUND_G,10,6,718,812.0764899764974
MULTI_BOUND_G,10,6,719,810.520903455368
MULTI_BOUND_G,10,6,720,816.4428115600986
MULTI_BOUND_G,10,6,721,398.7558043159256
MULTI_BOUND_G,10,6,722,827.3002773600672
MULTI_BOUND_G,10,6,723,411.3726229660791
MULTI_BOUND_G,10,6,724,437.96659674780085
MULTI_BOUND_G,10,6,725,426.95384955548855
MULTI_BOUND_G,10,6,726,432.7420416640455
MULTI_BOUND_G,10,6,727,428.09420337637744
MULTI_BOUND_G,10,6,728,468.30666382914967
MULTI_BOUND_G,10,6,729,460.32714539051415
MULTI_BOUND_G,10,6,730,446.22624851012233
MULTI_BOUND_G,10,6,731,454.0762705329854
MULTI_BOUND_G,10,6,732,451.9363113194799
MULTI_BOUND_G,10,6,733,453.168436720272
MULTI_BOUND_G,10,6,734,471.68102717560123
MULTI_BOUND_G,10,6,735,465.9872076270657
MULTI_BOUND_G,10,6,736,474.9375977668168
MULTI_BOUND_G,10,6,737,487.2658387369619
MULTI_BOUND_G,10,6,738,419.01320768984795
MULTI_BOUND_G,10,6,739,425.82972437910985
MULTI_BOUND_G,10,6,740,418.2364776816796
MULTI_BOUND_G,10,6,741,461.13062426394663
MULTI_BOUND_G,10,6,742,467.7795162452551
MULTI_BOUND_G,10,6,743,484.5961424096105
MULTI_BOUND_G,10,6,744,481.3105654506908
MULTI_BOUND_G,10,6,745,496.95504595860996
MULTI_BOUND_G,10,6,746,436.8395307352861
MULTI_BOUND_G,10,6,747,447.67949535580954
MULTI_BOUND_G,10,6,748,453.9270652174954
MULTI_BOUND_G,10,6,749,473.77594868862
MULTI_BOUND_G,10,6,750,462.5991386469841
MULTI_BOUND_G,10,6,751,477.2641174846473
MULTI_BOUND_G,10,6,752,462.8399386257138
MULTI_BOUND_G,10,6,753,501.0643142723518
MULTI_BOUND_G,10,6,754,450.60489078048437
MULTI_BOUND_G,10,6,755,446.59089438426474
MULTI_BOUND_G,10,6,756,465.4671701033669
MULTI_BOUND_G,10,6,757,463.81357961019205
MULTI_BOUND_G,10,6,758,462.25799308906267
MULTI_BOUND_G,10,6,759,468.17990119379306
MULTI_BOUND_G,10,6,760,491.5373804057738
MULTI_BOUND_G,10,6,761,501.0485586737391
MULTI_BOUND_G,10,6,762,456.2439778193459
MULTI_BOUND_G,10,6,763,455.1583110313427
MULTI_BOUND_G,10,6,764,463.1537187753388
MULTI_BOUND_G,10,6,765,464.84388717029384
MULTI_BOUND_G,10,6,766,460.38430604355864
MULTI_BOUND_G,10,6,767,475.00739126411906
MULTI_BOUND_G,10,6,768,492.68746245550244
MULTI_BOUND_G,10,6,769,493.2501203037746
MULTI_BOUND_G,10,6,770,478.91250605287075
MULTI_BOUND_G,10,6,771,484.36948524791626
MULTI_BOUND_G,10,6,772,494.16273477551243
MULTI_BOUND_G,10,6,773,504.4975606897658
MULTI_BOUND_G,10,6,774,519.1261977413906
MULTI_BOUND_G,10,6,775,523.3683248667907
MULTI_BOUND_G,10,6,776,534.1033916714138
MULTI_BOUND_G,10,6,777,549.8593059299299
MULTI_BOUND_G,10,6,778,507.9627178520268
MULTI_BOUND_G,10,6,779,524.1457817466347
MULTI_BOUND_G,10,6,780,512.0615748473289
MULTI_BOUND_G,10,6,781,526.4595287170558
MULTI_BOUND_G,10,6,782,544.1781337055486
MULTI_BOUND_G,10,6,783,547.5537631600058
MULTI_BOUND_G,10,6,784,555.35818890494
MULTI_BOUND_G,10,6,785,547.6623581741667
MULTI_BOUND_G,10,6,786,774.5170505004601
MULTI_BOUND_G,10,6,787,793.9816746426951
MULTI_BOUND_G,10,6,788,804.9694214604558
MULTI_BOUND_G,10,6,789,796.7909872154453
MULTI_BOUND_G,10,6,790,816.1581878700594
MULTI_BOUND_G,10,6,791,825.8514375831385
MULTI_BOUND_G,10,6,792,394.71332160739314
MULTI_BOUND_G,10,6,793,784.1889738431657
MULTI_BOUND_G,10,6,794,796.8057924933192
MULTI_BOUND_G,10,6,795,823.399766275041
MULTI_BOUND_G,10,6,796,812.3870190827286
MULTI_BOUND_G,10,6,797,813.5273729036176
MULTI_BOUND_G,10,6,798,393.5692534198869
MULTI_BOUND_G,10,6,799,804.4463772170881
MULTI_BOUND_G,10,6,800,803.6696472089197
MULTI_BOUND_G,10,6,801,411.88320370393484
MULTI_BOUND_G,10,6,802,822.2727002625262
MULTI_BOUND_G,10,6,803,413.93783786080576
MULTI_BOUND_G,10,6,804,417.34093389639304
MULTI_BOUND_G,10,6,805,416.2565332405486
MULTI_BOUND_G,10,6,806,433.0618976111672
MULTI_BOUND_G,10,6,807,441.44097615694795
MULTI_BOUND_G,10,6,808,484.6336413641422
MULTI_BOUND_G,10,6,809,495.4736059846657
MULTI_BOUND_G,10,6,810,501.72117584635157
MULTI_BOUND_G,10,6,811,505.82952944134115
MULTI_BOUND_G,10,6,812,521.5700593174763
MULTI_BOUND_G,10,6,813,510.3932492758403
MULTI_BOUND_G,10,6,814,510.63404925456996
MULTI_BOUND_G,10,6,815,548.8584249012081
MULTI_BOUND_G,10,6,816,488.52828104949026
MULTI_BOUND_G,10,6,817,491.0270681546276
MULTI_BOUND_G,10,6,818,510.49169229686265
MULTI_BOUND_G,10,6,819,521.4794391146233
MULTI_BOUND_G,10,6,820,513.3010048696128
MULTI_BOUND_G,10,6,821,532.6682055242268
MULTI_BOUND_G,10,6,822,542.3614552373061
MULTI_BOUND_G,10,6,823,557.736521277147
MULTI_BOUND_G,10,6,824,481.87147378234715
MULTI_BOUND_G,10,6,825,503.0129349568814
MULTI_BOUND_G,10,6,826,498.9989385606618
MULTI_BOUND_G,10,6,827,517.875214279764
MULTI_BOUND_G,10,6,828,516.2216237865891
MULTI_BOUND_G,10,6,829,520.5879453701901
MULTI_BOUND_G,10,6,830,543.9454245821709
MULTI_BOUND_G,10,6,831,553.456602850136
MULTI_BOUND_G,10,6,832,501.17146024691885
MULTI_BOUND_G,10,6,833,513.7882788970724
MULTI_BOUND_G,10,6,834,515.3912222032199
MULTI_BOUND_G,10,6,835,540.382252678794
MULTI_BOUND_G,10,6,836,529.3695054864818
MULTI_BOUND_G,10,6,837,530.5098593073707
MULTI_BOUND_G,10,6,838,570.7223197601429
MULTI_BOUND_G,10,6,839,562.7428013215074
MULTI_BOUND_G,10,6,840,521.8261439634039
MULTI_BOUND_G,10,6,841,523.6368206157422
MULTI_BOUND_G,10,6,842,521.0494139552355
MULTI_BOUND_G,10,6,843,563.9435605375025
MULTI_BOUND_G,10,6,844,570.592452518811
MULTI_BOUND_G,10,6,845,587.4090786831664
MULTI_BOUND_G,10,6,846,584.1235017242466
MULTI_BOUND_G,10,6,847,599.7679822321659
MULTI_BOUND_G,10,6,848,522.7705422991384
MULTI_BOUND_G,10,6,849,540.2724701224854
MULTI_BOUND_G,10,6,850,544.3713271177875
MULTI_BOUND_G,10,6,851,558.7692809875144
MULTI_BOUND_G,10,6,852,576.4878859760072
MULTI_BOUND_G,10,6,853,579.8635154304643
MULTI_BOUND_G,10,6,854,587.6679411753986
MULTI_BOUND_G,10,6,855,579.9721104446253
MULTI_BOUND_G,10,6,856,532.1809901797659
MULTI_BOUND_G,10,6,857,556.8233962021053
MULTI_BOUND_G,10,6,858,555.7377294141022
MULTI_BOUND_G,10,6,859,565.4233055530533
MULTI_BOUND_G,10,6,860,560.9637244263181
MULTI_BOUND_G,10,6,861,575.5868096468785
MULTI_BOUND_G,10,6,862,593.266880838262
MULTI_BOUND_G,10,6,863,593.8295386865341
MULTI_BOUND_G,10,6,864,570.5376776346832
MULTI_BOUND_G,10,6,865,575.9946568297286
MULTI_BOUND_G,10,6,866,585.7879063573248
MULTI_BOUND_G,10,6,867,596.1227322715782
MULTI_BOUND_G,10,6,868,591.4180862125586
MULTI_BOUND_G,10,6,869,614.9934964486031
MULTI_BOUND_G,10,6,870,625.7285632532261
MULTI_BOUND_G,10,6,871,641.4844775117423
MULTI_BOUND_G,10,6,872,563.3363545270257
MULTI_BOUND_G,10,6,873,562.1922863395196
MULTI_BOUND_G,10,6,874,573.7605216104415
MULTI_BOUND_G,10,6,875,580.5062366235675
MULTI_BOUND_G,10,6,876,582.5608707804383
MULTI_BOUND_G,10,6,877,584.8795661601813
MULTI_BOUND_G,10,6,878,601.6849305307999
MULTI_BOUND_G,10,6,879,610.0640090765806
MULTI_BOUND_G,10,6,880,583.1386911979922
MULTI_BOUND_G,10,6,881,585.6374783031297
MULTI_BOUND_G,10,6,882,605.1021024453646
MULTI_BOUND_G,10,6,883,616.0898492631253
MULTI_BOUND_G,10,6,884,615.8310233826356
MULTI_BOUND_G,10,6,885,607.9114150181149
MULTI_BOUND_G,10,6,886,636.9718653858081
MULTI_BOUND_G,10,6,887,652.346931425649
MULTI_BOUND_G,10,6,888,602.186363878562
MULTI_BOUND_G,10,7,0,321.0550217290561
MULTI_BOUND_G,10,7,1,11701.996231737354
MULTI_BOUND_G,10,7,2,5842.187835926619
MULTI_BOUND_G,10,7,3,2929.5817850354124
MULTI_BOUND_G,10,7,4,1456.5880589021458
MULTI_BOUND_G,10,7,5,730.506723151888
MULTI_BOUND_G,10,7,6,357.59860069629246
MULTI_BOUND_G,10,7,7,368.5916925379861
MULTI_BOUND_G,10,7,8,363.36504635871347
MULTI_BOUND_G,10,7,9,381.0963244287232
MULTI_BOUND_G,10,7,10,398.800720309948
MULTI_BOUND_G,10,7,11,418.19706307704257
MULTI_BOUND_G,10,7,12,418.47019564874216
MULTI_BOUND_G,10,7,13,420.6489933735939
MULTI_BOUND_G,10,7,14,364.30162856658
MULTI_BOUND_G,10,7,15,363.06754006345534
MULTI_BOUND_G,10,7,16,366.86675085598495
MULTI_BOUND_G,10,7,17,382.0367385324348
MULTI_BOUND_G,10,7,18,384.2754259152315
MULTI_BOUND_G,10,7,19,412.92211099745845
MULTI_BOUND_G,10,7,20,426.38564513522203
MULTI_BOUND_G,10,7,21,429.15712302117544
MULTI_BOUND_G,10,7,22,369.8311540326955
MULTI_BOUND_G,10,7,23,372.4986279408997
MULTI_BOUND_G,10,7,24,376.8988604548405
MULTI_BOUND_G,10,7,25,367.55749848129767
MULTI_BOUND_G,10,7,26,392.2983438325514
MULTI_BOUND_G,10,7,27,401.9985740354156
MULTI_BOUND_G,10,7,28,432.3188294982498
MULTI_BOUND_G,10,7,29,435.06315611356575
MULTI_BOUND_G,10,7,30,370.24802662154167
MULTI_BOUND_G,10,7,31,396.15795355739954
MULTI_BOUND_G,10,7,32,396.6749200295032
MULTI_BOUND_G,10,7,33,417.2582034729614
MULTI_BOUND_G,10,7,34,419.89499696809264
MULTI_BOUND_G,10,7,35,417.0555772788631
MULTI_BOUND_G,10,7,36,420.6255633875795
MULTI_BOUND_G,10,7,37,427.4880490506115
MULTI_BOUND_G,10,7,38,418.7603429126781
MULTI_BOUND_G,10,7,39,421.89695619598876
MULTI_BOUND_G,10,7,40,448.7564843466972
MULTI_BOUND_G,10,7,41,458.51311497649846
MULTI_BOUND_G,10,7,42,447.9537704164043
MULTI_BOUND_G,10,7,43,462.32041229854167
MULTI_BOUND_G,10,7,44,470.35514126009645
MULTI_BOUND_G,10,7,45,474.0581063219513
MULTI_BOUND_G,10,7,46,440.37486593690096
MULTI_BOUND_G,10,7,47,439.82074388545584
MULTI_BOUND_G,10,7,48,437.9645491960682
MULTI_BOUND_G,10,7,49,456.4697560800581
MULTI_BOUND_G,10,7,50,456.963062379174
MULTI_BOUND_G,10,7,51,459.2238805521832
MULTI_BOUND_G,10,7,52,484.570805399467
MULTI_BOUND_G,10,7,53,504.72687974729234
MULTI_BOUND_G,10,7,54,456.26374087166323
MULTI_BOUND_G,10,7,55,480.4870279847171
MULTI_BOUND_G,10,7,56,481.7517089072009
MULTI_BOUND_G,10,7,57,476.97017934487644
MULTI_BOUND_G,10,7,58,509.22311094379006
MULTI_BOUND_G,10,7,59,513.447658598055
MULTI_BOUND_G,10,7,60,524.2852383194538
MULTI_BOUND_G,10,7,61,514.9641026324323
MULTI_BOUND_G,10,7,62,449.7633797374849
MULTI_BOUND_G,10,7,63,450.87071953278075
MULTI_BOUND_G,10,7,64,472.711194151476
MULTI_BOUND_G,10,7,65,470.99141665221646
MULTI_BOUND_G,10,7,66,496.38897837729445
MULTI_BOUND_G,10,7,67,505.7510805699433
MULTI_BOUND_G,10,7,68,490.75562468575777
MULTI_BOUND_G,10,7,69,506.46163032804225
MULTI_BOUND_G,10,7,70,443.7909049035064
MULTI_BOUND_G,10,7,71,456.92342625356963
MULTI_BOUND_G,10,7,72,477.01939755080934
MULTI_BOUND_G,10,7,73,476.24273943755605
MULTI_BOUND_G,10,7,74,488.02623558573157
MULTI_BOUND_G,10,7,75,482.302934849543
MULTI_BOUND_G,10,7,76,499.40551433332274
MULTI_BOUND_G,10,7,77,498.94613747279953
MULTI_BOUND_G,10,7,78,467.937034607733
MULTI_BOUND_G,10,7,79,478.3054721413597
MULTI_BOUND_G,10,7,80,479.5701530638435
MULTI_BOUND_G,10,7,81,474.7886235015191
MULTI_BOUND_G,10,7,82,507.0415551004327
MULTI_BOUND_G,10,7,83,511.2661027546976
MULTI_BOUND_G,10,7,84,522.1036824760965
MULTI_BOUND_G,10,7,85,512.7825467890748
MULTI_BOUND_G,10,7,86,464.6078164236046
MULTI_BOUND_G,10,7,87,480.55674666381384
MULTI_BOUND_G,10,7,88,507.41627481452235
MULTI_BOUND_G,10,7,89,517.1729054443235
MULTI_BOUND_G,10,7,90,506.61356088422934
MULTI_BOUND_G,10,7,91,520.9802027663667
MULTI_BOUND_G,10,7,92,529.0149317279215
MULTI_BOUND_G,10,7,93,532.7178967897764
MULTI_BOUND_G,10,7,94,461.9432331070461
MULTI_BOUND_G,10,7,95,482.0079458805955
MULTI_BOUND_G,10,7,96,503.8484204992907
MULTI_BOUND_G,10,7,97,502.1286430000311
MULTI_BOUND_G,10,7,98,527.526204725109
MULTI_BOUND_G,10,7,99,536.888306917758
MULTI_BOUND_G,10,7,100,521.8928510335724
MULTI_BOUND_G,10,7,101,537.5988566758568
MULTI_BOUND_G,10,7,102,513.2795506292917
MULTI_BOUND_G,10,7,103,516.232567175487
MULTI_BOUND_G,10,7,104,513.4704304853528
MULTI_BOUND_G,10,7,105,536.7554591210226
MULTI_BOUND_G,10,7,106,551.0644289923503
MULTI_BOUND_G,10,7,107,556.1830404349203
MULTI_BOUND_G,10,7,108,545.2900950017552
MULTI_BOUND_G,10,7,109,549.1994746964467
MULTI_BOUND_G,10,7,110,484.0875694470688
MULTI_BOUND_G,10,7,111,526.3970650780386
MULTI_BOUND_G,10,7,112,526.9140315501425
MULTI_BOUND_G,10,7,113,547.4973149936006
MULTI_BOUND_G,10,7,114,550.1341084887317
MULTI_BOUND_G,10,7,115,547.2946887995023
MULTI_BOUND_G,10,7,116,550.8646749082187
MULTI_BOUND_G,10,7,117,557.7271605712508
MULTI_BOUND_G,10,7,118,529.0972030586661
MULTI_BOUND_G,10,7,119,532.8964138511957
MULTI_BOUND_G,10,7,120,548.0664015276456
MULTI_BOUND_G,10,7,121,550.7576503587557
MULTI_BOUND_G,10,7,122,550.3050889104422
MULTI_BOUND_G,10,7,123,578.9517739926694
MULTI_BOUND_G,10,7,124,592.4153081304328
MULTI_BOUND_G,10,7,125,595.1867860163861
MULTI_BOUND_G,10,7,126,569.0733356887387
MULTI_BOUND_G,10,7,127,567.2171409993512
MULTI_BOUND_G,10,7,128,585.722347883341
MULTI_BOUND_G,10,7,129,586.2156541824568
MULTI_BOUND_G,10,7,130,589.678259239646
MULTI_BOUND_G,10,7,131,588.4764723554661
MULTI_BOUND_G,10,7,132,613.8233972027499
MULTI_BOUND_G,10,7,133,633.9794715505752
MULTI_BOUND_G,10,7,134,571.9612085213083
MULTI_BOUND_G,10,7,135,576.3614410352491
MULTI_BOUND_G,10,7,136,567.0200790617062
MULTI_BOUND_G,10,7,137,589.8342619630391
MULTI_BOUND_G,10,7,138,591.7609244129599
MULTI_BOUND_G,10,7,139,601.461154615824
MULTI_BOUND_G,10,7,140,631.7814100786582
MULTI_BOUND_G,10,7,141,634.5257366939743
MULTI_BOUND_G,10,7,142,594.6003237222969
MULTI_BOUND_G,10,7,143,594.8097872417623
MULTI_BOUND_G,10,7,144,614.9057585390019
MULTI_BOUND_G,10,7,145,614.1291004257487
MULTI_BOUND_G,10,7,146,625.9125965739241
MULTI_BOUND_G,10,7,147,620.1892958377355
MULTI_BOUND_G,10,7,148,637.2918753215151
MULTI_BOUND_G,10,7,149,636.8324984609922
MULTI_BOUND_G,10,7,150,517.4416024927843
MULTI_BOUND_G,10,7,151,528.4346943344781
MULTI_BOUND_G,10,7,152,523.2080481552055
MULTI_BOUND_G,10,7,153,535.6500664464702
MULTI_BOUND_G,10,7,154,540.9393262252152
MULTI_BOUND_G,10,7,155,558.64372210644
MULTI_BOUND_G,10,7,156,578.313197445234
MULTI_BOUND_G,10,7,157,580.4919951700858
MULTI_BOUND_G,10,7,158,509.222837018338
MULTI_BOUND_G,10,7,159,522.0351539752365
MULTI_BOUND_G,10,7,160,525.1717672585471
MULTI_BOUND_G,10,7,161,561.7879260390569
MULTI_BOUND_G,10,7,162,551.2285814789627
MULTI_BOUND_G,10,7,163,565.5952233611001
MULTI_BOUND_G,10,7,164,573.6299523226548
MULTI_BOUND_G,10,7,165,577.3329173845098
MULTI_BOUND_G,10,7,166,513.2991566815494
MULTI_BOUND_G,10,7,167,532.2565296598029
MULTI_BOUND_G,10,7,168,533.3638694550989
MULTI_BOUND_G,10,7,169,553.4845665745345
MULTI_BOUND_G,10,7,170,578.8821282996125
MULTI_BOUND_G,10,7,171,588.2442304922613
MULTI_BOUND_G,10,7,172,573.2487746080758
MULTI_BOUND_G,10,7,173,588.9547802503603
MULTI_BOUND_G,10,7,174,547.8262810018048
MULTI_BOUND_G,10,7,175,546.5921924986801
MULTI_BOUND_G,10,7,176,550.3914032912097
MULTI_BOUND_G,10,7,177,565.5613909676596
MULTI_BOUND_G,10,7,178,568.2526397987697
MULTI_BOUND_G,10,7,179,567.8000783504563
MULTI_BOUND_G,10,7,180,596.4467634326834
MULTI_BOUND_G,10,7,181,612.6817754564001
MULTI_BOUND_G,10,7,182,554.9680262938629
MULTI_BOUND_G,10,7,183,568.8228758732901
MULTI_BOUND_G,10,7,184,579.1913134069167
MULTI_BOUND_G,10,7,185,580.4559943294005
MULTI_BOUND_G,10,7,186,575.6744647670762
MULTI_BOUND_G,10,7,187,607.9273963659897
MULTI_BOUND_G,10,7,188,622.9895237416536
MULTI_BOUND_G,10,7,189,613.6683880546318
MULTI_BOUND_G,10,7,190,580.4196092780645
MULTI_BOUND_G,10,7,191,584.6736741018553
MULTI_BOUND_G,10,7,192,587.6266906480505
MULTI_BOUND_G,10,7,193,584.8645539579163
MULTI_BOUND_G,10,7,194,608.1495825935862
MULTI_BOUND_G,10,7,195,627.5771639074837
MULTI_BOUND_G,10,7,196,616.6842184743186
MULTI_BOUND_G,10,7,197,620.5935981690102
MULTI_BOUND_G,10,7,198,542.4995995937825
MULTI_BOUND_G,10,7,199,558.8991682888945
MULTI_BOUND_G,10,7,200,585.3260616968562
MULTI_BOUND_G,10,7,201,605.9093451403144
MULTI_BOUND_G,10,7,202,608.5461386354455
MULTI_BOUND_G,10,7,203,605.706718946216
MULTI_BOUND_G,10,7,204,609.2767050549323
MULTI_BOUND_G,10,7,205,616.1391907179645
MULTI_BOUND_G,10,7,206,603.6518720143476
MULTI_BOUND_G,10,7,207,606.3193459225519
MULTI_BOUND_G,10,7,208,610.7195784364926
MULTI_BOUND_G,10,7,209,601.3782164629499
MULTI_BOUND_G,10,7,210,624.1923993642827
MULTI_BOUND_G,10,7,211,626.1190618142036
MULTI_BOUND_G,10,7,212,635.8192920170677
MULTI_BOUND_G,10,7,213,668.8838740952178
MULTI_BOUND_G,10,7,214,651.9899565388896
MULTI_BOUND_G,10,7,215,664.9130143694877
MULTI_BOUND_G,10,7,216,665.122477888953
MULTI_BOUND_G,10,7,217,671.2824190326165
MULTI_BOUND_G,10,7,218,678.5430886289716
MULTI_BOUND_G,10,7,219,696.2252872211149
MULTI_BOUND_G,10,7,220,329.7047131919251
MULTI_BOUND_G,10,7,221,495.12436194017386
MULTI_BOUND_G,10,7,222,508.4896281722537
MULTI_BOUND_G,10,7,223,503.26298199298094
MULTI_BOUND_G,10,7,224,514.775727278243
MULTI_BOUND_G,10,7,225,520.9942600629909
MULTI_BOUND_G,10,7,226,529.4471101424278
MULTI_BOUND_G,10,7,227,540.9842193035006
MULTI_BOUND_G,10,7,228,549.1301611165406
MULTI_BOUND_G,10,7,229,523.7111785011493
MULTI_BOUND_G,10,7,230,526.8358386194752
MULTI_BOUND_G,10,7,231,529.802430800989
MULTI_BOUND_G,10,7,232,536.2782642773238
MULTI_BOUND_G,10,7,233,559.5632929129937
MULTI_BOUND_G,10,7,234,556.7614833765117
MULTI_BOUND_G,10,7,235,576.6186998365051
MULTI_BOUND_G,10,7,236,568.0979287937264
MULTI_BOUND_G,10,7,237,493.9479917024719
MULTI_BOUND_G,10,7,238,503.15469230726404
MULTI_BOUND_G,10,7,239,520.0759809316351
MULTI_BOUND_G,10,7,240,549.0490400885376
MULTI_BOUND_G,10,7,241,551.6722579483501
MULTI_BOUND_G,10,7,242,558.0843840609083
MULTI_BOUND_G,10,7,243,559.2821957792386
MULTI_BOUND_G,10,7,244,568.5168558326568
MULTI_BOUND_G,10,7,245,554.911798354803
MULTI_BOUND_G,10,7,246,566.671044270094
MULTI_BOUND_G,10,7,247,562.4472479080351
MULTI_BOUND_G,10,7,248,561.7299148104919
MULTI_BOUND_G,10,7,249,583.6148247058219
MULTI_BOUND_G,10,7,250,586.4707601617456
MULTI_BOUND_G,10,7,251,586.919444562822
MULTI_BOUND_G,10,7,252,600.4053025768125
MULTI_BOUND_G,10,7,253,554.7317719359726
MULTI_BOUND_G,10,7,254,561.6198245291706
MULTI_BOUND_G,10,7,255,565.4190353217002
MULTI_BOUND_G,10,7,256,578.216848607764
MULTI_BOUND_G,10,7,257,582.3509988232573
MULTI_BOUND_G,10,7,258,582.8277103809469
MULTI_BOUND_G,10,7,259,602.2364252967047
MULTI_BOUND_G,10,7,260,607.8271501931277
MULTI_BOUND_G,10,7,261,561.6831211248058
MULTI_BOUND_G,10,7,262,567.3025699913844
MULTI_BOUND_G,10,7,263,578.5613243710179
MULTI_BOUND_G,10,7,264,588.3100731139168
MULTI_BOUND_G,10,7,265,605.9395129850586
MULTI_BOUND_G,10,7,266,609.7332346717831
MULTI_BOUND_G,10,7,267,624.6473350447395
MULTI_BOUND_G,10,7,268,630.7224744969806
MULTI_BOUND_G,10,7,269,583.0741106161943
MULTI_BOUND_G,10,7,270,590.6421296610719
MULTI_BOUND_G,10,7,271,588.7859349716841
MULTI_BOUND_G,10,7,272,592.1408936099187
MULTI_BOUND_G,10,7,273,605.4122737644038
MULTI_BOUND_G,10,7,274,610.3177802059763
MULTI_BOUND_G,10,7,275,610.0452663277993
MULTI_BOUND_G,10,7,276,612.218190855038
MULTI_BOUND_G,10,7,277,593.4537115985293
MULTI_BOUND_G,10,7,278,614.5014292682761
MULTI_BOUND_G,10,7,279,625.7991398079058
MULTI_BOUND_G,10,7,280,627.0638207303896
MULTI_BOUND_G,10,7,281,622.2822911680651
MULTI_BOUND_G,10,7,282,645.283676965191
MULTI_BOUND_G,10,7,283,641.6489910134342
MULTI_BOUND_G,10,7,284,660.3593799761735
MULTI_BOUND_G,10,7,285,590.9285202020333
MULTI_BOUND_G,10,7,286,603.0761388288622
MULTI_BOUND_G,10,7,287,612.3056197204808
MULTI_BOUND_G,10,7,288,617.0353149313664
MULTI_BOUND_G,10,7,289,655.4517041746083
MULTI_BOUND_G,10,7,290,657.9480105911742
MULTI_BOUND_G,10,7,291,652.1905248734578
MULTI_BOUND_G,10,7,292,658.6449847139545
MULTI_BOUND_G,10,7,293,497.0474116223131
MULTI_BOUND_G,10,7,294,501.30147644610395
MULTI_BOUND_G,10,7,295,504.2544929922991
MULTI_BOUND_G,10,7,296,524.7773849378348
MULTI_BOUND_G,10,7,297,539.0863548091625
MULTI_BOUND_G,10,7,298,544.2049662517325
MULTI_BOUND_G,10,7,299,533.3120208185674
MULTI_BOUND_G,10,7,300,537.2214005132589
MULTI_BOUND_G,10,7,301,506.97014522618156
MULTI_BOUND_G,10,7,302,517.9632370678752
MULTI_BOUND_G,10,7,303,512.7365908886026
MULTI_BOUND_G,10,7,304,525.1786091798674
MULTI_BOUND_G,10,7,305,548.1722648398371
MULTI_BOUND_G,10,7,306,567.5686076069317
MULTI_BOUND_G,10,7,307,567.8417401786312
MULTI_BOUND_G,10,7,308,570.020537903483
MULTI_BOUND_G,10,7,309,557.4883779648072
MULTI_BOUND_G,10,7,310,556.9342559133621
MULTI_BOUND_G,10,7,311,555.0780612239746
MULTI_BOUND_G,10,7,312,573.5832681079644
MULTI_BOUND_G,10,7,313,574.0765744070802
MULTI_BOUND_G,10,7,314,577.5391794642694
MULTI_BOUND_G,10,7,315,601.6843174273733
MULTI_BOUND_G,10,7,316,621.8403917751987
MULTI_BOUND_G,10,7,317,565.6682584674272
MULTI_BOUND_G,10,7,318,578.5913162980252
MULTI_BOUND_G,10,7,319,598.8967511147301
MULTI_BOUND_G,10,7,320,598.1200930014768
MULTI_BOUND_G,10,7,321,609.9035891496524
MULTI_BOUND_G,10,7,322,604.1802884134638
MULTI_BOUND_G,10,7,323,621.2828678972435
MULTI_BOUND_G,10,7,324,620.8234910367203
MULTI_BOUND_G,10,7,325,598.8088895254522
MULTI_BOUND_G,10,7,326,601.4763634336565
MULTI_BOUND_G,10,7,327,605.8765959475973
MULTI_BOUND_G,10,7,328,596.5352339740543
MULTI_BOUND_G,10,7,329,619.3494168753873
MULTI_BOUND_G,10,7,330,630.9763095281722
MULTI_BOUND_G,10,7,331,661.2965649910064
MULTI_BOUND_G,10,7,332,664.0408916063225
MULTI_BOUND_G,10,7,333,604.4589841419895
MULTI_BOUND_G,10,7,334,603.2248956388648
MULTI_BOUND_G,10,7,335,607.0241064313944
MULTI_BOUND_G,10,7,336,622.1940941078442
MULTI_BOUND_G,10,7,337,624.8853429389544
MULTI_BOUND_G,10,7,338,653.0794665728681
MULTI_BOUND_G,10,7,339,666.5430007106315
MULTI_BOUND_G,10,7,340,669.3144785965849
MULTI_BOUND_G,10,7,341,593.4747251692684
MULTI_BOUND_G,10,7,342,606.2870421261669
MULTI_BOUND_G,10,7,343,636.283183560186
MULTI_BOUND_G,10,7,344,646.0398141899873
MULTI_BOUND_G,10,7,345,635.4804696298932
MULTI_BOUND_G,10,7,346,649.8471115120304
MULTI_BOUND_G,10,7,347,657.8818404735853
MULTI_BOUND_G,10,7,348,661.5848055354402
MULTI_BOUND_G,10,7,349,612.0752496747897
MULTI_BOUND_G,10,7,350,625.9300992542169
MULTI_BOUND_G,10,7,351,636.2985367878435
MULTI_BOUND_G,10,7,352,632.781688148003
MULTI_BOUND_G,10,7,353,665.0346197469166
MULTI_BOUND_G,10,7,354,669.2591674011815
MULTI_BOUND_G,10,7,355,680.0967471225804
MULTI_BOUND_G,10,7,356,670.7756114355589
MULTI_BOUND_G,10,7,357,622.1283777547519
MULTI_BOUND_G,10,7,358,641.0857507330055
MULTI_BOUND_G,10,7,359,664.0335651469966
MULTI_BOUND_G,10,7,360,662.313787647737
MULTI_BOUND_G,10,7,361,687.711349372815
MULTI_BOUND_G,10,7,362,697.0734515654638
MULTI_BOUND_G,10,7,363,682.0779956812784
MULTI_BOUND_G,10,7,364,697.7840013235627
MULTI_BOUND_G,10,7,365,614.4437385956064
MULTI_BOUND_G,10,7,366,609.2170924163338
MULTI_BOUND_G,10,7,367,621.6591107075988
MULTI_BOUND_G,10,7,368,626.9483704863437
MULTI_BOUND_G,10,7,369,644.6527663675683
MULTI_BOUND_G,10,7,370,664.0491091346629
MULTI_BOUND_G,10,7,371,664.3222417063625
MULTI_BOUND_G,10,7,372,666.5010394312142
MULTI_BOUND_G,10,7,373,654.0367496991228
MULTI_BOUND_G,10,7,374,658.2908145229135
MULTI_BOUND_G,10,7,375,661.2438310691086
MULTI_BOUND_G,10,7,376,658.4816943789745
MULTI_BOUND_G,10,7,377,681.7667230146443
MULTI_BOUND_G,10,7,378,696.075692885972
MULTI_BOUND_G,10,7,379,322.2120710915251
MULTI_BOUND_G,10,7,380,644.7866996084642
MULTI_BOUND_G,10,7,381,657.5990165653628
MULTI_BOUND_G,10,7,382,660.7356298486736
MULTI_BOUND_G,10,7,383,687.5951579993821
MULTI_BOUND_G,10,7,384,697.3517886291834
MULTI_BOUND_G,10,7,385,686.792444069089
MULTI_BOUND_G,10,7,386,701.1590859512264
MULTI_BOUND_G,10,7,387,332.58050862515177
MULTI_BOUND_G,10,7,388,641.786550695422
MULTI_BOUND_G,10,7,389,658.1861193905339
MULTI_BOUND_G,10,7,390,684.0960463263917
MULTI_BOUND_G,10,7,391,684.6130127984954
MULTI_BOUND_G,10,7,392,705.1962962419536
MULTI_BOUND_G,10,7,393,333.84518954763564
MULTI_BOUND_G,10,7,394,645.5417113707697
MULTI_BOUND_G,10,7,395,664.4990843490233
MULTI_BOUND_G,10,7,396,665.3145062823653
MULTI_BOUND_G,10,7,397,687.4468987630144
MULTI_BOUND_G,10,7,398,681.4834967859006
MULTI_BOUND_G,10,7,399,329.0636599853111
MULTI_BOUND_G,10,7,400,361.31659158422485
MULTI_BOUND_G,10,7,401,365.54113923848973
MULTI_BOUND_G,10,7,402,376.37871895988854
MULTI_BOUND_G,10,7,403,367.05758327286696
MULTI_BOUND_G,10,7,404,652.890577790657
MULTI_BOUND_G,10,7,405,657.1446426144478
MULTI_BOUND_G,10,7,406,660.0976591606429
MULTI_BOUND_G,10,7,407,657.3355224705087
MULTI_BOUND_G,10,7,408,694.9295209775062
MULTI_BOUND_G,10,7,409,700.0481324200762
MULTI_BOUND_G,10,7,410,689.1551869869111
MULTI_BOUND_G,10,7,411,321.6389851372922
MULTI_BOUND_G,10,7,412,655.6388079180983
MULTI_BOUND_G,10,7,413,661.4052535805192
MULTI_BOUND_G,10,7,414,673.8472718717842
MULTI_BOUND_G,10,7,415,679.1365316505292
MULTI_BOUND_G,10,7,416,696.840927531754
MULTI_BOUND_G,10,7,417,334.45130209419074
MULTI_BOUND_G,10,7,418,649.2720023551535
MULTI_BOUND_G,10,7,419,665.6715710502655
MULTI_BOUND_G,10,7,420,691.5814979861233
MULTI_BOUND_G,10,7,421,337.5879153775014
MULTI_BOUND_G,10,7,422,364.4474435282099
MULTI_BOUND_G,10,7,423,374.2040741580111
MULTI_BOUND_G,10,7,424,363.644729597917
MULTI_BOUND_G,10,7,425,378.0113714800543
MULTI_BOUND_G,10,7,426,386.04610044160904
MULTI_BOUND_G,10,7,427,389.74906550346395
MULTI_BOUND_G,10,7,428,673.0136365626486
MULTI_BOUND_G,10,7,429,684.0067284043422
MULTI_BOUND_G,10,7,430,678.7800822250695
MULTI_BOUND_G,10,7,431,691.2221005163344
MULTI_BOUND_G,10,7,432,696.5113602950794
MULTI_BOUND_G,10,7,433,343.13871641646585
MULTI_BOUND_G,10,7,434,671.2380630075008
MULTI_BOUND_G,10,7,435,684.0503799643994
MULTI_BOUND_G,10,7,436,687.1869932477102
MULTI_BOUND_G,10,7,437,345.80619032467007
MULTI_BOUND_G,10,7,438,691.499080323471
MULTI_BOUND_G,10,7,439,350.2064228386108
MULTI_BOUND_G,10,7,440,669.1445131302835
MULTI_BOUND_G,10,7,441,688.1018861085371
MULTI_BOUND_G,10,7,442,689.2092259038329
MULTI_BOUND_G,10,7,443,340.865060865068
MULTI_BOUND_G,10,7,444,363.67924376640093
MULTI_BOUND_G,10,7,445,365.6059062163217
MULTI_BOUND_G,10,7,446,375.3061364191859
MULTI_BOUND_G,10,7,447,405.62639188202013
MULTI_BOUND_G,10,7,448,408.3707184973361
MULTI_BOUND_G,10,7,449,680.9829521191004
MULTI_BOUND_G,10,7,450,691.9760439607941
MULTI_BOUND_G,10,7,451,686.0675443128212
MULTI_BOUND_G,10,7,452,699.1914160727863
MULTI_BOUND_G,10,7,453,347.1233741946918
MULTI_BOUND_G,10,7,454,671.404253741295
MULTI_BOUND_G,10,7,455,684.2165706981936
MULTI_BOUND_G,10,7,456,687.3531839815041
MULTI_BOUND_G,10,7,457,345.8892856915671
MULTI_BOUND_G,10,7,458,688.1550913057413
MULTI_BOUND_G,10,7,459,349.68849648409673
MULTI_BOUND_G,10,7,460,364.8584841605466
MULTI_BOUND_G,10,7,461,367.54973299165675
MULTI_BOUND_G,10,7,462,367.0971715433433
MULTI_BOUND_G,10,7,463,395.74385662557023
MULTI_BOUND_G,10,7,464,409.2073907633338
MULTI_BOUND_G,10,7,465,411.9788686492872
MULTI_BOUND_G,10,7,466,699.8027398649234
MULTI_BOUND_G,10,7,467,704.0568046887142
MULTI_BOUND_G,10,7,468,345.0950661744254
MULTI_BOUND_G,10,7,469,364.05243915267886
MULTI_BOUND_G,10,7,470,365.1597789479747
MULTI_BOUND_G,10,7,471,387.0002535666699
MULTI_BOUND_G,10,7,472,385.2804760674104
MULTI_BOUND_G,10,7,473,410.67803779248834
MULTI_BOUND_G,10,7,474,420.0401399851372
MULTI_BOUND_G,10,7,475,405.0446841009517
MULTI_BOUND_G,10,7,476,420.7506897432362
MULTI_BOUND_G,10,7,477,357.59860069629246
MULTI_BOUND_G,10,7,478,368.5916925379861
MULTI_BOUND_G,10,7,479,363.36504635871347
MULTI_BOUND_G,10,7,480,381.0963244287232
MULTI_BOUND_G,10,7,481,398.800720309948
MULTI_BOUND_G,10,7,482,418.19706307704257
MULTI_BOUND_G,10,7,483,418.47019564874216
MULTI_BOUND_G,10,7,484,420.6489933735939
MULTI_BOUND_G,10,7,485,364.30162856658
MULTI_BOUND_G,10,7,486,363.06754006345534
MULTI_BOUND_G,10,7,487,366.86675085598495
MULTI_BOUND_G,10,7,488,382.0367385324348
MULTI_BOUND_G,10,7,489,384.2754259152315
MULTI_BOUND_G,10,7,490,412.92211099745845
MULTI_BOUND_G,10,7,491,426.38564513522203
MULTI_BOUND_G,10,7,492,429.15712302117544
MULTI_BOUND_G,10,7,493,369.8311540326955
MULTI_BOUND_G,10,7,494,372.4986279408997
MULTI_BOUND_G,10,7,495,376.8988604548405
MULTI_BOUND_G,10,7,496,367.55749848129767
MULTI_BOUND_G,10,7,497,392.2983438325514
MULTI_BOUND_G,10,7,498,401.9985740354156
MULTI_BOUND_G,10,7,499,432.3188294982498
MULTI_BOUND_G,10,7,500,435.06315611356575
MULTI_BOUND_G,10,7,501,370.24802662154167
MULTI_BOUND_G,10,7,502,396.15795355739954
MULTI_BOUND_G,10,7,503,396.6749200295032
MULTI_BOUND_G,10,7,504,417.2582034729614
MULTI_BOUND_G,10,7,505,419.89499696809264
MULTI_BOUND_G,10,7,506,417.0555772788631
MULTI_BOUND_G,10,7,507,420.6255633875795
MULTI_BOUND_G,10,7,508,427.4880490506115
MULTI_BOUND_G,10,7,509,418.7603429126781
MULTI_BOUND_G,10,7,510,421.89695619598876
MULTI_BOUND_G,10,7,511,448.7564843466972
MULTI_BOUND_G,10,7,512,458.51311497649846
MULTI_BOUND_G,10,7,513,447.9537704164043
MULTI_BOUND_G,10,7,514,462.32041229854167
MULTI_BOUND_G,10,7,515,470.35514126009645
MULTI_BOUND_G,10,7,516,474.0581063219513
MULTI_BOUND_G,10,7,517,440.37486593690096
MULTI_BOUND_G,10,7,518,439.82074388545584
MULTI_BOUND_G,10,7,519,437.9645491960682
MULTI_BOUND_G,10,7,520,456.4697560800581
MULTI_BOUND_G,10,7,521,456.963062379174
MULTI_BOUND_G,10,7,522,459.2238805521832
MULTI_BOUND_G,10,7,523,484.570805399467
MULTI_BOUND_G,10,7,524,504.72687974729234
MULTI_BOUND_G,10,7,525,456.26374087166323
MULTI_BOUND_G,10,7,526,480.4870279847171
MULTI_BOUND_G,10,7,527,481.7517089072009
MULTI_BOUND_G,10,7,528,476.97017934487644
MULTI_BOUND_G,10,7,529,509.22311094379006
MULTI_BOUND_G,10,7,530,513.447658598055
MULTI_BOUND_G,10,7,531,524.2852383194538
MULTI_BOUND_G,10,7,532,514.9641026324323
MULTI_BOUND_G,10,7,533,449.7633797374849
MULTI_BOUND_G,10,7,534,450.87071953278075
MULTI_BOUND_G,10,7,535,472.711194151476
MULTI_BOUND_G,10,7,536,470.99141665221646
MULTI_BOUND_G,10,7,537,496.38897837729445
MULTI_BOUND_G,10,7,538,505.7510805699433
MULTI_BOUND_G,10,7,539,490.75562468575777
MULTI_BOUND_G,10,7,540,506.46163032804225
MULTI_BOUND_G,10,7,541,443.7909049035064
MULTI_BOUND_G,10,7,542,456.92342625356963
MULTI_BOUND_G,10,7,543,477.01939755080934
MULTI_BOUND_G,10,7,544,476.24273943755605
MULTI_BOUND_G,10,7,545,488.02623558573157
MULTI_BOUND_G,10,7,546,482.302934849543
MULTI_BOUND_G,10,7,547,499.40551433332274
MULTI_BOUND_G,10,7,548,498.94613747279953
MULTI_BOUND_G,10,7,549,467.937034607733
MULTI_BOUND_G,10,7,550,478.3054721413597
MULTI_BOUND_G,10,7,551,479.5701530638435
MULTI_BOUND_G,10,7,552,474.7886235015191
MULTI_BOUND_G,10,7,553,507.0415551004327
MULTI_BOUND_G,10,7,554,511.2661027546976
MULTI_BOUND_G,10,7,555,522.1036824760965
MULTI_BOUND_G,10,7,556,512.7825467890748
MULTI_BOUND_G,10,7,557,464.6078164236046
MULTI_BOUND_G,10,7,558,480.55674666381384
MULTI_BOUND_G,10,7,559,507.41627481452235
MULTI_BOUND_G,10,7,560,517.1729054443235
MULTI_BOUND_G,10,7,561,506.61356088422934
MULTI_BOUND_G,10,7,562,520.9802027663667
MULTI_BOUND_G,10,7,563,529.0149317279215
MULTI_BOUND_G,10,7,564,532.7178967897764
MULTI_BOUND_G,10,7,565,461.9432331070461
MULTI_BOUND_G,10,7,566,482.0079458805955
MULTI_BOUND_G,10,7,567,503.8484204992907
MULTI_BOUND_G,10,7,568,502.1286430000311
MULTI_BOUND_G,10,7,569,527.526204725109
MULTI_BOUND_G,10,7,570,536.888306917758
MULTI_BOUND_G,10,7,571,521.8928510335724
MULTI_BOUND_G,10,7,572,537.5988566758568
MULTI_BOUND_G,10,7,573,513.2795506292917
MULTI_BOUND_G,10,7,574,516.232567175487
MULTI_BOUND_G,10,7,575,513.4704304853528
MULTI_BOUND_G,10,7,576,536.7554591210226
MULTI_BOUND_G,10,7,577,551.0644289923503
MULTI_BOUND_G,10,7,578,556.1830404349203
MULTI_BOUND_G,10,7,579,545.2900950017552
MULTI_BOUND_G,10,7,580,549.1994746964467
MULTI_BOUND_G,10,7,581,484.0875694470688
MULTI_BOUND_G,10,7,582,526.3970650780386
MULTI_BOUND_G,10,7,583,526.9140315501425
MULTI_BOUND_G,10,7,584,547.4973149936006
MULTI_BOUND_G,10,7,585,550.1341084887317
MULTI_BOUND_G,10,7,586,547.2946887995023
MULTI_BOUND_G,10,7,587,550.8646749082187
MULTI_BOUND_G,10,7,588,557.7271605712508
MULTI_BOUND_G,10,7,589,529.0972030586661
MULTI_BOUND_G,10,7,590,532.8964138511957
MULTI_BOUND_G,10,7,591,548.0664015276456
MULTI_BOUND_G,10,7,592,550.7576503587557
MULTI_BOUND_G,10,7,593,550.3050889104422
MULTI_BOUND_G,10,7,594,578.9517739926694
MULTI_BOUND_G,10,7,595,592.4153081304328
MULTI_BOUND_G,10,7,596,595.1867860163861
MULTI_BOUND_G,10,7,597,569.0733356887387
MULTI_BOUND_G,10,7,598,567.2171409993512
MULTI_BOUND_G,10,7,599,585.722347883341
MULTI_BOUND_G,10,7,600,586.2156541824568
MULTI_BOUND_G,10,7,601,589.678259239646
MULTI_BOUND_G,10,7,602,588.4764723554661
MULTI_BOUND_G,10,7,603,613.8233972027499
MULTI_BOUND_G,10,7,604,633.9794715505752
MULTI_BOUND_G,10,7,605,571.9612085213083
MULTI_BOUND_G,10,7,606,576.3614410352491
MULTI_BOUND_G,10,7,607,567.0200790617062
MULTI_BOUND_G,10,7,608,589.8342619630391
MULTI_BOUND_G,10,7,609,591.7609244129599
MULTI_BOUND_G,10,7,610,601.461154615824
MULTI_BOUND_G,10,7,611,631.7814100786582
MULTI_BOUND_G,10,7,612,634.5257366939743
MULTI_BOUND_G,10,7,613,594.6003237222969
MULTI_BOUND_G,10,7,614,594.8097872417623
MULTI_BOUND_G,10,7,615,614.9057585390019
MULTI_BOUND_G,10,7,616,614.1291004257487
MULTI_BOUND_G,10,7,617,625.9125965739241
MULTI_BOUND_G,10,7,618,620.1892958377355
MULTI_BOUND_G,10,7,619,637.2918753215151
MULTI_BOUND_G,10,7,620,636.8324984609922
MULTI_BOUND_G,10,7,621,517.4416024927843
MULTI_BOUND_G,10,7,622,528.4346943344781
MULTI_BOUND_G,10,7,623,523.2080481552055
MULTI_BOUND_G,10,7,624,535.6500664464702
MULTI_BOUND_G,10,7,625,540.9393262252152
MULTI_BOUND_G,10,7,626,558.64372210644
MULTI_BOUND_G,10,7,627,578.313197445234
MULTI_BOUND_G,10,7,628,580.4919951700858
MULTI_BOUND_G,10,7,629,509.222837018338
MULTI_BOUND_G,10,7,630,522.0351539752365
MULTI_BOUND_G,10,7,631,525.1717672585471
MULTI_BOUND_G,10,7,632,561.7879260390569
MULTI_BOUND_G,10,7,633,551.2285814789627
MULTI_BOUND_G,10,7,634,565.5952233611001
MULTI_BOUND_G,10,7,635,573.6299523226548
MULTI_BOUND_G,10,7,636,577.3329173845098
MULTI_BOUND_G,10,7,637,513.2991566815494
MULTI_BOUND_G,10,7,638,532.2565296598029
MULTI_BOUND_G,10,7,639,533.3638694550989
MULTI_BOUND_G,10,7,640,553.4845665745345
MULTI_BOUND_G,10,7,641,578.8821282996125
MULTI_BOUND_G,10,7,642,588.2442304922613
MULTI_BOUND_G,10,7,643,573.2487746080758
MULTI_BOUND_G,10,7,644,588.9547802503603
MULTI_BOUND_G,10,7,645,547.8262810018048
MULTI_BOUND_G,10,7,646,546.5921924986801
MULTI_BOUND_G,10,7,647,550.3914032912097
MULTI_BOUND_G,10,7,648,565.5613909676596
MULTI_BOUND_G,10,7,649,568.2526397987697
MULTI_BOUND_G,10,7,650,567.8000783504563
MULTI_BOUND_G,10,7,651,596.4467634326834
MULTI_BOUND_G,10,7,652,612.6817754564001
MULTI_BOUND_G,10,7,653,554.9680262938629
MULTI_BOUND_G,10,7,654,568.8228758732901
MULTI_BOUND_G,10,7,655,579.1913134069167
MULTI_BOUND_G,10,7,656,580.4559943294005
MULTI_BOUND_G,10,7,657,575.6744647670762
MULTI_BOUND_G,10,7,658,607.9273963659897
MULTI_BOUND_G,10,7,659,622.9895237416536
MULTI_BOUND_G,10,7,660,613.6683880546318
MULTI_BOUND_G,10,7,661,580.4196092780645
MULTI_BOUND_G,10,7,662,584.6736741018553
MULTI_BOUND_G,10,7,663,587.6266906480505
MULTI_BOUND_G,10,7,664,584.8645539579163
MULTI_BOUND_G,10,7,665,608.1495825935862
MULTI_BOUND_G,10,7,666,627.5771639074837
MULTI_BOUND_G,10,7,667,616.6842184743186
MULTI_BOUND_G,10,7,668,620.5935981690102
MULTI_BOUND_G,10,7,669,542.4995995937825
MULTI_BOUND_G,10,7,670,558.8991682888945
MULTI_BOUND_G,10,7,671,585.3260616968562
MULTI_BOUND_G,10,7,672,605.9093451403144
MULTI_BOUND_G,10,7,673,608.5461386354455
MULTI_BOUND_G,10,7,674,605.706718946216
MULTI_BOUND_G,10,7,675,609.2767050549323
MULTI_BOUND_G,10,7,676,616.1391907179645
MULTI_BOUND_G,10,7,677,603.6518720143476
MULTI_BOUND_G,10,7,678,606.3193459225519
MULTI_BOUND_G,10,7,679,610.7195784364926
MULTI_BOUND_G,10,7,680,601.3782164629499
MULTI_BOUND_G,10,7,681,624.1923993642827
MULTI_BOUND_G,10,7,682,626.1190618142036
MULTI_BOUND_G,10,7,683,635.8192920170677
MULTI_BOUND_G,10,7,684,668.8838740952178
MULTI_BOUND_G,10,7,685,651.9899565388896
MULTI_BOUND_G,10,7,686,664.9130143694877
MULTI_BOUND_G,10,7,687,665.122477888953
MULTI_BOUND_G,10,7,688,671.2824190326165
MULTI_BOUND_G,10,7,689,678.5430886289716
MULTI_BOUND_G,10,7,690,696.2252872211149
MULTI_BOUND_G,10,7,691,329.7047131919251
MULTI_BOUND_G,10,7,692,495.12436194017386
MULTI_BOUND_G,10,7,693,508.4896281722537
MULTI_BOUND_G,10,7,694,503.26298199298094
MULTI_BOUND_G,10,7,695,514.775727278243
MULTI_BOUND_G,10,7,696,520.9942600629909
MULTI_BOUND_G,10,7,697,529.4471101424278
MULTI_BOUND_G,10,7,698,540.9842193035006
MULTI_BOUND_G,10,7,699,549.1301611165406
MULTI_BOUND_G,10,7,700,523.7111785011493
MULTI_BOUND_G,10,7,701,526.8358386194752
MULTI_BOUND_G,10,7,702,529.802430800989
MULTI_BOUND_G,10,7,703,536.2782642773238
MULTI_BOUND_G,10,7,704,559.5632929129937
MULTI_BOUND_G,10,7,705,556.7614833765117
MULTI_BOUND_G,10,7,706,576.6186998365051
MULTI_BOUND_G,10,7,707,568.0979287937264
MULTI_BOUND_G,10,7,708,493.9479917024719
MULTI_BOUND_G,10,7,709,503.15469230726404
MULTI_BOUND_G,10,7,710,520.0759809316351
MULTI_BOUND_G,10,7,711,549.0490400885376
MULTI_BOUND_G,10,7,712,551.6722579483501
MULTI_BOUND_G,10,7,713,558.0843840609083
MULTI_BOUND_G,10,7,714,559.2821957792386
MULTI_BOUND_G,10,7,715,568.5168558326568
MULTI_BOUND_G,10,7,716,554.911798354803
MULTI_BOUND_G,10,7,717,566.671044270094
MULTI_BOUND_G,10,7,718,562.4472479080351
MULTI_BOUND_G,10,7,719,561.7299148104919
MULTI_BOUND_G,10,7,720,583.6148247058219
MULTI_BOUND_G,10,7,721,586.4707601617456
MULTI_BOUND_G,10,7,722,586.919444562822
MULTI_BOUND_G,10,7,723,600.4053025768125
MULTI_BOUND_G,10,7,724,554.7317719359726
MULTI_BOUND_G,10,7,725,561.6198245291706
MULTI_BOUND_G,10,7,726,565.4190353217002
MULTI_BOUND_G,10,7,727,578.216848607764
MULTI_BOUND_G,10,7,728,582.3509988232573
MULTI_BOUND_G,10,7,729,582.8277103809469
MULTI_BOUND_G,10,7,730,602.2364252967047
MULTI_BOUND_G,10,7,731,607.8271501931277
MULTI_BOUND_G,10,7,732,561.6831211248058
MULTI_BOUND_G,10,7,733,567.3025699913844
MULTI_BOUND_G,10,7,734,578.5613243710179
MULTI_BOUND_G,10,7,735,588.3100731139168
MULTI_BOUND_G,10,7,736,605.9395129850586
MULTI_BOUND_G,10,7,737,609.7332346717831
MULTI_BOUND_G,10,7,738,624.6473350447395
MULTI_BOUND_G,10,7,739,630.7224744969806
MULTI_BOUND_G,10,7,740,583.0741106161943
MULTI_BOUND_G,10,7,741,590.6421296610719
MULTI_BOUND_G,10,7,742,588.7859349716841
MULTI_BOUND_G,10,7,743,592.1408936099187
MULTI_BOUND_G,10,7,744,605.4122737644038
MULTI_BOUND_G,10,7,745,610.3177802059763
MULTI_BOUND_G,10,7,746,610.0452663277993
MULTI_BOUND_G,10,7,747,612.218190855038
MULTI_BOUND_G,10,7,748,593.4537115985293
MULTI_BOUND_G,10,7,749,614.5014292682761
MULTI_BOUND_G,10,7,750,625.7991398079058
MULTI_BOUND_G,10,7,751,627.0638207303896
MULTI_BOUND_G,10,7,752,622.2822911680651
MULTI_BOUND_G,10,7,753,645.283676965191
MULTI_BOUND_G,10,7,754,641.6489910134342
MULTI_BOUND_G,10,7,755,660.3593799761735
MULTI_BOUND_G,10,7,756,590.9285202020333
MULTI_BOUND_G,10,7,757,603.0761388288622
MULTI_BOUND_G,10,7,758,612.3056197204808
MULTI_BOUND_G,10,7,759,617.0353149313664
MULTI_BOUND_G,10,7,760,655.4517041746083
MULTI_BOUND_G,10,7,761,657.9480105911742
MULTI_BOUND_G,10,7,762,652.1905248734578
MULTI_BOUND_G,10,7,763,658.6449847139545
MULTI_BOUND_G,10,7,764,497.0474116223131
MULTI_BOUND_G,10,7,765,501.30147644610395
MULTI_BOUND_G,10,7,766,504.2544929922991
MULTI_BOUND_G,10,7,767,524.7773849378348
MULTI_BOUND_G,10,7,768,539.0863548091625
MULTI_BOUND_G,10,7,769,544.2049662517325
MULTI_BOUND_G,10,7,770,533.3120208185674
MULTI_BOUND_G,10,7,771,537.2214005132589
MULTI_BOUND_G,10,7,772,506.97014522618156
MULTI_BOUND_G,10,7,773,517.9632370678752
MULTI_BOUND_G,10,7,774,512.7365908886026
MULTI_BOUND_G,10,7,775,525.1786091798674
MULTI_BOUND_G,10,7,776,548.1722648398371
MULTI_BOUND_G,10,7,777,567.5686076069317
MULTI_BOUND_G,10,7,778,567.8417401786312
MULTI_BOUND_G,10,7,779,570.020537903483
MULTI_BOUND_G,10,7,780,557.4883779648072
MULTI_BOUND_G,10,7,781,556.9342559133621
MULTI_BOUND_G,10,7,782,555.0780612239746
MULTI_BOUND_G,10,7,783,573.5832681079644
MULTI_BOUND_G,10,7,784,574.0765744070802
MULTI_BOUND_G,10,7,785,577.5391794642694
MULTI_BOUND_G,10,7,786,601.6843174273733
MULTI_BOUND_G,10,7,787,621.8403917751987
MULTI_BOUND_G,10,7,788,565.6682584674272
MULTI_BOUND_G,10,7,789,578.5913162980252
MULTI_BOUND_G,10,7,790,598.8967511147301
MULTI_BOUND_G,10,7,791,598.1200930014768
MULTI_BOUND_G,10,7,792,609.9035891496524
MULTI_BOUND_G,10,7,793,604.1802884134638
MULTI_BOUND_G,10,7,794,621.2828678972435
MULTI_BOUND_G,10,7,795,620.8234910367203
MULTI_BOUND_G,10,7,796,598.8088895254522
MULTI_BOUND_G,10,7,797,601.4763634336565
MULTI_BOUND_G,10,7,798,605.8765959475973
MULTI_BOUND_G,10,7,799,596.5352339740543
MULTI_BOUND_G,10,7,800,619.3494168753873
MULTI_BOUND_G,10,7,801,630.9763095281722
MULTI_BOUND_G,10,7,802,661.2965649910064
MULTI_BOUND_G,10,7,803,664.0408916063225
MULTI_BOUND_G,10,7,804,604.4589841419895
MULTI_BOUND_G,10,7,805,603.2248956388648
MULTI_BOUND_G,10,7,806,607.0241064313944
MULTI_BOUND_G,10,7,807,622.1940941078442
MULTI_BOUND_G,10,7,808,624.8853429389544
MULTI_BOUND_G,10,7,809,653.0794665728681
MULTI_BOUND_G,10,7,810,666.5430007106315
MULTI_BOUND_G,10,7,811,669.3144785965849
MULTI_BOUND_G,10,7,812,593.4747251692684
MULTI_BOUND_G,10,7,813,606.2870421261669
MULTI_BOUND_G,10,7,814,636.283183560186
MULTI_BOUND_G,10,7,815,646.0398141899873
MULTI_BOUND_G,10,7,816,635.4804696298932
MULTI_BOUND_G,10,7,817,649.8471115120304
MULTI_BOUND_G,10,7,818,657.8818404735853
MULTI_BOUND_G,10,7,819,661.5848055354402
MULTI_BOUND_G,10,7,820,612.0752496747897
MULTI_BOUND_G,10,7,821,625.9300992542169
MULTI_BOUND_G,10,7,822,636.2985367878435
MULTI_BOUND_G,10,7,823,632.781688148003
MULTI_BOUND_G,10,7,824,665.0346197469166
MULTI_BOUND_G,10,7,825,669.2591674011815
MULTI_BOUND_G,10,7,826,680.0967471225804
MULTI_BOUND_G,10,7,827,670.7756114355589
MULTI_BOUND_G,10,7,828,622.1283777547519
MULTI_BOUND_G,10,7,829,641.0857507330055
MULTI_BOUND_G,10,7,830,664.0335651469966
MULTI_BOUND_G,10,7,831,662.313787647737
MULTI_BOUND_G,10,7,832,687.711349372815
MULTI_BOUND_G,10,7,833,697.0734515654638
MULTI_BOUND_G,10,7,834,682.0779956812784
MULTI_BOUND_G,10,7,835,697.7840013235627
MULTI_BOUND_G,10,7,836,614.4437385956064
MULTI_BOUND_G,10,7,837,609.2170924163338
MULTI_BOUND_G,10,7,838,621.6591107075988
MULTI_BOUND_G,10,7,839,626.9483704863437
MULTI_BOUND_G,10,7,840,644.6527663675683
MULTI_BOUND_G,10,7,841,664.0491091346629
MULTI_BOUND_G,10,7,842,664.3222417063625
MULTI_BOUND_G,10,7,843,666.5010394312142
MULTI_BOUND_G,10,7,844,654.0367496991228
MULTI_BOUND_G,10,7,845,658.2908145229135
MULTI_BOUND_G,10,7,846,661.2438310691086
MULTI_BOUND_G,10,7,847,658.4816943789745
MULTI_BOUND_G,10,7,848,681.7667230146443
MULTI_BOUND_G,10,7,849,696.075692885972
MULTI_BOUND_G,10,7,850,322.2120710915251
MULTI_BOUND_G,10,7,851,644.7866996084642
MULTI_BOUND_G,10,7,852,657.5990165653628
MULTI_BOUND_G,10,7,853,660.7356298486736
MULTI_BOUND_G,10,7,854,687.5951579993821
MULTI_BOUND_G,10,7,855,697.3517886291834
MULTI_BOUND_G,10,7,856,686.792444069089
MULTI_BOUND_G,10,7,857,701.1590859512264
MULTI_BOUND_G,10,7,858,332.58050862515177
MULTI_BOUND_G,10,7,859,641.786550695422
MULTI_BOUND_G,10,7,860,658.1861193905339
MULTI_BOUND_G,10,7,861,684.0960463263917
MULTI_BOUND_G,10,7,862,684.6130127984954
MULTI_BOUND_G,10,7,863,705.1962962419536
MULTI_BOUND_G,10,7,864,333.84518954763564
MULTI_BOUND_G,10,7,865,645.5417113707697
MULTI_BOUND_G,10,7,866,664.4990843490233
MULTI_BOUND_G,10,7,867,665.3145062823653
MULTI_BOUND_G,10,7,868,687.4468987630144
MULTI_BOUND_G,10,7,869,681.4834967859006
MULTI_BOUND_G,10,7,870,329.0636599853111
MULTI_BOUND_G,10,7,871,361.31659158422485
MULTI_BOUND_G,10,7,872,365.54113923848973
MULTI_BOUND_G,10,7,873,376.37871895988854
MULTI_BOUND_G,10,7,874,367.05758327286696
MULTI_BOUND_G,10,7,875,652.890577790657
MULTI_BOUND_G,10,7,876,657.1446426144478
MULTI_BOUND_G,10,7,877,660.0976591606429
MULTI_BOUND_G,10,7,878,657.3355224705087
MULTI_BOUND_G,10,8,0,350.0399874630492
MULTI_BOUND_G,10,8,1,7801.688832609945
MULTI_BOUND_G,10,8,2,3892.4286869651073
MULTI_BOUND_G,10,8,3,1918.5417317590159
MULTI_BOUND_G,10,8,4,958.2897829362201
MULTI_BOUND_G,10,8,5,481.10517590027024
MULTI_BOUND_G,10,8,6,506.6254551622496
MULTI_BOUND_G,10,8,7,493.60168645265185
MULTI_BOUND_G,10,8,8,491.8962727219855
MULTI_BOUND_G,10,8,9,541.7724866931605
MULTI_BOUND_G,10,8,10,540.839343678632
MULTI_BOUND_G,10,8,11,556.1904402690799
MULTI_BOUND_G,10,8,12,520.1790981420935
MULTI_BOUND_G,10,8,13,512.6274883624931
MULTI_BOUND_G,10,8,14,537.8726685874091
MULTI_BOUND_G,10,8,15,536.2755225115027
MULTI_BOUND_G,10,8,16,550.5005008080202
MULTI_BOUND_G,10,8,17,551.8961380054452
MULTI_BOUND_G,10,8,18,580.0831222160818
MULTI_BOUND_G,10,8,19,523.5860149126524
MULTI_BOUND_G,10,8,20,530.6815356556077
MULTI_BOUND_G,10,8,21,528.2258620327095
MULTI_BOUND_G,10,8,22,527.6328898024369
MULTI_BOUND_G,10,8,23,551.9862590265637
MULTI_BOUND_G,10,8,24,579.8692277797633
MULTI_BOUND_G,10,8,25,588.9164055637476
MULTI_BOUND_G,10,8,26,569.6937746125302
MULTI_BOUND_G,10,8,27,575.2528090780518
MULTI_BOUND_G,10,8,28,597.5935586064734
MULTI_BOUND_G,10,8,29,632.5984490183569
MULTI_BOUND_G,10,8,30,612.9572520479045
MULTI_BOUND_G,10,8,31,629.255360090568
MULTI_BOUND_G,10,8,32,635.3223122600004
MULTI_BOUND_G,10,8,33,576.4936930109526
MULTI_BOUND_G,10,8,34,610.7058620410947
MULTI_BOUND_G,10,8,35,636.5871869949465
MULTI_BOUND_G,10,8,36,641.2825435255936
MULTI_BOUND_G,10,8,37,638.9559937063962
MULTI_BOUND_G,10,8,38,654.0489540738604
MULTI_BOUND_G,10,8,39,691.5423347668309
MULTI_BOUND_G,10,8,40,575.5882794036214
MULTI_BOUND_G,10,8,41,589.7457947529069
MULTI_BOUND_G,10,8,42,639.0809588981633
MULTI_BOUND_G,10,8,43,629.8507349715228
MULTI_BOUND_G,10,8,44,638.0886913461118
MULTI_BOUND_G,10,8,45,651.6289936948508
MULTI_BOUND_G,10,8,46,639.8846697687168
MULTI_BOUND_G,10,8,47,602.2945679067367
MULTI_BOUND_G,10,8,48,614.3341833893819
MULTI_BOUND_G,10,8,49,640.9609061220701
MULTI_BOUND_G,10,8,50,645.2729214354034
MULTI_BOUND_G,10,8,51,672.4624705258045
MULTI_BOUND_G,10,8,52,679.3999521522228
MULTI_BOUND_G,10,8,53,688.2673304420939
MULTI_BOUND_G,10,8,54,630.1211567286165
MULTI_BOUND_G,10,8,55,651.0075345673026
MULTI_BOUND_G,10,8,56,631.2214585298555
MULTI_BOUND_G,10,8,57,642.9537584631862
MULTI_BOUND_G,10,8,58,655.5071511372537
MULTI_BOUND_G,10,8,59,673.9298052137483
MULTI_BOUND_G,10,8,60,691.8708244476417
MULTI_BOUND_G,10,8,61,561.8505626507173
MULTI_BOUND_G,10,8,62,582.0705662751332
MULTI_BOUND_G,10,8,63,601.4164986461774
MULTI_BOUND_G,10,8,64,622.8920771883247
MULTI_BOUND_G,10,8,65,603.6976774005356
MULTI_BOUND_G,10,8,66,621.2545750259562
MULTI_BOUND_G,10,8,67,627.484722303458
MULTI_BOUND_G,10,8,68,611.7366924010653
MULTI_BOUND_G,10,8,69,623.9192840537808
MULTI_BOUND_G,10,8,70,637.2569716630446
MULTI_BOUND_G,10,8,71,622.5277892227804
MULTI_BOUND_G,10,8,72,672.4040031939555
MULTI_BOUND_G,10,8,73,671.470860179427
MULTI_BOUND_G,10,8,74,686.821956769875
MULTI_BOUND_G,10,8,75,607.640622201146
MULTI_BOUND_G,10,8,76,621.5798621948643
MULTI_BOUND_G,10,8,77,670.9150263401207
MULTI_BOUND_G,10,8,78,661.6848024134802
MULTI_BOUND_G,10,8,79,669.9227587880691
MULTI_BOUND_G,10,8,80,683.4630611368082
MULTI_BOUND_G,10,8,81,671.7187372106741
MULTI_BOUND_G,10,8,82,620.4293213271638
MULTI_BOUND_G,10,8,83,645.2876524958451
MULTI_BOUND_G,10,8,84,680.5228153111578
MULTI_BOUND_G,10,8,85,685.2181718418049
MULTI_BOUND_G,10,8,86,682.8916220226074
MULTI_BOUND_G,10,8,87,697.9845823900716
MULTI_BOUND_G,10,8,88,735.4779630830421
MULTI_BOUND_G,10,8,89,627.4475889964222
MULTI_BOUND_G,10,8,90,658.3505238785174
MULTI_BOUND_G,10,8,91,684.9772466112056
MULTI_BOUND_G,10,8,92,689.2892619245389
MULTI_BOUND_G,10,8,93,716.47881101494
MULTI_BOUND_G,10,8,94,723.4162926413583
MULTI_BOUND_G,10,8,95,732.2836709312294
MULTI_BOUND_G,10,8,96,681.8362244542583
MULTI_BOUND_G,10,8,97,685.2155312145867
MULTI_BOUND_G,10,8,98,709.7360084482013
MULTI_BOUND_G,10,8,99,744.740898860085
MULTI_BOUND_G,10,8,100,725.0997018896326
MULTI_BOUND_G,10,8,101,741.3978099322961
MULTI_BOUND_G,10,8,102,747.4647621017284
MULTI_BOUND_G,10,8,103,686.7933107034771
MULTI_BOUND_G,10,8,104,713.8048114893197
MULTI_BOUND_G,10,8,105,694.0187354518725
MULTI_BOUND_G,10,8,106,705.7510353852033
MULTI_BOUND_G,10,8,107,718.3044280592708
MULTI_BOUND_G,10,8,108,736.7270821357654
MULTI_BOUND_G,10,8,109,754.6681013696588
MULTI_BOUND_G,10,8,110,733.5855723125921
MULTI_BOUND_G,10,8,111,740.6810930555475
MULTI_BOUND_G,10,8,112,744.2837570445752
MULTI_BOUND_G,10,8,113,738.2254194326491
MULTI_BOUND_G,10,8,114,761.9858164265034
MULTI_BOUND_G,10,8,115,375.2405353001117
MULTI_BOUND_G,10,8,116,627.0709455353451
MULTI_BOUND_G,10,8,117,629.2506732405384
MULTI_BOUND_G,10,8,118,651.59142276896
MULTI_BOUND_G,10,8,119,686.5963131808435
MULTI_BOUND_G,10,8,120,666.9551162103911
MULTI_BOUND_G,10,8,121,683.2532242530547
MULTI_BOUND_G,10,8,122,689.3201764224871
MULTI_BOUND_G,10,8,123,653.3631083374102
MULTI_BOUND_G,10,8,124,668.2712036995933
MULTI_BOUND_G,10,8,125,687.6171360706376
MULTI_BOUND_G,10,8,126,709.0927146127847
MULTI_BOUND_G,10,8,127,689.8983148249957
MULTI_BOUND_G,10,8,128,707.4552124504163
MULTI_BOUND_G,10,8,129,713.685359727918
MULTI_BOUND_G,10,8,130,638.5809586131035
MULTI_BOUND_G,10,8,131,663.4392897817845
MULTI_BOUND_G,10,8,132,672.7931276432456
MULTI_BOUND_G,10,8,133,703.3698091277445
MULTI_BOUND_G,10,8,134,701.043259308547
MULTI_BOUND_G,10,8,135,716.1362196760113
MULTI_BOUND_G,10,8,136,753.6296003689818
MULTI_BOUND_G,10,8,137,638.0094216425894
MULTI_BOUND_G,10,8,138,660.1264290961975
MULTI_BOUND_G,10,8,139,685.3716093211135
MULTI_BOUND_G,10,8,140,683.7744632452071
MULTI_BOUND_G,10,8,141,697.9994415417248
MULTI_BOUND_G,10,8,142,699.3950787391498
MULTI_BOUND_G,10,8,143,727.5820629497862
MULTI_BOUND_G,10,8,144,646.8242550563893
MULTI_BOUND_G,10,8,145,646.6059797008221
MULTI_BOUND_G,10,8,146,710.098659195364
MULTI_BOUND_G,10,8,147,700.8684352687235
MULTI_BOUND_G,10,8,148,709.1063916433125
MULTI_BOUND_G,10,8,149,722.6466939920515
MULTI_BOUND_G,10,8,150,710.9023700659175
MULTI_BOUND_G,10,8,151,737.6103654030078
MULTI_BOUND_G,10,8,152,744.7058861459632
MULTI_BOUND_G,10,8,153,748.3085501349908
MULTI_BOUND_G,10,8,154,742.250212523065
MULTI_BOUND_G,10,8,155,741.6572402927924
MULTI_BOUND_G,10,8,156,377.2529318453195
MULTI_BOUND_G,10,8,157,717.2212954669392
MULTI_BOUND_G,10,8,158,736.0846148663892
MULTI_BOUND_G,10,8,159,376.319788830791
MULTI_BOUND_G,10,8,160,391.67088542123895
MULTI_BOUND_G,10,8,161,694.3571789705825
MULTI_BOUND_G,10,8,162,708.2942003017971
MULTI_BOUND_G,10,8,163,714.3454951145245
MULTI_BOUND_G,10,8,164,738.5651871765506
MULTI_BOUND_G,10,8,165,764.0238065771716
MULTI_BOUND_G,10,8,166,744.0671360411818
MULTI_BOUND_G,10,8,167,352.1691202748297
MULTI_BOUND_G,10,8,168,692.3690064644313
MULTI_BOUND_G,10,8,169,717.4771490411667
MULTI_BOUND_G,10,8,170,717.788381582347
MULTI_BOUND_G,10,8,171,743.7958325554641
MULTI_BOUND_G,10,8,172,742.1986864795576
MULTI_BOUND_G,10,8,173,752.4406239176012
MULTI_BOUND_G,10,8,174,358.2942432219862
MULTI_BOUND_G,10,8,175,711.9681293574297
MULTI_BOUND_G,10,8,176,733.524092861803
MULTI_BOUND_G,10,8,177,746.9425691357727
MULTI_BOUND_G,10,8,178,379.1806210606722
MULTI_BOUND_G,10,8,179,708.3198124384437
MULTI_BOUND_G,10,8,180,712.1661754953852
MULTI_BOUND_G,10,8,181,717.698577775689
MULTI_BOUND_G,10,8,182,359.39454502322513
MULTI_BOUND_G,10,8,183,736.58454514142
MULTI_BOUND_G,10,8,184,748.6855392401008
MULTI_BOUND_G,10,8,185,766.0878652618733
MULTI_BOUND_G,10,8,186,753.0640965522754
MULTI_BOUND_G,10,8,187,371.1268449565559
MULTI_BOUND_G,10,8,188,757.2218405793712
MULTI_BOUND_G,10,8,189,383.6802376306235
MULTI_BOUND_G,10,8,190,402.10289170711803
MULTI_BOUND_G,10,8,191,420.0439109410114
MULTI_BOUND_G,10,8,192,651.0401090706619
MULTI_BOUND_G,10,8,193,656.3520173328947
MULTI_BOUND_G,10,8,194,671.2601126950779
MULTI_BOUND_G,10,8,195,690.6060450661221
MULTI_BOUND_G,10,8,196,712.0816236082692
MULTI_BOUND_G,10,8,197,692.8872238204802
MULTI_BOUND_G,10,8,198,716.6742687234025
MULTI_BOUND_G,10,8,199,678.0971316376417
MULTI_BOUND_G,10,8,200,707.7657488708503
MULTI_BOUND_G,10,8,201,700.2141390912499
MULTI_BOUND_G,10,8,202,725.4593193161659
MULTI_BOUND_G,10,8,203,738.0871515367771
MULTI_BOUND_G,10,8,204,739.4827887342021
MULTI_BOUND_G,10,8,205,767.6697729448385
MULTI_BOUND_G,10,8,206,703.3948741187833
MULTI_BOUND_G,10,8,207,715.5774657714987
MULTI_BOUND_G,10,8,208,728.9151533807626
MULTI_BOUND_G,10,8,209,715.8913846711647
MULTI_BOUND_G,10,8,210,714.1859709404984
MULTI_BOUND_G,10,8,211,764.0621849116735
MULTI_BOUND_G,10,8,212,361.1656020849823
MULTI_BOUND_G,10,8,213,387.7923248176705
MULTI_BOUND_G,10,8,214,392.1043401310038
MULTI_BOUND_G,10,8,215,419.2938892214049
MULTI_BOUND_G,10,8,216,426.2313708478232
MULTI_BOUND_G,10,8,217,435.0987491376943
MULTI_BOUND_G,10,8,218,738.7140230874206
MULTI_BOUND_G,10,8,219,744.0259313496534
MULTI_BOUND_G,10,8,220,758.9340267118366
MULTI_BOUND_G,10,8,221,374.09962421126653
MULTI_BOUND_G,10,8,222,727.6078561443662
MULTI_BOUND_G,10,8,223,757.2764733775748
MULTI_BOUND_G,10,8,224,373.88134885569934
MULTI_BOUND_G,10,8,225,757.1413983587884
MULTI_BOUND_G,10,8,226,388.03886420498486
MULTI_BOUND_G,10,8,227,437.3740283502413
MULTI_BOUND_G,10,8,228,428.1438044236007
MULTI_BOUND_G,10,8,229,436.3817607981897
MULTI_BOUND_G,10,8,230,449.9220631469288
MULTI_BOUND_G,10,8,231,438.1777392207946
MULTI_BOUND_G,10,8,232,393.77545723885714
MULTI_BOUND_G,10,8,233,418.63378840753825
MULTI_BOUND_G,10,8,234,427.9876262689993
MULTI_BOUND_G,10,8,235,453.868951222851
MULTI_BOUND_G,10,8,236,458.56430775349816
MULTI_BOUND_G,10,8,237,456.2377579343007
MULTI_BOUND_G,10,8,238,471.3307183017648
MULTI_BOUND_G,10,8,239,508.8240989947353
MULTI_BOUND_G,10,8,240,450.966350237659
MULTI_BOUND_G,10,8,241,454.3456569979875
MULTI_BOUND_G,10,8,242,456.52538470318063
MULTI_BOUND_G,10,8,243,478.8661342316022
MULTI_BOUND_G,10,8,244,513.8710246434857
MULTI_BOUND_G,10,8,245,494.22982767303336
MULTI_BOUND_G,10,8,246,510.527935715697
MULTI_BOUND_G,10,8,247,516.5948878851293
MULTI_BOUND_G,10,8,248,466.3061654256232
MULTI_BOUND_G,10,8,249,473.4016861685785
MULTI_BOUND_G,10,8,250,477.0043501576062
MULTI_BOUND_G,10,8,251,470.9460125456802
MULTI_BOUND_G,10,8,252,470.3530403154076
MULTI_BOUND_G,10,8,253,494.70640953953455
MULTI_BOUND_G,10,8,254,522.589378292734
MULTI_BOUND_G,10,8,255,531.6365560767183
MULTI_BOUND_G,10,8,256,654.3686986937062
MULTI_BOUND_G,10,8,257,646.8170889141057
MULTI_BOUND_G,10,8,258,672.0622691390217
MULTI_BOUND_G,10,8,259,670.4651230631154
MULTI_BOUND_G,10,8,260,684.690101359633
MULTI_BOUND_G,10,8,261,686.085738557058
MULTI_BOUND_G,10,8,262,714.2727227676944
MULTI_BOUND_G,10,8,263,655.6178085200122
MULTI_BOUND_G,10,8,264,681.1380877819915
MULTI_BOUND_G,10,8,265,668.1143190723936
MULTI_BOUND_G,10,8,266,666.4089053417273
MULTI_BOUND_G,10,8,267,716.2851193129025
MULTI_BOUND_G,10,8,268,715.3519762983739
MULTI_BOUND_G,10,8,269,730.7030728888219
MULTI_BOUND_G,10,8,270,697.3264306895691
MULTI_BOUND_G,10,8,271,718.2128085282552
MULTI_BOUND_G,10,8,272,698.426732490808
MULTI_BOUND_G,10,8,273,710.1590324241388
MULTI_BOUND_G,10,8,274,722.7124250982063
MULTI_BOUND_G,10,8,275,741.1350791747009
MULTI_BOUND_G,10,8,276,759.0760984085942
MULTI_BOUND_G,10,8,277,688.1581740699199
MULTI_BOUND_G,10,8,278,700.1977895525652
MULTI_BOUND_G,10,8,279,726.8245122852534
MULTI_BOUND_G,10,8,280,731.1365275985867
MULTI_BOUND_G,10,8,281,758.3260766889878
MULTI_BOUND_G,10,8,282,352.3565684325564
MULTI_BOUND_G,10,8,283,712.9135363232822
MULTI_BOUND_G,10,8,284,727.0710516725677
MULTI_BOUND_G,10,8,285,360.53049618537455
MULTI_BOUND_G,10,8,286,732.8076447064399
MULTI_BOUND_G,10,8,287,389.2192433610769
MULTI_BOUND_G,10,8,288,399.7390705175419
MULTI_BOUND_G,10,8,289,411.11692559041853
MULTI_BOUND_G,10,8,290,642.659627947558
MULTI_BOUND_G,10,8,291,669.4897160427358
MULTI_BOUND_G,10,8,292,672.5887348663493
MULTI_BOUND_G,10,8,293,680.7626626191675
MULTI_BOUND_G,10,8,294,709.45140979487
MULTI_BOUND_G,10,8,295,719.9712369513347
MULTI_BOUND_G,10,8,296,731.3490920242116
MULTI_BOUND_G,10,8,297,661.0504870077921
MULTI_BOUND_G,10,8,298,674.1733611459766
MULTI_BOUND_G,10,8,299,696.5141106743981
MULTI_BOUND_G,10,8,300,731.5190010862818
MULTI_BOUND_G,10,8,301,711.8778041158293
MULTI_BOUND_G,10,8,302,728.1759121584929
MULTI_BOUND_G,10,8,303,734.2428643279252
MULTI_BOUND_G,10,8,304,683.5036465185416
MULTI_BOUND_G,10,8,305,699.0304135278011
MULTI_BOUND_G,10,8,306,717.7158155486837
MULTI_BOUND_G,10,8,307,748.2924970331826
MULTI_BOUND_G,10,8,308,745.9659472139851
MULTI_BOUND_G,10,8,309,364.5672442671277
MULTI_BOUND_G,10,8,310,668.0387436017409
MULTI_BOUND_G,10,8,311,705.0491170016356
MULTI_BOUND_G,10,8,312,730.2942972265516
MULTI_BOUND_G,10,8,313,728.6971511506453
MULTI_BOUND_G,10,8,314,742.9221294471629
MULTI_BOUND_G,10,8,315,744.3177666445879
MULTI_BOUND_G,10,8,316,351.54347555753
MULTI_BOUND_G,10,8,317,678.0521233057377
MULTI_BOUND_G,10,8,318,691.5286676062603
MULTI_BOUND_G,10,8,319,755.0213471008024
MULTI_BOUND_G,10,8,320,745.7911231741617
MULTI_BOUND_G,10,8,321,754.0290795487506
MULTI_BOUND_G,10,8,322,767.5693818974898
MULTI_BOUND_G,10,8,323,755.8250579713556
MULTI_BOUND_G,10,8,324,399.71427579803856
MULTI_BOUND_G,10,8,325,398.78113278351015
MULTI_BOUND_G,10,8,326,414.13222937395807
MULTI_BOUND_G,10,8,327,662.6957515702953
MULTI_BOUND_G,10,8,328,674.6762318936414
MULTI_BOUND_G,10,8,329,677.775250717255
MULTI_BOUND_G,10,8,330,685.9491784700731
MULTI_BOUND_G,10,8,331,714.6379256457756
MULTI_BOUND_G,10,8,332,725.1577528022403
MULTI_BOUND_G,10,8,333,736.5356078751172
MULTI_BOUND_G,10,8,334,729.2241255796371
MULTI_BOUND_G,10,8,335,737.3054444427619
MULTI_BOUND_G,10,8,336,762.8257237047412
MULTI_BOUND_G,10,8,337,748.096541264477
MULTI_BOUND_G,10,8,338,378.1208872469716
MULTI_BOUND_G,10,8,339,719.5145545867529
MULTI_BOUND_G,10,8,340,747.148614236561
MULTI_BOUND_G,10,8,341,370.5692774673712
MULTI_BOUND_G,10,8,342,745.9980733688607
MULTI_BOUND_G,10,8,343,761.5248403781202
MULTI_BOUND_G,10,8,344,395.81445769228725
MULTI_BOUND_G,10,8,345,394.2173116163808
MULTI_BOUND_G,10,8,346,408.4422899128984
MULTI_BOUND_G,10,8,347,409.8379271103234
MULTI_BOUND_G,10,8,348,438.02491132096
MULTI_BOUND_G,10,8,349,717.7721047806921
MULTI_BOUND_G,10,8,350,740.080771946574
MULTI_BOUND_G,10,8,351,744.3472103157557
MULTI_BOUND_G,10,8,352,754.213522906781
MULTI_BOUND_G,10,8,353,370.0494276773603
MULTI_BOUND_G,10,8,354,732.5056142031277
MULTI_BOUND_G,10,8,355,753.5760047052192
MULTI_BOUND_G,10,8,356,381.52780401753057
MULTI_BOUND_G,10,8,357,388.62332476048584
MULTI_BOUND_G,10,8,358,748.5093153489302
MULTI_BOUND_G,10,8,359,386.16765113758765
MULTI_BOUND_G,10,8,360,748.8172825111559
MULTI_BOUND_G,10,8,361,385.57467890731505
MULTI_BOUND_G,10,8,362,409.92804813144187
MULTI_BOUND_G,10,8,363,437.8110168846413
MULTI_BOUND_G,10,8,364,446.85819466862574
MULTI_BOUND_G,10,8,365,420.0717240447455
MULTI_BOUND_G,10,8,366,427.63556371740833
MULTI_BOUND_G,10,8,367,433.19459818293
MULTI_BOUND_G,10,8,368,455.5353477113515
MULTI_BOUND_G,10,8,369,490.54023812323504
MULTI_BOUND_G,10,8,370,470.8990411527826
MULTI_BOUND_G,10,8,371,487.1971491954463
MULTI_BOUND_G,10,8,372,493.2641013648786
MULTI_BOUND_G,10,8,373,434.4354821158307
MULTI_BOUND_G,10,8,374,449.9622491250904
MULTI_BOUND_G,10,8,375,468.6476511459729
MULTI_BOUND_G,10,8,376,494.5289760998247
MULTI_BOUND_G,10,8,377,499.2243326304718
MULTI_BOUND_G,10,8,378,496.8977828112743
MULTI_BOUND_G,10,8,379,511.99074317873846
MULTI_BOUND_G,10,8,380,549.484123871709
MULTI_BOUND_G,10,8,381,420.053524207977
MULTI_BOUND_G,10,8,382,433.53006850849965
MULTI_BOUND_G,10,8,383,447.687583857785
MULTI_BOUND_G,10,8,384,497.02274800304156
MULTI_BOUND_G,10,8,385,487.7925240764009
MULTI_BOUND_G,10,8,386,496.03048045098996
MULTI_BOUND_G,10,8,387,509.5707827997291
MULTI_BOUND_G,10,8,388,497.82645887359485
MULTI_BOUND_G,10,8,389,453.843942463284
MULTI_BOUND_G,10,8,390,460.2363570116148
MULTI_BOUND_G,10,8,391,472.27597249426
MULTI_BOUND_G,10,8,392,498.9026952269482
MULTI_BOUND_G,10,8,393,503.21471054028154
MULTI_BOUND_G,10,8,394,530.4042596306826
MULTI_BOUND_G,10,8,395,537.3417412571009
MULTI_BOUND_G,10,8,396,546.209119546972
MULTI_BOUND_G,10,8,397,467.15331067127516
MULTI_BOUND_G,10,8,398,488.0629458334946
MULTI_BOUND_G,10,8,399,508.94932367218064
MULTI_BOUND_G,10,8,400,489.1632476347335
MULTI_BOUND_G,10,8,401,500.8955475680644
MULTI_BOUND_G,10,8,402,513.4489402421319
MULTI_BOUND_G,10,8,403,531.8715943186265
MULTI_BOUND_G,10,8,404,549.8126135525198
MULTI_BOUND_G,10,8,405,590.0831599855295
MULTI_BOUND_G,10,8,406,610.3031636099454
MULTI_BOUND_G,10,8,407,629.6490959809896
MULTI_BOUND_G,10,8,408,651.124674523137
MULTI_BOUND_G,10,8,409,631.9302747353478
MULTI_BOUND_G,10,8,410,649.4871723607685
MULTI_BOUND_G,10,8,411,655.7173196382703
MULTI_BOUND_G,10,8,412,656.6480280622332
MULTI_BOUND_G,10,8,413,668.8306197149486
MULTI_BOUND_G,10,8,414,682.1683073242125
MULTI_BOUND_G,10,8,415,667.4391248839482
MULTI_BOUND_G,10,8,416,717.3153388551234
MULTI_BOUND_G,10,8,417,716.3821958405948
MULTI_BOUND_G,10,8,418,731.7332924310429
MULTI_BOUND_G,10,8,419,692.2315272846333
MULTI_BOUND_G,10,8,420,719.2430280704759
MULTI_BOUND_G,10,8,421,699.4569520330288
MULTI_BOUND_G,10,8,422,711.1892519663595
MULTI_BOUND_G,10,8,423,723.742644640427
MULTI_BOUND_G,10,8,424,742.1652987169216
MULTI_BOUND_G,10,8,425,760.106317950815
MULTI_BOUND_G,10,8,426,670.3250742126909
MULTI_BOUND_G,10,8,427,701.228009094786
MULTI_BOUND_G,10,8,428,727.8547318274741
MULTI_BOUND_G,10,8,429,732.1667471408076
MULTI_BOUND_G,10,8,430,759.3562962312087
MULTI_BOUND_G,10,8,431,352.8716782036668
MULTI_BOUND_G,10,8,432,714.1620312210703
MULTI_BOUND_G,10,8,433,728.1012712147887
MULTI_BOUND_G,10,8,434,361.045605956485
MULTI_BOUND_G,10,8,435,733.8378642486608
MULTI_BOUND_G,10,8,436,758.6961954173419
MULTI_BOUND_G,10,8,437,389.7343531321873
MULTI_BOUND_G,10,8,438,400.2541802886523
MULTI_BOUND_G,10,8,439,411.632035361529
MULTI_BOUND_G,10,8,440,704.3252585869186
MULTI_BOUND_G,10,8,441,716.3057389102646
MULTI_BOUND_G,10,8,442,719.4047577338782
MULTI_BOUND_G,10,8,443,727.5786854866964
MULTI_BOUND_G,10,8,444,756.2674326623987
MULTI_BOUND_G,10,8,445,354.373657575788
MULTI_BOUND_G,10,8,446,698.0138354433454
MULTI_BOUND_G,10,8,447,706.0951543064702
MULTI_BOUND_G,10,8,448,731.6154335684496
MULTI_BOUND_G,10,8,449,716.8862511281853
MULTI_BOUND_G,10,8,450,766.7624650993605
MULTI_BOUND_G,10,8,451,362.5157421788258
MULTI_BOUND_G,10,8,452,737.097616978682
MULTI_BOUND_G,10,8,453,748.5759933188524
MULTI_BOUND_G,10,8,454,755.6715140618078
MULTI_BOUND_G,10,8,455,382.7357458032418
MULTI_BOUND_G,10,8,456,402.0816781742861
MULTI_BOUND_G,10,8,457,423.5572567164332
MULTI_BOUND_G,10,8,458,404.3628569286442
MULTI_BOUND_G,10,8,459,421.91975455406475
MULTI_BOUND_G,10,8,460,428.1499018315665
MULTI_BOUND_G,10,8,461,404.32055306604883
MULTI_BOUND_G,10,8,462,412.40187192917375
MULTI_BOUND_G,10,8,463,424.5844635818893
MULTI_BOUND_G,10,8,464,437.922151191153
MULTI_BOUND_G,10,8,465,423.1929687508889
MULTI_BOUND_G,10,8,466,473.0691827220639
MULTI_BOUND_G,10,8,467,472.13603970753536
MULTI_BOUND_G,10,8,468,487.48713629798334
MULTI_BOUND_G,10,8,469,746.7919211852857
MULTI_BOUND_G,10,8,470,394.6109820731647
MULTI_BOUND_G,10,8,471,408.3058017292545
MULTI_BOUND_G,10,8,472,422.2450417229728
MULTI_BOUND_G,10,8,473,471.58020586822926
MULTI_BOUND_G,10,8,474,462.3499819415887
MULTI_BOUND_G,10,8,475,470.58793831617766
MULTI_BOUND_G,10,8,476,484.12824066491675
MULTI_BOUND_G,10,8,477,472.38391673878255
MULTI_BOUND_G,10,8,478,421.0945008552725
MULTI_BOUND_G,10,8,479,436.6212678645321
MULTI_BOUND_G,10,8,480,445.9528320239536
MULTI_BOUND_G,10,8,481,481.1879948392663
MULTI_BOUND_G,10,8,482,485.8833513699135
MULTI_BOUND_G,10,8,483,483.55680155071605
MULTI_BOUND_G,10,8,484,498.6497619181802
MULTI_BOUND_G,10,8,485,536.1431426111508
MULTI_BOUND_G,10,8,486,428.11276852453074
MULTI_BOUND_G,10,8,487,440.5836733756499
MULTI_BOUND_G,10,8,488,459.0157034066259
MULTI_BOUND_G,10,8,489,485.64242613931407
MULTI_BOUND_G,10,8,490,489.95444145264753
MULTI_BOUND_G,10,8,491,517.1439905430485
MULTI_BOUND_G,10,8,492,524.0814721694668
MULTI_BOUND_G,10,8,493,532.948850459338
MULTI_BOUND_G,10,8,494,474.9375643097039
MULTI_BOUND_G,10,8,495,482.5014039823667
MULTI_BOUND_G,10,8,496,485.88071074269516
MULTI_BOUND_G,10,8,497,510.4011879763099
MULTI_BOUND_G,10,8,498,545.4060783881935
MULTI_BOUND_G,10,8,499,525.764881417741
MULTI_BOUND_G,10,8,500,542.0629894604047
MULTI_BOUND_G,10,8,501,548.129941629837
MULTI_BOUND_G,10,8,502,472.67397801652254
MULTI_BOUND_G,10,8,503,487.4584902315856
MULTI_BOUND_G,10,8,504,514.4699910174281
MULTI_BOUND_G,10,8,505,494.683914979981
MULTI_BOUND_G,10,8,506,506.41621491331176
MULTI_BOUND_G,10,8,507,518.9696075873794
MULTI_BOUND_G,10,8,508,537.3922616638739
MULTI_BOUND_G,10,8,509,555.3332808977672
MULTI_BOUND_G,10,8,510,522.7723755005303
MULTI_BOUND_G,10,8,511,534.2507518407006
MULTI_BOUND_G,10,8,512,541.346272583656
MULTI_BOUND_G,10,8,513,544.9489365726836
MULTI_BOUND_G,10,8,514,538.8905989607576
MULTI_BOUND_G,10,8,515,562.650995954612
MULTI_BOUND_G,10,8,516,590.5339647078114
MULTI_BOUND_G,10,8,517,599.5811424917957
MULTI_BOUND_G,10,8,518,421.17166281261126
MULTI_BOUND_G,10,8,519,444.33004143716573
MULTI_BOUND_G,10,8,520,471.16012953234355
MULTI_BOUND_G,10,8,521,474.2591483559571
MULTI_BOUND_G,10,8,522,482.43307610877525
MULTI_BOUND_G,10,8,523,511.1218232844776
MULTI_BOUND_G,10,8,524,521.6416504409426
MULTI_BOUND_G,10,8,525,533.0195055138194
MULTI_BOUND_G,10,8,526,462.72090049739967
MULTI_BOUND_G,10,8,527,473.664046930391
MULTI_BOUND_G,10,8,528,475.84377463558417
MULTI_BOUND_G,10,8,529,498.1845241640057
MULTI_BOUND_G,10,8,530,533.1894145758893
MULTI_BOUND_G,10,8,531,513.5482176054369
MULTI_BOUND_G,10,8,532,529.8463256481006
MULTI_BOUND_G,10,8,533,535.9132778175328
MULTI_BOUND_G,10,8,534,486.50221686718544
MULTI_BOUND_G,10,8,535,499.95620973245616
MULTI_BOUND_G,10,8,536,514.8643050946392
MULTI_BOUND_G,10,8,537,534.2102374656835
MULTI_BOUND_G,10,8,538,555.6858160078307
MULTI_BOUND_G,10,8,539,536.4914162200416
MULTI_BOUND_G,10,8,540,554.0483138454622
MULTI_BOUND_G,10,8,541,560.278461122964
MULTI_BOUND_G,10,8,542,485.17406000814924
MULTI_BOUND_G,10,8,543,500.7008270174089
MULTI_BOUND_G,10,8,544,510.03239117683046
MULTI_BOUND_G,10,8,545,519.3862290382914
MULTI_BOUND_G,10,8,546,549.9629105227903
MULTI_BOUND_G,10,8,547,547.6363607035928
MULTI_BOUND_G,10,8,548,562.729321071057
MULTI_BOUND_G,10,8,549,600.2227017640275
MULTI_BOUND_G,10,8,550,469.70915709134846
MULTI_BOUND_G,10,8,551,484.6025230376353
MULTI_BOUND_G,10,8,552,506.7195304912433
MULTI_BOUND_G,10,8,553,531.9647107161593
MULTI_BOUND_G,10,8,554,530.3675646402529
MULTI_BOUND_G,10,8,555,544.5925429367705
MULTI_BOUND_G,10,8,556,545.9881801341955
MULTI_BOUND_G,10,8,557,574.1751643448322
MULTI_BOUND_G,10,8,558,479.7225367953454
MULTI_BOUND_G,10,8,559,493.4173564514352
MULTI_BOUND_G,10,8,560,493.199081095868
MULTI_BOUND_G,10,8,561,556.69176059041
MULTI_BOUND_G,10,8,562,547.4615366637694
MULTI_BOUND_G,10,8,563,555.6994930383584
MULTI_BOUND_G,10,8,564,569.2397953870975
MULTI_BOUND_G,10,8,565,557.4954714609632
MULTI_BOUND_G,10,8,566,572.7250904578834
MULTI_BOUND_G,10,8,567,584.2034667980538
MULTI_BOUND_G,10,8,568,591.2989875410091
MULTI_BOUND_G,10,8,569,594.9016515300368
MULTI_BOUND_G,10,8,570,588.8433139181108
MULTI_BOUND_G,10,8,571,588.2503416878382
MULTI_BOUND_G,10,8,572,640.4866796651645
MULTI_BOUND_G,10,8,573,649.5338574491489
MULTI_BOUND_G,10,8,574,563.8143968619852
MULTI_BOUND_G,10,8,575,576.2853017131042
MULTI_BOUND_G,10,8,576,582.677716261435
MULTI_BOUND_G,10,8,577,621.3440544767684
MULTI_BOUND_G,10,8,578,625.6560697901019
MULTI_BOUND_G,10,8,579,652.845618880503
MULTI_BOUND_G,10,8,580,659.7831005069211
MULTI_BOUND_G,10,8,581,668.6504787967924
MULTI_BOUND_G,10,8,582,607.8365685469878
MULTI_BOUND_G,10,8,583,622.6210807620507
MULTI_BOUND_G,10,8,584,628.7462037092072
MULTI_BOUND_G,10,8,585,649.6325815478933
MULTI_BOUND_G,10,8,586,629.8465055104461
MULTI_BOUND_G,10,8,587,654.1321981178444
MULTI_BOUND_G,10,8,588,672.554852194339
MULTI_BOUND_G,10,8,589,690.4958714282324
MULTI_BOUND_G,10,8,590,725.2384851110512
MULTI_BOUND_G,10,8,591,730.550393373284
MULTI_BOUND_G,10,8,592,745.4584887354672
MULTI_BOUND_G,10,8,593,367.3618552230818
MULTI_BOUND_G,10,8,594,760.8856261282401
MULTI_BOUND_G,10,8,595,390.5202338476363
MULTI_BOUND_G,10,8,596,405.36984161946805
MULTI_BOUND_G,10,8,597,417.3503219428141
MULTI_BOUND_G,10,8,598,420.44934076642767
MULTI_BOUND_G,10,8,599,457.3120156949482
MULTI_BOUND_G,10,8,600,467.83184285141317
MULTI_BOUND_G,10,8,601,479.20969792428986
MULTI_BOUND_G,10,8,602,419.5542275581548
MULTI_BOUND_G,10,8,603,427.6963121611926
MULTI_BOUND_G,10,8,604,433.00822042342554
MULTI_BOUND_G,10,8,605,447.9163157856086
MULTI_BOUND_G,10,8,606,467.2622481566529
MULTI_BOUND_G,10,8,607,488.7378266988
MULTI_BOUND_G,10,8,608,487.1003245364316
MULTI_BOUND_G,10,8,609,493.33047181393334
MULTI_BOUND_G,10,8,610,760.9635155826595
MULTI_BOUND_G,10,8,611,401.69677927185154
MULTI_BOUND_G,10,8,612,416.59014521813833
MULTI_BOUND_G,10,8,613,446.2587624513468
MULTI_BOUND_G,10,8,614,463.95233289666237
MULTI_BOUND_G,10,8,615,462.355186820756
MULTI_BOUND_G,10,8,616,476.58016511727357
MULTI_BOUND_G,10,8,617,477.9758023146985
MULTI_BOUND_G,10,8,618,506.16278652533515
MULTI_BOUND_G,10,8,619,438.0423685694354
MULTI_BOUND_G,10,8,620,446.1236874325603
MULTI_BOUND_G,10,8,621,458.30627908527583
MULTI_BOUND_G,10,8,622,471.64396669453953
MULTI_BOUND_G,10,8,623,458.6201979849418
MULTI_BOUND_G,10,8,624,506.79099822545044
MULTI_BOUND_G,10,8,625,505.8578552109219
MULTI_BOUND_G,10,8,626,521.20895180137
MULTI_BOUND_G,10,8,627,533.6262707678004
MULTI_BOUND_G,10,8,628,542.9578349272219
MULTI_BOUND_G,10,8,629,552.3116727886829
MULTI_BOUND_G,10,8,630,578.1929977425347
MULTI_BOUND_G,10,8,631,582.8883542731817
MULTI_BOUND_G,10,8,632,580.5618044539842
MULTI_BOUND_G,10,8,633,595.6547648214485
MULTI_BOUND_G,10,8,634,633.148145514419
MULTI_BOUND_G,10,8,635,509.85161572633064
MULTI_BOUND_G,10,8,636,522.3225205774497
MULTI_BOUND_G,10,8,637,528.7149351257805
MULTI_BOUND_G,10,8,638,540.7545506084258
MULTI_BOUND_G,10,8,639,567.3812733411139
MULTI_BOUND_G,10,8,640,598.8828377448483
MULTI_BOUND_G,10,8,641,605.8203193712666
MULTI_BOUND_G,10,8,642,614.6876976611379
MULTI_BOUND_G,10,8,643,544.7023676676465
MULTI_BOUND_G,10,8,644,552.2662073403095
MULTI_BOUND_G,10,8,645,555.6455141006379
MULTI_BOUND_G,10,8,646,557.8252418058311
MULTI_BOUND_G,10,8,647,580.1659913342526
MULTI_BOUND_G,10,8,648,615.1708817461363
MULTI_BOUND_G,10,8,649,611.8277928183473
MULTI_BOUND_G,10,8,650,617.8947449877796
MULTI_BOUND_G,10,8,651,560.4525407398281
MULTI_BOUND_G,10,8,652,571.9309170799984
MULTI_BOUND_G,10,8,653,579.0264378229538
MULTI_BOUND_G,10,8,654,582.6291018119814
MULTI_BOUND_G,10,8,655,575.977791969783
MULTI_BOUND_G,10,8,656,600.3311611939098
MULTI_BOUND_G,10,8,657,628.2141299471092
MULTI_BOUND_G,10,8,658,637.2613077310936
MULTI_BOUND_G,10,8,659,543.239463824825
MULTI_BOUND_G,10,8,660,558.0239760398881
MULTI_BOUND_G,10,8,661,564.1490989870446
MULTI_BOUND_G,10,8,662,585.0354768257305
MULTI_BOUND_G,10,8,663,576.9817007216143
MULTI_BOUND_G,10,8,664,589.5350933956818
MULTI_BOUND_G,10,8,665,607.9577474721764
MULTI_BOUND_G,10,8,666,625.8987667060698
MULTI_BOUND_G,10,8,667,454.62920258014265
MULTI_BOUND_G,10,8,668,468.32402223623245
MULTI_BOUND_G,10,8,669,468.10574688066527
MULTI_BOUND_G,10,8,670,482.2632622299508
MULTI_BOUND_G,10,8,671,522.3682024485666
MULTI_BOUND_G,10,8,672,530.6061588231556
MULTI_BOUND_G,10,8,673,544.1464611718948
MULTI_BOUND_G,10,8,674,532.4021372457605
MULTI_BOUND_G,10,8,675,464.8766939856079
MULTI_BOUND_G,10,8,676,488.0350726101624
MULTI_BOUND_G,10,8,677,502.88468038199414
MULTI_BOUND_G,10,8,678,514.8651607053403
MULTI_BOUND_G,10,8,679,517.9641795289538
MULTI_BOUND_G,10,8,680,526.1381072817719
MULTI_BOUND_G,10,8,681,565.3466816139393
MULTI_BOUND_G,10,8,682,576.724536686816
MULTI_BOUND_G,10,8,683,508.3425553273443
MULTI_BOUND_G,10,8,684,516.4846399303822
MULTI_BOUND_G,10,8,685,521.796548192615
MULTI_BOUND_G,10,8,686,536.7046435547982
MULTI_BOUND_G,10,8,687,556.0505759258424
MULTI_BOUND_G,10,8,688,558.3317546802004
MULTI_BOUND_G,10,8,689,575.8886523056211
MULTI_BOUND_G,10,8,690,582.1187995831228
MULTI_BOUND_G,10,8,691,509.6293334750973
MULTI_BOUND_G,10,8,692,524.5226994213842
MULTI_BOUND_G,10,8,693,554.1913166545926
MULTI_BOUND_G,10,8,694,546.6397068749922
MULTI_BOUND_G,10,8,695,570.2877410240018
MULTI_BOUND_G,10,8,696,584.5127193205194
MULTI_BOUND_G,10,8,697,585.9083565179444
MULTI_BOUND_G,10,8,698,614.095340728581
MULTI_BOUND_G,10,8,699,569.4225419818138
MULTI_BOUND_G,10,8,700,577.5038608449388
MULTI_BOUND_G,10,8,701,589.6864524976543
MULTI_BOUND_G,10,8,702,590.0003713973202
MULTI_BOUND_G,10,8,703,588.2949576666539
MULTI_BOUND_G,10,8,704,638.1711716378288
MULTI_BOUND_G,10,8,705,637.2380286233005
MULTI_BOUND_G,10,8,706,652.5891252137483
MULTI_BOUND_G,10,8,707,588.7874609549094
MULTI_BOUND_G,10,8,708,596.3513006275723
MULTI_BOUND_G,10,8,709,599.7306073879008
MULTI_BOUND_G,10,8,710,601.910335093094
MULTI_BOUND_G,10,8,711,624.2510846215155
MULTI_BOUND_G,10,8,712,639.6147780629466
MULTI_BOUND_G,10,8,713,655.9128861056103
MULTI_BOUND_G,10,8,714,661.9798382750425
MULTI_BOUND_G,10,8,715,565.7595221243766
MULTI_BOUND_G,10,8,716,578.2304269754957
MULTI_BOUND_G,10,8,717,584.6228415238264
MULTI_BOUND_G,10,8,718,596.6624570064718
MULTI_BOUND_G,10,8,719,623.2891797391599
MULTI_BOUND_G,10,8,720,627.6011950524933
MULTI_BOUND_G,10,8,721,661.7282257693125
MULTI_BOUND_G,10,8,722,670.5956040591839
MULTI_BOUND_G,10,8,723,609.2654213634116
MULTI_BOUND_G,10,8,724,624.0499335784746
MULTI_BOUND_G,10,8,725,630.175056525631
MULTI_BOUND_G,10,8,726,631.27535832687
MULTI_BOUND_G,10,8,727,643.0076582602007
MULTI_BOUND_G,10,8,728,655.5610509342682
MULTI_BOUND_G,10,8,729,673.9837050107628
MULTI_BOUND_G,10,8,730,691.9247242446562
MULTI_BOUND_G,10,8,731,677.9766118120872
MULTI_BOUND_G,10,8,732,689.4549881522573
MULTI_BOUND_G,10,8,733,700.1531728842403
MULTI_BOUND_G,10,8,734,694.0948352723145
MULTI_BOUND_G,10,8,735,693.5018630420419
MULTI_BOUND_G,10,8,736,717.8552322661687
MULTI_BOUND_G,10,8,737,745.7382010193681
MULTI_BOUND_G,10,8,738,353.17524321994426
MULTI_BOUND_G,10,8,739,454.67089707359526
MULTI_BOUND_G,10,8,740,462.81298167663306
MULTI_BOUND_G,10,8,741,468.124889938866
MULTI_BOUND_G,10,8,742,483.03298530104905
MULTI_BOUND_G,10,8,743,502.3789176720933
MULTI_BOUND_G,10,8,744,523.8544962142405
MULTI_BOUND_G,10,8,745,504.66009642645145
MULTI_BOUND_G,10,8,746,528.4471413293738
MULTI_BOUND_G,10,8,747,454.80997375294015
MULTI_BOUND_G,10,8,748,477.9683523774946
MULTI_BOUND_G,10,8,749,492.8179601493263
MULTI_BOUND_G,10,8,750,504.7984404726724
MULTI_BOUND_G,10,8,751,516.0713870491041
MULTI_BOUND_G,10,8,752,544.7601342248065
MULTI_BOUND_G,10,8,753,555.2799613812715
MULTI_BOUND_G,10,8,754,566.6578164541482
MULTI_BOUND_G,10,8,755,474.97663829732613
MULTI_BOUND_G,10,8,756,489.870004243613
MULTI_BOUND_G,10,8,757,519.5386214768214
MULTI_BOUND_G,10,8,758,511.98701169722096
MULTI_BOUND_G,10,8,759,537.232191922137
MULTI_BOUND_G,10,8,760,549.8600241427482
MULTI_BOUND_G,10,8,761,551.2556613401732
MULTI_BOUND_G,10,8,762,579.4426455508099
MULTI_BOUND_G,10,8,763,507.0864278616296
MULTI_BOUND_G,10,8,764,515.1677467247546
MULTI_BOUND_G,10,8,765,527.35033837747
MULTI_BOUND_G,10,8,766,540.6880259867337
MULTI_BOUND_G,10,8,767,527.664257277136
MULTI_BOUND_G,10,8,768,525.9588435464697
MULTI_BOUND_G,10,8,769,575.8350575176446
MULTI_BOUND_G,10,8,770,590.253011093564
MULTI_BOUND_G,10,8,771,565.259218550776
MULTI_BOUND_G,10,8,772,574.9923118585368
MULTI_BOUND_G,10,8,773,586.1688537129955
MULTI_BOUND_G,10,8,774,607.0552315516816
MULTI_BOUND_G,10,8,775,587.2691555142346
MULTI_BOUND_G,10,8,776,593.7831590173193
MULTI_BOUND_G,10,8,777,607.1328240057092
MULTI_BOUND_G,10,8,778,628.2590230110002
MULTI_BOUND_G,10,8,779,574.3575525199894
MULTI_BOUND_G,10,8,780,588.0523721760792
MULTI_BOUND_G,10,8,781,587.8340968205121
MULTI_BOUND_G,10,8,782,601.9916121697975
MULTI_BOUND_G,10,8,783,651.3267763150541
MULTI_BOUND_G,10,8,784,650.3345087630023
MULTI_BOUND_G,10,8,785,663.8748111117416
MULTI_BOUND_G,10,8,786,652.1304871856073
MULTI_BOUND_G,10,8,787,604.7298090330672
MULTI_BOUND_G,10,8,788,620.2565760423267
MULTI_BOUND_G,10,8,789,629.5881402017483
MULTI_BOUND_G,10,8,790,638.9419780632094
MULTI_BOUND_G,10,8,791,664.8233030170611
MULTI_BOUND_G,10,8,792,669.5186595477082
MULTI_BOUND_G,10,8,793,682.285070095975
MULTI_BOUND_G,10,8,794,719.7784507889455
MULTI_BOUND_G,10,8,795,647.1921712991127
MULTI_BOUND_G,10,8,796,654.7560109717757
MULTI_BOUND_G,10,8,797,658.1353177321041
MULTI_BOUND_G,10,8,798,660.3150454372973
MULTI_BOUND_G,10,8,799,682.6557949657188
MULTI_BOUND_G,10,8,800,717.6606853776025
MULTI_BOUND_G,10,8,801,698.01948840715
MULTI_BOUND_G,10,8,802,720.3845486192458
MULTI_BOUND_G,10,8,803,653.5964962535586
MULTI_BOUND_G,10,8,804,665.0748725937287
MULTI_BOUND_G,10,8,805,672.1703933366841
MULTI_BOUND_G,10,8,806,675.7730573257118
MULTI_BOUND_G,10,8,807,669.7147197137859
MULTI_BOUND_G,10,8,808,669.1217474835133
MULTI_BOUND_G,10,8,809,693.4751167076402
MULTI_BOUND_G,10,8,810,720.9875296564862
MULTI_BOUND_G,10,8,811,518.8240250330325
MULTI_BOUND_G,10,8,812,546.0470420700957
MULTI_BOUND_G,10,8,813,552.2715367729456
MULTI_BOUND_G,10,8,814,575.9761489888871
MULTI_BOUND_G,10,8,815,583.3878059935043
MULTI_BOUND_G,10,8,816,612.8388239174076
MULTI_BOUND_G,10,8,817,619.3756102153986
MULTI_BOUND_G,10,8,818,625.8797055972934
MULTI_BOUND_G,10,8,819,585.3896977235779
MULTI_BOUND_G,10,8,820,584.9066692576341
MULTI_BOUND_G,10,8,821,598.8436905888487
MULTI_BOUND_G,10,8,822,604.8949854015759
MULTI_BOUND_G,10,8,823,629.114677463602
MULTI_BOUND_G,10,8,824,654.5732968642233
MULTI_BOUND_G,10,8,825,634.6166263282332
MULTI_BOUND_G,10,8,826,652.9357947018548
MULTI_BOUND_G,10,8,827,572.0897692177048
MULTI_BOUND_G,10,8,828,582.9184967514827
MULTI_BOUND_G,10,8,829,608.0266393282182
MULTI_BOUND_G,10,8,830,608.3378718693987
MULTI_BOUND_G,10,8,831,634.3453228425155
MULTI_BOUND_G,10,8,832,632.7481767666092
MULTI_BOUND_G,10,8,833,642.9901142046529
MULTI_BOUND_G,10,8,834,667.6989759217324
MULTI_BOUND_G,10,8,835,602.5176196444811
MULTI_BOUND_G,10,8,836,618.8066574019415
MULTI_BOUND_G,10,8,837,624.0735831488544
MULTI_BOUND_G,10,8,838,637.4920594228241
MULTI_BOUND_G,10,8,839,654.748271307694
MULTI_BOUND_G,10,8,840,664.085700048849
MULTI_BOUND_G,10,8,841,665.7421910881255
MULTI_BOUND_G,10,8,842,709.4717315991044
MULTI_BOUND_G,10,8,843,589.239121481914
MULTI_BOUND_G,10,8,844,598.8693027254951
MULTI_BOUND_G,10,8,845,602.7156657824366
MULTI_BOUND_G,10,8,846,608.2480680627405
MULTI_BOUND_G,10,8,847,666.2083452769787
MULTI_BOUND_G,10,8,848,656.978121350338
MULTI_BOUND_G,10,8,849,661.233036866453
MULTI_BOUND_G,10,8,850,669.8995795242103
MULTI_BOUND_G,10,8,851,623.0357574238205
MULTI_BOUND_G,10,8,852,627.1340354284714
MULTI_BOUND_G,10,8,853,639.2350295271524
MULTI_BOUND_G,10,8,854,656.6373555489247
MULTI_BOUND_G,10,8,855,643.613586839327
MULTI_BOUND_G,10,8,856,641.1459023604598
MULTI_BOUND_G,10,8,857,682.9275865303798
MULTI_BOUND_G,10,8,858,690.8512440653071
MULTI_BOUND_G,10,8,859,648.8326042627414
MULTI_BOUND_G,10,8,860,647.7713308664227
MULTI_BOUND_G,10,8,861,655.7111122832241
MULTI_BOUND_G,10,8,862,661.9554784009259
MULTI_BOUND_G,10,8,863,675.4394273798916
MULTI_BOUND_G,10,8,864,719.3011183412311
MULTI_BOUND_G,10,8,865,698.8976506225777
MULTI_BOUND_G,10,8,866,715.9580294134422
MULTI_BOUND_G,10,8,867,650.2209341868339
MULTI_BOUND_G,10,8,868,671.8078963577639
MULTI_BOUND_G,10,8,869,678.2003109060946
MULTI_BOUND_G,10,8,870,676.3965168895122
MULTI_BOUND_G,10,8,871,720.4163936865607
MULTI_BOUND_G,10,8,872,748.3682135251627
MULTI_BOUND_G,10,8,873,746.9006301771831
MULTI_BOUND_G,10,8,874,735.6567744709757
MULTI_BOUND_G,10,8,875,719.9770386401844
MULTI_BOUND_G,10,8,876,727.4723741218806
MULTI_BOUND_G,10,8,877,730.0548907658201
MULTI_BOUND_G,10,8,878,738.088961299829
MULTI_BOUND_G,10,8,879,732.0497811360242
MULTI_BOUND_G,10,8,880,731.6569795183416
MULTI_BOUND_G,10,8,881,751.2305460252842
MULTI_BOUND_G,10,8,882,365.3186560845371
MULTI_BOUND_G,10,8,883,565.2228174505565
MULTI_BOUND_G,10,8,884,588.3811960751111
MULTI_BOUND_G,10,8,885,603.2308038469429
MULTI_BOUND_G,10,8,886,615.2112841702888
MULTI_BOUND_G,10,8,887,618.3103029939025
MULTI_BOUND_G,10,8,888,626.4842307467206
MULTI_BOUND_G,10,8,889,655.1729779224229
MULTI_BOUND_G,10,8,890,677.0706601517647
MULTI_BOUND_G,10,8,891,595.7628908426198
MULTI_BOUND_G,10,8,892,616.0268013584603
MULTI_BOUND_G,10,8,893,629.3644889677239
MULTI_BOUND_G,10,8,894,616.3407202581262
MULTI_BOUND_G,10,8,895,614.6353065274599
MULTI_BOUND_G,10,8,896,664.5115204986348
MULTI_BOUND_G,10,8,897,663.5783774841063
MULTI_BOUND_G,10,8,898,678.9294740745543
MULTI_BOUND_G,10,8,899,611.9118433394326
MULTI_BOUND_G,10,8,900,620.0539279424704
MULTI_BOUND_G,10,8,901,625.3658362047032
MULTI_BOUND_G,10,8,902,640.2739315668864
MULTI_BOUND_G,10,8,903,681.0954424800777
MULTI_BOUND_G,10,8,904,661.9010426922887
MULTI_BOUND_G,10,8,905,679.4579403177094
MULTI_BOUND_G,10,8,906,685.6880875952111
MULTI_BOUND_G,10,8,907,598.85040117465
MULTI_BOUND_G,10,8,908,613.7437671209368
MULTI_BOUND_G,10,8,909,643.4123843541453
MULTI_BOUND_G,10,8,910,635.8607745745447
MULTI_BOUND_G,10,8,911,661.105954799461
MULTI_BOUND_G,10,8,912,659.5088087235545
MULTI_BOUND_G,10,8,913,675.129424217497
MULTI_BOUND_G,10,9,0,359.6549328039302
MULTI_BOUND_G,10,9,1,13347.473793126013
MULTI_BOUND_G,10,9,2,6668.771962086918
MULTI_BOUND_G,10,9,3,3308.292063904959
MULTI_BOUND_G,10,9,4,1641.296399364538
MULTI_BOUND_G,10,9,5,823.0533264230196
MULTI_BOUND_G,10,9,6,409.8368274419555
MULTI_BOUND_G,10,9,7,471.72198006391955
MULTI_BOUND_G,10,9,8,472.28945124825003
MULTI_BOUND_G,10,9,9,481.6442617678532
MULTI_BOUND_G,10,9,10,494.5186820420065
MULTI_BOUND_G,10,9,11,508.2915668563332
MULTI_BOUND_G,10,9,12,513.2793722477898
MULTI_BOUND_G,10,9,13,495.83218674095605
MULTI_BOUND_G,10,9,14,433.1587428257382
MULTI_BOUND_G,10,9,15,446.66878759719054
MULTI_BOUND_G,10,9,16,459.4281388521275
MULTI_BOUND_G,10,9,17,457.52218225316983
MULTI_BOUND_G,10,9,18,471.57055832219123
MULTI_BOUND_G,10,9,19,471.6232321030367
MULTI_BOUND_G,10,9,20,484.58882781260775
MULTI_BOUND_G,10,9,21,497.78797659382167
MULTI_BOUND_G,10,9,22,443.0953810044059
MULTI_BOUND_G,10,9,23,452.0549737545463
MULTI_BOUND_G,10,9,24,455.27348913245874
MULTI_BOUND_G,10,9,25,492.7329029674659
MULTI_BOUND_G,10,9,26,478.40261492023654
MULTI_BOUND_G,10,9,27,493.97928902563024
MULTI_BOUND_G,10,9,28,493.3191847458156
MULTI_BOUND_G,10,9,29,514.4912695607543
MULTI_BOUND_G,10,9,30,430.8758837944305
MULTI_BOUND_G,10,9,31,469.74019298625427
MULTI_BOUND_G,10,9,32,481.6741447455221
MULTI_BOUND_G,10,9,33,491.0036177247189
MULTI_BOUND_G,10,9,34,502.2517000390326
MULTI_BOUND_G,10,9,35,515.8767548204189
MULTI_BOUND_G,10,9,36,521.5178663281542
MULTI_BOUND_G,10,9,37,510.47374010537845
MULTI_BOUND_G,10,9,38,467.9826143832828
MULTI_BOUND_G,10,9,39,517.5359734498722
MULTI_BOUND_G,10,9,40,528.5656055792773
MULTI_BOUND_G,10,9,41,539.2779064294084
MULTI_BOUND_G,10,9,42,537.7178352270028
MULTI_BOUND_G,10,9,43,555.3109092276351
MULTI_BOUND_G,10,9,44,552.3120282766083
MULTI_BOUND_G,10,9,45,573.1345971628405
MULTI_BOUND_G,10,9,46,503.7603673792867
MULTI_BOUND_G,10,9,47,497.42422066642075
MULTI_BOUND_G,10,9,48,506.38180998266574
MULTI_BOUND_G,10,9,49,513.613659254946
MULTI_BOUND_G,10,9,50,531.0940735023885
MULTI_BOUND_G,10,9,51,548.7768459141292
MULTI_BOUND_G,10,9,52,541.7607574879337
MULTI_BOUND_G,10,9,53,569.3027599592656
MULTI_BOUND_G,10,9,54,524.9182629384414
MULTI_BOUND_G,10,9,55,524.8098353478955
MULTI_BOUND_G,10,9,56,522.4309976005723
MULTI_BOUND_G,10,9,57,536.5601837761164
MULTI_BOUND_G,10,9,58,541.5096176563504
MULTI_BOUND_G,10,9,59,561.8976948752367
MULTI_BOUND_G,10,9,60,589.919012606222
MULTI_BOUND_G,10,9,61,603.6747172902308
MULTI_BOUND_G,10,9,62,520.0015910022105
MULTI_BOUND_G,10,9,63,530.8795441760044
MULTI_BOUND_G,10,9,64,553.6963242991764
MULTI_BOUND_G,10,9,65,553.3396632837697
MULTI_BOUND_G,10,9,66,567.2427402707382
MULTI_BOUND_G,10,9,67,575.9852713988605
MULTI_BOUND_G,10,9,68,575.0729499943419
MULTI_BOUND_G,10,9,69,591.7860106543653
MULTI_BOUND_G,10,9,70,557.9243278977539
MULTI_BOUND_G,10,9,71,566.451531297583
MULTI_BOUND_G,10,9,72,564.5116415160529
MULTI_BOUND_G,10,9,73,580.8219474993823
MULTI_BOUND_G,10,9,74,581.7210665568559
MULTI_BOUND_G,10,9,75,604.5240260098146
MULTI_BOUND_G,10,9,76,626.8286242329096
MULTI_BOUND_G,10,9,77,632.4033997738192
MULTI_BOUND_G,10,9,78,448.10923069306125
MULTI_BOUND_G,10,9,79,460.8685819479982
MULTI_BOUND_G,10,9,80,458.96262534904054
MULTI_BOUND_G,10,9,81,473.01100141806194
MULTI_BOUND_G,10,9,82,473.0636751989074
MULTI_BOUND_G,10,9,83,471.5485423404706
MULTI_BOUND_G,10,9,84,486.02927090847845
MULTI_BOUND_G,10,9,85,499.2284196896924
MULTI_BOUND_G,10,9,86,551.0384718691698
MULTI_BOUND_G,10,9,87,549.6664481853619
MULTI_BOUND_G,10,9,88,557.3813536249481
MULTI_BOUND_G,10,9,89,588.7117821536792
MULTI_BOUND_G,10,9,90,577.0721933846175
MULTI_BOUND_G,10,9,91,594.2581720501003
MULTI_BOUND_G,10,9,92,598.0374888994415
MULTI_BOUND_G,10,9,93,614.784374819779
MULTI_BOUND_G,10,9,94,543.4008686226724
MULTI_BOUND_G,10,9,95,587.6705902466797
MULTI_BOUND_G,10,9,96,594.199129573764
MULTI_BOUND_G,10,9,97,603.5286025529608
MULTI_BOUND_G,10,9,98,614.7766848672745
MULTI_BOUND_G,10,9,99,628.4017396486609
MULTI_BOUND_G,10,9,100,634.0428511563962
MULTI_BOUND_G,10,9,101,622.9987249336205
MULTI_BOUND_G,10,9,102,572.1851190804815
MULTI_BOUND_G,10,9,103,572.6432045993579
MULTI_BOUND_G,10,9,104,584.3632272085343
MULTI_BOUND_G,10,9,105,621.8226410435414
MULTI_BOUND_G,10,9,106,607.4923529963121
MULTI_BOUND_G,10,9,107,623.0690271017058
MULTI_BOUND_G,10,9,108,622.4089228218911
MULTI_BOUND_G,10,9,109,643.58100763683
MULTI_BOUND_G,10,9,110,571.0588686893328
MULTI_BOUND_G,10,9,111,604.7536019862987
MULTI_BOUND_G,10,9,112,604.3969409708922
MULTI_BOUND_G,10,9,113,618.3000179578605
MULTI_BOUND_G,10,9,114,613.035372615957
MULTI_BOUND_G,10,9,115,627.0425490859827
MULTI_BOUND_G,10,9,116,626.1302276814642
MULTI_BOUND_G,10,9,117,642.8432883414876
MULTI_BOUND_G,10,9,118,569.9369971356143
MULTI_BOUND_G,10,9,119,609.2830148725534
MULTI_BOUND_G,10,9,120,609.1745872820075
MULTI_BOUND_G,10,9,121,606.7957495346841
MULTI_BOUND_G,10,9,122,625.8743695904623
MULTI_BOUND_G,10,9,123,646.2624468093486
MULTI_BOUND_G,10,9,124,674.283764540334
MULTI_BOUND_G,10,9,125,688.0394692243428
MULTI_BOUND_G,10,9,126,590.9859157388901
MULTI_BOUND_G,10,9,127,651.5689069348846
MULTI_BOUND_G,10,9,128,662.2812077850157
MULTI_BOUND_G,10,9,129,660.72113658261
MULTI_BOUND_G,10,9,130,678.3142105832424
MULTI_BOUND_G,10,9,131,663.5038952829815
MULTI_BOUND_G,10,9,132,675.3153296322156
MULTI_BOUND_G,10,9,133,696.1378985184476
MULTI_BOUND_G,10,9,134,601.7633824987997
MULTI_BOUND_G,10,9,135,638.7580547040744
MULTI_BOUND_G,10,9,136,647.2852581039035
MULTI_BOUND_G,10,9,137,645.3453683223735
MULTI_BOUND_G,10,9,138,662.5547933631765
MULTI_BOUND_G,10,9,139,685.3577528161352
MULTI_BOUND_G,10,9,140,707.6623510392302
MULTI_BOUND_G,10,9,141,713.2371265801397
MULTI_BOUND_G,10,9,142,618.7879393293971
MULTI_BOUND_G,10,9,143,626.1105461552696
MULTI_BOUND_G,10,9,144,627.7455286456421
MULTI_BOUND_G,10,9,145,634.9773779179222
MULTI_BOUND_G,10,9,146,652.4577921653648
MULTI_BOUND_G,10,9,147,670.1405645771056
MULTI_BOUND_G,10,9,148,663.1244761509099
MULTI_BOUND_G,10,9,149,690.6664786222418
MULTI_BOUND_G,10,9,150,467.97778833163494
MULTI_BOUND_G,10,9,151,481.48783310308727
MULTI_BOUND_G,10,9,152,494.24718435802424
MULTI_BOUND_G,10,9,153,506.38960382808796
MULTI_BOUND_G,10,9,154,506.4422776089334
MULTI_BOUND_G,10,9,155,504.9271447504966
MULTI_BOUND_G,10,9,156,519.4078733185045
MULTI_BOUND_G,10,9,157,532.6070220997184
MULTI_BOUND_G,10,9,158,464.53084830099857
MULTI_BOUND_G,10,9,159,512.5851556987677
MULTI_BOUND_G,10,9,160,526.4160009229626
MULTI_BOUND_G,10,9,161,536.3382826268962
MULTI_BOUND_G,10,9,162,549.2127029010495
MULTI_BOUND_G,10,9,163,562.9855877153761
MULTI_BOUND_G,10,9,164,567.9733931068326
MULTI_BOUND_G,10,9,165,550.526207599999
MULTI_BOUND_G,10,9,166,488.24673559497757
MULTI_BOUND_G,10,9,167,489.2246305214104
MULTI_BOUND_G,10,9,168,495.5675122771888
MULTI_BOUND_G,10,9,169,526.8979408059198
MULTI_BOUND_G,10,9,170,515.2583520368581
MULTI_BOUND_G,10,9,171,532.4443307023407
MULTI_BOUND_G,10,9,172,536.2236475516822
MULTI_BOUND_G,10,9,173,552.9705334720197
MULTI_BOUND_G,10,9,174,477.36538204487607
MULTI_BOUND_G,10,9,175,516.2296912366999
MULTI_BOUND_G,10,9,176,521.6351036688833
MULTI_BOUND_G,10,9,177,537.4931159751644
MULTI_BOUND_G,10,9,178,548.741198289478
MULTI_BOUND_G,10,9,179,562.3662530708644
MULTI_BOUND_G,10,9,180,568.0073645785999
MULTI_BOUND_G,10,9,181,556.9632383558239
MULTI_BOUND_G,10,9,182,526.7300832462807
MULTI_BOUND_G,10,9,183,576.2834423128702
MULTI_BOUND_G,10,9,184,587.3130744422753
MULTI_BOUND_G,10,9,185,598.0253752924064
MULTI_BOUND_G,10,9,186,614.0583780906331
MULTI_BOUND_G,10,9,187,599.248062790372
MULTI_BOUND_G,10,9,188,611.0594971396063
MULTI_BOUND_G,10,9,189,631.8820660258384
MULTI_BOUND_G,10,9,190,557.1264376859492
MULTI_BOUND_G,10,9,191,550.7902909730832
MULTI_BOUND_G,10,9,192,558.1128977989557
MULTI_BOUND_G,10,9,193,566.9797295616083
MULTI_BOUND_G,10,9,194,584.4601438090509
MULTI_BOUND_G,10,9,195,602.1429162207917
MULTI_BOUND_G,10,9,196,595.126827794596
MULTI_BOUND_G,10,9,197,622.6688302659279
MULTI_BOUND_G,10,9,198,535.7197063879869
MULTI_BOUND_G,10,9,199,575.065724124926
MULTI_BOUND_G,10,9,200,572.5784587870567
MULTI_BOUND_G,10,9,201,586.7076449626011
MULTI_BOUND_G,10,9,202,591.6570788428348
MULTI_BOUND_G,10,9,203,612.0451560617212
MULTI_BOUND_G,10,9,204,640.0664737927066
MULTI_BOUND_G,10,9,205,653.8221784767154
MULTI_BOUND_G,10,9,206,561.270209930383
MULTI_BOUND_G,10,9,207,572.1481631041769
MULTI_BOUND_G,10,9,208,594.9649432273488
MULTI_BOUND_G,10,9,209,608.5113591989107
MULTI_BOUND_G,10,9,210,603.2467138570072
MULTI_BOUND_G,10,9,211,617.2538903270329
MULTI_BOUND_G,10,9,212,616.3415689225144
MULTI_BOUND_G,10,9,213,633.0546295825377
MULTI_BOUND_G,10,9,214,571.0486724098542
MULTI_BOUND_G,10,9,215,608.043344615129
MULTI_BOUND_G,10,9,216,616.570548014958
MULTI_BOUND_G,10,9,217,630.9409642167573
MULTI_BOUND_G,10,9,218,631.840083274231
MULTI_BOUND_G,10,9,219,654.6430427271896
MULTI_BOUND_G,10,9,220,676.9476409502848
MULTI_BOUND_G,10,9,221,682.5224164911942
MULTI_BOUND_G,10,9,222,433.115178075826
MULTI_BOUND_G,10,9,223,446.62522284727845
MULTI_BOUND_G,10,9,224,459.38457410221537
MULTI_BOUND_G,10,9,225,457.4786175032577
MULTI_BOUND_G,10,9,226,471.5269935722791
MULTI_BOUND_G,10,9,227,471.5796673531246
MULTI_BOUND_G,10,9,228,470.0645344946878
MULTI_BOUND_G,10,9,229,497.7444118439095
MULTI_BOUND_G,10,9,230,489.4776709285567
MULTI_BOUND_G,10,9,231,537.5319783263258
MULTI_BOUND_G,10,9,232,551.9302947348511
MULTI_BOUND_G,10,9,233,561.2851052544543
MULTI_BOUND_G,10,9,234,574.1595255286077
MULTI_BOUND_G,10,9,235,587.9324103429342
MULTI_BOUND_G,10,9,236,592.9202157343907
MULTI_BOUND_G,10,9,237,575.473030227557
MULTI_BOUND_G,10,9,238,541.0073975494306
MULTI_BOUND_G,10,9,239,541.9852924758633
MULTI_BOUND_G,10,9,240,540.6132687920555
MULTI_BOUND_G,10,9,241,579.6586027603728
MULTI_BOUND_G,10,9,242,568.0190139913111
MULTI_BOUND_G,10,9,243,585.2049926567937
MULTI_BOUND_G,10,9,244,588.9843095061351
MULTI_BOUND_G,10,9,245,605.7311954264726
MULTI_BOUND_G,10,9,246,547.3923855242928
MULTI_BOUND_G,10,9,247,556.3519782744331
MULTI_BOUND_G,10,9,248,547.8504710431691
MULTI_BOUND_G,10,9,249,597.0299074873526
MULTI_BOUND_G,10,9,250,582.6996194401233
MULTI_BOUND_G,10,9,251,598.2762935455171
MULTI_BOUND_G,10,9,252,597.6161892657024
MULTI_BOUND_G,10,9,253,618.7882740806413
MULTI_BOUND_G,10,9,254,546.2154600523315
MULTI_BOUND_G,10,9,255,557.0934132261254
MULTI_BOUND_G,10,9,256,579.9101933492975
MULTI_BOUND_G,10,9,257,579.5535323338908
MULTI_BOUND_G,10,9,258,593.4566093208591
MULTI_BOUND_G,10,9,259,588.1919639789558
MULTI_BOUND_G,10,9,260,602.1991404489816
MULTI_BOUND_G,10,9,261,617.9998797044864
MULTI_BOUND_G,10,9,262,541.8409125789337
MULTI_BOUND_G,10,9,263,581.0785027253269
MULTI_BOUND_G,10,9,264,578.6996649780035
MULTI_BOUND_G,10,9,265,592.8288511535477
MULTI_BOUND_G,10,9,266,597.7782850337817
MULTI_BOUND_G,10,9,267,618.166362252668
MULTI_BOUND_G,10,9,268,646.1876799836534
MULTI_BOUND_G,10,9,269,659.943384667662
MULTI_BOUND_G,10,9,270,562.5941711163288
MULTI_BOUND_G,10,9,271,612.1475301829182
MULTI_BOUND_G,10,9,272,623.1771623123233
MULTI_BOUND_G,10,9,273,633.8894631624544
MULTI_BOUND_G,10,9,274,632.3293919600487
MULTI_BOUND_G,10,9,275,649.9224659606812
MULTI_BOUND_G,10,9,276,635.1121506604201
MULTI_BOUND_G,10,9,277,667.7461538958864
MULTI_BOUND_G,10,9,278,574.6782501087962
MULTI_BOUND_G,10,9,279,611.6729223140709
MULTI_BOUND_G,10,9,280,618.2602359323699
MULTI_BOUND_G,10,9,281,634.5705419156993
MULTI_BOUND_G,10,9,282,635.469660973173
MULTI_BOUND_G,10,9,283,658.2726204261317
MULTI_BOUND_G,10,9,284,680.5772186492267
MULTI_BOUND_G,10,9,285,686.1519941901362
MULTI_BOUND_G,10,9,286,610.8450722203752
MULTI_BOUND_G,10,9,287,599.565400170471
MULTI_BOUND_G,10,9,288,611.8315323333816
MULTI_BOUND_G,10,9,289,613.4665148237542
MULTI_BOUND_G,10,9,290,634.5699001158257
MULTI_BOUND_G,10,9,291,655.8615507552176
MULTI_BOUND_G,10,9,292,645.0354328823779
MULTI_BOUND_G,10,9,293,676.3874648003539
MULTI_BOUND_G,10,9,294,529.0841846428278
MULTI_BOUND_G,10,9,295,542.9150298670227
MULTI_BOUND_G,10,9,296,543.4825010513532
MULTI_BOUND_G,10,9,297,552.8373115709563
MULTI_BOUND_G,10,9,298,565.7117318451096
MULTI_BOUND_G,10,9,299,579.4846166594364
MULTI_BOUND_G,10,9,300,584.4724220508929
MULTI_BOUND_G,10,9,301,567.0252365440592
MULTI_BOUND_G,10,9,302,495.39019433278406
MULTI_BOUND_G,10,9,303,534.7362120697231
MULTI_BOUND_G,10,9,304,534.6277844791772
MULTI_BOUND_G,10,9,305,532.248946731854
MULTI_BOUND_G,10,9,306,546.3781329073981
MULTI_BOUND_G,10,9,307,571.7156440065183
MULTI_BOUND_G,10,9,308,599.7369617375037
MULTI_BOUND_G,10,9,309,613.4926664215125
MULTI_BOUND_G,10,9,310,515.2139017942769
MULTI_BOUND_G,10,9,311,552.2085739995517
MULTI_BOUND_G,10,9,312,560.7357773993806
MULTI_BOUND_G,10,9,313,558.7958876178507
MULTI_BOUND_G,10,9,314,575.1061936011799
MULTI_BOUND_G,10,9,315,598.8082721116123
MULTI_BOUND_G,10,9,316,621.1128703347075
MULTI_BOUND_G,10,9,317,626.6876458756169
MULTI_BOUND_G,10,9,318,572.7631599272629
MULTI_BOUND_G,10,9,319,564.261652695999
MULTI_BOUND_G,10,9,320,575.9816753051754
MULTI_BOUND_G,10,9,321,613.4410891401826
MULTI_BOUND_G,10,9,322,599.1108010929534
MULTI_BOUND_G,10,9,323,614.6874751983469
MULTI_BOUND_G,10,9,324,614.0273709185323
MULTI_BOUND_G,10,9,325,635.199455733471
MULTI_BOUND_G,10,9,326,588.2502438239972
MULTI_BOUND_G,10,9,327,599.2798759534021
MULTI_BOUND_G,10,9,328,609.9921768035332
MULTI_BOUND_G,10,9,329,608.4321056011275
MULTI_BOUND_G,10,9,330,626.0251796017599
MULTI_BOUND_G,10,9,331,611.214864301499
MULTI_BOUND_G,10,9,332,623.0262986507331
MULTI_BOUND_G,10,9,333,643.8488675369651
MULTI_BOUND_G,10,9,334,583.0477486202956
MULTI_BOUND_G,10,9,335,605.8645287434674
MULTI_BOUND_G,10,9,336,605.5078677280609
MULTI_BOUND_G,10,9,337,619.4109447150292
MULTI_BOUND_G,10,9,338,614.1462993731258
MULTI_BOUND_G,10,9,339,628.1534758431515
MULTI_BOUND_G,10,9,340,627.241154438633
MULTI_BOUND_G,10,9,341,643.9542150986563
MULTI_BOUND_G,10,9,342,595.6474918392889
MULTI_BOUND_G,10,9,343,595.253363081914
MULTI_BOUND_G,10,9,344,602.9682685215002
MULTI_BOUND_G,10,9,345,634.2986970502311
MULTI_BOUND_G,10,9,346,622.6591082811697
MULTI_BOUND_G,10,9,347,639.8450869466521
MULTI_BOUND_G,10,9,348,643.6244037959937
MULTI_BOUND_G,10,9,349,660.3712897163311
MULTI_BOUND_G,10,9,350,629.1518593986741
MULTI_BOUND_G,10,9,351,634.5572718308575
MULTI_BOUND_G,10,9,352,641.0858111579419
MULTI_BOUND_G,10,9,353,650.4152841371385
MULTI_BOUND_G,10,9,354,661.6633664514522
MULTI_BOUND_G,10,9,355,675.2884212328386
MULTI_BOUND_G,10,9,356,680.9295327405741
MULTI_BOUND_G,10,9,357,669.8854065177982
MULTI_BOUND_G,10,9,358,650.1886518347958
MULTI_BOUND_G,10,9,359,651.1751119478023
MULTI_BOUND_G,10,9,360,652.8100944381749
MULTI_BOUND_G,10,9,361,660.0419437104551
MULTI_BOUND_G,10,9,362,677.5223579578976
MULTI_BOUND_G,10,9,363,695.2051303696385
MULTI_BOUND_G,10,9,364,688.1890419434428
MULTI_BOUND_G,10,9,365,715.7310444147747
MULTI_BOUND_G,10,9,366,526.298087188977
MULTI_BOUND_G,10,9,367,583.9974242402635
MULTI_BOUND_G,10,9,368,593.6266624085722
MULTI_BOUND_G,10,9,369,598.395740648789
MULTI_BOUND_G,10,9,370,596.34856557547
MULTI_BOUND_G,10,9,371,620.6249714425454
MULTI_BOUND_G,10,9,372,620.9411165508457
MULTI_BOUND_G,10,9,373,639.3856616483286
MULTI_BOUND_G,10,9,374,560.9267760131418
MULTI_BOUND_G,10,9,375,575.4368981984517
MULTI_BOUND_G,10,9,376,588.1962494533886
MULTI_BOUND_G,10,9,377,586.290292854431
MULTI_BOUND_G,10,9,378,586.8819292174259
MULTI_BOUND_G,10,9,379,588.9893571113757
MULTI_BOUND_G,10,9,380,598.876209845861
MULTI_BOUND_G,10,9,381,609.1553313579825
MULTI_BOUND_G,10,9,382,575.634706583442
MULTI_BOUND_G,10,9,383,567.9676492702149
MULTI_BOUND_G,10,9,384,576.2406552399244
MULTI_BOUND_G,10,9,385,579.7539536236243
MULTI_BOUND_G,10,9,386,601.8292495022152
MULTI_BOUND_G,10,9,387,620.8323791046627
MULTI_BOUND_G,10,9,388,613.209710361082
MULTI_BOUND_G,10,9,389,641.3585818743416
MULTI_BOUND_G,10,9,390,563.5876286452209
MULTI_BOUND_G,10,9,391,581.1921736350212
MULTI_BOUND_G,10,9,392,573.6907438176147
MULTI_BOUND_G,10,9,393,581.2091593709047
MULTI_BOUND_G,10,9,394,609.4134405557718
MULTI_BOUND_G,10,9,395,624.1165663199625
MULTI_BOUND_G,10,9,396,612.0544764472259
MULTI_BOUND_G,10,9,397,644.6285468550866
MULTI_BOUND_G,10,9,398,553.8617078753676
MULTI_BOUND_G,10,9,399,606.3144946438895
MULTI_BOUND_G,10,9,400,612.7199844899304
MULTI_BOUND_G,10,9,401,619.2485238170146
MULTI_BOUND_G,10,9,402,613.3659817566453
MULTI_BOUND_G,10,9,403,639.8260791105251
MULTI_BOUND_G,10,9,404,636.3855159582339
MULTI_BOUND_G,10,9,405,659.0922453996468
MULTI_BOUND_G,10,9,406,586.7222005389615
MULTI_BOUND_G,10,9,407,644.9205118452107
MULTI_BOUND_G,10,9,408,645.5482357955514
MULTI_BOUND_G,10,9,409,667.6625222386044
MULTI_BOUND_G,10,9,410,666.1024510361988
MULTI_BOUND_G,10,9,411,683.6955250368312
MULTI_BOUND_G,10,9,412,668.8852097365701
MULTI_BOUND_G,10,9,413,676.495037029918
MULTI_BOUND_G,10,9,414,611.3161466292852
MULTI_BOUND_G,10,9,415,646.4605573103379
MULTI_BOUND_G,10,9,416,650.5537367756783
MULTI_BOUND_G,10,9,417,661.3040077900419
MULTI_BOUND_G,10,9,418,657.6084894306158
MULTI_BOUND_G,10,9,419,674.184856596993
MULTI_BOUND_G,10,9,420,704.2609284410828
MULTI_BOUND_G,10,9,421,729.4186187180137
MULTI_BOUND_G,10,9,422,637.313623411246
MULTI_BOUND_G,10,9,423,656.8365288246998
MULTI_BOUND_G,10,9,424,680.6533863617292
MULTI_BOUND_G,10,9,425,680.2967253463227
MULTI_BOUND_G,10,9,426,694.199802333291
MULTI_BOUND_G,10,9,427,688.9351569913875
MULTI_BOUND_G,10,9,428,689.4855937553868
MULTI_BOUND_G,10,9,429,697.8284050010084
MULTI_BOUND_G,10,9,430,646.6729796711768
MULTI_BOUND_G,10,9,431,687.5847172219869
MULTI_BOUND_G,10,9,432,690.2549654947505
MULTI_BOUND_G,10,9,433,705.4833161239546
MULTI_BOUND_G,10,9,434,697.8193608820362
MULTI_BOUND_G,10,9,435,716.8106102824858
MULTI_BOUND_G,10,9,436,752.5719482116073
MULTI_BOUND_G,10,9,437,746.7447381595948
MULTI_BOUND_G,10,9,438,521.6107680342598
MULTI_BOUND_G,10,9,439,535.120812805712
MULTI_BOUND_G,10,9,440,547.880164060649
MULTI_BOUND_G,10,9,441,545.9742074616913
MULTI_BOUND_G,10,9,442,560.0752573115582
MULTI_BOUND_G,10,9,443,558.5601244531214
MULTI_BOUND_G,10,9,444,573.0408530211292
MULTI_BOUND_G,10,9,445,586.2400018023432
MULTI_BOUND_G,10,9,446,599.3513606365215
MULTI_BOUND_G,10,9,447,647.4056680342907
MULTI_BOUND_G,10,9,448,661.2365132584855
MULTI_BOUND_G,10,9,449,661.803984442816
MULTI_BOUND_G,10,9,450,671.158794962419
MULTI_BOUND_G,10,9,451,684.0332152365725
MULTI_BOUND_G,10,9,452,702.7939054423557
MULTI_BOUND_G,10,9,453,685.3467199355221
MULTI_BOUND_G,10,9,454,635.6215645421775
MULTI_BOUND_G,10,9,455,646.4995177159715
MULTI_BOUND_G,10,9,456,669.3162978391433
MULTI_BOUND_G,10,9,457,668.9596368237368
MULTI_BOUND_G,10,9,458,682.8627138107051
MULTI_BOUND_G,10,9,459,677.5980684688017
MULTI_BOUND_G,10,9,460,690.6929235343089
MULTI_BOUND_G,10,9,461,707.4059841943322
MULTI_BOUND_G,10,9,462,630.1754541404143
MULTI_BOUND_G,10,9,463,669.5214718773534
MULTI_BOUND_G,10,9,464,669.4130442868075
MULTI_BOUND_G,10,9,465,667.0342065394841
MULTI_BOUND_G,10,9,466,681.1633927150285
MULTI_BOUND_G,10,9,467,686.1128265952623
MULTI_BOUND_G,10,9,468,734.522221545134
MULTI_BOUND_G,10,9,469,748.2779262291428
MULTI_BOUND_G,10,9,470,673.761895267983
MULTI_BOUND_G,10,9,471,682.7214880181234
MULTI_BOUND_G,10,9,472,674.2199807868594
MULTI_BOUND_G,10,9,473,685.9400033960359
MULTI_BOUND_G,10,9,474,709.0691291838136
MULTI_BOUND_G,10,9,475,724.6458032892074
MULTI_BOUND_G,10,9,476,723.9856990093926
MULTI_BOUND_G,10,9,477,745.1577838243315
MULTI_BOUND_G,10,9,478,656.5464646884868
MULTI_BOUND_G,10,9,479,693.5411368937615
MULTI_BOUND_G,10,9,480,702.0683402935906
MULTI_BOUND_G,10,9,481,700.1284505120606
MULTI_BOUND_G,10,9,482,716.43875649539
MULTI_BOUND_G,10,9,483,717.3378755528636
MULTI_BOUND_G,10,9,484,762.4454332289173
MULTI_BOUND_G,10,9,485,768.0202087698268
MULTI_BOUND_G,10,9,486,685.9995033480322
MULTI_BOUND_G,10,9,487,686.9773982744649
MULTI_BOUND_G,10,9,488,685.6053745906571
MULTI_BOUND_G,10,9,489,693.3202800302435
MULTI_BOUND_G,10,9,490,713.0111197899128
MULTI_BOUND_G,10,9,491,730.1970984553955
MULTI_BOUND_G,10,9,492,733.9764153047367
MULTI_BOUND_G,10,9,493,750.7233012250742
MULTI_BOUND_G,10,9,494,675.3009732780462
MULTI_BOUND_G,10,9,495,714.1652824698699
MULTI_BOUND_G,10,9,496,719.5706949020534
MULTI_BOUND_G,10,9,497,726.0992342291378
MULTI_BOUND_G,10,9,498,735.4287072083346
MULTI_BOUND_G,10,9,499,746.6767895226483
MULTI_BOUND_G,10,9,500,765.9429558117699
MULTI_BOUND_G,10,9,501,754.8988295889942
MULTI_BOUND_G,10,9,502,750.448915116028
MULTI_BOUND_G,10,9,503,744.112768403162
MULTI_BOUND_G,10,9,504,751.4353752290345
MULTI_BOUND_G,10,9,505,753.0703577194071
MULTI_BOUND_G,10,9,506,760.3022069916872
MULTI_BOUND_G,10,9,507,371.0225534128594
MULTI_BOUND_G,10,9,508,614.1887452555075
MULTI_BOUND_G,10,9,509,615.1666401819401
MULTI_BOUND_G,10,9,510,613.7946164981323
MULTI_BOUND_G,10,9,511,621.5095219377187
MULTI_BOUND_G,10,9,512,652.8399504664496
MULTI_BOUND_G,10,9,513,641.200361697388
MULTI_BOUND_G,10,9,514,662.165657212212
MULTI_BOUND_G,10,9,515,678.9125431325494
MULTI_BOUND_G,10,9,516,658.5593819609311
MULTI_BOUND_G,10,9,517,697.4236911527548
MULTI_BOUND_G,10,9,518,702.8291035849384
MULTI_BOUND_G,10,9,519,709.3576429120227
MULTI_BOUND_G,10,9,520,718.6871158912195
MULTI_BOUND_G,10,9,521,743.5602529869195
MULTI_BOUND_G,10,9,522,749.2013644946549
MULTI_BOUND_G,10,9,523,738.1572382718791
MULTI_BOUND_G,10,9,524,685.9918348689872
MULTI_BOUND_G,10,9,525,694.9514276191276
MULTI_BOUND_G,10,9,526,686.4499203878636
MULTI_BOUND_G,10,9,527,698.16994299704
MULTI_BOUND_G,10,9,528,735.629356832047
MULTI_BOUND_G,10,9,529,721.2990687848178
MULTI_BOUND_G,10,9,530,736.2156386103968
MULTI_BOUND_G,10,9,531,757.3877234253357
MULTI_BOUND_G,10,9,532,687.0876553507103
MULTI_BOUND_G,10,9,533,680.7515086378443
MULTI_BOUND_G,10,9,534,688.0741154637168
MULTI_BOUND_G,10,9,535,689.7090979540893
MULTI_BOUND_G,10,9,536,696.9409472263694
MULTI_BOUND_G,10,9,537,714.421361473812
MULTI_BOUND_G,10,9,538,725.0880454593571
MULTI_BOUND_G,10,9,539,752.630047930689
MULTI_BOUND_G,10,9,540,675.4457206482286
MULTI_BOUND_G,10,9,541,723.5000280459979
MULTI_BOUND_G,10,9,542,737.3308732701927
MULTI_BOUND_G,10,9,543,737.8983444545232
MULTI_BOUND_G,10,9,544,747.2531549741263
MULTI_BOUND_G,10,9,545,773.9004600626063
MULTI_BOUND_G,10,9,546,778.8882654540628
MULTI_BOUND_G,10,9,547,761.4410799472291
MULTI_BOUND_G,10,9,548,706.7107139396135
MULTI_BOUND_G,10,9,549,732.9801099660028
MULTI_BOUND_G,10,9,550,731.0741533670451
MULTI_BOUND_G,10,9,551,745.1225294360665
MULTI_BOUND_G,10,9,552,745.175203216912
MULTI_BOUND_G,10,9,553,743.6600703584752
MULTI_BOUND_G,10,9,554,758.1407989264831
MULTI_BOUND_G,10,9,555,771.3399477076971
MULTI_BOUND_G,10,9,556,706.9641193659119
MULTI_BOUND_G,10,9,557,756.5174784325013
MULTI_BOUND_G,10,9,558,767.5471105619064
MULTI_BOUND_G,10,9,559,776.6993402096318
MULTI_BOUND_G,10,9,560,378.808620804865
MULTI_BOUND_G,10,9,561,406.8299385358504
MULTI_BOUND_G,10,9,562,420.58564321985915
MULTI_BOUND_G,10,9,563,675.2219790021288
MULTI_BOUND_G,10,9,564,688.7320237735812
MULTI_BOUND_G,10,9,565,696.1948407149684
MULTI_BOUND_G,10,9,566,699.5854184295605
MULTI_BOUND_G,10,9,567,713.6337944985819
MULTI_BOUND_G,10,9,568,712.1713354209905
MULTI_BOUND_G,10,9,569,726.6520639889984
MULTI_BOUND_G,10,9,570,739.8512127702124
MULTI_BOUND_G,10,9,571,675.6117598187996
MULTI_BOUND_G,10,9,572,723.6660672165688
MULTI_BOUND_G,10,9,573,737.4969124407636
MULTI_BOUND_G,10,9,574,738.0643836250941
MULTI_BOUND_G,10,9,575,760.2936144188506
MULTI_BOUND_G,10,9,576,774.0664992331772
MULTI_BOUND_G,10,9,577,773.7577703110841
MULTI_BOUND_G,10,9,578,761.6071191178
MULTI_BOUND_G,10,9,579,708.585547609964
MULTI_BOUND_G,10,9,580,747.9315653469031
MULTI_BOUND_G,10,9,581,747.8231377563571
MULTI_BOUND_G,10,9,582,745.4443000090339
MULTI_BOUND_G,10,9,583,759.5734861845781
MULTI_BOUND_G,10,9,584,764.522920064812
MULTI_BOUND_G,10,9,585,784.9109972836982
MULTI_BOUND_G,10,9,586,376.3709094142022
MULTI_BOUND_G,10,9,587,754.5788091115306
MULTI_BOUND_G,10,9,588,763.538401861671
MULTI_BOUND_G,10,9,589,755.0368946304071
MULTI_BOUND_G,10,9,590,766.7569172395835
MULTI_BOUND_G,10,9,591,376.01424839879553
MULTI_BOUND_G,10,9,592,735.8196527569803
MULTI_BOUND_G,10,9,593,389.917325385764
MULTI_BOUND_G,10,9,594,778.5277630809669
MULTI_BOUND_G,10,9,595,779.5056580073998
MULTI_BOUND_G,10,9,596,384.6526800438605
MULTI_BOUND_G,10,9,597,746.6665907839545
MULTI_BOUND_G,10,9,598,398.65985651388627
MULTI_BOUND_G,10,9,599,770.396074443527
MULTI_BOUND_G,10,9,600,397.74753510936773
MULTI_BOUND_G,10,9,601,414.46059576939103
MULTI_BOUND_G,10,9,602,688.5670341364737
MULTI_BOUND_G,10,9,603,689.5449290629064
MULTI_BOUND_G,10,9,604,683.7487244995139
MULTI_BOUND_G,10,9,605,695.8878108186849
MULTI_BOUND_G,10,9,606,727.2182393474159
MULTI_BOUND_G,10,9,607,713.6705036670339
MULTI_BOUND_G,10,9,608,732.0486384297172
MULTI_BOUND_G,10,9,609,736.5439460931782
MULTI_BOUND_G,10,9,610,761.049036861891
MULTI_BOUND_G,10,9,611,754.7947680892928
MULTI_BOUND_G,10,9,612,759.9057934828812
MULTI_BOUND_G,10,9,613,759.3281765259532
MULTI_BOUND_G,10,9,614,770.5756756794108
MULTI_BOUND_G,10,9,615,374.4554063446046
MULTI_BOUND_G,10,9,616,740.8662237136588
MULTI_BOUND_G,10,9,617,779.7305329054825
MULTI_BOUND_G,10,9,618,382.9826097444336
MULTI_BOUND_G,10,9,619,773.4841139989161
MULTI_BOUND_G,10,9,620,782.4437067490564
MULTI_BOUND_G,10,9,621,771.7306180855085
MULTI_BOUND_G,10,9,622,381.04271996290356
MULTI_BOUND_G,10,9,623,763.2095531292048
MULTI_BOUND_G,10,9,624,397.3530259462329
MULTI_BOUND_G,10,9,625,786.3739167750693
MULTI_BOUND_G,10,9,626,398.2521450037066
MULTI_BOUND_G,10,9,627,421.0551044566652
MULTI_BOUND_G,10,9,628,443.35970267976035
MULTI_BOUND_G,10,9,629,448.9344782206698
MULTI_BOUND_G,10,9,630,409.8368274419555
MULTI_BOUND_G,10,9,631,471.72198006391955
MULTI_BOUND_G,10,9,632,472.28945124825003
MULTI_BOUND_G,10,9,633,481.6442617678532
MULTI_BOUND_G,10,9,634,494.5186820420065
MULTI_BOUND_G,10,9,635,508.2915668563332
MULTI_BOUND_G,10,9,636,513.2793722477898
MULTI_BOUND_G,10,9,637,495.83218674095605
MULTI_BOUND_G,10,9,638,433.1587428257382
MULTI_BOUND_G,10,9,639,446.66878759719054
MULTI_BOUND_G,10,9,640,459.4281388521275
MULTI_BOUND_G,10,9,641,457.52218225316983
MULTI_BOUND_G,10,9,642,471.57055832219123
MULTI_BOUND_G,10,9,643,471.6232321030367
MULTI_BOUND_G,10,9,644,484.58882781260775
MULTI_BOUND_G,10,9,645,497.78797659382167
MULTI_BOUND_G,10,9,646,443.0953810044059
MULTI_BOUND_G,10,9,647,452.0549737545463
MULTI_BOUND_G,10,9,648,455.27348913245874
MULTI_BOUND_G,10,9,649,492.7329029674659
MULTI_BOUND_G,10,9,650,478.40261492023654
MULTI_BOUND_G,10,9,651,493.97928902563024
MULTI_BOUND_G,10,9,652,493.3191847458156
MULTI_BOUND_G,10,9,653,514.4912695607543
MULTI_BOUND_G,10,9,654,430.8758837944305
MULTI_BOUND_G,10,9,655,469.74019298625427
MULTI_BOUND_G,10,9,656,481.6741447455221
MULTI_BOUND_G,10,9,657,491.0036177247189
MULTI_BOUND_G,10,9,658,502.2517000390326
MULTI_BOUND_G,10,9,659,515.8767548204189
MULTI_BOUND_G,10,9,660,521.5178663281542
MULTI_BOUND_G,10,9,661,510.47374010537845
MULTI_BOUND_G,10,9,662,467.9826143832828
MULTI_BOUND_G,10,9,663,517.5359734498722
MULTI_BOUND_G,10,9,664,528.5656055792773
MULTI_BOUND_G,10,9,665,539.2779064294084
MULTI_BOUND_G,10,9,666,537.7178352270028
MULTI_BOUND_G,10,9,667,555.3109092276351
MULTI_BOUND_G,10,9,668,552.3120282766083
MULTI_BOUND_G,10,9,669,573.1345971628405
MULTI_BOUND_G,10,9,670,503.7603673792867
MULTI_BOUND_G,10,9,671,497.42422066642075
MULTI_BOUND_G,10,9,672,506.38180998266574
MULTI_BOUND_G,10,9,673,513.613659254946
MULTI_BOUND_G,10,9,674,531.0940735023885
MULTI_BOUND_G,10,9,675,548.7768459141292
MULTI_BOUND_G,10,9,676,541.7607574879337
MULTI_BOUND_G,10,9,677,569.3027599592656
MULTI_BOUND_G,10,9,678,524.9182629384414
MULTI_BOUND_G,10,9,679,524.8098353478955
MULTI_BOUND_G,10,9,680,522.4309976005723
MULTI_BOUND_G,10,9,681,536.5601837761164
MULTI_BOUND_G,10,9,682,541.5096176563504
MULTI_BOUND_G,10,9,683,561.8976948752367
MULTI_BOUND_G,10,9,684,589.919012606222
MULTI_BOUND_G,10,9,685,603.6747172902308
MULTI_BOUND_G,10,9,686,520.0015910022105
MULTI_BOUND_G,10,9,687,530.8795441760044
MULTI_BOUND_G,10,9,688,553.6963242991764
MULTI_BOUND_G,10,9,689,553.3396632837697
MULTI_BOUND_G,10,9,690,567.2427402707382
MULTI_BOUND_G,10,9,691,575.9852713988605
MULTI_BOUND_G,10,9,692,575.0729499943419
MULTI_BOUND_G,10,9,693,591.7860106543653
MULTI_BOUND_G,10,9,694,557.9243278977539
MULTI_BOUND_G,10,9,695,566.451531297583
MULTI_BOUND_G,10,9,696,564.5116415160529
MULTI_BOUND_G,10,9,697,580.8219474993823
MULTI_BOUND_G,10,9,698,581.7210665568559
MULTI_BOUND_G,10,9,699,604.5240260098146
MULTI_BOUND_G,10,9,700,626.8286242329096
MULTI_BOUND_G,10,9,701,632.4033997738192
MULTI_BOUND_G,10,9,702,448.10923069306125
MULTI_BOUND_G,10,9,703,460.8685819479982
MULTI_BOUND_G,10,9,704,458.96262534904054
MULTI_BOUND_G,10,9,705,473.01100141806194
MULTI_BOUND_G,10,9,706,473.0636751989074
MULTI_BOUND_G,10,9,707,471.5485423404706
MULTI_BOUND_G,10,9,708,486.02927090847845
MULTI_BOUND_G,10,9,709,499.2284196896924
MULTI_BOUND_G,10,9,710,551.0384718691698
MULTI_BOUND_G,10,9,711,549.6664481853619
MULTI_BOUND_G,10,9,712,557.3813536249481
MULTI_BOUND_G,10,9,713,588.7117821536792
MULTI_BOUND_G,10,9,714,577.0721933846175
MULTI_BOUND_G,10,9,715,594.2581720501003
MULTI_BOUND_G,10,9,716,598.0374888994415
MULTI_BOUND_G,10,9,717,614.784374819779
MULTI_BOUND_G,10,9,718,543.4008686226724
MULTI_BOUND_G,10,9,719,587.6705902466797
MULTI_BOUND_G,10,9,720,594.199129573764
MULTI_BOUND_G,10,9,721,603.5286025529608
MULTI_BOUND_G,10,9,722,614.7766848672745
MULTI_BOUND_G,10,9,723,628.4017396486609
MULTI_BOUND_G,10,9,724,634.0428511563962
MULTI_BOUND_G,10,9,725,622.9987249336205
MULTI_BOUND_G,10,9,726,572.1851190804815
MULTI_BOUND_G,10,9,727,572.6432045993579
MULTI_BOUND_G,10,9,728,584.3632272085343
MULTI_BOUND_G,10,9,729,621.8226410435414
MULTI_BOUND_G,10,9,730,607.4923529963121
MULTI_BOUND_G,10,9,731,623.0690271017058
MULTI_BOUND_G,10,9,732,622.4089228218911
MULTI_BOUND_G,10,9,733,643.58100763683
MULTI_BOUND_G,10,9,734,571.0588686893328
MULTI_BOUND_G,10,9,735,604.7536019862987
MULTI_BOUND_G,10,9,736,604.3969409708922
MULTI_BOUND_G,10,9,737,618.3000179578605
MULTI_BOUND_G,10,9,738,613.035372615957
MULTI_BOUND_G,10,9,739,627.0425490859827
MULTI_BOUND_G,10,9,740,626.1302276814642
MULTI_BOUND_G,10,9,741,642.8432883414876
MULTI_BOUND_G,10,9,742,569.9369971356143
MULTI_BOUND_G,10,9,743,609.2830148725534
MULTI_BOUND_G,10,9,744,609.1745872820075
MULTI_BOUND_G,10,9,745,606.7957495346841
MULTI_BOUND_G,10,9,746,625.8743695904623
MULTI_BOUND_G,10,9,747,646.2624468093486
MULTI_BOUND_G,10,9,748,674.283764540334
MULTI_BOUND_G,10,9,749,688.0394692243428
MULTI_BOUND_G,10,9,750,590.9859157388901
MULTI_BOUND_G,10,9,751,651.5689069348846
MULTI_BOUND_G,10,9,752,662.2812077850157
MULTI_BOUND_G,10,9,753,660.72113658261
MULTI_BOUND_G,10,9,754,678.3142105832424
MULTI_BOUND_G,10,9,755,663.5038952829815
MULTI_BOUND_G,10,9,756,675.3153296322156
MULTI_BOUND_G,10,9,757,696.1378985184476
MULTI_BOUND_G,10,9,758,601.7633824987997
MULTI_BOUND_G,10,9,759,638.7580547040744
MULTI_BOUND_G,10,9,760,647.2852581039035
MULTI_BOUND_G,10,9,761,645.3453683223735
MULTI_BOUND_G,10,9,762,662.5547933631765
MULTI_BOUND_G,10,9,763,685.3577528161352
MULTI_BOUND_G,10,9,764,707.6623510392302
MULTI_BOUND_G,10,9,765,713.2371265801397
MULTI_BOUND_G,10,9,766,618.7879393293971
MULTI_BOUND_G,10,9,767,626.1105461552696
MULTI_BOUND_G,10,9,768,627.7455286456421
MULTI_BOUND_G,10,9,769,634.9773779179222
MULTI_BOUND_G,10,9,770,652.4577921653648
MULTI_BOUND_G,10,9,771,670.1405645771056
MULTI_BOUND_G,10,9,772,663.1244761509099
MULTI_BOUND_G,10,9,773,690.6664786222418
MULTI_BOUND_G,10,9,774,467.97778833163494
MULTI_BOUND_G,10,9,775,481.48783310308727
MULTI_BOUND_G,10,9,776,494.24718435802424
MULTI_BOUND_G,10,9,777,506.38960382808796
MULTI_BOUND_G,10,9,778,506.4422776089334
MULTI_BOUND_G,10,9,779,504.9271447504966
MULTI_BOUND_G,10,9,780,519.4078733185045
MULTI_BOUND_G,10,9,781,532.6070220997184
MULTI_BOUND_G,10,9,782,464.53084830099857
MULTI_BOUND_G,10,9,783,512.5851556987677
MULTI_BOUND_G,10,9,784,526.4160009229626
MULTI_BOUND_G,10,9,785,536.3382826268962
MULTI_BOUND_G,10,9,786,549.2127029010495
MULTI_BOUND_G,10,9,787,562.9855877153761
MULTI_BOUND_G,10,9,788,567.9733931068326
MULTI_BOUND_G,10,9,789,550.526207599999
MULTI_BOUND_G,10,9,790,488.24673559497757
MULTI_BOUND_G,10,9,791,489.2246305214104
MULTI_BOUND_G,10,9,792,495.5675122771888
MULTI_BOUND_G,10,9,793,526.8979408059198
MULTI_BOUND_G,10,9,794,515.2583520368581
MULTI_BOUND_G,10,9,795,532.4443307023407
MULTI_BOUND_G,10,9,796,536.2236475516822
MULTI_BOUND_G,10,9,797,552.9705334720197
MULTI_BOUND_G,10,9,798,477.36538204487607
MULTI_BOUND_G,10,9,799,516.2296912366999
MULTI_BOUND_G,10,9,800,521.6351036688833
MULTI_BOUND_G,10,9,801,537.4931159751644
MULTI_BOUND_G,10,9,802,548.741198289478
MULTI_BOUND_G,10,9,803,562.3662530708644
MULTI_BOUND_G,10,9,804,568.0073645785999
MULTI_BOUND_G,10,9,805,556.9632383558239
MULTI_BOUND_G,10,9,806,526.7300832462807
MULTI_BOUND_G,10,9,807,576.2834423128702
MULTI_BOUND_G,10,9,808,587.3130744422753
MULTI_BOUND_G,10,9,809,598.0253752924064
MULTI_BOUND_G,10,9,810,614.0583780906331
MULTI_BOUND_G,10,9,811,599.248062790372
MULTI_BOUND_G,10,9,812,611.0594971396063
MULTI_BOUND_G,10,9,813,631.8820660258384
MULTI_BOUND_G,10,9,814,557.1264376859492
MULTI_BOUND_G,10,9,815,550.7902909730832
MULTI_BOUND_G,10,9,816,558.1128977989557
MULTI_BOUND_G,10,9,817,566.9797295616083
MULTI_BOUND_G,10,9,818,584.4601438090509
MULTI_BOUND_G,10,9,819,602.1429162207917
MULTI_BOUND_G,10,9,820,595.126827794596
MULTI_BOUND_G,10,9,821,622.6688302659279
MULTI_BOUND_G,10,9,822,535.7197063879869
MULTI_BOUND_G,10,9,823,575.065724124926
MULTI_BOUND_G,10,9,824,572.5784587870567
MULTI_BOUND_G,10,9,825,586.7076449626011
MULTI_BOUND_G,10,9,826,591.6570788428348
MULTI_BOUND_G,10,9,827,612.0451560617212
MULTI_BOUND_G,10,9,828,640.0664737927066
MULTI_BOUND_G,10,9,829,653.8221784767154
MULTI_BOUND_G,10,9,830,561.270209930383
MULTI_BOUND_G,10,9,831,572.1481631041769
MULTI_BOUND_G,10,9,832,594.9649432273488
MULTI_BOUND_G,10,9,833,608.5113591989107
MULTI_BOUND_G,10,9,834,603.2467138570072
MULTI_BOUND_G,10,9,835,617.2538903270329
MULTI_BOUND_G,10,9,836,616.3415689225144
MULTI_BOUND_G,10,9,837,633.0546295825377
MULTI_BOUND_G,10,9,838,571.0486724098542
MULTI_BOUND_G,10,9,839,608.043344615129
MULTI_BOUND_G,10,9,840,616.570548014958
MULTI_BOUND_G,10,9,841,630.9409642167573
MULTI_BOUND_G,10,9,842,631.840083274231
MULTI_BOUND_G,10,9,843,654.6430427271896
MULTI_BOUND_G,10,9,844,676.9476409502848
MULTI_BOUND_G,10,9,845,682.5224164911942
MULTI_BOUND_G,10,9,846,433.115178075826
MULTI_BOUND_G,10,9,847,446.62522284727845
MULTI_BOUND_G,10,9,848,459.38457410221537
MULTI_BOUND_G,10,9,849,457.4786175032577
MULTI_BOUND_G,10,9,850,471.5269935722791
MULTI_BOUND_G,10,9,851,471.5796673531246
MULTI_BOUND_G,10,9,852,470.0645344946878
MULTI_BOUND_G,10,9,853,497.7444118439095
MULTI_BOUND_G,10,9,854,489.4776709285567
MULTI_BOUND_G,10,9,855,537.5319783263258
MULTI_BOUND_G,10,9,856,551.9302947348511
MULTI_BOUND_G,10,9,857,561.2851052544543
MULTI_BOUND_G,10,9,858,574.1595255286077
MULTI_BOUND_G,10,9,859,587.9324103429342
MULTI_BOUND_G,10,9,860,592.9202157343907
MULTI_BOUND_G,10,9,861,575.473030227557
MULTI_BOUND_G,10,9,862,541.0073975494306
MULTI_BOUND_G,10,9,863,541.9852924758633
MULTI_BOUND_G,10,9,864,540.6132687920555
MULTI_BOUND_G,10,9,865,579.6586027603728
MULTI_BOUND_G,10,9,866,568.0190139913111
MULTI_BOUND_G,10,9,867,585.2049926567937
MULTI_BOUND_G,10,9,868,588.9843095061351
MULTI_BOUND_G,10,9,869,605.7311954264726
MULTI_BOUND_G,10,9,870,547.3923855242928
MULTI_BOUND_G,10,9,871,556.3519782744331
MULTI_BOUND_G,10,9,872,547.8504710431691
MULTI_BOUND_G,10,9,873,597.0299074873526
MULTI_BOUND_G,30,0,0,887.6713076736814
MULTI_BOUND_G,30,0,1,10146095703.22263
MULTI_BOUND_G,30,0,2,5073047829.887396
MULTI_BOUND_G,30,0,3,2536523887.5827084
MULTI_BOUND_G,30,0,4,1268261932.138606
MULTI_BOUND_G,30,0,5,634130965.9321573
MULTI_BOUND_G,30,0,6,317065493.4805912
MULTI_BOUND_G,30,0,7,158532728.09559107
MULTI_BOUND_G,30,0,8,79266356.6948421
MULTI_BOUND_G,30,0,9,39633180.47905812
MULTI_BOUND_G,30,0,10,19816581.69229248
MULTI_BOUND_G,30,0,11,9908285.794650936
MULTI_BOUND_G,30,0,12,4954156.1403224
MULTI_BOUND_G,30,0,13,2477079.9968739226
MULTI_BOUND_G,30,0,14,1238535.9944275583
MULTI_BOUND_G,30,0,15,619269.2785919025
MULTI_BOUND_G,30,0,16,309643.1147384298
MULTI_BOUND_G,30,0,17,154838.0914098072
MULTI_BOUND_G,30,0,18,77429.64441201047
MULTI_BOUND_G,30,0,19,38742.36500165088
MULTI_BOUND_G,30,0,20,19381.168846594734
MULTI_BOUND_G,30,0,21,9695.795187978092
MULTI_BOUND_G,30,0,22,4867.944705903856
MULTI_BOUND_G,30,0,23,2452.0969833026875
MULTI_BOUND_G,30,0,24,1231.6626356226589
MULTI_BOUND_G,30,0,25,1243.60936664994
MULTI_BOUND_G,30,0,26,1238.8420388146003
MULTI_BOUND_G,30,0,27,1244.8441521361826
MULTI_BOUND_G,30,0,28,1248.5987622701361
MULTI_BOUND_G,30,0,29,1252.7257735383153
MULTI_BOUND_G,30,0,30,1256.8809793329056
MULTI_BOUND_G,30,0,31,1271.8310719185963
MULTI_BOUND_G,30,0,32,1262.9622450319941
MULTI_BOUND_G,30,0,33,1258.5226587487068
MULTI_BOUND_G,30,0,34,1273.9721944868013
MULTI_BOUND_G,30,0,35,1281.3192837268775
MULTI_BOUND_G,30,0,36,1268.0120997122094
MULTI_BOUND_G,30,0,37,1267.0607153980145
MULTI_BOUND_G,30,0,38,1275.2202634489095
MULTI_BOUND_G,30,0,39,1275.2815580042547
MULTI_BOUND_G,30,0,40,1298.1622909618955
MULTI_BOUND_G,30,0,41,1285.9031317464605
MULTI_BOUND_G,30,0,42,1291.7529802684485
MULTI_BOUND_G,30,0,43,1303.0162799963318
MULTI_BOUND_G,30,0,44,1300.5699471179414
MULTI_BOUND_G,30,0,45,1307.1887438605995
MULTI_BOUND_G,30,0,46,1297.1410843413041
MULTI_BOUND_G,30,0,47,1293.6959111256806
MULTI_BOUND_G,30,0,48,1302.6238337077802
MULTI_BOUND_G,30,0,49,1303.755040206429
MULTI_BOUND_G,30,0,50,1228.6957329902555
MULTI_BOUND_G,30,0,51,1249.6125344576608
MULTI_BOUND_G,30,0,52,1263.4549304493967
MULTI_BOUND_G,30,0,53,1249.3882906676652
MULTI_BOUND_G,30,0,54,1269.6013654422327
MULTI_BOUND_G,30,0,55,1264.5145538671172
MULTI_BOUND_G,30,0,56,1269.4670206445505
MULTI_BOUND_G,30,0,57,1277.3134675077845
MULTI_BOUND_G,30,0,58,1283.3354309535093
MULTI_BOUND_G,30,0,59,1272.7431658837354
MULTI_BOUND_G,30,0,60,1268.6034224775171
MULTI_BOUND_G,30,0,61,1287.322868953429
MULTI_BOUND_G,30,0,62,1280.8902828396042
MULTI_BOUND_G,30,0,63,1281.91755906691
MULTI_BOUND_G,30,0,64,1277.9395867303338
MULTI_BOUND_G,30,0,65,1279.3287938061787
MULTI_BOUND_G,30,0,66,1286.7703740461047
MULTI_BOUND_G,30,0,67,1299.9556163451148
MULTI_BOUND_G,30,0,68,1308.5025555204643
MULTI_BOUND_G,30,0,69,1312.4210878251522
MULTI_BOUND_G,30,0,70,1331.2875362850864
MULTI_BOUND_G,30,0,71,1315.6852553253152
MULTI_BOUND_G,30,0,72,1325.041789179278
MULTI_BOUND_G,30,0,73,1318.7392376924777
MULTI_BOUND_G,30,0,74,1334.5535396185956
MULTI_BOUND_G,30,0,75,1342.2725792574963
MULTI_BOUND_G,30,0,76,1244.5265472758285
MULTI_BOUND_G,30,0,77,1247.0889211803128
MULTI_BOUND_G,30,0,78,1271.1069280506433
MULTI_BOUND_G,30,0,79,1278.8802615310324
MULTI_BOUND_G,30,0,80,1280.7541993106317
MULTI_BOUND_G,30,0,81,1276.5741586107315
MULTI_BOUND_G,30,0,82,1288.589889288413
MULTI_BOUND_G,30,0,83,1284.540937298079
MULTI_BOUND_G,30,0,84,1291.1993303335814
MULTI_BOUND_G,30,0,85,1293.744816006409
MULTI_BOUND_G,30,0,86,1292.2986208786353
MULTI_BOUND_G,30,0,87,1301.3319768382512
MULTI_BOUND_G,30,0,88,1316.7788530216417
MULTI_BOUND_G,30,0,89,1308.8576345438476
MULTI_BOUND_G,30,0,90,1300.9970510893731
MULTI_BOUND_G,30,0,91,1306.198654001219
MULTI_BOUND_G,30,0,92,1306.7286898062598
MULTI_BOUND_G,30,0,93,1321.32537065964
MULTI_BOUND_G,30,0,94,1333.946664276525
MULTI_BOUND_G,30,0,95,1316.5145809757391
MULTI_BOUND_G,30,0,96,1325.384224818373
MULTI_BOUND_G,30,0,97,1344.019623601925
MULTI_BOUND_G,30,0,98,1330.1630605604873
MULTI_BOUND_G,30,0,99,1358.7748542553604
MULTI_BOUND_G,30,0,100,1348.273296343123
MULTI_BOUND_G,30,0,101,1354.1902849445055
MULTI_BOUND_G,30,0,102,1258.606482544709
MULTI_BOUND_G,30,0,103,1255.4035574617
MULTI_BOUND_G,30,0,104,1275.9176571918833
MULTI_BOUND_G,30,0,105,1287.7787590601524
MULTI_BOUND_G,30,0,106,1283.053233471208
MULTI_BOUND_G,30,0,107,1291.7844178904434
MULTI_BOUND_G,30,0,108,1279.9345099741624
MULTI_BOUND_G,30,0,109,1276.3797191096974
MULTI_BOUND_G,30,0,110,1282.7887848369573
MULTI_BOUND_G,30,0,111,1296.9149846717614
MULTI_BOUND_G,30,0,112,1289.6226295445945
MULTI_BOUND_G,30,0,113,1304.2633319083736
MULTI_BOUND_G,30,0,114,1295.0139423329333
MULTI_BOUND_G,30,0,115,1288.8615623708304
MULTI_BOUND_G,30,0,116,1310.7589375905964
MULTI_BOUND_G,30,0,117,1299.7553400363784
MULTI_BOUND_G,30,0,118,1296.661316590115
MULTI_BOUND_G,30,0,119,1317.0733400834367
MULTI_BOUND_G,30,0,120,1304.066171624418
MULTI_BOUND_G,30,0,121,1331.038262853473
MULTI_BOUND_G,30,0,122,1316.5053029743822
MULTI_BOUND_G,30,0,123,1325.7689141517433
MULTI_BOUND_G,30,0,124,1329.7238488336613
MULTI_BOUND_G,30,0,125,1335.9640712851917
MULTI_BOUND_G,30,0,126,1343.1488315209172
MULTI_BOUND_G,30,0,127,1332.9406349964443
MULTI_BOUND_G,30,0,128,1244.0272813365111
MULTI_BOUND_G,30,0,129,1262.7445215377436
MULTI_BOUND_G,30,0,130,1270.9219587910868
MULTI_BOUND_G,30,0,131,1273.734786289278
MULTI_BOUND_G,30,0,132,1263.5178863120568
MULTI_BOUND_G,30,0,133,1277.8482966973147
MULTI_BOUND_G,30,0,134,1270.3097486990916
MULTI_BOUND_G,30,0,135,1269.0809090396983
MULTI_BOUND_G,30,0,136,1273.2012655002663
MULTI_BOUND_G,30,0,137,1280.0021475214678
MULTI_BOUND_G,30,0,138,1281.8838237502748
MULTI_BOUND_G,30,0,139,1274.7400037650907
MULTI_BOUND_G,30,0,140,1274.2346839779584
MULTI_BOUND_G,30,0,141,1294.93691566026
MULTI_BOUND_G,30,0,142,1302.0500537951916
MULTI_BOUND_G,30,0,143,1293.0272814877012
MULTI_BOUND_G,30,0,144,1311.7671603545696
MULTI_BOUND_G,30,0,145,1305.5914615466668
MULTI_BOUND_G,30,0,146,1320.5620601599358
MULTI_BOUND_G,30,0,147,1301.2236367379119
MULTI_BOUND_G,30,0,148,1306.438778201701
MULTI_BOUND_G,30,0,149,1309.036457896253
MULTI_BOUND_G,30,0,150,1319.7428897300322
MULTI_BOUND_G,30,0,151,1327.6476198043122
MULTI_BOUND_G,30,0,152,1337.0117397417846
MULTI_BOUND_G,30,0,153,1340.1884454220533
MULTI_BOUND_G,30,0,154,1250.2785665667664
MULTI_BOUND_G,30,0,155,1258.474526412694
MULTI_BOUND_G,30,0,156,1248.5654648436625
MULTI_BOUND_G,30,0,157,1266.0029706196776
MULTI_BOUND_G,30,0,158,1267.3758593725136
MULTI_BOUND_G,30,0,159,1265.266135486609
MULTI_BOUND_G,30,0,160,1261.6442956458527
MULTI_BOUND_G,30,0,161,1270.9879592416469
MULTI_BOUND_G,30,0,162,1280.7029102118192
MULTI_BOUND_G,30,0,163,1272.356338695216
MULTI_BOUND_G,30,0,164,1283.1957920229613
MULTI_BOUND_G,30,0,165,1291.4648596562647
MULTI_BOUND_G,30,0,166,1275.7002640594033
MULTI_BOUND_G,30,0,167,1292.619677748889
MULTI_BOUND_G,30,0,168,1291.3742856437896
MULTI_BOUND_G,30,0,169,1311.0883750395296
MULTI_BOUND_G,30,0,170,1304.3507330087798
MULTI_BOUND_G,30,0,171,1301.881361766802
MULTI_BOUND_G,30,0,172,1318.3194665864617
MULTI_BOUND_G,30,0,173,1322.8797692340536
MULTI_BOUND_G,30,0,174,1312.4587472130384
MULTI_BOUND_G,30,0,175,1311.09819557332
MULTI_BOUND_G,30,0,176,1321.9541581252086
MULTI_BOUND_G,30,0,177,1316.7650404876185
MULTI_BOUND_G,30,0,178,1318.922732055687
MULTI_BOUND_G,30,0,179,1326.6738490027674
MULTI_BOUND_G,30,0,180,1254.3589263052304
MULTI_BOUND_G,30,0,181,1266.0252249749087
MULTI_BOUND_G,30,0,182,1261.5037745965008
MULTI_BOUND_G,30,0,183,1265.9252054849273
MULTI_BOUND_G,30,0,184,1269.9792160290406
MULTI_BOUND_G,30,0,185,1275.1620780840374
MULTI_BOUND_G,30,0,186,1272.2045413820297
MULTI_BOUND_G,30,0,187,1280.043705322516
MULTI_BOUND_G,30,0,188,1294.963391054208
MULTI_BOUND_G,30,0,189,1286.1225960102508
MULTI_BOUND_G,30,0,190,1280.2304072863744
MULTI_BOUND_G,30,0,191,1296.95561932656
MULTI_BOUND_G,30,0,192,1288.744095264653
MULTI_BOUND_G,30,0,193,1304.3678784539711
MULTI_BOUND_G,30,0,194,1290.2153256406891
MULTI_BOUND_G,30,0,195,1295.8582079323783
MULTI_BOUND_G,30,0,196,1319.2599948239422
MULTI_BOUND_G,30,0,197,1307.5215699953017
MULTI_BOUND_G,30,0,198,1313.1017092228294
MULTI_BOUND_G,30,0,199,1321.770012122136
MULTI_BOUND_G,30,0,200,1326.1144750969393
MULTI_BOUND_G,30,0,201,1330.1329040703608
MULTI_BOUND_G,30,0,202,1315.0475916156433
MULTI_BOUND_G,30,0,203,1319.787259959296
MULTI_BOUND_G,30,0,204,1323.4527868170492
MULTI_BOUND_G,30,0,205,1326.268879524328
MULTI_BOUND_G,30,0,206,1255.9636110639929
MULTI_BOUND_G,30,0,207,1278.226330260609
MULTI_BOUND_G,30,0,208,1281.982277315432
MULTI_BOUND_G,30,0,209,1277.2004503333035
MULTI_BOUND_G,30,0,210,1287.7315664283888
MULTI_BOUND_G,30,0,211,1281.1967062396639
MULTI_BOUND_G,30,0,212,1299.7439593958952
MULTI_BOUND_G,30,0,213,1281.2509226683796
MULTI_BOUND_G,30,0,214,1301.3395153412955
MULTI_BOUND_G,30,0,215,1293.4630152669274
MULTI_BOUND_G,30,0,216,1293.2645181719195
MULTI_BOUND_G,30,0,217,1292.2777216525305
MULTI_BOUND_G,30,0,218,1306.6149652197653
MULTI_BOUND_G,30,0,219,1324.6861929987203
MULTI_BOUND_G,30,0,220,1309.631266372815
MULTI_BOUND_G,30,0,221,1319.1441300375639
MULTI_BOUND_G,30,0,222,1314.1302597975275
MULTI_BOUND_G,30,0,223,1321.3883482632123
MULTI_BOUND_G,30,0,224,1326.127287246126
MULTI_BOUND_G,30,0,225,1334.8867385970339
MULTI_BOUND_G,30,0,226,1343.7501486567023
MULTI_BOUND_G,30,0,227,1337.4522725759025
MULTI_BOUND_G,30,0,228,1357.4290427824712
MULTI_BOUND_G,30,0,229,1337.6733606081957
MULTI_BOUND_G,30,0,230,1348.9940063342247
MULTI_BOUND_G,30,0,231,1354.9027921631334
MULTI_BOUND_G,30,0,232,1259.707708741984
MULTI_BOUND_G,30,0,233,1266.6864181170242
MULTI_BOUND_G,30,0,234,1281.5142979331026
MULTI_BOUND_G,30,0,235,1283.472169610195
MULTI_BOUND_G,30,0,236,1279.6210560450052
MULTI_BOUND_G,30,0,237,1279.4467264724003
MULTI_BOUND_G,30,0,238,1280.8083885191356
MULTI_BOUND_G,30,0,239,1301.687658051464
MULTI_BOUND_G,30,0,240,1299.8684647714488
MULTI_BOUND_G,30,0,241,1293.7685227693948
MULTI_BOUND_G,30,0,242,1291.057916110461
MULTI_BOUND_G,30,0,243,1304.1775895290225
MULTI_BOUND_G,30,0,244,1290.678891322471
MULTI_BOUND_G,30,0,245,1308.1954166110709
MULTI_BOUND_G,30,0,246,1328.3357137270846
MULTI_BOUND_G,30,0,247,1313.8645541747094
MULTI_BOUND_G,30,0,248,1321.2361072421568
MULTI_BOUND_G,30,0,249,1322.5549443276577
MULTI_BOUND_G,30,0,250,1327.8211863669458
MULTI_BOUND_G,30,0,251,1336.047239763511
MULTI_BOUND_G,30,0,252,1345.365033491806
MULTI_BOUND_G,30,0,253,1335.3032940012563
MULTI_BOUND_G,30,0,254,1355.2721995975462
MULTI_BOUND_G,30,0,255,1338.4584297020651
MULTI_BOUND_G,30,0,256,1347.212178852808
MULTI_BOUND_G,30,0,257,1354.801926713021
MULTI_BOUND_G,30,0,258,1268.0561798848228
MULTI_BOUND_G,30,0,259,1283.1538111354782
MULTI_BOUND_G,30,0,260,1286.791156185477
MULTI_BOUND_G,30,0,261,1296.7990930401952
MULTI_BOUND_G,30,0,262,1306.441203864543
MULTI_BOUND_G,30,0,263,1309.125056662609
MULTI_BOUND_G,30,0,264,1299.423721788235
MULTI_BOUND_G,30,0,265,1303.4250047407213
MULTI_BOUND_G,30,0,266,1320.5933097975794
MULTI_BOUND_G,30,0,267,1327.623993713285
MULTI_BOUND_G,30,0,268,1307.758028303859
MULTI_BOUND_G,30,0,269,1315.742944939101
MULTI_BOUND_G,30,0,270,1322.421356855326
MULTI_BOUND_G,30,0,271,1317.3550463744568
MULTI_BOUND_G,30,0,272,1328.7780108572201
MULTI_BOUND_G,30,0,273,1331.7272158013016
MULTI_BOUND_G,30,0,274,1334.4960476779638
MULTI_BOUND_G,30,0,275,1343.0685023101425
MULTI_BOUND_G,30,0,276,1350.166507539765
MULTI_BOUND_G,30,0,277,1340.814192031611
MULTI_BOUND_G,30,0,278,1354.049341292894
MULTI_BOUND_G,30,0,279,1356.6809281444748
MULTI_BOUND_G,30,0,280,1379.2742449366465
MULTI_BOUND_G,30,0,281,1365.4516809988677
MULTI_BOUND_G,30,0,282,1365.1796500194964
MULTI_BOUND_G,30,0,283,1372.8048316123727
MULTI_BOUND_G,30,0,284,1268.9192250405772
MULTI_BOUND_G,30,0,285,1287.193328406042
MULTI_BOUND_G,30,0,286,1288.5523032330245
MULTI_BOUND_G,30,0,287,1311.2048069770713
MULTI_BOUND_G,30,0,288,1300.8192557141792
MULTI_BOUND_G,30,0,289,1303.4434811717058
MULTI_BOUND_G,30,0,290,1315.1224011911695
MULTI_BOUND_G,30,0,291,1322.5052461639896
MULTI_BOUND_G,30,0,292,1311.0993833701484
MULTI_BOUND_G,30,0,293,1331.7202269474105
MULTI_BOUND_G,30,0,294,1318.0841058216183
MULTI_BOUND_G,30,0,295,1321.9994128402172
MULTI_BOUND_G,30,0,296,1320.4026643914553
MULTI_BOUND_G,30,0,297,1330.6947084837932
MULTI_BOUND_G,30,0,298,1331.7111263945453
MULTI_BOUND_G,30,0,299,1342.9456328669037
MULTI_BOUND_G,30,0,300,1337.064848643749
MULTI_BOUND_G,30,0,301,1349.869174509032
MULTI_BOUND_G,30,0,302,1357.483161650362
MULTI_BOUND_G,30,0,303,1344.1202133836505
MULTI_BOUND_G,30,0,304,1358.0821086319097
MULTI_BOUND_G,30,0,305,1357.9652302008003
MULTI_BOUND_G,30,0,306,1381.0566061712893
MULTI_BOUND_G,30,0,307,1365.4862664687155
MULTI_BOUND_G,30,0,308,1368.8946648245183
MULTI_BOUND_G,30,0,309,1375.0243564842058
MULTI_BOUND_G,30,0,310,1288.3754557921654
MULTI_BOUND_G,30,0,311,1293.7880042007657
MULTI_BOUND_G,30,0,312,1308.4638542183393
MULTI_BOUND_G,30,0,313,1292.5631795974223
MULTI_BOUND_G,30,0,314,1304.586815326
MULTI_BOUND_G,30,0,315,1306.073601894097
MULTI_BOUND_G,30,0,316,1324.8651771824589
MULTI_BOUND_G,30,0,317,1307.690252778153
MULTI_BOUND_G,30,0,318,1317.1326322665634
MULTI_BOUND_G,30,0,319,1307.5548463720377
MULTI_BOUND_G,30,0,320,1334.4894275429722
MULTI_BOUND_G,30,0,321,1318.814834598138
MULTI_BOUND_G,30,0,322,1322.5662880060513
MULTI_BOUND_G,30,0,323,1328.12944754569
MULTI_BOUND_G,30,0,324,1341.8010150831242
MULTI_BOUND_G,30,0,325,1323.7339224200116
MULTI_BOUND_G,30,0,326,1340.8121185125522
MULTI_BOUND_G,30,0,327,1331.6452789394461
MULTI_BOUND_G,30,0,328,1340.7915980982452
MULTI_BOUND_G,30,0,329,1349.1098170376283
MULTI_BOUND_G,30,0,330,1344.4658185794237
MULTI_BOUND_G,30,0,331,1345.126956408824
MULTI_BOUND_G,30,0,332,1347.647698736646
MULTI_BOUND_G,30,0,333,1364.2289521784114
MULTI_BOUND_G,30,0,334,1352.0471575180663
MULTI_BOUND_G,30,0,335,1369.5405774075252
MULTI_BOUND_G,30,0,336,1283.931819192287
MULTI_BOUND_G,30,0,337,1278.9298571911322
MULTI_BOUND_G,30,0,338,1279.0354176373353
MULTI_BOUND_G,30,0,339,1292.8216674035834
MULTI_BOUND_G,30,0,340,1293.218403727152
MULTI_BOUND_G,30,0,341,1308.472845124154
MULTI_BOUND_G,30,0,342,1316.4725543537152
MULTI_BOUND_G,30,0,343,1309.9500208220372
MULTI_BOUND_G,30,0,344,1306.0434521106995
MULTI_BOUND_G,30,0,345,1300.5147591092145
MULTI_BOUND_G,30,0,346,1320.3631201750957
MULTI_BOUND_G,30,0,347,1327.1638945594036
MULTI_BOUND_G,30,0,348,1314.0547903186311
MULTI_BOUND_G,30,0,349,1315.8497134951476
MULTI_BOUND_G,30,0,350,1319.1284579092871
MULTI_BOUND_G,30,0,351,1327.9905850508053
MULTI_BOUND_G,30,0,352,1337.63831093506
MULTI_BOUND_G,30,0,353,1341.298967183783
MULTI_BOUND_G,30,0,354,1329.1516227384277
MULTI_BOUND_G,30,0,355,1331.2951914120267
MULTI_BOUND_G,30,0,356,1347.2133430483777
MULTI_BOUND_G,30,1,0,1090.8578862852846
MULTI_BOUND_G,30,1,1,8933354945.681395
MULTI_BOUND_G,30,1,2,4466677443.239756
MULTI_BOUND_G,30,1,3,2233338721.9025736
MULTI_BOUND_G,30,1,4,1116669343.4309478
MULTI_BOUND_G,30,1,5,558334675.0812869
MULTI_BOUND_G,30,1,6,279167329.31508815
MULTI_BOUND_G,30,1,7,139583657.71974528
MULTI_BOUND_G,30,1,8,69791851.57959816
MULTI_BOUND_G,30,1,9,34895934.8926816
MULTI_BOUND_G,30,1,10,17447973.45909281
MULTI_BOUND_G,30,1,11,8723996.028870557
MULTI_BOUND_G,30,1,12,4361990.872920545
MULTI_BOUND_G,30,1,13,2181014.398867164
MULTI_BOUND_G,30,1,14,1090524.92757627
MULTI_BOUND_G,30,1,15,545260.7303551792
MULTI_BOUND_G,30,1,16,272639.4366598584
MULTI_BOUND_G,30,1,17,136324.46189788877
MULTI_BOUND_G,30,1,18,68173.85785786116
MULTI_BOUND_G,30,1,19,34104.52785626998
MULTI_BOUND_G,30,1,20,17064.789054654582
MULTI_BOUND_G,30,1,21,8551.658832402092
MULTI_BOUND_G,30,1,22,4277.627710052766
MULTI_BOUND_G,30,1,23,2176.6846303642988
MULTI_BOUND_G,30,1,24,2151.431972419386
MULTI_BOUND_G,30,1,25,2162.6058101215094
MULTI_BOUND_G,30,1,26,2177.901374331308
MULTI_BOUND_G,30,1,27,2183.0991941735447
MULTI_BOUND_G,30,1,28,2179.0666759357537
MULTI_BOUND_G,30,1,29,2174.4772731531775
MULTI_BOUND_G,30,1,30,2167.5061684924467
MULTI_BOUND_G,30,1,31,2195.4941840660167
MULTI_BOUND_G,30,1,32,2189.02477108939
MULTI_BOUND_G,30,1,33,2183.3944101000498
MULTI_BOUND_G,30,1,34,2191.752008006766
MULTI_BOUND_G,30,1,35,2200.002529573514
MULTI_BOUND_G,30,1,36,2197.276775013023
MULTI_BOUND_G,30,1,37,2212.0738339589007
MULTI_BOUND_G,30,1,38,2198.5702281469967
MULTI_BOUND_G,30,1,39,2212.8497555211616
MULTI_BOUND_G,30,1,40,2224.338953017912
MULTI_BOUND_G,30,1,41,2210.30406124207
MULTI_BOUND_G,30,1,42,2240.1958477036524
MULTI_BOUND_G,30,1,43,2247.139598781955
MULTI_BOUND_G,30,1,44,2238.3876047100757
MULTI_BOUND_G,30,1,45,2260.5265048604256
MULTI_BOUND_G,30,1,46,2259.8488451528438
MULTI_BOUND_G,30,1,47,1100.322879288673
MULTI_BOUND_G,30,1,48,2163.5389729084854
MULTI_BOUND_G,30,1,49,2165.933080431423
MULTI_BOUND_G,30,1,50,2176.6416980496106
MULTI_BOUND_G,30,1,51,2183.2197318269355
MULTI_BOUND_G,30,1,52,2202.0992986880938
MULTI_BOUND_G,30,1,53,2192.6183520326213
MULTI_BOUND_G,30,1,54,2174.5060466539117
MULTI_BOUND_G,30,1,55,2198.3784384924347
MULTI_BOUND_G,30,1,56,2181.67869749355
MULTI_BOUND_G,30,1,57,2176.0731148696505
MULTI_BOUND_G,30,1,58,2201.786026889007
MULTI_BOUND_G,30,1,59,2198.1819020641246
MULTI_BOUND_G,30,1,60,2208.718962184018
MULTI_BOUND_G,30,1,61,2198.116782513338
MULTI_BOUND_G,30,1,62,2210.778049186344
MULTI_BOUND_G,30,1,63,2204.0716784228716
MULTI_BOUND_G,30,1,64,2230.304712995997
MULTI_BOUND_G,30,1,65,2234.3093009249123
MULTI_BOUND_G,30,1,66,2237.2393868002696
MULTI_BOUND_G,30,1,67,2251.25386703032
MULTI_BOUND_G,30,1,68,2245.963658167371
MULTI_BOUND_G,30,1,69,2245.2781122892675
MULTI_BOUND_G,30,1,70,2262.9490603241074
MULTI_BOUND_G,30,1,71,1097.3923312936365
MULTI_BOUND_G,30,1,72,2176.0306521157454
MULTI_BOUND_G,30,1,73,2179.504005116879
MULTI_BOUND_G,30,1,74,2175.1626469869734
MULTI_BOUND_G,30,1,75,2205.5333367116164
MULTI_BOUND_G,30,1,76,2194.4655340498057
MULTI_BOUND_G,30,1,77,2187.1067116278355
MULTI_BOUND_G,30,1,78,2176.632090114207
MULTI_BOUND_G,30,1,79,2176.331132966054
MULTI_BOUND_G,30,1,80,2192.324695114357
MULTI_BOUND_G,30,1,81,2199.783223530768
MULTI_BOUND_G,30,1,82,2213.0527886191994
MULTI_BOUND_G,30,1,83,2203.1418410916995
MULTI_BOUND_G,30,1,84,2222.804779362007
MULTI_BOUND_G,30,1,85,2206.601518039779
MULTI_BOUND_G,30,1,86,2219.286381116046
MULTI_BOUND_G,30,1,87,2227.5135626183364
MULTI_BOUND_G,30,1,88,2236.9030768870816
MULTI_BOUND_G,30,1,89,2228.2422934948086
MULTI_BOUND_G,30,1,90,2231.388728254007
MULTI_BOUND_G,30,1,91,2241.7008798913084
MULTI_BOUND_G,30,1,92,2238.3360975119476
MULTI_BOUND_G,30,1,93,2262.253918153375
MULTI_BOUND_G,30,1,94,1109.016307633242
MULTI_BOUND_G,30,1,95,2166.5230133239984
MULTI_BOUND_G,30,1,96,2177.615126666593
MULTI_BOUND_G,30,1,97,2181.9949918132725
MULTI_BOUND_G,30,1,98,2184.291238601025
MULTI_BOUND_G,30,1,99,2199.2695490925307
MULTI_BOUND_G,30,1,100,2193.5374329961087
MULTI_BOUND_G,30,1,101,2213.5052694685633
MULTI_BOUND_G,30,1,102,2222.3689670606254
MULTI_BOUND_G,30,1,103,2218.9667018041973
MULTI_BOUND_G,30,1,104,2229.1651455610317
MULTI_BOUND_G,30,1,105,2231.700003938103
MULTI_BOUND_G,30,1,106,2219.527916462991
MULTI_BOUND_G,30,1,107,2250.4064959386733
MULTI_BOUND_G,30,1,108,2234.8777221893997
MULTI_BOUND_G,30,1,109,2225.61452767957
MULTI_BOUND_G,30,1,110,2243.9262559113986
MULTI_BOUND_G,30,1,111,2224.1402100756573
MULTI_BOUND_G,30,1,112,2245.3409345094733
MULTI_BOUND_G,30,1,113,2231.8756245722134
MULTI_BOUND_G,30,1,114,2254.060656144904
MULTI_BOUND_G,30,1,115,2246.3854540123248
MULTI_BOUND_G,30,1,116,2262.6668972283687
MULTI_BOUND_G,30,1,117,2239.8368020342086
MULTI_BOUND_G,30,1,118,2272.466855246107
MULTI_BOUND_G,30,1,119,1092.4932598129997
MULTI_BOUND_G,30,1,120,2187.3850667466677
MULTI_BOUND_G,30,1,121,2184.055008113728
MULTI_BOUND_G,30,1,122,2196.027583943537
MULTI_BOUND_G,30,1,123,2191.8821743179806
MULTI_BOUND_G,30,1,124,2202.8329448834115
MULTI_BOUND_G,30,1,125,2197.3489169956274
MULTI_BOUND_G,30,1,126,2186.9844512811314
MULTI_BOUND_G,30,1,127,2211.0221107479247
MULTI_BOUND_G,30,1,128,2187.022942314281
MULTI_BOUND_G,30,1,129,2225.0386787558273
MULTI_BOUND_G,30,1,130,2210.455109426067
MULTI_BOUND_G,30,1,131,2204.410195566472
MULTI_BOUND_G,30,1,132,2216.5788932922615
MULTI_BOUND_G,30,1,133,2231.603750771783
MULTI_BOUND_G,30,1,134,2221.8707955262844
MULTI_BOUND_G,30,1,135,2241.4476700055893
MULTI_BOUND_G,30,1,136,2221.969608631084
MULTI_BOUND_G,30,1,137,2253.101932246854
MULTI_BOUND_G,30,1,138,2250.748953009521
MULTI_BOUND_G,30,1,139,2247.6315841851933
MULTI_BOUND_G,30,1,140,2252.4336017447667
MULTI_BOUND_G,30,1,141,2270.8052612369193
MULTI_BOUND_G,30,1,142,1103.6544129736335
MULTI_BOUND_G,30,1,143,2194.4937071914737
MULTI_BOUND_G,30,1,144,2192.696526416262
MULTI_BOUND_G,30,1,145,2194.2180509640475
MULTI_BOUND_G,30,1,146,2208.163989408121
MULTI_BOUND_G,30,1,147,2191.8416165569915
MULTI_BOUND_G,30,1,148,2215.1655480124423
MULTI_BOUND_G,30,1,149,2209.671223944303
MULTI_BOUND_G,30,1,150,2199.1526185413413
MULTI_BOUND_G,30,1,151,2223.0646996997657
MULTI_BOUND_G,30,1,152,2233.332712079583
MULTI_BOUND_G,30,1,153,2212.8618485708257
MULTI_BOUND_G,30,1,154,2228.2533987433753
MULTI_BOUND_G,30,1,155,2221.3587324189466
MULTI_BOUND_G,30,1,156,2239.8577265975273
MULTI_BOUND_G,30,1,157,2234.194999709406
MULTI_BOUND_G,30,1,158,2251.9437208467907
MULTI_BOUND_G,30,1,159,2232.7278511436766
MULTI_BOUND_G,30,1,160,2260.495435832444
MULTI_BOUND_G,30,1,161,2263.6443350301624
MULTI_BOUND_G,30,1,162,2259.956179175951
MULTI_BOUND_G,30,1,163,2263.0735205324218
MULTI_BOUND_G,30,1,164,1109.771980115327
MULTI_BOUND_G,30,1,165,2176.7144687222276
MULTI_BOUND_G,30,1,166,2207.029993575562
MULTI_BOUND_G,30,1,167,2212.1034231261538
MULTI_BOUND_G,30,1,168,2220.591816759261
MULTI_BOUND_G,30,1,169,2222.3075510404724
MULTI_BOUND_G,30,1,170,2208.8712568671963
MULTI_BOUND_G,30,1,171,2209.019403036349
MULTI_BOUND_G,30,1,172,2233.8029973716084
MULTI_BOUND_G,30,1,173,2218.5049046826143
MULTI_BOUND_G,30,1,174,2229.357061378055
MULTI_BOUND_G,30,1,175,2225.372960886512
MULTI_BOUND_G,30,1,176,2231.142714051576
MULTI_BOUND_G,30,1,177,2243.878027540414
MULTI_BOUND_G,30,1,178,2228.4943649005845
MULTI_BOUND_G,30,1,179,2246.042580572559
MULTI_BOUND_G,30,1,180,2243.5189484095813
MULTI_BOUND_G,30,1,181,2244.3374254252194
MULTI_BOUND_G,30,1,182,2255.7846738181224
MULTI_BOUND_G,30,1,183,1123.4668726167572
MULTI_BOUND_G,30,1,184,2176.705988762012
MULTI_BOUND_G,30,1,185,2210.817646565928
MULTI_BOUND_G,30,1,186,2216.190034989705
MULTI_BOUND_G,30,1,187,2215.474041722291
MULTI_BOUND_G,30,1,188,2224.5975461934977
MULTI_BOUND_G,30,1,189,2210.9817692558845
MULTI_BOUND_G,30,1,190,2212.8034859489726
MULTI_BOUND_G,30,1,191,2241.0659919932496
MULTI_BOUND_G,30,1,192,2238.7734386685634
MULTI_BOUND_G,30,1,193,2233.3481210229875
MULTI_BOUND_G,30,1,194,2229.337503880519
MULTI_BOUND_G,30,1,195,2223.747265994899
MULTI_BOUND_G,30,1,196,2236.3196542127635
MULTI_BOUND_G,30,1,197,2231.203450103826
MULTI_BOUND_G,30,1,198,2248.2792718058713
MULTI_BOUND_G,30,1,199,2247.648367076814
MULTI_BOUND_G,30,1,200,1125.8231601828459
MULTI_BOUND_G,30,1,201,2209.650636239294
MULTI_BOUND_G,30,1,202,2212.4169758357893
MULTI_BOUND_G,30,1,203,2220.25032334636
MULTI_BOUND_G,30,1,204,2214.3807437263918
MULTI_BOUND_G,30,1,205,2203.429463360443
MULTI_BOUND_G,30,1,206,2227.301819487284
MULTI_BOUND_G,30,1,207,2243.6149010983654
MULTI_BOUND_G,30,1,208,2221.566887206518
MULTI_BOUND_G,30,1,209,2227.03652871336
MULTI_BOUND_G,30,1,210,2232.7118930957777
MULTI_BOUND_G,30,1,211,2226.1651533439735
MULTI_BOUND_G,30,1,212,2222.7283452128595
MULTI_BOUND_G,30,1,213,2217.1358748020984
MULTI_BOUND_G,30,1,214,2250.4670285758248
MULTI_BOUND_G,30,1,215,2238.8889270649343
MULTI_BOUND_G,30,1,216,2238.3977593692534
MULTI_BOUND_G,30,1,217,2263.790889107825
MULTI_BOUND_G,30,1,218,2267.8013986175692
MULTI_BOUND_G,30,1,219,1111.9339398227748
MULTI_BOUND_G,30,1,220,2202.335650232143
MULTI_BOUND_G,30,1,221,2201.532028208679
MULTI_BOUND_G,30,1,222,2209.339234908517
MULTI_BOUND_G,30,1,223,2204.492906820651
MULTI_BOUND_G,30,1,224,2218.9311713840584
MULTI_BOUND_G,30,1,225,2216.2737319786984
MULTI_BOUND_G,30,1,226,2245.64971203634
MULTI_BOUND_G,30,1,227,2230.508759582948
MULTI_BOUND_G,30,1,228,2214.1582912814083
MULTI_BOUND_G,30,1,229,2235.0571970140973
MULTI_BOUND_G,30,1,230,2230.8534190442915
MULTI_BOUND_G,30,1,231,2254.2691016456884
MULTI_BOUND_G,30,1,232,2247.0016360461645
MULTI_BOUND_G,30,1,233,2237.31141783129
MULTI_BOUND_G,30,1,234,2253.935744121861
MULTI_BOUND_G,30,1,235,2257.501050707968
MULTI_BOUND_G,30,1,236,2250.3388774434666
MULTI_BOUND_G,30,1,237,2265.6653270601037
MULTI_BOUND_G,30,1,238,1122.2685447936674
MULTI_BOUND_G,30,1,239,2235.5845119673068
MULTI_BOUND_G,30,1,240,2214.78725092036
MULTI_BOUND_G,30,1,241,2229.2182726641304
MULTI_BOUND_G,30,1,242,2224.8903074047794
MULTI_BOUND_G,30,1,243,2245.483835635164
MULTI_BOUND_G,30,1,244,2238.8722404143955
MULTI_BOUND_G,30,1,245,2232.017823262434
MULTI_BOUND_G,30,1,246,2246.8377051143093
MULTI_BOUND_G,30,1,247,2259.858590468808
MULTI_BOUND_G,30,1,248,2257.356818563697
MULTI_BOUND_G,30,1,249,2253.2085391366327
MULTI_BOUND_G,30,1,250,2253.2963936078304
MULTI_BOUND_G,30,1,251,2256.4187847285275
MULTI_BOUND_G,30,1,252,2266.3685163592754
MULTI_BOUND_G,30,1,253,2247.602677512943
MULTI_BOUND_G,30,1,254,1128.7546698289868
MULTI_BOUND_G,30,1,255,2196.7695987474017
MULTI_BOUND_G,30,1,256,2203.883303075284
MULTI_BOUND_G,30,1,257,2215.6729789037845
MULTI_BOUND_G,30,1,258,2224.2722836167572
MULTI_BOUND_G,30,1,259,2217.387481203039
MULTI_BOUND_G,30,1,260,2233.9141828476227
MULTI_BOUND_G,30,1,261,2254.819265455152
MULTI_BOUND_G,30,1,262,2253.3742982377844
MULTI_BOUND_G,30,1,263,2256.447979827421
MULTI_BOUND_G,30,1,264,2269.516679315211
MULTI_BOUND_G,30,1,265,2283.1301074480034
MULTI_BOUND_G,30,1,266,1119.184077417557
MULTI_BOUND_G,30,1,267,2228.3328165737885
MULTI_BOUND_G,30,1,268,2226.033899757059
MULTI_BOUND_G,30,1,269,2233.7565038232915
MULTI_BOUND_G,30,1,270,2234.9507604040546
MULTI_BOUND_G,30,1,271,2248.2554903506907
MULTI_BOUND_G,30,1,272,2230.4729481179093
MULTI_BOUND_G,30,1,273,2244.918459505199
MULTI_BOUND_G,30,1,274,2265.900198585712
MULTI_BOUND_G,30,1,275,2236.2086136830985
MULTI_BOUND_G,30,1,276,2255.986957180935
MULTI_BOUND_G,30,1,277,2269.2335620643153
MULTI_BOUND_G,30,1,278,2256.4403130602386
MULTI_BOUND_G,30,1,279,1135.2252049338385
MULTI_BOUND_G,30,1,280,2221.645146480753
MULTI_BOUND_G,30,1,281,2226.784861947476
MULTI_BOUND_G,30,1,282,2232.910410159713
MULTI_BOUND_G,30,1,283,2247.370811885745
MULTI_BOUND_G,30,1,284,2236.230994984917
MULTI_BOUND_G,30,1,285,2265.3683042331086
MULTI_BOUND_G,30,1,286,2254.9145865887967
MULTI_BOUND_G,30,1,287,2267.0195312300084
MULTI_BOUND_G,30,1,288,1134.437340316581
MULTI_BOUND_G,30,1,289,2229.334723138897
MULTI_BOUND_G,30,1,290,2226.99806109576
MULTI_BOUND_G,30,1,291,2243.069412088452
MULTI_BOUND_G,30,1,292,2252.4126283197334
MULTI_BOUND_G,30,1,293,2266.7706034488565
MULTI_BOUND_G,30,1,294,2246.0682554650157
MULTI_BOUND_G,30,1,295,2258.1215337538524
MULTI_BOUND_G,30,1,296,2234.293373763867
MULTI_BOUND_G,30,1,297,2246.1992601389375
MULTI_BOUND_G,30,1,298,2242.331308093906
MULTI_BOUND_G,30,1,299,2262.030591433846
MULTI_BOUND_G,30,1,300,2257.9836930557676
MULTI_BOUND_G,30,1,301,2257.8216386166005
MULTI_BOUND_G,30,1,302,1127.3273339212747
MULTI_BOUND_G,30,1,303,2229.787101113075
MULTI_BOUND_G,30,1,304,2241.9040690546008
MULTI_BOUND_G,30,1,305,1152.7643258944533
MULTI_BOUND_G,30,1,306,2242.875228925279
MULTI_BOUND_G,30,1,307,2240.124670411788
MULTI_BOUND_G,30,1,308,2240.0208497954072
MULTI_BOUND_G,30,1,309,2248.1131343711195
MULTI_BOUND_G,30,1,310,2237.101558896792
MULTI_BOUND_G,30,1,311,2260.13952160003
MULTI_BOUND_G,30,1,312,2267.8803520497277
MULTI_BOUND_G,30,1,313,1119.8685022257705
MULTI_BOUND_G,30,1,314,2253.0950779382038
MULTI_BOUND_G,30,1,315,2258.2544943390253
MULTI_BOUND_G,30,1,316,2251.744731508828
MULTI_BOUND_G,30,1,317,2244.2147368045307
MULTI_BOUND_G,30,1,318,2262.7416005958967
MULTI_BOUND_G,30,1,319,2254.1420074054195
MULTI_BOUND_G,30,1,320,2271.9775785027905
MULTI_BOUND_G,30,1,321,1130.9255410212322
MULTI_BOUND_G,30,1,322,2244.5778781760646
MULTI_BOUND_G,30,1,323,2265.8969691385964
MULTI_BOUND_G,30,1,324,2240.5083629089945
MULTI_BOUND_G,30,1,325,2241.124108908941
MULTI_BOUND_G,30,1,326,2256.1759291678077
MULTI_BOUND_G,30,1,327,2261.6177036950858
MULTI_BOUND_G,30,1,328,2257.6381876182836
MULTI_BOUND_G,30,1,329,2248.3862649573157
MULTI_BOUND_G,30,1,330,1140.108175998473
MULTI_BOUND_G,30,1,331,1160.7692343514052
MULTI_BOUND_G,30,1,332,1138.293263345675
MULTI_BOUND_G,30,1,333,1146.8722510406733
MULTI_BOUND_G,30,1,334,1171.794419215868
MULTI_BOUND_G,30,1,335,1170.4547339026658
MULTI_BOUND_G,30,1,336,1189.031782487844
MULTI_BOUND_G,30,1,337,1174.04852848848
MULTI_BOUND_G,30,1,338,2219.184990685406
MULTI_BOUND_G,30,1,339,2256.8996820630455
MULTI_BOUND_G,30,1,340,2242.820861820256
MULTI_BOUND_G,30,1,341,2258.1164260300548
MULTI_BOUND_G,30,1,342,2263.3142458722914
MULTI_BOUND_G,30,1,343,2259.281727634501
MULTI_BOUND_G,30,1,344,2254.6923248519242
MULTI_BOUND_G,30,1,345,2247.721220191194
MULTI_BOUND_G,30,1,346,1140.4304051380466
MULTI_BOUND_G,30,1,347,2226.995800999307
MULTI_BOUND_G,30,1,348,2249.1776799269974
MULTI_BOUND_G,30,1,349,2252.651032928131
MULTI_BOUND_G,30,1,350,2278.6803645228674
MULTI_BOUND_G,30,1,351,2267.6125618610577
MULTI_BOUND_G,30,1,352,1145.589821538868
MULTI_BOUND_G,30,1,353,2246.914427738554
MULTI_BOUND_G,30,1,354,2249.3085352614917
MULTI_BOUND_G,30,1,355,1139.0800587086705
MULTI_BOUND_G,30,1,356,2244.6366217067452
MULTI_BOUND_G,30,1,357,2255.72873504934
MULTI_BOUND_G,30,1,358,2260.1086001960193
MULTI_BOUND_G,30,1,359,2262.404846983772
MULTI_BOUND_G,30,1,360,1131.5500640043733
MULTI_BOUND_G,30,1,361,2257.9524162362877
MULTI_BOUND_G,30,1,362,2257.1487942128238
MULTI_BOUND_G,30,1,363,2251.1296713415604
MULTI_BOUND_G,30,1,364,1150.0769277957397
MULTI_BOUND_G,30,1,365,1141.4773346052616
MULTI_BOUND_G,30,1,366,2226.9609075907774
MULTI_BOUND_G,30,1,367,2277.797137605502
MULTI_BOUND_G,30,1,368,1159.3129057026329
MULTI_BOUND_G,30,1,369,1149.2596609771251
MULTI_BOUND_G,30,1,370,1152.964405718878
MULTI_BOUND_G,30,1,371,1154.888758746379
MULTI_BOUND_G,30,1,372,1164.9905902986181
MULTI_BOUND_G,30,1,373,1152.614778174851
MULTI_BOUND_G,30,1,374,1147.6240957285404
MULTI_BOUND_G,30,1,375,1183.4444979744342
MULTI_BOUND_G,30,1,376,1176.3219339671775
MULTI_BOUND_G,30,1,377,1162.9581948450627
MULTI_BOUND_G,30,1,378,1187.9837162303747
MULTI_BOUND_G,30,1,379,1190.6993435578543
MULTI_BOUND_G,30,2,0,1018.3596893129487
MULTI_BOUND_G,30,2,1,5018796172.041409
MULTI_BOUND_G,30,2,2,2509398063.4628224
MULTI_BOUND_G,30,2,3,1254699016.1600718
MULTI_BOUND_G,30,2,4,627349503.670125
MULTI_BOUND_G,30,2,5,313674760.82542324
MULTI_BOUND_G,30,2,6,156837373.3757275
MULTI_BOUND_G,30,2,7,78418685.2941921
MULTI_BOUND_G,30,2,8,39209333.58069141
MULTI_BOUND_G,30,2,9,19604675.83677598
MULTI_BOUND_G,30,2,10,9802330.616841052
MULTI_BOUND_G,30,2,11,4901170.419487031
MULTI_BOUND_G,30,2,12,2450582.9823405016
MULTI_BOUND_G,30,2,13,1225288.793032209
MULTI_BOUND_G,30,2,14,612660.3122167995
MULTI_BOUND_G,30,2,15,306329.5454976786
MULTI_BOUND_G,30,2,16,153181.79120717183
MULTI_BOUND_G,30,2,17,76600.72969579947
MULTI_BOUND_G,30,2,18,38313.15016191558
MULTI_BOUND_G,30,2,19,19169.951995040567
MULTI_BOUND_G,30,2,20,9604.300101534218
MULTI_BOUND_G,30,2,21,4821.545664796904
MULTI_BOUND_G,30,2,22,2435.2074177468685
MULTI_BOUND_G,30,2,23,1232.0408140669308
MULTI_BOUND_G,30,2,24,1247.07701984521
MULTI_BOUND_G,30,2,25,1257.874493706443
MULTI_BOUND_G,30,2,26,1245.3222120503128
MULTI_BOUND_G,30,2,27,1258.166183278504
MULTI_BOUND_G,30,2,28,1248.3700317660646
MULTI_BOUND_G,30,2,29,1264.76879856718
MULTI_BOUND_G,30,2,30,1256.2559707790283
MULTI_BOUND_G,30,2,31,1270.4361902393182
MULTI_BOUND_G,30,2,32,1267.5377275305814
MULTI_BOUND_G,30,2,33,1263.4733946209544
MULTI_BOUND_G,30,2,34,1273.5333950047764
MULTI_BOUND_G,30,2,35,1280.594335465374
MULTI_BOUND_G,30,2,36,1282.1857565729906
MULTI_BOUND_G,30,2,37,1277.84600061306
MULTI_BOUND_G,30,2,38,1288.7678864883196
MULTI_BOUND_G,30,2,39,1287.5703245466907
MULTI_BOUND_G,30,2,40,1286.9993634522145
MULTI_BOUND_G,30,2,41,1290.274778970368
MULTI_BOUND_G,30,2,42,1300.651131287687
MULTI_BOUND_G,30,2,43,1317.3320579132433
MULTI_BOUND_G,30,2,44,1303.3687191792355
MULTI_BOUND_G,30,2,45,1313.3126748605903
MULTI_BOUND_G,30,2,46,1306.6737329049129
MULTI_BOUND_G,30,2,47,1318.5451077480088
MULTI_BOUND_G,30,2,48,1237.6884853078095
MULTI_BOUND_G,30,2,49,1248.710577454809
MULTI_BOUND_G,30,2,50,1235.0006977044864
MULTI_BOUND_G,30,2,51,1255.2444678086908
MULTI_BOUND_G,30,2,52,1261.437029402217
MULTI_BOUND_G,30,2,53,1262.7545994877378
MULTI_BOUND_G,30,2,54,1265.863038851756
MULTI_BOUND_G,30,2,55,1262.358737798528
MULTI_BOUND_G,30,2,56,1262.708603443844
MULTI_BOUND_G,30,2,57,1259.6116961194307
MULTI_BOUND_G,30,2,58,1260.7978724435602
MULTI_BOUND_G,30,2,59,1288.8035382774483
MULTI_BOUND_G,30,2,60,1279.3873188085613
MULTI_BOUND_G,30,2,61,1289.5621004370532
MULTI_BOUND_G,30,2,62,1300.948640789512
MULTI_BOUND_G,30,2,63,1287.5668066560506
MULTI_BOUND_G,30,2,64,1297.8303273868373
MULTI_BOUND_G,30,2,65,1294.637593112373
MULTI_BOUND_G,30,2,66,1304.4552198221845
MULTI_BOUND_G,30,2,67,1306.7547102424114
MULTI_BOUND_G,30,2,68,1322.0252433926203
MULTI_BOUND_G,30,2,69,1321.402128820324
MULTI_BOUND_G,30,2,70,1311.0526748472962
MULTI_BOUND_G,30,2,71,1322.9015827716069
MULTI_BOUND_G,30,2,72,1334.2578899752825
MULTI_BOUND_G,30,2,73,1258.8485792133774
MULTI_BOUND_G,30,2,74,1266.3823874604086
MULTI_BOUND_G,30,2,75,1261.799615719146
MULTI_BOUND_G,30,2,76,1272.2876592304642
MULTI_BOUND_G,30,2,77,1282.7034495570306
MULTI_BOUND_G,30,2,78,1292.8755627645692
MULTI_BOUND_G,30,2,79,1293.8034014346658
MULTI_BOUND_G,30,2,80,1299.871181832549
MULTI_BOUND_G,30,2,81,1306.1199208042667
MULTI_BOUND_G,30,2,82,1296.2666946616675
MULTI_BOUND_G,30,2,83,1305.0859864738438
MULTI_BOUND_G,30,2,84,1309.6789305772486
MULTI_BOUND_G,30,2,85,1310.9905131275073
MULTI_BOUND_G,30,2,86,1312.9122037896964
MULTI_BOUND_G,30,2,87,1317.6564215730928
MULTI_BOUND_G,30,2,88,1329.9151836718313
MULTI_BOUND_G,30,2,89,1329.7895526264256
MULTI_BOUND_G,30,2,90,1332.0405490335843
MULTI_BOUND_G,30,2,91,1334.2769987233203
MULTI_BOUND_G,30,2,92,1336.7998017291716
MULTI_BOUND_G,30,2,93,1324.2087468566547
MULTI_BOUND_G,30,2,94,1350.5371038371723
MULTI_BOUND_G,30,2,95,1349.173620341223
MULTI_BOUND_G,30,2,96,1356.5304905431
MULTI_BOUND_G,30,2,97,1366.6498535109176
MULTI_BOUND_G,30,2,98,1265.263935764991
MULTI_BOUND_G,30,2,99,1262.5300793076258
MULTI_BOUND_G,30,2,100,1261.598462519668
MULTI_BOUND_G,30,2,101,1279.3802332905425
MULTI_BOUND_G,30,2,102,1267.9414997345161
MULTI_BOUND_G,30,2,103,1280.283086663082
MULTI_BOUND_G,30,2,104,1281.5861987101362
MULTI_BOUND_G,30,2,105,1287.4222168103504
MULTI_BOUND_G,30,2,106,1295.1500984917907
MULTI_BOUND_G,30,2,107,1285.2700650375566
MULTI_BOUND_G,30,2,108,1300.6734911204926
MULTI_BOUND_G,30,2,109,1303.3294315101916
MULTI_BOUND_G,30,2,110,1308.2959828126943
MULTI_BOUND_G,30,2,111,1315.2148589348485
MULTI_BOUND_G,30,2,112,1310.9595153052742
MULTI_BOUND_G,30,2,113,1318.1485596350087
MULTI_BOUND_G,30,2,114,1316.982868720976
MULTI_BOUND_G,30,2,115,1319.862648548864
MULTI_BOUND_G,30,2,116,1320.7141772240334
MULTI_BOUND_G,30,2,117,1325.8960364024806
MULTI_BOUND_G,30,2,118,1319.671099235165
MULTI_BOUND_G,30,2,119,1345.7539909369957
MULTI_BOUND_G,30,2,120,1343.5082688498057
MULTI_BOUND_G,30,2,121,1339.565493433759
MULTI_BOUND_G,30,2,122,1353.0702497526918
MULTI_BOUND_G,30,2,123,1287.3248107771929
MULTI_BOUND_G,30,2,124,1301.6570631220966
MULTI_BOUND_G,30,2,125,1294.7579816318835
MULTI_BOUND_G,30,2,126,1303.7849126769252
MULTI_BOUND_G,30,2,127,1299.931962427137
MULTI_BOUND_G,30,2,128,1297.7966555022235
MULTI_BOUND_G,30,2,129,1303.9289893623368
MULTI_BOUND_G,30,2,130,1307.3049145788555
MULTI_BOUND_G,30,2,131,1316.785031046783
MULTI_BOUND_G,30,2,132,1320.3254056984038
MULTI_BOUND_G,30,2,133,1321.5672754570273
MULTI_BOUND_G,30,2,134,1307.4880671265937
MULTI_BOUND_G,30,2,135,1319.5484481575147
MULTI_BOUND_G,30,2,136,1317.6598704402254
MULTI_BOUND_G,30,2,137,1328.7527177868462
MULTI_BOUND_G,30,2,138,1342.1356047888696
MULTI_BOUND_G,30,2,139,1352.6297786444215
MULTI_BOUND_G,30,2,140,1345.8923175175682
MULTI_BOUND_G,30,2,141,1346.18867308556
MULTI_BOUND_G,30,2,142,1356.409523785054
MULTI_BOUND_G,30,2,143,1356.9972924445499
MULTI_BOUND_G,30,2,144,1355.478433689465
MULTI_BOUND_G,30,2,145,1359.1986856612157
MULTI_BOUND_G,30,2,146,1382.4824105931543
MULTI_BOUND_G,30,2,147,1388.2876443093323
MULTI_BOUND_G,30,2,148,1296.943165163641
MULTI_BOUND_G,30,2,149,1297.4170978435795
MULTI_BOUND_G,30,2,150,1294.3432652500169
MULTI_BOUND_G,30,2,151,1297.6938917510615
MULTI_BOUND_G,30,2,152,1290.0177776470891
MULTI_BOUND_G,30,2,153,1305.8541570272714
MULTI_BOUND_G,30,2,154,1301.3352060783309
MULTI_BOUND_G,30,2,155,1318.8255835417772
MULTI_BOUND_G,30,2,156,1325.7073834609505
MULTI_BOUND_G,30,2,157,1323.5305933982042
MULTI_BOUND_G,30,2,158,1323.4713017105478
MULTI_BOUND_G,30,2,159,1321.1906426885841
MULTI_BOUND_G,30,2,160,1335.27680232703
MULTI_BOUND_G,30,2,161,1316.636486053921
MULTI_BOUND_G,30,2,162,1321.3809454714224
MULTI_BOUND_G,30,2,163,1330.3473784975345
MULTI_BOUND_G,30,2,164,1339.5632228238735
MULTI_BOUND_G,30,2,165,1326.1616604672045
MULTI_BOUND_G,30,2,166,1338.4239985842883
MULTI_BOUND_G,30,2,167,1330.3367716311548
MULTI_BOUND_G,30,2,168,1343.5696804120444
MULTI_BOUND_G,30,2,169,1351.4916776459106
MULTI_BOUND_G,30,2,170,1381.8644765295048
MULTI_BOUND_G,30,2,171,1377.9862539266262
MULTI_BOUND_G,30,2,172,1378.287501959573
MULTI_BOUND_G,30,2,173,1274.5958345015838
MULTI_BOUND_G,30,2,174,1286.6304806291141
MULTI_BOUND_G,30,2,175,1298.0219813368362
MULTI_BOUND_G,30,2,176,1290.5721341890135
MULTI_BOUND_G,30,2,177,1299.1841842795207
MULTI_BOUND_G,30,2,178,1300.207263195672
MULTI_BOUND_G,30,2,179,1313.2600373399391
MULTI_BOUND_G,30,2,180,1314.2776232406727
MULTI_BOUND_G,30,2,181,1326.2703098435572
MULTI_BOUND_G,30,2,182,1316.6734311677797
MULTI_BOUND_G,30,2,183,1333.664195501044
MULTI_BOUND_G,30,2,184,1332.853856669132
MULTI_BOUND_G,30,2,185,1336.3281395762458
MULTI_BOUND_G,30,2,186,1340.3762076170801
MULTI_BOUND_G,30,2,187,1347.4302829856408
MULTI_BOUND_G,30,2,188,1333.4776452223573
MULTI_BOUND_G,30,2,189,1348.5370109402845
MULTI_BOUND_G,30,2,190,1346.7044253954577
MULTI_BOUND_G,30,2,191,1349.4748981932491
MULTI_BOUND_G,30,2,192,1356.3917324815225
MULTI_BOUND_G,30,2,193,1356.4835513126054
MULTI_BOUND_G,30,2,194,1360.070630443952
MULTI_BOUND_G,30,2,195,1384.0713006692727
MULTI_BOUND_G,30,2,196,1371.8439126346561
MULTI_BOUND_G,30,2,197,1372.319166161881
MULTI_BOUND_G,30,2,198,1289.1767963574043
MULTI_BOUND_G,30,2,199,1284.5304336620165
MULTI_BOUND_G,30,2,200,1293.427496219445
MULTI_BOUND_G,30,2,201,1304.574266148471
MULTI_BOUND_G,30,2,202,1295.431528808125
MULTI_BOUND_G,30,2,203,1291.6738135645192
MULTI_BOUND_G,30,2,204,1317.418982648153
MULTI_BOUND_G,30,2,205,1323.1421948205664
MULTI_BOUND_G,30,2,206,1322.525452425035
MULTI_BOUND_G,30,2,207,1326.1771961783102
MULTI_BOUND_G,30,2,208,1341.7214497003952
MULTI_BOUND_G,30,2,209,1344.4146685804144
MULTI_BOUND_G,30,2,210,1345.7442504320227
MULTI_BOUND_G,30,2,211,1351.343226051698
MULTI_BOUND_G,30,2,212,1351.9044325739012
MULTI_BOUND_G,30,2,213,1351.9288707917276
MULTI_BOUND_G,30,2,214,1358.7575083810307
MULTI_BOUND_G,30,2,215,1360.2979894281577
MULTI_BOUND_G,30,2,216,1357.9392345966844
MULTI_BOUND_G,30,2,217,1346.0544172090517
MULTI_BOUND_G,30,2,218,1366.7609829846692
MULTI_BOUND_G,30,2,219,1386.2342950872335
MULTI_BOUND_G,30,2,220,1378.9090808244189
MULTI_BOUND_G,30,2,221,1380.6319716892754
MULTI_BOUND_G,30,2,222,1390.2601979147294
MULTI_BOUND_G,30,2,223,1310.6917006534538
MULTI_BOUND_G,30,2,224,1310.6955133973702
MULTI_BOUND_G,30,2,225,1303.2236172928563
MULTI_BOUND_G,30,2,226,1312.6032599572231
MULTI_BOUND_G,30,2,227,1310.474139795487
MULTI_BOUND_G,30,2,228,1319.1079801311166
MULTI_BOUND_G,30,2,229,1315.1518621891041
MULTI_BOUND_G,30,2,230,1336.8127116770152
MULTI_BOUND_G,30,2,231,1333.4253794530732
MULTI_BOUND_G,30,2,232,1337.1952180421895
MULTI_BOUND_G,30,2,233,1340.9957674716284
MULTI_BOUND_G,30,2,234,1330.211971066311
MULTI_BOUND_G,30,2,235,1343.5504042645612
MULTI_BOUND_G,30,2,236,1339.4249427548064
MULTI_BOUND_G,30,2,237,1353.0920797186513
MULTI_BOUND_G,30,2,238,1336.9763910785086
MULTI_BOUND_G,30,2,239,1354.6617951805804
MULTI_BOUND_G,30,2,240,1341.992069224184
MULTI_BOUND_G,30,2,241,1344.818683751023
MULTI_BOUND_G,30,2,242,1356.1689168985308
MULTI_BOUND_G,30,2,243,1358.3866049880764
MULTI_BOUND_G,30,2,244,1370.1038281499834
MULTI_BOUND_G,30,2,245,1395.358319094508
MULTI_BOUND_G,30,2,246,1391.1900464020223
MULTI_BOUND_G,30,2,247,1392.9762153224856
MULTI_BOUND_G,30,2,248,1311.243173184264
MULTI_BOUND_G,30,2,249,1302.8514160899513
MULTI_BOUND_G,30,2,250,1304.9638752679252
MULTI_BOUND_G,30,2,251,1317.904683731185
MULTI_BOUND_G,30,2,252,1323.3686072725332
MULTI_BOUND_G,30,2,253,1323.0354267384955
MULTI_BOUND_G,30,2,254,1326.7555252520785
MULTI_BOUND_G,30,2,255,1328.9099943929389
MULTI_BOUND_G,30,2,256,1329.6720909424462
MULTI_BOUND_G,30,2,257,1328.3960991038323
MULTI_BOUND_G,30,2,258,1338.089354712256
MULTI_BOUND_G,30,2,259,1335.2600138564153
MULTI_BOUND_G,30,2,260,1337.0605127380916
MULTI_BOUND_G,30,2,261,1349.4601508670046
MULTI_BOUND_G,30,2,262,1337.511315103926
MULTI_BOUND_G,30,2,263,1338.8090090287542
MULTI_BOUND_G,30,2,264,1347.4176681538388
MULTI_BOUND_G,30,2,265,1353.0895503709366
MULTI_BOUND_G,30,2,266,1355.2371380230168
MULTI_BOUND_G,30,2,267,1362.1619799008083
MULTI_BOUND_G,30,2,268,1353.4282285342888
MULTI_BOUND_G,30,2,269,1372.135952425978
MULTI_BOUND_G,30,2,270,1391.1218506098703
MULTI_BOUND_G,30,2,271,1384.5580269457678
MULTI_BOUND_G,30,2,272,1378.8677196315311
MULTI_BOUND_G,30,2,273,1295.155016995831
MULTI_BOUND_G,30,2,274,1302.094079582935
MULTI_BOUND_G,30,2,275,1310.3982407907151
MULTI_BOUND_G,30,2,276,1300.6983851947584
MULTI_BOUND_G,30,2,277,1321.6183846801794
MULTI_BOUND_G,30,2,278,1312.0720040757442
MULTI_BOUND_G,30,2,279,1319.7650952645663
MULTI_BOUND_G,30,2,280,1321.870626833646
MULTI_BOUND_G,30,2,281,1329.3129410178476
MULTI_BOUND_G,30,2,282,1330.2991064234036
MULTI_BOUND_G,30,2,283,1335.7620375930085
MULTI_BOUND_G,30,2,284,1338.3003577386862
MULTI_BOUND_G,30,2,285,1340.2589007560969
MULTI_BOUND_G,30,2,286,1341.0777370012345
MULTI_BOUND_G,30,2,287,1349.4718659807415
MULTI_BOUND_G,30,2,288,1350.5016030189431
MULTI_BOUND_G,30,2,289,1352.2137116534132
MULTI_BOUND_G,30,2,290,1358.7374043243467
MULTI_BOUND_G,30,2,291,1362.3486235493067
MULTI_BOUND_G,30,2,292,1352.8832886910186
MULTI_BOUND_G,30,2,293,1363.4801817623459
MULTI_BOUND_G,30,2,294,1372.1428977026403
MULTI_BOUND_G,30,2,295,1374.9576570066433
MULTI_BOUND_G,30,2,296,1392.8908786311117
MULTI_BOUND_G,30,2,297,1373.3009227812645
MULTI_BOUND_G,30,2,298,1316.3016501202887
MULTI_BOUND_G,30,2,299,1333.1822087586938
MULTI_BOUND_G,30,2,300,1334.0675546152713
MULTI_BOUND_G,30,2,301,1327.3630713857788
MULTI_BOUND_G,30,2,302,1337.6785018802798
MULTI_BOUND_G,30,2,303,1337.669728489354
MULTI_BOUND_G,30,2,304,1342.4168403492044
MULTI_BOUND_G,30,2,305,1345.0337475049628
MULTI_BOUND_G,30,2,306,1347.7231558666972
MULTI_BOUND_G,30,2,307,1353.3746740710862
MULTI_BOUND_G,30,2,308,1351.466759693339
MULTI_BOUND_G,30,2,309,1351.7751389108719
MULTI_BOUND_G,30,2,310,1341.3426211354467
MULTI_BOUND_G,30,2,311,1354.7054105276893
MULTI_BOUND_G,30,2,312,1364.3624013075512
MULTI_BOUND_G,30,2,313,1355.2742393915132
MULTI_BOUND_G,30,2,314,1358.9852075954705
MULTI_BOUND_G,30,2,315,1353.4741248068037
MULTI_BOUND_G,30,2,316,1368.005528049234
MULTI_BOUND_G,30,2,317,1372.4758899261801
MULTI_BOUND_G,30,2,318,1372.6155491101247
MULTI_BOUND_G,30,2,319,1394.0443983820971
MULTI_BOUND_G,30,2,320,1390.3369659719278
MULTI_BOUND_G,30,2,321,1413.6447549737754
MULTI_BOUND_G,30,2,322,1405.929641045837
MULTI_BOUND_G,30,2,323,1316.7386980669162
MULTI_BOUND_G,30,2,324,1316.9433695305906
MULTI_BOUND_G,30,2,325,1329.108245756468
MULTI_BOUND_G,30,2,326,1322.794870461662
MULTI_BOUND_G,30,2,327,1338.483397007952
MULTI_BOUND_G,30,2,328,1335.9273458329162
MULTI_BOUND_G,30,2,329,1339.132062972123
MULTI_BOUND_G,30,2,330,1336.8338771114195
MULTI_BOUND_G,30,2,331,1362.2378866680904
MULTI_BOUND_G,30,2,332,1361.0784957581309
MULTI_BOUND_G,30,2,333,1361.4789787028785
MULTI_BOUND_G,30,2,334,1371.9868031845663
MULTI_BOUND_G,30,2,335,1362.716393310392
MULTI_BOUND_G,30,2,336,1376.0808855762764
MULTI_BOUND_G,30,2,337,1382.8360659121158
MULTI_BOUND_G,30,2,338,1391.8830324908347
MULTI_BOUND_G,30,2,339,1392.9244771664567
MULTI_BOUND_G,30,2,340,1391.2061009659003
MULTI_BOUND_G,30,2,341,1395.5703189329615
MULTI_BOUND_G,30,2,342,1394.1620791999194
MULTI_BOUND_G,30,2,343,1401.2347634062085
MULTI_BOUND_G,30,2,344,1401.4767024567313
MULTI_BOUND_G,30,2,345,1404.1954730293203
MULTI_BOUND_G,30,2,346,1432.0014368295583
MULTI_BOUND_G,30,2,347,1417.6244164270465
MULTI_BOUND_G,30,2,348,1311.8569401870584
MULTI_BOUND_G,30,2,349,1323.9893683738305
MULTI_BOUND_G,30,2,350,1317.8702287655383
MULTI_BOUND_G,30,2,351,1325.2708883304222
MULTI_BOUND_G,30,2,352,1321.6639127016438
MULTI_BOUND_G,30,2,353,1339.4946091282263
MULTI_BOUND_G,30,2,354,1336.8011087685804
MULTI_BOUND_G,30,2,355,1349.540434047712
MULTI_BOUND_G,30,2,356,1341.7673035992539
MULTI_BOUND_G,30,2,357,1339.746253802328
MULTI_BOUND_G,30,2,358,1354.2447709714027
MULTI_BOUND_G,30,2,359,1349.9356766016847
MULTI_BOUND_G,30,2,360,1355.8412099499851
MULTI_BOUND_G,30,2,361,1350.403497538731
MULTI_BOUND_G,30,2,362,1360.1822447036786
MULTI_BOUND_G,30,2,363,1373.7418186902669
MULTI_BOUND_G,30,2,364,1376.2251184120712
MULTI_BOUND_G,30,2,365,1380.093011928569
MULTI_BOUND_G,30,2,366,1379.434195527196
MULTI_BOUND_G,30,2,367,1381.857635382263
MULTI_BOUND_G,30,2,368,1393.1050596113596
MULTI_BOUND_G,30,3,0,891.3672403199309
MULTI_BOUND_G,30,3,1,8263142169.237492
MULTI_BOUND_G,30,3,2,4131571060.0172853
MULTI_BOUND_G,30,3,3,2065785512.3064752
MULTI_BOUND_G,30,3,4,1032892758.583282
MULTI_BOUND_G,30,3,5,516446398.6250792
MULTI_BOUND_G,30,3,6,258223208.3984033
MULTI_BOUND_G,30,3,7,129111588.378813
MULTI_BOUND_G,30,3,8,64555775.95893605
MULTI_BOUND_G,30,3,9,32277893.542558517
MULTI_BOUND_G,30,3,10,16138946.581026388
MULTI_BOUND_G,30,3,11,8069475.219837179
MULTI_BOUND_G,30,3,12,4034752.9407937485
MULTI_BOUND_G,30,3,13,2017372.1268893078
MULTI_BOUND_G,30,3,14,1008703.2840419697
MULTI_BOUND_G,30,3,15,504359.1156009418
MULTI_BOUND_G,30,3,16,252194.99365304306
MULTI_BOUND_G,30,3,17,126109.50310068775
MULTI_BOUND_G,30,3,18,63082.8116646463
MULTI_BOUND_G,30,3,19,31546.914387804325
MULTI_BOUND_G,30,3,20,15785.233962495386
MULTI_BOUND_G,30,3,21,7920.262126529603
MULTI_BOUND_G,30,3,22,3974.4164343102457
MULTI_BOUND_G,30,3,23,2012.2203106414825
MULTI_BOUND_G,30,3,24,1021.0444942776095
MULTI_BOUND_G,30,3,25,1019.3751443371718
MULTI_BOUND_G,30,3,26,1034.5288018159836
MULTI_BOUND_G,30,3,27,1034.28966947708
MULTI_BOUND_G,30,3,28,1049.9731665653899
MULTI_BOUND_G,30,3,29,1062.864819521612
MULTI_BOUND_G,30,3,30,1071.189372146173
MULTI_BOUND_G,30,3,31,1080.6687225421824
MULTI_BOUND_G,30,3,32,1070.1426954942463
MULTI_BOUND_G,30,3,33,1077.315887324644
MULTI_BOUND_G,30,3,34,1078.0454555125616
MULTI_BOUND_G,30,3,35,1082.6841838467026
MULTI_BOUND_G,30,3,36,1075.080682789582
MULTI_BOUND_G,30,3,37,1079.583837919774
MULTI_BOUND_G,30,3,38,1071.7061240732985
MULTI_BOUND_G,30,3,39,1088.17272861817
MULTI_BOUND_G,30,3,40,1086.0751417686538
MULTI_BOUND_G,30,3,41,1094.6107467861239
MULTI_BOUND_G,30,3,42,1100.5681927592598
MULTI_BOUND_G,30,3,43,1109.1772221819763
MULTI_BOUND_G,30,3,44,1102.099701955352
MULTI_BOUND_G,30,3,45,1112.2469661085802
MULTI_BOUND_G,30,3,46,1112.1246633033118
MULTI_BOUND_G,30,3,47,1116.6894265590608
MULTI_BOUND_G,30,3,48,1122.1484754517635
MULTI_BOUND_G,30,3,49,1139.3599828676993
MULTI_BOUND_G,30,3,50,1031.3042685152398
MULTI_BOUND_G,30,3,51,1018.103447032551
MULTI_BOUND_G,30,3,52,1042.8530238954188
MULTI_BOUND_G,30,3,53,1044.752176495143
MULTI_BOUND_G,30,3,54,1046.2001263774323
MULTI_BOUND_G,30,3,55,1062.5869142899644
MULTI_BOUND_G,30,3,56,1055.089408490242
MULTI_BOUND_G,30,3,57,1061.5432851538194
MULTI_BOUND_G,30,3,58,1069.9603394428682
MULTI_BOUND_G,30,3,59,1069.4344393589308
MULTI_BOUND_G,30,3,60,1074.459218877487
MULTI_BOUND_G,30,3,61,1085.866389859018
MULTI_BOUND_G,30,3,62,1078.4224241472243
MULTI_BOUND_G,30,3,63,1079.7975352415601
MULTI_BOUND_G,30,3,64,1092.1893756655775
MULTI_BOUND_G,30,3,65,1075.067803572612
MULTI_BOUND_G,30,3,66,1105.057662389125
MULTI_BOUND_G,30,3,67,1101.5490089618643
MULTI_BOUND_G,30,3,68,1094.4996430491633
MULTI_BOUND_G,30,3,69,1101.5657997295398
MULTI_BOUND_G,30,3,70,1111.9411310179146
MULTI_BOUND_G,30,3,71,1103.6138630022526
MULTI_BOUND_G,30,3,72,1108.232060633832
MULTI_BOUND_G,30,3,73,1114.6103358028258
MULTI_BOUND_G,30,3,74,1121.8148389328837
MULTI_BOUND_G,30,3,75,1131.6159719474967
MULTI_BOUND_G,30,3,76,1063.0979421012241
MULTI_BOUND_G,30,3,77,1060.8517928841559
MULTI_BOUND_G,30,3,78,1096.5527326788147
MULTI_BOUND_G,30,3,79,1080.993316470534
MULTI_BOUND_G,30,3,80,1090.8293242627365
MULTI_BOUND_G,30,3,81,1090.2017413622066
MULTI_BOUND_G,30,3,82,1085.9423796721994
MULTI_BOUND_G,30,3,83,1098.7474900710758
MULTI_BOUND_G,30,3,84,1100.6675164915382
MULTI_BOUND_G,30,3,85,1087.1728518744553
MULTI_BOUND_G,30,3,86,1097.11123016593
MULTI_BOUND_G,30,3,87,1101.8180148503711
MULTI_BOUND_G,30,3,88,1112.1578519440145
MULTI_BOUND_G,30,3,89,1102.504621121847
MULTI_BOUND_G,30,3,90,1108.965667960675
MULTI_BOUND_G,30,3,91,1121.7863258254608
MULTI_BOUND_G,30,3,92,1122.1218707720536
MULTI_BOUND_G,30,3,93,1134.4610556579487
MULTI_BOUND_G,30,3,94,1132.1460187121374
MULTI_BOUND_G,30,3,95,1154.7653612606136
MULTI_BOUND_G,30,3,96,1137.1929249007867
MULTI_BOUND_G,30,3,97,1141.2462171070056
MULTI_BOUND_G,30,3,98,1159.6368129178354
MULTI_BOUND_G,30,3,99,1181.003544383175
MULTI_BOUND_G,30,3,100,1169.181375580407
MULTI_BOUND_G,30,3,101,1190.706984721645
MULTI_BOUND_G,30,3,102,1054.7932272861358
MULTI_BOUND_G,30,3,103,1082.1024824862159
MULTI_BOUND_G,30,3,104,1090.4116266232604
MULTI_BOUND_G,30,3,105,1099.7981859969946
MULTI_BOUND_G,30,3,106,1105.7259709097607
MULTI_BOUND_G,30,3,107,1101.0071244949045
MULTI_BOUND_G,30,3,108,1114.7494567027547
MULTI_BOUND_G,30,3,109,1108.527841668337
MULTI_BOUND_G,30,3,110,1116.535049718676
MULTI_BOUND_G,30,3,111,1122.6830950304497
MULTI_BOUND_G,30,3,112,1122.3520517765528
MULTI_BOUND_G,30,3,113,1111.1188765933753
MULTI_BOUND_G,30,3,114,1133.6044313886955
MULTI_BOUND_G,30,3,115,1126.161409544719
MULTI_BOUND_G,30,3,116,1128.7740778247987
MULTI_BOUND_G,30,3,117,1131.5846817541496
MULTI_BOUND_G,30,3,118,1142.7443040329167
MULTI_BOUND_G,30,3,119,1154.7930109194876
MULTI_BOUND_G,30,3,120,1143.531094058739
MULTI_BOUND_G,30,3,121,1148.2923848090563
MULTI_BOUND_G,30,3,122,1178.5716905017803
MULTI_BOUND_G,30,3,123,1164.0301776545998
MULTI_BOUND_G,30,3,124,1183.0561884126932
MULTI_BOUND_G,30,3,125,1183.2798807235213
MULTI_BOUND_G,30,3,126,1204.9554015130823
MULTI_BOUND_G,30,3,127,1214.4475872296832
MULTI_BOUND_G,30,3,128,1073.5181733958834
MULTI_BOUND_G,30,3,129,1079.3795657240653
MULTI_BOUND_G,30,3,130,1079.067363886737
MULTI_BOUND_G,30,3,131,1090.6865126586863
MULTI_BOUND_G,30,3,132,1089.0002320678786
MULTI_BOUND_G,30,3,133,1090.3282122417754
MULTI_BOUND_G,30,3,134,1086.78804451622
MULTI_BOUND_G,30,3,135,1081.6991539971757
MULTI_BOUND_G,30,3,136,1097.8508692259256
MULTI_BOUND_G,30,3,137,1116.63871294831
MULTI_BOUND_G,30,3,138,1095.9580342558627
MULTI_BOUND_G,30,3,139,1107.290706868297
MULTI_BOUND_G,30,3,140,1096.3962676731999
MULTI_BOUND_G,30,3,141,1105.0149042829894
MULTI_BOUND_G,30,3,142,1118.058347955986
MULTI_BOUND_G,30,3,143,1120.7265008521117
MULTI_BOUND_G,30,3,144,1118.599793432727
MULTI_BOUND_G,30,3,145,1116.9902979399387
MULTI_BOUND_G,30,3,146,1122.061391713708
MULTI_BOUND_G,30,3,147,1146.9565758749395
MULTI_BOUND_G,30,3,148,1128.5938992504514
MULTI_BOUND_G,30,3,149,1138.379742142692
MULTI_BOUND_G,30,3,150,1163.2971795059443
MULTI_BOUND_G,30,3,151,1152.0824031103848
MULTI_BOUND_G,30,3,152,1173.8277701381926
MULTI_BOUND_G,30,3,153,1181.6161972961743
MULTI_BOUND_G,30,3,154,1072.5120260014864
MULTI_BOUND_G,30,3,155,1092.729141143411
MULTI_BOUND_G,30,3,156,1082.0524944807148
MULTI_BOUND_G,30,3,157,1095.886271051636
MULTI_BOUND_G,30,3,158,1090.6288390446873
MULTI_BOUND_G,30,3,159,1091.0112635534554
MULTI_BOUND_G,30,3,160,1094.7397794253884
MULTI_BOUND_G,30,3,161,1107.987758028526
MULTI_BOUND_G,30,3,162,1110.1575898045094
MULTI_BOUND_G,30,3,163,1113.5658505133651
MULTI_BOUND_G,30,3,164,1110.3210126439485
MULTI_BOUND_G,30,3,165,1125.628938160668
MULTI_BOUND_G,30,3,166,1108.970810223636
MULTI_BOUND_G,30,3,167,1119.6116505313676
MULTI_BOUND_G,30,3,168,1109.5769835819428
MULTI_BOUND_G,30,3,169,1120.4789388766894
MULTI_BOUND_G,30,3,170,1139.713324536452
MULTI_BOUND_G,30,3,171,1149.8309344512104
MULTI_BOUND_G,30,3,172,1147.430240570985
MULTI_BOUND_G,30,3,173,1147.1295948194036
MULTI_BOUND_G,30,3,174,1139.715620590318
MULTI_BOUND_G,30,3,175,1150.549467561337
MULTI_BOUND_G,30,3,176,1155.5977114127372
MULTI_BOUND_G,30,3,177,1174.3206363940037
MULTI_BOUND_G,30,3,178,1185.2390035821113
MULTI_BOUND_G,30,3,179,1183.939510211842
MULTI_BOUND_G,30,3,180,1080.899860268325
MULTI_BOUND_G,30,3,181,1093.3679555985555
MULTI_BOUND_G,30,3,182,1118.6437884369313
MULTI_BOUND_G,30,3,183,1108.42120129578
MULTI_BOUND_G,30,3,184,1110.0021329956585
MULTI_BOUND_G,30,3,185,1102.7174710519253
MULTI_BOUND_G,30,3,186,1116.7686306695323
MULTI_BOUND_G,30,3,187,1119.4698009541612
MULTI_BOUND_G,30,3,188,1125.019207689108
MULTI_BOUND_G,30,3,189,1125.6392927393263
MULTI_BOUND_G,30,3,190,1115.342171498494
MULTI_BOUND_G,30,3,191,1119.4390611819272
MULTI_BOUND_G,30,3,192,1135.4859956304854
MULTI_BOUND_G,30,3,193,1133.984255258798
MULTI_BOUND_G,30,3,194,1136.876616813562
MULTI_BOUND_G,30,3,195,1133.7831145413388
MULTI_BOUND_G,30,3,196,1156.4638012008945
MULTI_BOUND_G,30,3,197,1148.7920241293984
MULTI_BOUND_G,30,3,198,1153.77488934583
MULTI_BOUND_G,30,3,199,1157.2043315974843
MULTI_BOUND_G,30,3,200,1182.1647300506738
MULTI_BOUND_G,30,3,201,1166.2127083391013
MULTI_BOUND_G,30,3,202,1191.5745366313522
MULTI_BOUND_G,30,3,203,1187.0129891529095
MULTI_BOUND_G,30,3,204,1208.8933769928888
MULTI_BOUND_G,30,3,205,1217.7192301726031
MULTI_BOUND_G,30,3,206,1100.4569637286045
MULTI_BOUND_G,30,3,207,1096.8232573435648
MULTI_BOUND_G,30,3,208,1111.3676507363925
MULTI_BOUND_G,30,3,209,1108.793115932945
MULTI_BOUND_G,30,3,210,1112.3286253566853
MULTI_BOUND_G,30,3,211,1119.1652812402954
MULTI_BOUND_G,30,3,212,1125.1352211001777
MULTI_BOUND_G,30,3,213,1132.9963823043186
MULTI_BOUND_G,30,3,214,1144.4250401359075
MULTI_BOUND_G,30,3,215,1135.4444354333214
MULTI_BOUND_G,30,3,216,1125.1990334365794
MULTI_BOUND_G,30,3,217,1139.6324658111798
MULTI_BOUND_G,30,3,218,1132.708830839443
MULTI_BOUND_G,30,3,219,1137.3838999055747
MULTI_BOUND_G,30,3,220,1136.5891031190895
MULTI_BOUND_G,30,3,221,1150.5630008242565
MULTI_BOUND_G,30,3,222,1138.9163300023674
MULTI_BOUND_G,30,3,223,1152.238290752342
MULTI_BOUND_G,30,3,224,1149.0699225811968
MULTI_BOUND_G,30,3,225,1189.3757197810728
MULTI_BOUND_G,30,3,226,1167.3010978119084
MULTI_BOUND_G,30,3,227,1179.4921947250523
MULTI_BOUND_G,30,3,228,1173.3349786453714
MULTI_BOUND_G,30,3,229,1207.327371266249
MULTI_BOUND_G,30,3,230,1216.055800358071
MULTI_BOUND_G,30,3,231,1222.7523447117387
MULTI_BOUND_G,30,3,232,1108.6116662427507
MULTI_BOUND_G,30,3,233,1126.0221446877408
MULTI_BOUND_G,30,3,234,1127.2737813438139
MULTI_BOUND_G,30,3,235,1124.4626382125434
MULTI_BOUND_G,30,3,236,1129.8349359576537
MULTI_BOUND_G,30,3,237,1122.5996224970356
MULTI_BOUND_G,30,3,238,1123.7580104841904
MULTI_BOUND_G,30,3,239,1124.6145542289787
MULTI_BOUND_G,30,3,240,1122.8919723217243
MULTI_BOUND_G,30,3,241,1142.991502721492
MULTI_BOUND_G,30,3,242,1135.2092738479623
MULTI_BOUND_G,30,3,243,1148.3580810889152
MULTI_BOUND_G,30,3,244,1150.9643564521164
MULTI_BOUND_G,30,3,245,1139.9247686837334
MULTI_BOUND_G,30,3,246,1151.610509753285
MULTI_BOUND_G,30,3,247,1151.2097889811205
MULTI_BOUND_G,30,3,248,1145.0067029477202
MULTI_BOUND_G,30,3,249,1177.5764540966131
MULTI_BOUND_G,30,3,250,1168.885984218875
MULTI_BOUND_G,30,3,251,1179.7699850728186
MULTI_BOUND_G,30,3,252,1164.1853847370076
MULTI_BOUND_G,30,3,253,1183.0590970956787
MULTI_BOUND_G,30,3,254,1203.065688285007
MULTI_BOUND_G,30,3,255,1197.2933249236908
MULTI_BOUND_G,30,3,256,1205.4197198783622
MULTI_BOUND_G,30,3,257,1210.36187663055
MULTI_BOUND_G,30,3,258,1090.3276968522623
MULTI_BOUND_G,30,3,259,1098.56757319355
MULTI_BOUND_G,30,3,260,1113.5222345017214
MULTI_BOUND_G,30,3,261,1115.515651459968
MULTI_BOUND_G,30,3,262,1142.7320977282025
MULTI_BOUND_G,30,3,263,1143.164132384472
MULTI_BOUND_G,30,3,264,1137.1702151553445
MULTI_BOUND_G,30,3,265,1141.0572861163214
MULTI_BOUND_G,30,3,266,1146.6300979522343
MULTI_BOUND_G,30,3,267,1130.3193612007028
MULTI_BOUND_G,30,3,268,1150.4111240257416
MULTI_BOUND_G,30,3,269,1152.1630757156645
MULTI_BOUND_G,30,3,270,1156.261976494697
MULTI_BOUND_G,30,3,271,1155.3226766662358
MULTI_BOUND_G,30,3,272,1155.2738712749087
MULTI_BOUND_G,30,3,273,1152.2299553818384
MULTI_BOUND_G,30,3,274,1161.1704780017776
MULTI_BOUND_G,30,3,275,1168.0380488427625
MULTI_BOUND_G,30,3,276,1172.6076693927366
MULTI_BOUND_G,30,3,277,1165.3100925612557
MULTI_BOUND_G,30,3,278,1186.4340426702217
MULTI_BOUND_G,30,3,279,1180.6684298751147
MULTI_BOUND_G,30,3,280,1181.9874463095312
MULTI_BOUND_G,30,3,281,1186.2601208631518
MULTI_BOUND_G,30,3,282,1196.6858654972848
MULTI_BOUND_G,30,3,283,1207.0212846537183
MULTI_BOUND_G,30,3,284,1098.3720845039172
MULTI_BOUND_G,30,3,285,1093.7107322227514
MULTI_BOUND_G,30,3,286,1098.949303941578
MULTI_BOUND_G,30,3,287,1126.1733225481948
MULTI_BOUND_G,30,3,288,1119.4000121508172
MULTI_BOUND_G,30,3,289,1130.947716312387
MULTI_BOUND_G,30,3,290,1127.6648968832974
MULTI_BOUND_G,30,3,291,1141.9000217941857
MULTI_BOUND_G,30,3,292,1115.7936017509107
MULTI_BOUND_G,30,3,293,1130.723403248905
MULTI_BOUND_G,30,3,294,1141.7944808006132
MULTI_BOUND_G,30,3,295,1147.9125780193726
MULTI_BOUND_G,30,3,296,1150.6487563707328
MULTI_BOUND_G,30,3,297,1156.049904415222
MULTI_BOUND_G,30,3,298,1150.1018202779178
MULTI_BOUND_G,30,3,299,1163.3139123977255
MULTI_BOUND_G,30,3,300,1167.8894862556199
MULTI_BOUND_G,30,3,301,1174.2211117810712
MULTI_BOUND_G,30,3,302,1185.6362706612888
MULTI_BOUND_G,30,3,303,1165.583632767007
MULTI_BOUND_G,30,3,304,1169.420261385087
MULTI_BOUND_G,30,3,305,1177.689120281937
MULTI_BOUND_G,30,3,306,1184.7927390340587
MULTI_BOUND_G,30,3,307,1179.0859443920135
MULTI_BOUND_G,30,3,308,1188.2397499056187
MULTI_BOUND_G,30,3,309,1188.3461238324426
MULTI_BOUND_G,30,3,310,1103.5036706889264
MULTI_BOUND_G,30,3,311,1100.0664874053723
MULTI_BOUND_G,30,3,312,1113.3256210168738
MULTI_BOUND_G,30,3,313,1110.23376865326
MULTI_BOUND_G,30,3,314,1113.533297752987
MULTI_BOUND_G,30,3,315,1125.7654167955448
MULTI_BOUND_G,30,3,316,1123.942981410181
MULTI_BOUND_G,30,3,317,1129.7210303850397
MULTI_BOUND_G,30,3,318,1132.261954845007
MULTI_BOUND_G,30,3,319,1128.1984879512966
MULTI_BOUND_G,30,3,320,1138.8358495536622
MULTI_BOUND_G,30,3,321,1133.9470672939885
MULTI_BOUND_G,30,3,322,1135.8276838659656
MULTI_BOUND_G,30,3,323,1140.5209580913981
MULTI_BOUND_G,30,3,324,1145.0186895093511
MULTI_BOUND_G,30,3,325,1166.6048599004357
MULTI_BOUND_G,30,3,326,1157.1795938542973
MULTI_BOUND_G,30,3,327,1168.3209659942722
MULTI_BOUND_G,30,3,328,1143.3499894763856
MULTI_BOUND_G,30,3,329,1170.2445555093414
MULTI_BOUND_G,30,3,330,1162.0048415361705
MULTI_BOUND_G,30,3,331,1169.0015855780957
MULTI_BOUND_G,30,3,332,1180.112851833495
MULTI_BOUND_G,30,3,333,1194.1413683813537
MULTI_BOUND_G,30,3,334,1194.5528530974411
MULTI_BOUND_G,30,3,335,1199.6025493153297
MULTI_BOUND_G,30,3,336,1088.3259977254825
MULTI_BOUND_G,30,3,337,1103.8884179290399
MULTI_BOUND_G,30,3,338,1101.683741746109
MULTI_BOUND_G,30,3,339,1106.6459385850592
MULTI_BOUND_G,30,3,340,1119.6810746755314
MULTI_BOUND_G,30,3,341,1129.0469473837443
MULTI_BOUND_G,30,3,342,1137.5879200041145
MULTI_BOUND_G,30,3,343,1136.8165486022053
MULTI_BOUND_G,30,3,344,1143.5068207798527
MULTI_BOUND_G,30,3,345,1154.2220629919234
MULTI_BOUND_G,30,3,346,1144.4940524163926
MULTI_BOUND_G,30,3,347,1144.8550823698995
MULTI_BOUND_G,30,3,348,1141.9650622662407
MULTI_BOUND_G,30,3,349,1152.4218415227965
MULTI_BOUND_G,30,3,350,1162.0898890220033
MULTI_BOUND_G,30,3,351,1145.3506123089298
MULTI_BOUND_G,30,3,352,1160.3663077008327
MULTI_BOUND_G,30,3,353,1176.104230543671
MULTI_BOUND_G,30,3,354,1157.7908864824726
MULTI_BOUND_G,30,3,355,1170.25254176406
MULTI_BOUND_G,30,3,356,1177.8079393986425
MULTI_BOUND_G,30,4,0,865.5630423359135
MULTI_BOUND_G,30,4,1,5012365769.26166
MULTI_BOUND_G,30,4,2,2506182860.953768
MULTI_BOUND_G,30,4,3,1253091428.0807934
MULTI_BOUND_G,30,4,4,626545694.0686442
MULTI_BOUND_G,30,4,5,313272840.6770905
MULTI_BOUND_G,30,4,6,156636436.5636343
MULTI_BOUND_G,30,4,7,78318231.75857341
MULTI_BOUND_G,30,4,8,39159124.63101713
MULTI_BOUND_G,30,4,9,19579565.16670333
MULTI_BOUND_G,30,4,10,9789775.854551438
MULTI_BOUND_G,30,4,11,4894888.094678799
MULTI_BOUND_G,30,4,12,2447466.4380078763
MULTI_BOUND_G,30,4,13,1223736.4814329338
MULTI_BOUND_G,30,4,14,611888.3314441822
MULTI_BOUND_G,30,4,15,305933.88102087635
MULTI_BOUND_G,30,4,16,152963.8309346527
MULTI_BOUND_G,30,4,17,76478.76287670777
MULTI_BOUND_G,30,4,18,38263.32541762038
MULTI_BOUND_G,30,4,19,19127.76306217603
MULTI_BOUND_G,30,4,20,9579.738280852249
MULTI_BOUND_G,30,4,21,4819.079686692711
MULTI_BOUND_G,30,4,22,2408.4415587662934
MULTI_BOUND_G,30,4,23,1212.9514264977774
MULTI_BOUND_G,30,4,24,1244.7423686991638
MULTI_BOUND_G,30,4,25,1243.8924610024037
MULTI_BOUND_G,30,4,26,1243.9453117265075
MULTI_BOUND_G,30,4,27,1255.5773958092605
MULTI_BOUND_G,30,4,28,1251.2615739965754
MULTI_BOUND_G,30,4,29,1250.5890791910088
MULTI_BOUND_G,30,4,30,1269.969109165414
MULTI_BOUND_G,30,4,31,1268.3017483579424
MULTI_BOUND_G,30,4,32,1257.1061418274394
MULTI_BOUND_G,30,4,33,1267.0144875708297
MULTI_BOUND_G,30,4,34,1255.830489820657
MULTI_BOUND_G,30,4,35,1279.473172921388
MULTI_BOUND_G,30,4,36,1265.4911687749716
MULTI_BOUND_G,30,4,37,1281.0926815998114
MULTI_BOUND_G,30,4,38,1279.3366858337624
MULTI_BOUND_G,30,4,39,1279.0320592543594
MULTI_BOUND_G,30,4,40,1282.5641627856835
MULTI_BOUND_G,30,4,41,1297.922001688938
MULTI_BOUND_G,30,4,42,1290.8248958209433
MULTI_BOUND_G,30,4,43,1296.5286370561225
MULTI_BOUND_G,30,4,44,1298.278727480118
MULTI_BOUND_G,30,4,45,1322.3253149478141
MULTI_BOUND_G,30,4,46,1326.8780351361047
MULTI_BOUND_G,30,4,47,1349.2786336152512
MULTI_BOUND_G,30,4,48,1231.608168800908
MULTI_BOUND_G,30,4,49,1262.4283927095798
MULTI_BOUND_G,30,4,50,1269.5312885190274
MULTI_BOUND_G,30,4,51,1267.6959548961245
MULTI_BOUND_G,30,4,52,1260.4314628213028
MULTI_BOUND_G,30,4,53,1257.5909229363526
MULTI_BOUND_G,30,4,54,1256.084419768555
MULTI_BOUND_G,30,4,55,1275.930079252248
MULTI_BOUND_G,30,4,56,1265.3741277728636
MULTI_BOUND_G,30,4,57,1281.6240010651177
MULTI_BOUND_G,30,4,58,1269.7233063818053
MULTI_BOUND_G,30,4,59,1268.8784981062931
MULTI_BOUND_G,30,4,60,1280.693959984499
MULTI_BOUND_G,30,4,61,1290.9892578949934
MULTI_BOUND_G,30,4,62,1286.500640899073
MULTI_BOUND_G,30,4,63,1288.8672080419624
MULTI_BOUND_G,30,4,64,1303.3755414723596
MULTI_BOUND_G,30,4,65,1293.1961603761065
MULTI_BOUND_G,30,4,66,1297.3773163093188
MULTI_BOUND_G,30,4,67,1308.5409407170523
MULTI_BOUND_G,30,4,68,1323.0702245136902
MULTI_BOUND_G,30,4,69,1305.2017235467856
MULTI_BOUND_G,30,4,70,1324.302604527392
MULTI_BOUND_G,30,4,71,1329.772587594554
MULTI_BOUND_G,30,4,72,1328.3889185684543
MULTI_BOUND_G,30,4,73,1249.1916368181483
MULTI_BOUND_G,30,4,74,1251.7520132719474
MULTI_BOUND_G,30,4,75,1240.9453835255472
MULTI_BOUND_G,30,4,76,1267.4527691123667
MULTI_BOUND_G,30,4,77,1258.8648207461488
MULTI_BOUND_G,30,4,78,1264.3634329980937
MULTI_BOUND_G,30,4,79,1278.070073212959
MULTI_BOUND_G,30,4,80,1284.6063828069825
MULTI_BOUND_G,30,4,81,1265.7503023638264
MULTI_BOUND_G,30,4,82,1284.6374258338624
MULTI_BOUND_G,30,4,83,1283.1768007350656
MULTI_BOUND_G,30,4,84,1284.4692913800259
MULTI_BOUND_G,30,4,85,1290.360762246536
MULTI_BOUND_G,30,4,86,1293.9749171832473
MULTI_BOUND_G,30,4,87,1278.603071396395
MULTI_BOUND_G,30,4,88,1284.1159892075354
MULTI_BOUND_G,30,4,89,1305.198813776688
MULTI_BOUND_G,30,4,90,1304.6834556715012
MULTI_BOUND_G,30,4,91,1303.364043160645
MULTI_BOUND_G,30,4,92,1304.1792062563497
MULTI_BOUND_G,30,4,93,1319.8268443463603
MULTI_BOUND_G,30,4,94,1322.2155839173429
MULTI_BOUND_G,30,4,95,1342.0651892321412
MULTI_BOUND_G,30,4,96,1353.515319582967
MULTI_BOUND_G,30,4,97,1369.5096439404715
MULTI_BOUND_G,30,4,98,1250.8277008557588
MULTI_BOUND_G,30,4,99,1284.8125238471498
MULTI_BOUND_G,30,4,100,1290.1080176217788
MULTI_BOUND_G,30,4,101,1287.7812132483054
MULTI_BOUND_G,30,4,102,1280.8553625502936
MULTI_BOUND_G,30,4,103,1278.8966764505067
MULTI_BOUND_G,30,4,104,1295.667190792174
MULTI_BOUND_G,30,4,105,1284.8708081450588
MULTI_BOUND_G,30,4,106,1278.2157711448694
MULTI_BOUND_G,30,4,107,1289.1200372569565
MULTI_BOUND_G,30,4,108,1288.212207605453
MULTI_BOUND_G,30,4,109,1303.539146914335
MULTI_BOUND_G,30,4,110,1302.115457770628
MULTI_BOUND_G,30,4,111,1313.5522405882043
MULTI_BOUND_G,30,4,112,1308.0916214377812
MULTI_BOUND_G,30,4,113,1309.9270467682854
MULTI_BOUND_G,30,4,114,1324.808964974322
MULTI_BOUND_G,30,4,115,1314.8831498081913
MULTI_BOUND_G,30,4,116,1317.8093551252132
MULTI_BOUND_G,30,4,117,1324.5000433162854
MULTI_BOUND_G,30,4,118,1329.3474853287507
MULTI_BOUND_G,30,4,119,1344.657242213531
MULTI_BOUND_G,30,4,120,1349.015564079
MULTI_BOUND_G,30,4,121,1346.028914279361
MULTI_BOUND_G,30,4,122,1349.3604253469866
MULTI_BOUND_G,30,4,123,1286.6846691845435
MULTI_BOUND_G,30,4,124,1287.0541489984084
MULTI_BOUND_G,30,4,125,1275.8661536427844
MULTI_BOUND_G,30,4,126,1294.8902574399385
MULTI_BOUND_G,30,4,127,1281.128364948328
MULTI_BOUND_G,30,4,128,1277.9207153987677
MULTI_BOUND_G,30,4,129,1298.6012487459175
MULTI_BOUND_G,30,4,130,1296.9946464057234
MULTI_BOUND_G,30,4,131,1301.3745482201352
MULTI_BOUND_G,30,4,132,1293.1934166567298
MULTI_BOUND_G,30,4,133,1294.9658091365686
MULTI_BOUND_G,30,4,134,1303.464778212428
MULTI_BOUND_G,30,4,135,1304.4033328106734
MULTI_BOUND_G,30,4,136,1318.9773871490129
MULTI_BOUND_G,30,4,137,1319.74732451291
MULTI_BOUND_G,30,4,138,1310.7861897468297
MULTI_BOUND_G,30,4,139,1309.2085736862991
MULTI_BOUND_G,30,4,140,1311.4509991139134
MULTI_BOUND_G,30,4,141,1324.1909664143068
MULTI_BOUND_G,30,4,142,1339.9741973645607
MULTI_BOUND_G,30,4,143,1342.0159503769517
MULTI_BOUND_G,30,4,144,1343.8961820472618
MULTI_BOUND_G,30,4,145,1335.5667146763335
MULTI_BOUND_G,30,4,146,1345.5759713198963
MULTI_BOUND_G,30,4,147,1362.0642752623376
MULTI_BOUND_G,30,4,148,1275.9481284887443
MULTI_BOUND_G,30,4,149,1283.1399449091864
MULTI_BOUND_G,30,4,150,1286.562074735531
MULTI_BOUND_G,30,4,151,1307.230473223903
MULTI_BOUND_G,30,4,152,1291.779117572837
MULTI_BOUND_G,30,4,153,1314.085348436939
MULTI_BOUND_G,30,4,154,1301.5843219553176
MULTI_BOUND_G,30,4,155,1299.6087988543795
MULTI_BOUND_G,30,4,156,1316.155540643304
MULTI_BOUND_G,30,4,157,1318.310505512111
MULTI_BOUND_G,30,4,158,1320.6932136145078
MULTI_BOUND_G,30,4,159,1326.91046295479
MULTI_BOUND_G,30,4,160,1333.3389445246626
MULTI_BOUND_G,30,4,161,1336.4587305330674
MULTI_BOUND_G,30,4,162,1320.1560654642788
MULTI_BOUND_G,30,4,163,1321.1778670683113
MULTI_BOUND_G,30,4,164,1341.769157935431
MULTI_BOUND_G,30,4,165,1338.7897967448857
MULTI_BOUND_G,30,4,166,1344.8975329893456
MULTI_BOUND_G,30,4,167,1347.8651114567233
MULTI_BOUND_G,30,4,168,1361.3018896646026
MULTI_BOUND_G,30,4,169,1364.628786485455
MULTI_BOUND_G,30,4,170,1379.434682463438
MULTI_BOUND_G,30,4,171,1407.2840706256338
MULTI_BOUND_G,30,4,172,1399.7865180841782
MULTI_BOUND_G,30,4,173,1297.8966257074594
MULTI_BOUND_G,30,4,174,1323.4120670342882
MULTI_BOUND_G,30,4,175,1328.4403596042343
MULTI_BOUND_G,30,4,176,1327.085451718306
MULTI_BOUND_G,30,4,177,1316.0340476830556
MULTI_BOUND_G,30,4,178,1337.7598938858655
MULTI_BOUND_G,30,4,179,1333.395031800454
MULTI_BOUND_G,30,4,180,1337.886194629095
MULTI_BOUND_G,30,4,181,1324.7622414100188
MULTI_BOUND_G,30,4,182,1333.0449350923682
MULTI_BOUND_G,30,4,183,1338.788175431711
MULTI_BOUND_G,30,4,184,1350.377185046848
MULTI_BOUND_G,30,4,185,1339.7565288742503
MULTI_BOUND_G,30,4,186,1353.7261117978378
MULTI_BOUND_G,30,4,187,1342.6793857573944
MULTI_BOUND_G,30,4,188,1345.483210931718
MULTI_BOUND_G,30,4,189,1369.5618890348849
MULTI_BOUND_G,30,4,190,1369.567541191637
MULTI_BOUND_G,30,4,191,1354.9712693018255
MULTI_BOUND_G,30,4,192,1355.9581956059353
MULTI_BOUND_G,30,4,193,1368.6064699026192
MULTI_BOUND_G,30,4,194,1383.1692358225823
MULTI_BOUND_G,30,4,195,1381.3912997015827
MULTI_BOUND_G,30,4,196,1386.6334733534318
MULTI_BOUND_G,30,4,197,1412.5413928334528
MULTI_BOUND_G,30,4,198,1302.3145807516094
MULTI_BOUND_G,30,4,199,1301.097390859209
MULTI_BOUND_G,30,4,200,1295.183482093797
MULTI_BOUND_G,30,4,201,1295.9751611375668
MULTI_BOUND_G,30,4,202,1300.3422877506619
MULTI_BOUND_G,30,4,203,1331.0196092631918
MULTI_BOUND_G,30,4,204,1327.5828550734395
MULTI_BOUND_G,30,4,205,1335.663816075246
MULTI_BOUND_G,30,4,206,1343.2781287202733
MULTI_BOUND_G,30,4,207,1331.7672705562486
MULTI_BOUND_G,30,4,208,1337.1169335055247
MULTI_BOUND_G,30,4,209,1354.4050431062674
MULTI_BOUND_G,30,4,210,1353.39505540666
MULTI_BOUND_G,30,4,211,1346.0975341931148
MULTI_BOUND_G,30,4,212,1360.1991571365725
MULTI_BOUND_G,30,4,213,1343.1623493312427
MULTI_BOUND_G,30,4,214,1349.6252202934988
MULTI_BOUND_G,30,4,215,1354.766966216746
MULTI_BOUND_G,30,4,216,1355.0229319628029
MULTI_BOUND_G,30,4,217,1369.603497879546
MULTI_BOUND_G,30,4,218,1378.3057169713231
MULTI_BOUND_G,30,4,219,1376.4945747419333
MULTI_BOUND_G,30,4,220,1377.5725284100922
MULTI_BOUND_G,30,4,221,1384.7701409950043
MULTI_BOUND_G,30,4,222,1393.334958294488
MULTI_BOUND_G,30,4,223,1312.6201485902657
MULTI_BOUND_G,30,4,224,1299.1861157156845
MULTI_BOUND_G,30,4,225,1327.5561772257447
MULTI_BOUND_G,30,4,226,1331.4520014149507
MULTI_BOUND_G,30,4,227,1313.974453280425
MULTI_BOUND_G,30,4,228,1314.929878622631
MULTI_BOUND_G,30,4,229,1333.7003944755747
MULTI_BOUND_G,30,4,230,1334.5181781437245
MULTI_BOUND_G,30,4,231,1341.4040369560153
MULTI_BOUND_G,30,4,232,1328.5466776279004
MULTI_BOUND_G,30,4,233,1350.0863106930142
MULTI_BOUND_G,30,4,234,1355.1489020032618
MULTI_BOUND_G,30,4,235,1357.6804705703926
MULTI_BOUND_G,30,4,236,1353.3392143944156
MULTI_BOUND_G,30,4,237,1350.5822708991077
MULTI_BOUND_G,30,4,238,1352.0858262895722
MULTI_BOUND_G,30,4,239,1376.9996397937473
MULTI_BOUND_G,30,4,240,1373.8338308471593
MULTI_BOUND_G,30,4,241,1355.233662949253
MULTI_BOUND_G,30,4,242,1372.7416046307449
MULTI_BOUND_G,30,4,243,1359.5153249411067
MULTI_BOUND_G,30,4,244,1382.2700160591078
MULTI_BOUND_G,30,4,245,1372.2753707355237
MULTI_BOUND_G,30,4,246,1400.0741556158391
MULTI_BOUND_G,30,4,247,1402.04600729894
MULTI_BOUND_G,30,4,248,1297.3418306465783
MULTI_BOUND_G,30,4,249,1318.3118669028868
MULTI_BOUND_G,30,4,250,1317.6626440496375
MULTI_BOUND_G,30,4,251,1334.7027653647401
MULTI_BOUND_G,30,4,252,1349.68898398063
MULTI_BOUND_G,30,4,253,1351.3097267864978
MULTI_BOUND_G,30,4,254,1343.4111631836513
MULTI_BOUND_G,30,4,255,1360.7045066741211
MULTI_BOUND_G,30,4,256,1343.7776406167964
MULTI_BOUND_G,30,4,257,1365.2470544409503
MULTI_BOUND_G,30,4,258,1356.2734464775162
MULTI_BOUND_G,30,4,259,1357.5827361738093
MULTI_BOUND_G,30,4,260,1367.7797515826715
MULTI_BOUND_G,30,4,261,1376.6190161843474
MULTI_BOUND_G,30,4,262,1381.8947933755312
MULTI_BOUND_G,30,4,263,1388.30443513077
MULTI_BOUND_G,30,4,264,1376.8330393013052
MULTI_BOUND_G,30,4,265,1380.7067776935892
MULTI_BOUND_G,30,4,266,1394.1170980480333
MULTI_BOUND_G,30,4,267,1399.599706853036
MULTI_BOUND_G,30,4,268,1391.4630419958662
MULTI_BOUND_G,30,4,269,1399.0856179969733
MULTI_BOUND_G,30,4,270,1420.049078407946
MULTI_BOUND_G,30,4,271,1419.0994659658004
MULTI_BOUND_G,30,4,272,1422.672462859
MULTI_BOUND_G,30,4,273,1313.644182635845
MULTI_BOUND_G,30,4,274,1343.3540602720682
MULTI_BOUND_G,30,4,275,1340.5930549371005
MULTI_BOUND_G,30,4,276,1331.2999130238275
MULTI_BOUND_G,30,4,277,1331.6276297447516
MULTI_BOUND_G,30,4,278,1349.508195122593
MULTI_BOUND_G,30,4,279,1351.8998276989792
MULTI_BOUND_G,30,4,280,1341.5629616659298
MULTI_BOUND_G,30,4,281,1341.8683590226728
MULTI_BOUND_G,30,4,282,1358.091062429272
MULTI_BOUND_G,30,4,283,1363.2127720943186
MULTI_BOUND_G,30,4,284,1364.8755396716524
MULTI_BOUND_G,30,4,285,1354.574025585909
MULTI_BOUND_G,30,4,286,1356.8333367867085
MULTI_BOUND_G,30,4,287,1364.167706398705
MULTI_BOUND_G,30,4,288,1379.3345748996949
MULTI_BOUND_G,30,4,289,1380.938752980588
MULTI_BOUND_G,30,4,290,1372.4541364985857
MULTI_BOUND_G,30,4,291,1382.930413087287
MULTI_BOUND_G,30,4,292,1401.325383087401
MULTI_BOUND_G,30,4,293,1382.7264343242591
MULTI_BOUND_G,30,4,294,1393.204968415249
MULTI_BOUND_G,30,4,295,1403.2769717294705
MULTI_BOUND_G,30,4,296,1403.6731741779756
MULTI_BOUND_G,30,4,297,1408.681652103026
MULTI_BOUND_G,30,4,298,1328.691915743354
MULTI_BOUND_G,30,4,299,1335.5485936154487
MULTI_BOUND_G,30,4,300,1341.4949469378312
MULTI_BOUND_G,30,4,301,1347.6566596635025
MULTI_BOUND_G,30,4,302,1347.980895207234
MULTI_BOUND_G,30,4,303,1361.967004563428
MULTI_BOUND_G,30,4,304,1367.6355549441046
MULTI_BOUND_G,30,4,305,1351.3651484925563
MULTI_BOUND_G,30,4,306,1368.3105854564333
MULTI_BOUND_G,30,4,307,1348.8376179906754
MULTI_BOUND_G,30,4,308,1353.7194072337547
MULTI_BOUND_G,30,4,309,1373.5162488019514
MULTI_BOUND_G,30,4,310,1363.6849592495332
MULTI_BOUND_G,30,4,311,1381.8947949707972
MULTI_BOUND_G,30,4,312,1371.5571327747034
MULTI_BOUND_G,30,4,313,1387.1806499952586
MULTI_BOUND_G,30,4,314,1378.3758333830074
MULTI_BOUND_G,30,4,315,1390.9150551843038
MULTI_BOUND_G,30,4,316,1395.9145210586412
MULTI_BOUND_G,30,4,317,1387.0029092662508
MULTI_BOUND_G,30,4,318,1393.8158745558721
MULTI_BOUND_G,30,4,319,1398.2854313967982
MULTI_BOUND_G,30,4,320,1408.9500955805706
MULTI_BOUND_G,30,4,321,1436.914889244888
MULTI_BOUND_G,30,4,322,1439.4302720461546
MULTI_BOUND_G,30,4,323,1333.6365603003437
MULTI_BOUND_G,30,4,324,1333.3166175901174
MULTI_BOUND_G,30,4,325,1335.9667842192744
MULTI_BOUND_G,30,4,326,1367.053786195191
MULTI_BOUND_G,30,4,327,1347.6192887474908
MULTI_BOUND_G,30,4,328,1345.2505347931124
MULTI_BOUND_G,30,4,329,1355.1471119902135
MULTI_BOUND_G,30,4,330,1366.3866938378706
MULTI_BOUND_G,30,4,331,1368.6138155672306
MULTI_BOUND_G,30,4,332,1380.3964320446894
MULTI_BOUND_G,30,4,333,1376.7244417111265
MULTI_BOUND_G,30,4,334,1377.8075591019401
MULTI_BOUND_G,30,4,335,1381.351609811623
MULTI_BOUND_G,30,4,336,1369.4126164561105
MULTI_BOUND_G,30,4,337,1369.054965249558
MULTI_BOUND_G,30,4,338,1391.139827074799
MULTI_BOUND_G,30,4,339,1392.8988541351782
MULTI_BOUND_G,30,4,340,1386.9804742351516
MULTI_BOUND_G,30,4,341,1393.7092772857466
MULTI_BOUND_G,30,4,342,1397.7066178435907
MULTI_BOUND_G,30,4,343,1410.077307846721
MULTI_BOUND_G,30,4,344,1413.621943952112
MULTI_BOUND_G,30,4,345,1427.6165000347164
MULTI_BOUND_G,30,4,346,1455.495733049599
MULTI_BOUND_G,30,4,347,1449.9745441118125
MULTI_BOUND_G,30,4,348,1334.518234724052
MULTI_BOUND_G,30,4,349,1349.5822138171975
MULTI_BOUND_G,30,4,350,1358.4532306449696
MULTI_BOUND_G,30,4,351,1354.5683625802544
MULTI_BOUND_G,30,4,352,1351.7669711444012
MULTI_BOUND_G,30,4,353,1364.8250609340917
MULTI_BOUND_G,30,4,354,1356.5094117921162
MULTI_BOUND_G,30,4,355,1378.8489311980643
MULTI_BOUND_G,30,4,356,1370.9208801980622
MULTI_BOUND_G,30,4,357,1391.4863593379177
MULTI_BOUND_G,30,4,358,1370.344013655627
MULTI_BOUND_G,30,4,359,1389.6162450092684
MULTI_BOUND_G,30,4,360,1382.6996947689777
MULTI_BOUND_G,30,4,361,1391.6767216059116
MULTI_BOUND_G,30,4,362,1388.9483941127528
MULTI_BOUND_G,30,4,363,1403.9975271779306
MULTI_BOUND_G,30,4,364,1386.9319947613399
MULTI_BOUND_G,30,4,365,1397.6109041192854
MULTI_BOUND_G,30,4,366,1393.4065644531101
MULTI_BOUND_G,30,4,367,1417.1270574699743
MULTI_BOUND_G,30,4,368,1399.6024138318453
MULTI_BOUND_G,30,5,0,1008.5006940874682
MULTI_BOUND_G,30,5,1,9256984475.514313
MULTI_BOUND_G,30,5,2,4628492215.421961
MULTI_BOUND_G,30,5,3,2314246109.4702573
MULTI_BOUND_G,30,5,4,1157123024.9569614
MULTI_BOUND_G,30,5,5,578561519.1656399
MULTI_BOUND_G,30,5,6,289280766.51825476
MULTI_BOUND_G,30,5,7,144640363.80680555
MULTI_BOUND_G,30,5,8,72320178.22905758
MULTI_BOUND_G,30,5,9,36160085.05789447
MULTI_BOUND_G,30,5,10,18080057.56588782
MULTI_BOUND_G,30,5,11,9040041.580080003
MULTI_BOUND_G,30,5,12,4520005.0191895515
MULTI_BOUND_G,30,5,13,2260009.4564315164
MULTI_BOUND_G,30,5,14,1130024.7238680068
MULTI_BOUND_G,30,5,15,565019.5984414336
MULTI_BOUND_G,30,5,16,282524.116892105
MULTI_BOUND_G,30,5,17,141273.6757516921
MULTI_BOUND_G,30,5,18,70652.61293566518
MULTI_BOUND_G,30,5,19,35327.011365952596
MULTI_BOUND_G,30,5,20,17683.21791537841
MULTI_BOUND_G,30,5,21,8851.393318936649
MULTI_BOUND_G,30,5,22,4459.236094332763
MULTI_BOUND_G,30,5,23,2246.1371695877447
MULTI_BOUND_G,30,5,24,1151.73579448572
MULTI_BOUND_G,30,5,25,1142.3412552998761
MULTI_BOUND_G,30,5,26,1138.8633330812552
MULTI_BOUND_G,30,5,27,1155.8747585230985
MULTI_BOUND_G,30,5,28,1143.1928465580668
MULTI_BOUND_G,30,5,29,1165.046980436661
MULTI_BOUND_G,30,5,30,1152.4506808528004
MULTI_BOUND_G,30,5,31,1158.2370935302206
MULTI_BOUND_G,30,5,32,1176.9509027186791
MULTI_BOUND_G,30,5,33,1164.6290430071344
MULTI_BOUND_G,30,5,34,1158.2583938682728
MULTI_BOUND_G,30,5,35,1167.2594874012289
MULTI_BOUND_G,30,5,36,1164.391559484377
MULTI_BOUND_G,30,5,37,1177.1819476905976
MULTI_BOUND_G,30,5,38,1183.2747106915458
MULTI_BOUND_G,30,5,39,1176.3493764050513
MULTI_BOUND_G,30,5,40,1177.4249729268201
MULTI_BOUND_G,30,5,41,1189.2427879015963
MULTI_BOUND_G,30,5,42,1178.1554537281281
MULTI_BOUND_G,30,5,43,1186.4607574978422
MULTI_BOUND_G,30,5,44,1199.2315514419902
MULTI_BOUND_G,30,5,45,1195.742739196735
MULTI_BOUND_G,30,5,46,1216.1837428778213
MULTI_BOUND_G,30,5,47,1209.780107746164
MULTI_BOUND_G,30,5,48,1233.6610208165725
MULTI_BOUND_G,30,5,49,1215.790444582009
MULTI_BOUND_G,30,5,50,1172.903938432989
MULTI_BOUND_G,30,5,51,1181.572470701186
MULTI_BOUND_G,30,5,52,1184.4485083892862
MULTI_BOUND_G,30,5,53,1202.2935673832012
MULTI_BOUND_G,30,5,54,1217.118308179502
MULTI_BOUND_G,30,5,55,1204.881063526826
MULTI_BOUND_G,30,5,56,1203.2365715720666
MULTI_BOUND_G,30,5,57,1204.8282617783027
MULTI_BOUND_G,30,5,58,1198.7301926960217
MULTI_BOUND_G,30,5,59,1219.595431589395
MULTI_BOUND_G,30,5,60,1208.084406440626
MULTI_BOUND_G,30,5,61,1220.0895995283552
MULTI_BOUND_G,30,5,62,1208.266027093869
MULTI_BOUND_G,30,5,63,1224.869827838133
MULTI_BOUND_G,30,5,64,1242.7666928010408
MULTI_BOUND_G,30,5,65,1252.0159556595886
MULTI_BOUND_G,30,5,66,1243.0464310962836
MULTI_BOUND_G,30,5,67,1241.86779452728
MULTI_BOUND_G,30,5,68,1254.4583781053948
MULTI_BOUND_G,30,5,69,1263.3577268884164
MULTI_BOUND_G,30,5,70,1260.2074084665073
MULTI_BOUND_G,30,5,71,1269.4242815849443
MULTI_BOUND_G,30,5,72,1267.9375166910477
MULTI_BOUND_G,30,5,73,1286.7747234207245
MULTI_BOUND_G,30,5,74,1296.3140017601913
MULTI_BOUND_G,30,5,75,1312.456590943113
MULTI_BOUND_G,30,5,76,1198.1869275923011
MULTI_BOUND_G,30,5,77,1203.0549072999775
MULTI_BOUND_G,30,5,78,1212.4874427349096
MULTI_BOUND_G,30,5,79,1216.6731747875428
MULTI_BOUND_G,30,5,80,1218.2622649323848
MULTI_BOUND_G,30,5,81,1220.8245813262974
MULTI_BOUND_G,30,5,82,1240.7405987418535
MULTI_BOUND_G,30,5,83,1245.4829340681858
MULTI_BOUND_G,30,5,84,1231.3029109983308
MULTI_BOUND_G,30,5,85,1236.962941865426
MULTI_BOUND_G,30,5,86,1224.5598767976653
MULTI_BOUND_G,30,5,87,1252.717065659016
MULTI_BOUND_G,30,5,88,1260.7489899450209
MULTI_BOUND_G,30,5,89,1270.2608788516404
MULTI_BOUND_G,30,5,90,1257.4053933074786
MULTI_BOUND_G,30,5,91,1260.7037246165564
MULTI_BOUND_G,30,5,92,1263.6188729400537
MULTI_BOUND_G,30,5,93,1264.3211940757471
MULTI_BOUND_G,30,5,94,1266.2389377958484
MULTI_BOUND_G,30,5,95,1284.6986857742613
MULTI_BOUND_G,30,5,96,1285.0320912663947
MULTI_BOUND_G,30,5,97,1274.083025074645
MULTI_BOUND_G,30,5,98,1281.4951802098328
MULTI_BOUND_G,30,5,99,1282.1235058522925
MULTI_BOUND_G,30,5,100,1290.2711683536936
MULTI_BOUND_G,30,5,101,1310.085175177775
MULTI_BOUND_G,30,5,102,1181.8706584947813
MULTI_BOUND_G,30,5,103,1235.8295803929557
MULTI_BOUND_G,30,5,104,1231.4678542259335
MULTI_BOUND_G,30,5,105,1248.5056369169333
MULTI_BOUND_G,30,5,106,1265.8882128565506
MULTI_BOUND_G,30,5,107,1257.3596881093868
MULTI_BOUND_G,30,5,108,1258.0739531965635
MULTI_BOUND_G,30,5,109,1261.6653652729274
MULTI_BOUND_G,30,5,110,1262.4019549688996
MULTI_BOUND_G,30,5,111,1282.1925775325096
MULTI_BOUND_G,30,5,112,1265.3988717578077
MULTI_BOUND_G,30,5,113,1264.4274059283084
MULTI_BOUND_G,30,5,114,1276.2724520133283
MULTI_BOUND_G,30,5,115,1281.7319299053695
MULTI_BOUND_G,30,5,116,1292.5197160394118
MULTI_BOUND_G,30,5,117,1278.1958834249313
MULTI_BOUND_G,30,5,118,1275.5316726209921
MULTI_BOUND_G,30,5,119,1276.3464115536442
MULTI_BOUND_G,30,5,120,1294.347982536768
MULTI_BOUND_G,30,5,121,1288.809834255774
MULTI_BOUND_G,30,5,122,1305.178600944338
MULTI_BOUND_G,30,5,123,1304.3025951434465
MULTI_BOUND_G,30,5,124,1328.320112747439
MULTI_BOUND_G,30,5,125,1309.874377152708
MULTI_BOUND_G,30,5,126,1324.085866783906
MULTI_BOUND_G,30,5,127,1322.5643834718505
MULTI_BOUND_G,30,5,128,1236.0789643265844
MULTI_BOUND_G,30,5,129,1242.1412420058264
MULTI_BOUND_G,30,5,130,1240.9772975012704
MULTI_BOUND_G,30,5,131,1241.1066663278457
MULTI_BOUND_G,30,5,132,1249.4173112935478
MULTI_BOUND_G,30,5,133,1250.1868567744796
MULTI_BOUND_G,30,5,134,1258.8551172774473
MULTI_BOUND_G,30,5,135,1271.728032896451
MULTI_BOUND_G,30,5,136,1269.8383148454034
MULTI_BOUND_G,30,5,137,1260.8433182905464
MULTI_BOUND_G,30,5,138,1288.416564773835
MULTI_BOUND_G,30,5,139,1287.010722527762
MULTI_BOUND_G,30,5,140,1283.0203558278658
MULTI_BOUND_G,30,5,141,1302.9036985218509
MULTI_BOUND_G,30,5,142,1306.9447056997028
MULTI_BOUND_G,30,5,143,1312.5958516091018
MULTI_BOUND_G,30,5,144,1295.1692220159903
MULTI_BOUND_G,30,5,145,1297.261606315772
MULTI_BOUND_G,30,5,146,1297.7464193723017
MULTI_BOUND_G,30,5,147,1302.1266512168986
MULTI_BOUND_G,30,5,148,1303.4683694834907
MULTI_BOUND_G,30,5,149,1320.9998066066814
MULTI_BOUND_G,30,5,150,1315.3246584630579
MULTI_BOUND_G,30,5,151,1325.1040088907885
MULTI_BOUND_G,30,5,152,1332.5639752886623
MULTI_BOUND_G,30,5,153,1353.4412137130576
MULTI_BOUND_G,30,5,154,1262.3308926997693
MULTI_BOUND_G,30,5,155,1260.7485854799565
MULTI_BOUND_G,30,5,156,1268.4561694593617
MULTI_BOUND_G,30,5,157,1274.0969004923982
MULTI_BOUND_G,30,5,158,1283.1166039702807
MULTI_BOUND_G,30,5,159,1284.7249479334873
MULTI_BOUND_G,30,5,160,1299.4465670044906
MULTI_BOUND_G,30,5,161,1280.7322367364325
MULTI_BOUND_G,30,5,162,1280.051021358182
MULTI_BOUND_G,30,5,163,1286.6709948563148
MULTI_BOUND_G,30,5,164,1303.4225686873594
MULTI_BOUND_G,30,5,165,1300.1203582922778
MULTI_BOUND_G,30,5,166,1284.469079993331
MULTI_BOUND_G,30,5,167,1306.4152100100155
MULTI_BOUND_G,30,5,168,1312.912542553025
MULTI_BOUND_G,30,5,169,1335.7195225061685
MULTI_BOUND_G,30,5,170,1326.1856050429562
MULTI_BOUND_G,30,5,171,1327.4872259338324
MULTI_BOUND_G,30,5,172,1346.328871717517
MULTI_BOUND_G,30,5,173,1341.5919068580833
MULTI_BOUND_G,30,5,174,1330.2145318327287
MULTI_BOUND_G,30,5,175,1333.8838417848776
MULTI_BOUND_G,30,5,176,1339.9126018816683
MULTI_BOUND_G,30,5,177,1364.8114696890516
MULTI_BOUND_G,30,5,178,1372.7443843191218
MULTI_BOUND_G,30,5,179,1392.1390948647108
MULTI_BOUND_G,30,5,180,1219.9919587828658
MULTI_BOUND_G,30,5,181,1250.8244883419595
MULTI_BOUND_G,30,5,182,1257.2206419051352
MULTI_BOUND_G,30,5,183,1267.3079516432595
MULTI_BOUND_G,30,5,184,1273.2915455591158
MULTI_BOUND_G,30,5,185,1284.7571284239107
MULTI_BOUND_G,30,5,186,1306.479367697636
MULTI_BOUND_G,30,5,187,1292.372461043542
MULTI_BOUND_G,30,5,188,1290.6530714791368
MULTI_BOUND_G,30,5,189,1291.975144537269
MULTI_BOUND_G,30,5,190,1296.770432112547
MULTI_BOUND_G,30,5,191,1306.4932355527862
MULTI_BOUND_G,30,5,192,1313.057727155851
MULTI_BOUND_G,30,5,193,1299.5949494101292
MULTI_BOUND_G,30,5,194,1323.3526288622222
MULTI_BOUND_G,30,5,195,1333.2092017787586
MULTI_BOUND_G,30,5,196,1328.5800828828278
MULTI_BOUND_G,30,5,197,1322.3688003407387
MULTI_BOUND_G,30,5,198,1319.8192021595623
MULTI_BOUND_G,30,5,199,1327.1794842438403
MULTI_BOUND_G,30,5,200,1331.401213601011
MULTI_BOUND_G,30,5,201,1355.0703698717934
MULTI_BOUND_G,30,5,202,1339.5352466113918
MULTI_BOUND_G,30,5,203,1359.8338946288236
MULTI_BOUND_G,30,5,204,1354.0081948221214
MULTI_BOUND_G,30,5,205,1357.2754044396404
MULTI_BOUND_G,30,5,206,1244.6046914048636
MULTI_BOUND_G,30,5,207,1243.7553118800392
MULTI_BOUND_G,30,5,208,1245.7878306151565
MULTI_BOUND_G,30,5,209,1259.8628495778598
MULTI_BOUND_G,30,5,210,1260.1842973318653
MULTI_BOUND_G,30,5,211,1258.9076763988728
MULTI_BOUND_G,30,5,212,1280.142474552007
MULTI_BOUND_G,30,5,213,1264.3370626039687
MULTI_BOUND_G,30,5,214,1273.9704958073726
MULTI_BOUND_G,30,5,215,1281.0838916334494
MULTI_BOUND_G,30,5,216,1293.2556145837325
MULTI_BOUND_G,30,5,217,1270.7573937378284
MULTI_BOUND_G,30,5,218,1298.2165782153847
MULTI_BOUND_G,30,5,219,1308.5590059590875
MULTI_BOUND_G,30,5,220,1318.0759400937445
MULTI_BOUND_G,30,5,221,1300.8511044942743
MULTI_BOUND_G,30,5,222,1304.898889110944
MULTI_BOUND_G,30,5,223,1307.7179564004468
MULTI_BOUND_G,30,5,224,1324.8942333833602
MULTI_BOUND_G,30,5,225,1308.9577864326634
MULTI_BOUND_G,30,5,226,1312.8348288277505
MULTI_BOUND_G,30,5,227,1331.21017333704
MULTI_BOUND_G,30,5,228,1326.9398696399396
MULTI_BOUND_G,30,5,229,1328.5660514241886
MULTI_BOUND_G,30,5,230,1336.0118373111395
MULTI_BOUND_G,30,5,231,1357.124849999494
MULTI_BOUND_G,30,5,232,1259.302339804763
MULTI_BOUND_G,30,5,233,1262.7505487593648
MULTI_BOUND_G,30,5,234,1262.698806794868
MULTI_BOUND_G,30,5,235,1263.8989726357195
MULTI_BOUND_G,30,5,236,1273.315688412184
MULTI_BOUND_G,30,5,237,1270.500527380193
MULTI_BOUND_G,30,5,238,1279.255630183673
MULTI_BOUND_G,30,5,239,1295.1984767190804
MULTI_BOUND_G,30,5,240,1290.1227362629245
MULTI_BOUND_G,30,5,241,1281.1306670520303
MULTI_BOUND_G,30,5,242,1309.4475834680106
MULTI_BOUND_G,30,5,243,1307.2467874171712
MULTI_BOUND_G,30,5,244,1304.0370511734109
MULTI_BOUND_G,30,5,245,1323.6987546051007
MULTI_BOUND_G,30,5,246,1328.0319575393005
MULTI_BOUND_G,30,5,247,1333.4421175152147
MULTI_BOUND_G,30,5,248,1317.4914285315108
MULTI_BOUND_G,30,5,249,1318.2927338597317
MULTI_BOUND_G,30,5,250,1318.6555481182397
MULTI_BOUND_G,30,5,251,1325.149086481144
MULTI_BOUND_G,30,5,252,1327.01233974106
MULTI_BOUND_G,30,5,253,1341.2631483509495
MULTI_BOUND_G,30,5,254,1335.5544998411751
MULTI_BOUND_G,30,5,255,1346.8910452129157
MULTI_BOUND_G,30,5,256,1354.6030103581797
MULTI_BOUND_G,30,5,257,1374.9640242440792
MULTI_BOUND_G,30,5,258,1243.3075891980548
MULTI_BOUND_G,30,5,259,1269.1634477630366
MULTI_BOUND_G,30,5,260,1267.0193782574306
MULTI_BOUND_G,30,5,261,1279.5199677834405
MULTI_BOUND_G,30,5,262,1292.6743033157043
MULTI_BOUND_G,30,5,263,1298.0803490659205
MULTI_BOUND_G,30,5,264,1303.2180378880144
MULTI_BOUND_G,30,5,265,1301.7434877540595
MULTI_BOUND_G,30,5,266,1322.786681843772
MULTI_BOUND_G,30,5,267,1305.4971163094274
MULTI_BOUND_G,30,5,268,1307.4062765243125
MULTI_BOUND_G,30,5,269,1316.7598714292644
MULTI_BOUND_G,30,5,270,1324.0493723535367
MULTI_BOUND_G,30,5,271,1312.0146311093713
MULTI_BOUND_G,30,5,272,1339.7910999659891
MULTI_BOUND_G,30,5,273,1340.4621887145745
MULTI_BOUND_G,30,5,274,1349.3692690136163
MULTI_BOUND_G,30,5,275,1341.534221148621
MULTI_BOUND_G,30,5,276,1340.842458885244
MULTI_BOUND_G,30,5,277,1345.004650592693
MULTI_BOUND_G,30,5,278,1341.6105025662478
MULTI_BOUND_G,30,5,279,1364.3925798126938
MULTI_BOUND_G,30,5,280,1351.3702939570053
MULTI_BOUND_G,30,5,281,1372.4212972607538
MULTI_BOUND_G,30,5,282,1369.2371591497854
MULTI_BOUND_G,30,5,283,1374.6754753870096
MULTI_BOUND_G,30,5,284,1248.878422236091
MULTI_BOUND_G,30,5,285,1299.5364131279248
MULTI_BOUND_G,30,5,286,1291.3451009573225
MULTI_BOUND_G,30,5,287,1295.1276603438612
MULTI_BOUND_G,30,5,288,1309.800462381931
MULTI_BOUND_G,30,5,289,1329.0069309455198
MULTI_BOUND_G,30,5,290,1319.4029978692643
MULTI_BOUND_G,30,5,291,1321.762442296194
MULTI_BOUND_G,30,5,292,1322.3077511906276
MULTI_BOUND_G,30,5,293,1322.252323120668
MULTI_BOUND_G,30,5,294,1345.7045460281502
MULTI_BOUND_G,30,5,295,1336.3955169781307
MULTI_BOUND_G,30,5,296,1341.9303926323025
MULTI_BOUND_G,30,5,297,1325.4868190066022
MULTI_BOUND_G,30,5,298,1355.7320381804911
MULTI_BOUND_G,30,5,299,1355.1893236790838
MULTI_BOUND_G,30,5,300,1338.766897399407
MULTI_BOUND_G,30,5,301,1346.394119425613
MULTI_BOUND_G,30,5,302,1342.990623939923
MULTI_BOUND_G,30,5,303,1350.9194260199902
MULTI_BOUND_G,30,5,304,1364.1627727577652
MULTI_BOUND_G,30,5,305,1366.0773682619074
MULTI_BOUND_G,30,5,306,1388.174096186874
MULTI_BOUND_G,30,5,307,1385.3415641919464
MULTI_BOUND_G,30,5,308,1376.444799380788
MULTI_BOUND_G,30,5,309,1383.5627737671232
MULTI_BOUND_G,30,5,310,1288.690863242759
MULTI_BOUND_G,30,5,311,1296.6924318220676
MULTI_BOUND_G,30,5,312,1296.1426964472876
MULTI_BOUND_G,30,5,313,1327.3289342108937
MULTI_BOUND_G,30,5,314,1315.855667068187
MULTI_BOUND_G,30,5,315,1317.0254423935826
MULTI_BOUND_G,30,5,316,1314.0373842335475
MULTI_BOUND_G,30,5,317,1316.595714091008
MULTI_BOUND_G,30,5,318,1319.1731981943399
MULTI_BOUND_G,30,5,319,1313.5065602779623
MULTI_BOUND_G,30,5,320,1334.8596318308173
MULTI_BOUND_G,30,5,321,1319.381114764948
MULTI_BOUND_G,30,5,322,1332.7060860284485
MULTI_BOUND_G,30,5,323,1347.3374220203693
MULTI_BOUND_G,30,5,324,1356.1318190316038
MULTI_BOUND_G,30,5,325,1340.8428257292226
MULTI_BOUND_G,30,5,326,1357.3737414578725
MULTI_BOUND_G,30,5,327,1377.210384395602
MULTI_BOUND_G,30,5,328,1358.0573104760394
MULTI_BOUND_G,30,5,329,1369.9179289625436
MULTI_BOUND_G,30,5,330,1370.4697189631113
MULTI_BOUND_G,30,5,331,1380.2924701301013
MULTI_BOUND_G,30,5,332,1378.1725087207894
MULTI_BOUND_G,30,5,333,1399.287453436627
MULTI_BOUND_G,30,5,334,1408.434065503191
MULTI_BOUND_G,30,5,335,1425.3969891789338
MULTI_BOUND_G,30,5,336,1278.7423344939439
MULTI_BOUND_G,30,5,337,1303.0595661817001
MULTI_BOUND_G,30,5,338,1294.9268149380464
MULTI_BOUND_G,30,5,339,1284.2187273929158
MULTI_BOUND_G,30,5,340,1306.8060558498025
MULTI_BOUND_G,30,5,341,1309.9886757136155
MULTI_BOUND_G,30,5,342,1315.2231781094197
MULTI_BOUND_G,30,5,343,1312.4066736549366
MULTI_BOUND_G,30,5,344,1333.5328080556105
MULTI_BOUND_G,30,5,345,1327.9760189537963
MULTI_BOUND_G,30,5,346,1317.051525943522
MULTI_BOUND_G,30,5,347,1320.110641408601
MULTI_BOUND_G,30,5,348,1337.9222865360875
MULTI_BOUND_G,30,5,349,1328.8832431462963
MULTI_BOUND_G,30,5,350,1337.0822156803492
MULTI_BOUND_G,30,5,351,1328.0499574544058
MULTI_BOUND_G,30,5,352,1350.8972931364406
MULTI_BOUND_G,30,5,353,1356.4173050824172
MULTI_BOUND_G,30,5,354,1360.9919978073804
MULTI_BOUND_G,30,5,355,1342.365479412112
MULTI_BOUND_G,30,5,356,1379.9897772206207
MULTI_BOUND_G,30,6,0,998.3493511630365
MULTI_BOUND_G,30,6,1,9311553808.781181
MULTI_BOUND_G,30,6,2,4655776881.552265
MULTI_BOUND_G,30,6,3,2327888439.2275367
MULTI_BOUND_G,30,6,4,1163944201.2963822
MULTI_BOUND_G,30,6,5,581972088.543189
MULTI_BOUND_G,30,6,6,290986053.0954059
MULTI_BOUND_G,30,6,7,145493019.81662726
MULTI_BOUND_G,30,6,8,72746497.69606033
MULTI_BOUND_G,30,6,9,36373254.26186271
MULTI_BOUND_G,30,6,10,18186640.798485007
MULTI_BOUND_G,30,6,11,9093318.803682819
MULTI_BOUND_G,30,6,12,4546670.223135702
MULTI_BOUND_G,30,6,13,2273350.1618920993
MULTI_BOUND_G,30,6,14,1136677.9066396714
MULTI_BOUND_G,30,6,15,568350.614217025
MULTI_BOUND_G,30,6,16,284197.7496160241
MULTI_BOUND_G,30,6,17,142104.77982709405
MULTI_BOUND_G,30,6,18,71064.78844830462
MULTI_BOUND_G,30,6,19,35538.98313738589
MULTI_BOUND_G,30,6,20,17774.867272567026
MULTI_BOUND_G,30,6,21,8905.073075828437
MULTI_BOUND_G,30,6,22,4472.12093597167
MULTI_BOUND_G,30,6,23,2231.259849495491
MULTI_BOUND_G,30,6,24,1123.4607907302395
MULTI_BOUND_G,30,6,25,1143.610567337252
MULTI_BOUND_G,30,6,26,1141.2310418810496
MULTI_BOUND_G,30,6,27,1150.8646925772423
MULTI_BOUND_G,30,6,28,1146.0078396509434
MULTI_BOUND_G,30,6,29,1151.7032092243053
MULTI_BOUND_G,30,6,30,1151.577277766983
MULTI_BOUND_G,30,6,31,1147.6676429663307
MULTI_BOUND_G,30,6,32,1152.8434876573851
MULTI_BOUND_G,30,6,33,1145.5038475080437
MULTI_BOUND_G,30,6,34,1147.7362834944774
MULTI_BOUND_G,30,6,35,1172.7347717466196
MULTI_BOUND_G,30,6,36,1157.5000276166252
MULTI_BOUND_G,30,6,37,1173.5067617304442
MULTI_BOUND_G,30,6,38,1164.1788038389604
MULTI_BOUND_G,30,6,39,1172.900116838301
MULTI_BOUND_G,30,6,40,1166.5512913513694
MULTI_BOUND_G,30,6,41,1172.3602390276205
MULTI_BOUND_G,30,6,42,1183.7330381251054
MULTI_BOUND_G,30,6,43,1180.2950161018198
MULTI_BOUND_G,30,6,44,1183.9664313548196
MULTI_BOUND_G,30,6,45,1201.0488965466373
MULTI_BOUND_G,30,6,46,1197.54947214988
MULTI_BOUND_G,30,6,47,1208.7511170846758
MULTI_BOUND_G,30,6,48,1215.8070933726294
MULTI_BOUND_G,30,6,49,1222.5327643540904
MULTI_BOUND_G,30,6,50,1156.7202978097803
MULTI_BOUND_G,30,6,51,1164.5404363734633
MULTI_BOUND_G,30,6,52,1166.8809248459982
MULTI_BOUND_G,30,6,53,1181.4312461554396
MULTI_BOUND_G,30,6,54,1179.3035662822124
MULTI_BOUND_G,30,6,55,1181.3495917468176
MULTI_BOUND_G,30,6,56,1196.9808435478565
MULTI_BOUND_G,30,6,57,1197.3513207846609
MULTI_BOUND_G,30,6,58,1191.0735989505697
MULTI_BOUND_G,30,6,59,1181.571342461153
MULTI_BOUND_G,30,6,60,1181.3794702597515
MULTI_BOUND_G,30,6,61,1192.3700272170513
MULTI_BOUND_G,30,6,62,1201.502503717466
MULTI_BOUND_G,30,6,63,1199.4605719032747
MULTI_BOUND_G,30,6,64,1206.9161485733098
MULTI_BOUND_G,30,6,65,1216.1592434778706
MULTI_BOUND_G,30,6,66,1220.7525650231662
MULTI_BOUND_G,30,6,67,1201.0506512013922
MULTI_BOUND_G,30,6,68,1210.9507717108695
MULTI_BOUND_G,30,6,69,1228.7573984555693
MULTI_BOUND_G,30,6,70,1218.6416152980646
MULTI_BOUND_G,30,6,71,1220.8723241641692
MULTI_BOUND_G,30,6,72,1236.5587453783257
MULTI_BOUND_G,30,6,73,1227.5347627414453
MULTI_BOUND_G,30,6,74,1239.7990583872797
MULTI_BOUND_G,30,6,75,1252.1340663779752
MULTI_BOUND_G,30,6,76,1161.5408312186808
MULTI_BOUND_G,30,6,77,1167.341165505317
MULTI_BOUND_G,30,6,78,1161.4232074883948
MULTI_BOUND_G,30,6,79,1161.0760187125281
MULTI_BOUND_G,30,6,80,1175.183279626051
MULTI_BOUND_G,30,6,81,1171.7511119896558
MULTI_BOUND_G,30,6,82,1183.3752896922929
MULTI_BOUND_G,30,6,83,1175.5309712409398
MULTI_BOUND_G,30,6,84,1188.254324429415
MULTI_BOUND_G,30,6,85,1184.5167031553592
MULTI_BOUND_G,30,6,86,1194.7847761082799
MULTI_BOUND_G,30,6,87,1182.7254806072187
MULTI_BOUND_G,30,6,88,1196.5320783262152
MULTI_BOUND_G,30,6,89,1191.0513488208512
MULTI_BOUND_G,30,6,90,1187.524164325559
MULTI_BOUND_G,30,6,91,1198.5517791592101
MULTI_BOUND_G,30,6,92,1218.0619136985665
MULTI_BOUND_G,30,6,93,1201.988149166507
MULTI_BOUND_G,30,6,94,1214.8874453657727
MULTI_BOUND_G,30,6,95,1232.5746121758998
MULTI_BOUND_G,30,6,96,1225.5889012146536
MULTI_BOUND_G,30,6,97,1233.7896751053925
MULTI_BOUND_G,30,6,98,1248.9693446389217
MULTI_BOUND_G,30,6,99,1254.862438554799
MULTI_BOUND_G,30,6,100,1256.0826312969823
MULTI_BOUND_G,30,6,101,1268.294011406109
MULTI_BOUND_G,30,6,102,1167.912002825796
MULTI_BOUND_G,30,6,103,1169.6326346364626
MULTI_BOUND_G,30,6,104,1172.3518266241094
MULTI_BOUND_G,30,6,105,1172.8021110685286
MULTI_BOUND_G,30,6,106,1184.4096261579152
MULTI_BOUND_G,30,6,107,1180.6023352929165
MULTI_BOUND_G,30,6,108,1199.5451331187226
MULTI_BOUND_G,30,6,109,1198.0860763123603
MULTI_BOUND_G,30,6,110,1200.3198686691733
MULTI_BOUND_G,30,6,111,1191.6395031304778
MULTI_BOUND_G,30,6,112,1200.9698441529636
MULTI_BOUND_G,30,6,113,1207.32659907282
MULTI_BOUND_G,30,6,114,1207.916975701411
MULTI_BOUND_G,30,6,115,1204.9160140338686
MULTI_BOUND_G,30,6,116,1202.9829369909826
MULTI_BOUND_G,30,6,117,1203.3209975614518
MULTI_BOUND_G,30,6,118,1207.1401322297788
MULTI_BOUND_G,30,6,119,1206.1934918950928
MULTI_BOUND_G,30,6,120,1221.9599718440084
MULTI_BOUND_G,30,6,121,1226.8335883761151
MULTI_BOUND_G,30,6,122,1228.7694678792918
MULTI_BOUND_G,30,6,123,1251.1409098213587
MULTI_BOUND_G,30,6,124,1259.028674672067
MULTI_BOUND_G,30,6,125,1254.4406457274956
MULTI_BOUND_G,30,6,126,1272.580392033809
MULTI_BOUND_G,30,6,127,1275.2150897864767
MULTI_BOUND_G,30,6,128,1167.68762002051
MULTI_BOUND_G,30,6,129,1166.5216755343315
MULTI_BOUND_G,30,6,130,1159.3039193381803
MULTI_BOUND_G,30,6,131,1167.3791897554252
MULTI_BOUND_G,30,6,132,1171.5261939776906
MULTI_BOUND_G,30,6,133,1173.3623478510613
MULTI_BOUND_G,30,6,134,1167.353601367556
MULTI_BOUND_G,30,6,135,1177.2557414120656
MULTI_BOUND_G,30,6,136,1165.987104843037
MULTI_BOUND_G,30,6,137,1191.989720146365
MULTI_BOUND_G,30,6,138,1188.9649824245223
MULTI_BOUND_G,30,6,139,1195.8911557357037
MULTI_BOUND_G,30,6,140,1189.8227619909198
MULTI_BOUND_G,30,6,141,1188.65257186473
MULTI_BOUND_G,30,6,142,1211.274540970943
MULTI_BOUND_G,30,6,143,1202.7847068020192
MULTI_BOUND_G,30,6,144,1204.8221642567241
MULTI_BOUND_G,30,6,145,1204.1534972817485
MULTI_BOUND_G,30,6,146,1218.9591920906146
MULTI_BOUND_G,30,6,147,1217.063955921465
MULTI_BOUND_G,30,6,148,1230.063350535858
MULTI_BOUND_G,30,6,149,1231.443682329741
MULTI_BOUND_G,30,6,150,1235.3694696959271
MULTI_BOUND_G,30,6,151,1222.6368748701693
MULTI_BOUND_G,30,6,152,1227.9452357105592
MULTI_BOUND_G,30,6,153,1245.916097770791
MULTI_BOUND_G,30,6,154,1166.990261463865
MULTI_BOUND_G,30,6,155,1168.408086527073
MULTI_BOUND_G,30,6,156,1174.8804350026535
MULTI_BOUND_G,30,6,157,1170.7414370116426
MULTI_BOUND_G,30,6,158,1181.935488630905
MULTI_BOUND_G,30,6,159,1176.0113594047236
MULTI_BOUND_G,30,6,160,1194.651735562893
MULTI_BOUND_G,30,6,161,1190.6289353425054
MULTI_BOUND_G,30,6,162,1184.5968645243465
MULTI_BOUND_G,30,6,163,1194.495688872793
MULTI_BOUND_G,30,6,164,1183.201041910445
MULTI_BOUND_G,30,6,165,1197.7727504274917
MULTI_BOUND_G,30,6,166,1208.5846879737721
MULTI_BOUND_G,30,6,167,1199.854490470253
MULTI_BOUND_G,30,6,168,1206.9641744125593
MULTI_BOUND_G,30,6,169,1221.7121081200676
MULTI_BOUND_G,30,6,170,1208.502784793011
MULTI_BOUND_G,30,6,171,1212.6837943147184
MULTI_BOUND_G,30,6,172,1227.3984203449709
MULTI_BOUND_G,30,6,173,1234.8571537152068
MULTI_BOUND_G,30,6,174,1233.5374311738497
MULTI_BOUND_G,30,6,175,1219.4211881674005
MULTI_BOUND_G,30,6,176,1234.2118387200758
MULTI_BOUND_G,30,6,177,1234.6524111885649
MULTI_BOUND_G,30,6,178,1242.1413266875916
MULTI_BOUND_G,30,6,179,1245.01167576243
MULTI_BOUND_G,30,6,180,1189.1079391489716
MULTI_BOUND_G,30,6,181,1175.759501582566
MULTI_BOUND_G,30,6,182,1180.560791601038
MULTI_BOUND_G,30,6,183,1185.778549430972
MULTI_BOUND_G,30,6,184,1204.9865971360473
MULTI_BOUND_G,30,6,185,1194.2012947207345
MULTI_BOUND_G,30,6,186,1198.6092369712142
MULTI_BOUND_G,30,6,187,1205.991293544271
MULTI_BOUND_G,30,6,188,1201.0063377043975
MULTI_BOUND_G,30,6,189,1212.0369262489867
MULTI_BOUND_G,30,6,190,1210.9317540196162
MULTI_BOUND_G,30,6,191,1214.769355477583
MULTI_BOUND_G,30,6,192,1208.5697276166325
MULTI_BOUND_G,30,6,193,1208.5507834877058
MULTI_BOUND_G,30,6,194,1205.2821234170356
MULTI_BOUND_G,30,6,195,1230.5648337685661
MULTI_BOUND_G,30,6,196,1212.922834062646
MULTI_BOUND_G,30,6,197,1230.8677076546528
MULTI_BOUND_G,30,6,198,1236.6560770764993
MULTI_BOUND_G,30,6,199,1223.3167476121926
MULTI_BOUND_G,30,6,200,1226.145208463764
MULTI_BOUND_G,30,6,201,1253.74774148131
MULTI_BOUND_G,30,6,202,1261.4431705206034
MULTI_BOUND_G,30,6,203,1261.3460033521862
MULTI_BOUND_G,30,6,204,1278.634261897031
MULTI_BOUND_G,30,6,205,1278.160003018697
MULTI_BOUND_G,30,6,206,1165.5740544213654
MULTI_BOUND_G,30,6,207,1172.9597564365363
MULTI_BOUND_G,30,6,208,1192.2566109044515
MULTI_BOUND_G,30,6,209,1197.0373429080055
MULTI_BOUND_G,30,6,210,1210.639141112201
MULTI_BOUND_G,30,6,211,1204.6992219253268
MULTI_BOUND_G,30,6,212,1202.995741735886
MULTI_BOUND_G,30,6,213,1214.213929082719
MULTI_BOUND_G,30,6,214,1225.7151870338062
MULTI_BOUND_G,30,6,215,1223.2949632929601
MULTI_BOUND_G,30,6,216,1216.9231656622871
MULTI_BOUND_G,30,6,217,1226.237201188419
MULTI_BOUND_G,30,6,218,1227.7322293110208
MULTI_BOUND_G,30,6,219,1230.754265766117
MULTI_BOUND_G,30,6,220,1244.2926797385985
MULTI_BOUND_G,30,6,221,1223.4894817141603
MULTI_BOUND_G,30,6,222,1244.1855461204725
MULTI_BOUND_G,30,6,223,1231.844288367805
MULTI_BOUND_G,30,6,224,1231.1081872846544
MULTI_BOUND_G,30,6,225,1243.9189837824445
MULTI_BOUND_G,30,6,226,1234.9301525174083
MULTI_BOUND_G,30,6,227,1241.1220811973167
MULTI_BOUND_G,30,6,228,1247.7573239625053
MULTI_BOUND_G,30,6,229,1264.6665750659308
MULTI_BOUND_G,30,6,230,1262.4932639224853
MULTI_BOUND_G,30,6,231,1275.302657275885
MULTI_BOUND_G,30,6,232,1186.148927088393
MULTI_BOUND_G,30,6,233,1184.8561329697773
MULTI_BOUND_G,30,6,234,1206.7718950666242
MULTI_BOUND_G,30,6,235,1220.3500499413162
MULTI_BOUND_G,30,6,236,1217.4332274429394
MULTI_BOUND_G,30,6,237,1216.8304679177934
MULTI_BOUND_G,30,6,238,1234.2539143368635
MULTI_BOUND_G,30,6,239,1232.811730260683
MULTI_BOUND_G,30,6,240,1229.1918743503056
MULTI_BOUND_G,30,6,241,1220.649423657877
MULTI_BOUND_G,30,6,242,1220.2923064561624
MULTI_BOUND_G,30,6,243,1230.9735548918459
MULTI_BOUND_G,30,6,244,1241.517696498956
MULTI_BOUND_G,30,6,245,1238.535231209948
MULTI_BOUND_G,30,6,246,1251.618992966952
MULTI_BOUND_G,30,6,247,1250.7741875398167
MULTI_BOUND_G,30,6,248,1246.9181404221833
MULTI_BOUND_G,30,6,249,1246.52074992687
MULTI_BOUND_G,30,6,250,1241.020935539781
MULTI_BOUND_G,30,6,251,1252.2531503818018
MULTI_BOUND_G,30,6,252,1268.750661116737
MULTI_BOUND_G,30,6,253,1260.721282755539
MULTI_BOUND_G,30,6,254,1273.916782237286
MULTI_BOUND_G,30,6,255,1271.5237772858468
MULTI_BOUND_G,30,6,256,1266.8445581568358
MULTI_BOUND_G,30,6,257,1289.2227580701017
MULTI_BOUND_G,30,6,258,1199.3328605486838
MULTI_BOUND_G,30,6,259,1195.2006742016542
MULTI_BOUND_G,30,6,260,1197.4260136023386
MULTI_BOUND_G,30,6,261,1190.2720867262012
MULTI_BOUND_G,30,6,262,1213.2783166041904
MULTI_BOUND_G,30,6,263,1208.4030565288226
MULTI_BOUND_G,30,6,264,1201.722255728931
MULTI_BOUND_G,30,6,265,1201.8828345875029
MULTI_BOUND_G,30,6,266,1211.3070660089686
MULTI_BOUND_G,30,6,267,1225.1300782401509
MULTI_BOUND_G,30,6,268,1208.4636481904427
MULTI_BOUND_G,30,6,269,1209.2799596809446
MULTI_BOUND_G,30,6,270,1223.343466910135
MULTI_BOUND_G,30,6,271,1232.0138976721973
MULTI_BOUND_G,30,6,272,1227.5357499033596
MULTI_BOUND_G,30,6,273,1237.1616242791004
MULTI_BOUND_G,30,6,274,1225.0935971189833
MULTI_BOUND_G,30,6,275,1221.6150759749908
MULTI_BOUND_G,30,6,276,1249.2540033122352
MULTI_BOUND_G,30,6,277,1241.1743331409925
MULTI_BOUND_G,30,6,278,1253.1600405923857
MULTI_BOUND_G,30,6,279,1243.6135901196694
MULTI_BOUND_G,30,6,280,1250.2300720979083
MULTI_BOUND_G,30,6,281,1255.8849557068243
MULTI_BOUND_G,30,6,282,1268.5891812663224
MULTI_BOUND_G,30,6,283,1252.1154206804044
MULTI_BOUND_G,30,6,284,1168.3697832175653
MULTI_BOUND_G,30,6,285,1169.6647278302735
MULTI_BOUND_G,30,6,286,1186.9689352694554
MULTI_BOUND_G,30,6,287,1196.829254709609
MULTI_BOUND_G,30,6,288,1201.9565418557925
MULTI_BOUND_G,30,6,289,1195.2839345705984
MULTI_BOUND_G,30,6,290,1203.746676550669
MULTI_BOUND_G,30,6,291,1211.4403027746528
MULTI_BOUND_G,30,6,292,1206.154497317929
MULTI_BOUND_G,30,6,293,1217.195210503086
MULTI_BOUND_G,30,6,294,1226.9826039992854
MULTI_BOUND_G,30,6,295,1207.6630650640413
MULTI_BOUND_G,30,6,296,1224.1562244120034
MULTI_BOUND_G,30,6,297,1232.9249584521842
MULTI_BOUND_G,30,6,298,1236.5161252384414
MULTI_BOUND_G,30,6,299,1237.429002304735
MULTI_BOUND_G,30,6,300,1218.6485535249012
MULTI_BOUND_G,30,6,301,1234.476505298126
MULTI_BOUND_G,30,6,302,1229.8149449277498
MULTI_BOUND_G,30,6,303,1225.8625159583653
MULTI_BOUND_G,30,6,304,1230.0791369398526
MULTI_BOUND_G,30,6,305,1233.0290117488366
MULTI_BOUND_G,30,6,306,1243.3987668535
MULTI_BOUND_G,30,6,307,1247.0867807366553
MULTI_BOUND_G,30,6,308,1256.252943496865
MULTI_BOUND_G,30,6,309,1267.3242297848342
MULTI_BOUND_G,30,6,310,1187.9206215567754
MULTI_BOUND_G,30,6,311,1187.548892837399
MULTI_BOUND_G,30,6,312,1203.6284509248171
MULTI_BOUND_G,30,6,313,1199.9654654643057
MULTI_BOUND_G,30,6,314,1192.3543278665459
MULTI_BOUND_G,30,6,315,1212.5610265715127
MULTI_BOUND_G,30,6,316,1204.7606631221415
MULTI_BOUND_G,30,6,317,1207.8437781268494
MULTI_BOUND_G,30,6,318,1209.8500329189976
MULTI_BOUND_G,30,6,319,1209.697044393226
MULTI_BOUND_G,30,6,320,1197.086089607334
MULTI_BOUND_G,30,6,321,1205.477098725018
MULTI_BOUND_G,30,6,322,1232.2764998527036
MULTI_BOUND_G,30,6,323,1219.6915979692458
MULTI_BOUND_G,30,6,324,1222.922230444839
MULTI_BOUND_G,30,6,325,1232.1164151432754
MULTI_BOUND_G,30,6,326,1245.7804975643219
MULTI_BOUND_G,30,6,327,1239.300412763725
MULTI_BOUND_G,30,6,328,1237.9849367024203
MULTI_BOUND_G,30,6,329,1253.296072122887
MULTI_BOUND_G,30,6,330,1249.6567867293638
MULTI_BOUND_G,30,6,331,1266.9680891214957
MULTI_BOUND_G,30,6,332,1265.8757122825446
MULTI_BOUND_G,30,6,333,1254.3078245591391
MULTI_BOUND_G,30,6,334,1271.6128523953407
MULTI_BOUND_G,30,6,335,1282.318096353757
MULTI_BOUND_G,30,6,336,1176.3500768765928
MULTI_BOUND_G,30,6,337,1183.8177989822543
MULTI_BOUND_G,30,6,338,1206.8308375247516
MULTI_BOUND_G,30,6,339,1210.4610305145948
MULTI_BOUND_G,30,6,340,1219.3357169796298
MULTI_BOUND_G,30,6,341,1228.1397076393932
MULTI_BOUND_G,30,6,342,1236.9067654623188
MULTI_BOUND_G,30,6,343,1233.6878528631564
MULTI_BOUND_G,30,6,344,1237.079102899267
MULTI_BOUND_G,30,6,345,1231.1930948402423
MULTI_BOUND_G,30,6,346,1246.0210049958862
MULTI_BOUND_G,30,6,347,1226.9128082396596
MULTI_BOUND_G,30,6,348,1240.5665329125832
MULTI_BOUND_G,30,6,349,1246.6353959605703
MULTI_BOUND_G,30,6,350,1253.695686041107
MULTI_BOUND_G,30,6,351,1235.5873146119006
MULTI_BOUND_G,30,6,352,1258.6134557540217
MULTI_BOUND_G,30,6,353,1254.136790693893
MULTI_BOUND_G,30,6,354,1247.4815898633574
MULTI_BOUND_G,30,6,355,1255.281792310166
MULTI_BOUND_G,30,6,356,1254.692580767051
MULTI_BOUND_G,30,7,0,901.0227883355632
MULTI_BOUND_G,30,7,1,9377879175.057323
MULTI_BOUND_G,30,7,2,4688939576.711927
MULTI_BOUND_G,30,7,3,2344469791.832517
MULTI_BOUND_G,30,7,4,1172234887.1500661
MULTI_BOUND_G,30,7,5,586117464.5279964
MULTI_BOUND_G,30,7,6,293058732.37772846
MULTI_BOUND_G,30,7,7,146529385.8409569
MULTI_BOUND_G,30,7,8,73264694.57237765
MULTI_BOUND_G,30,7,9,36632353.52717574
MULTI_BOUND_G,30,7,10,18316189.9434238
MULTI_BOUND_G,30,7,11,9158094.487017326
MULTI_BOUND_G,30,7,12,4579066.26110491
MULTI_BOUND_G,30,7,13,2289525.2531648264
MULTI_BOUND_G,30,7,14,1144794.0228397031
MULTI_BOUND_G,30,7,15,572396.1542302321
MULTI_BOUND_G,30,7,16,286217.3585426409
MULTI_BOUND_G,30,7,17,143127.00203671976
MULTI_BOUND_G,30,7,18,71588.02890779327
MULTI_BOUND_G,30,7,19,35807.81068051811
MULTI_BOUND_G,30,7,20,17922.28447115028
MULTI_BOUND_G,30,7,21,8980.878923645325
MULTI_BOUND_G,30,7,22,4498.088905339717
MULTI_BOUND_G,30,7,23,2273.9968978950183
MULTI_BOUND_G,30,7,24,1155.3270194481188
MULTI_BOUND_G,30,7,25,1147.8753674697714
MULTI_BOUND_G,30,7,26,1160.852287832527
MULTI_BOUND_G,30,7,27,1161.4496310309737
MULTI_BOUND_G,30,7,28,1170.2930181656357
MULTI_BOUND_G,30,7,29,1163.3852372167016
MULTI_BOUND_G,30,7,30,1182.50264043276
MULTI_BOUND_G,30,7,31,1182.5610139303485
MULTI_BOUND_G,30,7,32,1183.767985158074
MULTI_BOUND_G,30,7,33,1187.9691208621166
MULTI_BOUND_G,30,7,34,1185.1277837739035
MULTI_BOUND_G,30,7,35,1183.036318483863
MULTI_BOUND_G,30,7,36,1177.935548267414
MULTI_BOUND_G,30,7,37,1176.031023260129
MULTI_BOUND_G,30,7,38,1188.9918981627404
MULTI_BOUND_G,30,7,39,1191.1816258592394
MULTI_BOUND_G,30,7,40,1197.503247041016
MULTI_BOUND_G,30,7,41,1204.3061654351618
MULTI_BOUND_G,30,7,42,1213.0348354174657
MULTI_BOUND_G,30,7,43,1215.2327318399057
MULTI_BOUND_G,30,7,44,1200.375750605052
MULTI_BOUND_G,30,7,45,1225.2641540409163
MULTI_BOUND_G,30,7,46,1209.0288398401829
MULTI_BOUND_G,30,7,47,1223.6862741705409
MULTI_BOUND_G,30,7,48,1220.9005725131383
MULTI_BOUND_G,30,7,49,1240.1556563868103
MULTI_BOUND_G,30,7,50,1156.9221206220768
MULTI_BOUND_G,30,7,51,1159.611314984861
MULTI_BOUND_G,30,7,52,1167.896782827192
MULTI_BOUND_G,30,7,53,1172.5560235916844
MULTI_BOUND_G,30,7,54,1185.1529922222217
MULTI_BOUND_G,30,7,55,1190.274976476488
MULTI_BOUND_G,30,7,56,1183.120868638398
MULTI_BOUND_G,30,7,57,1181.3020586845487
MULTI_BOUND_G,30,7,58,1177.5121317062826
MULTI_BOUND_G,30,7,59,1201.6281541206604
MULTI_BOUND_G,30,7,60,1200.8260850021697
MULTI_BOUND_G,30,7,61,1203.7516875299718
MULTI_BOUND_G,30,7,62,1198.3392488893644
MULTI_BOUND_G,30,7,63,1203.765707212391
MULTI_BOUND_G,30,7,64,1197.8670664977967
MULTI_BOUND_G,30,7,65,1202.7774355154925
MULTI_BOUND_G,30,7,66,1197.952953948155
MULTI_BOUND_G,30,7,67,1221.9972207419437
MULTI_BOUND_G,30,7,68,1216.7367627884864
MULTI_BOUND_G,30,7,69,1210.4291677958627
MULTI_BOUND_G,30,7,70,1230.121003049704
MULTI_BOUND_G,30,7,71,1226.2207075515207
MULTI_BOUND_G,30,7,72,1220.3983311394068
MULTI_BOUND_G,30,7,73,1243.3563476077761
MULTI_BOUND_G,30,7,74,1229.0514705598878
MULTI_BOUND_G,30,7,75,1255.1457967374872
MULTI_BOUND_G,30,7,76,1136.90277105649
MULTI_BOUND_G,30,7,77,1168.3917756159235
MULTI_BOUND_G,30,7,78,1166.5373273635103
MULTI_BOUND_G,30,7,79,1191.2607999750571
MULTI_BOUND_G,30,7,80,1205.5007380492175
MULTI_BOUND_G,30,7,81,1200.4216490026947
MULTI_BOUND_G,30,7,82,1206.3466417277004
MULTI_BOUND_G,30,7,83,1200.6842061604136
MULTI_BOUND_G,30,7,84,1209.9472748315588
MULTI_BOUND_G,30,7,85,1193.4745296291176
MULTI_BOUND_G,30,7,86,1215.4827300515742
MULTI_BOUND_G,30,7,87,1211.8598609275991
MULTI_BOUND_G,30,7,88,1215.6265544315665
MULTI_BOUND_G,30,7,89,1205.0859250636215
MULTI_BOUND_G,30,7,90,1221.3621213233714
MULTI_BOUND_G,30,7,91,1220.8179823645683
MULTI_BOUND_G,30,7,92,1227.961548468701
MULTI_BOUND_G,30,7,93,1216.2687087834938
MULTI_BOUND_G,30,7,94,1208.5969446028462
MULTI_BOUND_G,30,7,95,1226.5284069497595
MULTI_BOUND_G,30,7,96,1222.501888603038
MULTI_BOUND_G,30,7,97,1227.5945113934745
MULTI_BOUND_G,30,7,98,1222.5729269175174
MULTI_BOUND_G,30,7,99,1245.6431954072905
MULTI_BOUND_G,30,7,100,1228.5087302622724
MULTI_BOUND_G,30,7,101,1243.3486526052775
MULTI_BOUND_G,30,7,102,1165.4637487811547
MULTI_BOUND_G,30,7,103,1184.2737054877289
MULTI_BOUND_G,30,7,104,1195.949113494104
MULTI_BOUND_G,30,7,105,1197.9767146140166
MULTI_BOUND_G,30,7,106,1192.7695919853481
MULTI_BOUND_G,30,7,107,1187.1716970256975
MULTI_BOUND_G,30,7,108,1205.6674814754324
MULTI_BOUND_G,30,7,109,1191.3772924998887
MULTI_BOUND_G,30,7,110,1205.857311491974
MULTI_BOUND_G,30,7,111,1212.6752177528838
MULTI_BOUND_G,30,7,112,1209.038150888671
MULTI_BOUND_G,30,7,113,1220.2126740568842
MULTI_BOUND_G,30,7,114,1224.9879098145962
MULTI_BOUND_G,30,7,115,1214.5052488303756
MULTI_BOUND_G,30,7,116,1226.5058821563669
MULTI_BOUND_G,30,7,117,1212.9102710436737
MULTI_BOUND_G,30,7,118,1232.0459684253483
MULTI_BOUND_G,30,7,119,1234.3692302251536
MULTI_BOUND_G,30,7,120,1235.7526679877237
MULTI_BOUND_G,30,7,121,1223.7985876214539
MULTI_BOUND_G,30,7,122,1235.85583651582
MULTI_BOUND_G,30,7,123,1237.3015523992449
MULTI_BOUND_G,30,7,124,1259.2009969079345
MULTI_BOUND_G,30,7,125,1248.3998109480376
MULTI_BOUND_G,30,7,126,1254.724407025694
MULTI_BOUND_G,30,7,127,1260.0877094430266
MULTI_BOUND_G,30,7,128,1189.2215243692744
MULTI_BOUND_G,30,7,129,1192.1946667927568
MULTI_BOUND_G,30,7,130,1189.86419465944
MULTI_BOUND_G,30,7,131,1201.5711691785505
MULTI_BOUND_G,30,7,132,1201.7174783459486
MULTI_BOUND_G,30,7,133,1201.5879518511242
MULTI_BOUND_G,30,7,134,1220.5412750679575
MULTI_BOUND_G,30,7,135,1222.5267158866795
MULTI_BOUND_G,30,7,136,1224.633078656435
MULTI_BOUND_G,30,7,137,1229.2999616465013
MULTI_BOUND_G,30,7,138,1216.1583002545058
MULTI_BOUND_G,30,7,139,1227.1048947380327
MULTI_BOUND_G,30,7,140,1220.8845480315476
MULTI_BOUND_G,30,7,141,1210.586102413368
MULTI_BOUND_G,30,7,142,1217.6965887671809
MULTI_BOUND_G,30,7,143,1232.8750419464263
MULTI_BOUND_G,30,7,144,1228.3152666951391
MULTI_BOUND_G,30,7,145,1238.981260891087
MULTI_BOUND_G,30,7,146,1252.1315747056756
MULTI_BOUND_G,30,7,147,1256.9697688946812
MULTI_BOUND_G,30,7,148,1240.2834778397187
MULTI_BOUND_G,30,7,149,1248.6940549634382
MULTI_BOUND_G,30,7,150,1267.284573726714
MULTI_BOUND_G,30,7,151,1245.2642807542068
MULTI_BOUND_G,30,7,152,1259.0321218819888
MULTI_BOUND_G,30,7,153,1281.9397709827513
MULTI_BOUND_G,30,7,154,1174.9853760269752
MULTI_BOUND_G,30,7,155,1191.083873542477
MULTI_BOUND_G,30,7,156,1185.0857552030388
MULTI_BOUND_G,30,7,157,1202.7330585338336
MULTI_BOUND_G,30,7,158,1199.3913188781664
MULTI_BOUND_G,30,7,159,1202.4382515465659
MULTI_BOUND_G,30,7,160,1211.324484613449
MULTI_BOUND_G,30,7,161,1226.2538936400183
MULTI_BOUND_G,30,7,162,1217.1670079005273
MULTI_BOUND_G,30,7,163,1221.8436646872967
MULTI_BOUND_G,30,7,164,1208.240608155072
MULTI_BOUND_G,30,7,165,1228.9189988446014
MULTI_BOUND_G,30,7,166,1216.0823017858318
MULTI_BOUND_G,30,7,167,1236.2978885710727
MULTI_BOUND_G,30,7,168,1238.5712286204894
MULTI_BOUND_G,30,7,169,1244.7212507276136
MULTI_BOUND_G,30,7,170,1248.9262075581714
MULTI_BOUND_G,30,7,171,1233.9393173405526
MULTI_BOUND_G,30,7,172,1248.0801674911763
MULTI_BOUND_G,30,7,173,1237.6515710658489
MULTI_BOUND_G,30,7,174,1265.3991412734777
MULTI_BOUND_G,30,7,175,1267.7458177750223
MULTI_BOUND_G,30,7,176,1277.3228625633005
MULTI_BOUND_G,30,7,177,1270.9837728544776
MULTI_BOUND_G,30,7,178,1282.6471703758114
MULTI_BOUND_G,30,7,179,1296.6806435077106
MULTI_BOUND_G,30,7,180,1197.9973464134277
MULTI_BOUND_G,30,7,181,1197.1444047177322
MULTI_BOUND_G,30,7,182,1214.1415633853476
MULTI_BOUND_G,30,7,183,1217.673792659178
MULTI_BOUND_G,30,7,184,1220.2617190449623
MULTI_BOUND_G,30,7,185,1210.7248922953472
MULTI_BOUND_G,30,7,186,1232.7628211887486
MULTI_BOUND_G,30,7,187,1233.5034828824805
MULTI_BOUND_G,30,7,188,1217.9660193719567
MULTI_BOUND_G,30,7,189,1241.4251930821797
MULTI_BOUND_G,30,7,190,1238.3902275592695
MULTI_BOUND_G,30,7,191,1246.489352830764
MULTI_BOUND_G,30,7,192,1245.5649024850686
MULTI_BOUND_G,30,7,193,1237.814018473976
MULTI_BOUND_G,30,7,194,1246.7064041723065
MULTI_BOUND_G,30,7,195,1242.477567063214
MULTI_BOUND_G,30,7,196,1229.1655920508224
MULTI_BOUND_G,30,7,197,1253.1595561593258
MULTI_BOUND_G,30,7,198,1239.8791843622978
MULTI_BOUND_G,30,7,199,1247.195335974016
MULTI_BOUND_G,30,7,200,1246.7587281124165
MULTI_BOUND_G,30,7,201,1259.1603913267522
MULTI_BOUND_G,30,7,202,1271.6971222124826
MULTI_BOUND_G,30,7,203,1271.7656675963085
MULTI_BOUND_G,30,7,204,1266.5363244904229
MULTI_BOUND_G,30,7,205,1291.2965992943537
MULTI_BOUND_G,30,7,206,1191.046656548445
MULTI_BOUND_G,30,7,207,1213.5893037107057
MULTI_BOUND_G,30,7,208,1207.6850945133056
MULTI_BOUND_G,30,7,209,1210.4273760347126
MULTI_BOUND_G,30,7,210,1220.5880141136981
MULTI_BOUND_G,30,7,211,1223.7227465146475
MULTI_BOUND_G,30,7,212,1223.8171780607486
MULTI_BOUND_G,30,7,213,1230.9229613888592
MULTI_BOUND_G,30,7,214,1221.3441158396286
MULTI_BOUND_G,30,7,215,1242.6011513939293
MULTI_BOUND_G,30,7,216,1242.4323517921846
MULTI_BOUND_G,30,7,217,1250.7101570121172
MULTI_BOUND_G,30,7,218,1251.2600142815336
MULTI_BOUND_G,30,7,219,1247.9408225072425
MULTI_BOUND_G,30,7,220,1245.6211656895832
MULTI_BOUND_G,30,7,221,1245.6595451737917
MULTI_BOUND_G,30,7,222,1251.920418141711
MULTI_BOUND_G,30,7,223,1255.1057818067902
MULTI_BOUND_G,30,7,224,1259.6526921384234
MULTI_BOUND_G,30,7,225,1280.7303457622647
MULTI_BOUND_G,30,7,226,1276.019295853716
MULTI_BOUND_G,30,7,227,1273.8713181914288
MULTI_BOUND_G,30,7,228,1280.2260654475413
MULTI_BOUND_G,30,7,229,1292.9751366416535
MULTI_BOUND_G,30,7,230,1289.3203534938411
MULTI_BOUND_G,30,7,231,1300.391730924201
MULTI_BOUND_G,30,7,232,1191.3124756168654
MULTI_BOUND_G,30,7,233,1201.781299735291
MULTI_BOUND_G,30,7,234,1185.215601712715
MULTI_BOUND_G,30,7,235,1207.3334870743233
MULTI_BOUND_G,30,7,236,1215.4437716065195
MULTI_BOUND_G,30,7,237,1214.6981424947876
MULTI_BOUND_G,30,7,238,1226.9284465188457
MULTI_BOUND_G,30,7,239,1218.8429824480008
MULTI_BOUND_G,30,7,240,1229.2044501013738
MULTI_BOUND_G,30,7,241,1216.2565183013858
MULTI_BOUND_G,30,7,242,1215.8550960486973
MULTI_BOUND_G,30,7,243,1230.1702522311873
MULTI_BOUND_G,30,7,244,1247.8819053725742
MULTI_BOUND_G,30,7,245,1248.3056282199464
MULTI_BOUND_G,30,7,246,1234.58702722564
MULTI_BOUND_G,30,7,247,1247.332253314316
MULTI_BOUND_G,30,7,248,1251.7209716950788
MULTI_BOUND_G,30,7,249,1248.956695661714
MULTI_BOUND_G,30,7,250,1255.5225571134306
MULTI_BOUND_G,30,7,251,1242.463403037767
MULTI_BOUND_G,30,7,252,1269.180554387663
MULTI_BOUND_G,30,7,253,1276.9131622108262
MULTI_BOUND_G,30,7,254,1269.431679574423
MULTI_BOUND_G,30,7,255,1285.3976902048726
MULTI_BOUND_G,30,7,256,1286.6507341021802
MULTI_BOUND_G,30,7,257,1305.2500638535325
MULTI_BOUND_G,30,7,258,1180.9144382704528
MULTI_BOUND_G,30,7,259,1209.0713864528814
MULTI_BOUND_G,30,7,260,1213.2877408443965
MULTI_BOUND_G,30,7,261,1206.6837761436818
MULTI_BOUND_G,30,7,262,1207.8214555873087
MULTI_BOUND_G,30,7,263,1204.8743344573295
MULTI_BOUND_G,30,7,264,1226.069106423209
MULTI_BOUND_G,30,7,265,1232.1545919462317
MULTI_BOUND_G,30,7,266,1244.230087263631
MULTI_BOUND_G,30,7,267,1242.2459325408017
MULTI_BOUND_G,30,7,268,1245.5931727647662
MULTI_BOUND_G,30,7,269,1229.1060985911663
MULTI_BOUND_G,30,7,270,1247.8982859523408
MULTI_BOUND_G,30,7,271,1235.6524119076398
MULTI_BOUND_G,30,7,272,1249.1478326223037
MULTI_BOUND_G,30,7,273,1258.2044781104237
MULTI_BOUND_G,30,7,274,1251.5637035868738
MULTI_BOUND_G,30,7,275,1268.4484582192
MULTI_BOUND_G,30,7,276,1266.9504804078492
MULTI_BOUND_G,30,7,277,1252.2681577974083
MULTI_BOUND_G,30,7,278,1281.1215459048453
MULTI_BOUND_G,30,7,279,1278.9448060557024
MULTI_BOUND_G,30,7,280,1289.4317940306323
MULTI_BOUND_G,30,7,281,1290.2875706799073
MULTI_BOUND_G,30,7,282,1297.8362172023342
MULTI_BOUND_G,30,7,283,1308.2375054709278
MULTI_BOUND_G,30,7,284,1226.8642283129439
MULTI_BOUND_G,30,7,285,1223.8271178512507
MULTI_BOUND_G,30,7,286,1226.4658734214702
MULTI_BOUND_G,30,7,287,1237.7428446644526
MULTI_BOUND_G,30,7,288,1236.7738828172246
MULTI_BOUND_G,30,7,289,1233.7106266884753
MULTI_BOUND_G,30,7,290,1236.45470651615
MULTI_BOUND_G,30,7,291,1257.1348030089387
MULTI_BOUND_G,30,7,292,1260.9512596265208
MULTI_BOUND_G,30,7,293,1262.2779587236132
MULTI_BOUND_G,30,7,294,1255.30590167111
MULTI_BOUND_G,30,7,295,1264.3650057093837
MULTI_BOUND_G,30,7,296,1252.6733119415371
MULTI_BOUND_G,30,7,297,1258.339127503713
MULTI_BOUND_G,30,7,298,1251.971060326185
MULTI_BOUND_G,30,7,299,1274.9054458781784
MULTI_BOUND_G,30,7,300,1275.2827232790396
MULTI_BOUND_G,30,7,301,1268.469352822661
MULTI_BOUND_G,30,7,302,1292.301248226191
MULTI_BOUND_G,30,7,303,1275.5181170459687
MULTI_BOUND_G,30,7,304,1295.5267321904262
MULTI_BOUND_G,30,7,305,1283.5856149604099
MULTI_BOUND_G,30,7,306,1304.5205926341232
MULTI_BOUND_G,30,7,307,1287.454101830007
MULTI_BOUND_G,30,7,308,1300.2874150849607
MULTI_BOUND_G,30,7,309,1320.4274416724315
MULTI_BOUND_G,30,7,310,1215.7664647126153
MULTI_BOUND_G,30,7,311,1218.5915078819573
MULTI_BOUND_G,30,7,312,1229.5717752227656
MULTI_BOUND_G,30,7,313,1226.452424641042
MULTI_BOUND_G,30,7,314,1234.5500694626326
MULTI_BOUND_G,30,7,315,1217.3109731987934
MULTI_BOUND_G,30,7,316,1223.5191549662893
MULTI_BOUND_G,30,7,317,1235.2088208903547
MULTI_BOUND_G,30,7,318,1238.2614142855919
MULTI_BOUND_G,30,7,319,1242.7911817450386
MULTI_BOUND_G,30,7,320,1234.8897547483748
MULTI_BOUND_G,30,7,321,1245.9763840174105
MULTI_BOUND_G,30,7,322,1239.839940533643
MULTI_BOUND_G,30,7,323,1249.4945045076402
MULTI_BOUND_G,30,7,324,1252.5949907260506
MULTI_BOUND_G,30,7,325,1232.450933848657
MULTI_BOUND_G,30,7,326,1248.902651167039
MULTI_BOUND_G,30,7,327,1258.755654938624
MULTI_BOUND_G,30,7,328,1247.6807150256996
MULTI_BOUND_G,30,7,329,1247.394884329694
MULTI_BOUND_G,30,7,330,1268.7814919913194
MULTI_BOUND_G,30,7,331,1262.2805892243186
MULTI_BOUND_G,30,7,332,1272.8190992900536
MULTI_BOUND_G,30,7,333,1279.5760592878908
MULTI_BOUND_G,30,7,334,1275.9501822987363
MULTI_BOUND_G,30,7,335,1299.7146130861927
MULTI_BOUND_G,30,7,336,1193.7859976588775
MULTI_BOUND_G,30,7,337,1206.3615086517257
MULTI_BOUND_G,30,7,338,1202.266743833311
MULTI_BOUND_G,30,7,339,1227.0344484795087
MULTI_BOUND_G,30,7,340,1221.9626059330562
MULTI_BOUND_G,30,7,341,1222.9620292147738
MULTI_BOUND_G,30,7,342,1232.8564246821047
MULTI_BOUND_G,30,7,343,1240.9138344539954
MULTI_BOUND_G,30,7,344,1232.8627100286901
MULTI_BOUND_G,30,7,345,1250.9090760777908
MULTI_BOUND_G,30,7,346,1247.1182526447126
MULTI_BOUND_G,30,7,347,1230.5013260476499
MULTI_BOUND_G,30,7,348,1254.0453360630393
MULTI_BOUND_G,30,7,349,1260.3146812298148
MULTI_BOUND_G,30,7,350,1263.3447360763616
MULTI_BOUND_G,30,7,351,1263.1438774488265
MULTI_BOUND_G,30,7,352,1272.8341189243783
MULTI_BOUND_G,30,7,353,1258.6549911369318
MULTI_BOUND_G,30,7,354,1272.2586138918841
MULTI_BOUND_G,30,7,355,1262.927808389136
MULTI_BOUND_G,30,7,356,1290.6129965777204
MULTI_BOUND_G,30,8,0,1073.0485937290207
MULTI_BOUND_G,30,8,1,7929977595.112195
MULTI_BOUND_G,30,8,2,3964988789.299435
MULTI_BOUND_G,30,8,3,1982494385.5541172
MULTI_BOUND_G,30,8,4,991247173.2411563
MULTI_BOUND_G,30,8,5,495623579.66374964
MULTI_BOUND_G,30,8,6,247811787.54230413
MULTI_BOUND_G,30,8,7,123905903.1006535
MULTI_BOUND_G,30,8,8,61952938.45204088
MULTI_BOUND_G,30,8,9,30976466.199466188
MULTI_BOUND_G,30,8,10,15488228.693970755
MULTI_BOUND_G,30,8,11,7744121.04804043
MULTI_BOUND_G,30,8,12,3872069.6712747654
MULTI_BOUND_G,30,8,13,1936045.458776831
MULTI_BOUND_G,30,8,14,968038.1375617622
MULTI_BOUND_G,30,8,15,484028.4657700511
MULTI_BOUND_G,30,8,16,242025.48186087416
MULTI_BOUND_G,30,8,17,121027.49887716162
MULTI_BOUND_G,30,8,18,60531.128558545315
MULTI_BOUND_G,30,8,19,30262.80154671451
MULTI_BOUND_G,30,8,20,15146.192152770167
MULTI_BOUND_G,30,8,21,7602.960181419872
MULTI_BOUND_G,30,8,22,3801.610988620507
MULTI_BOUND_G,30,8,23,1919.7463559413766
MULTI_BOUND_G,30,8,24,1931.818235181647
MULTI_BOUND_G,30,8,25,1934.4748281266197
MULTI_BOUND_G,30,8,26,1945.7708055480693
MULTI_BOUND_G,30,8,27,1954.1505865841382
MULTI_BOUND_G,30,8,28,1950.693241738327
MULTI_BOUND_G,30,8,29,1952.8844126083004
MULTI_BOUND_G,30,8,30,1963.0596575930017
MULTI_BOUND_G,30,8,31,1973.550251091193
MULTI_BOUND_G,30,8,32,1962.5011702081306
MULTI_BOUND_G,30,8,33,1982.208935868206
MULTI_BOUND_G,30,8,34,1980.1149377763506
MULTI_BOUND_G,30,8,35,1970.4063111460455
MULTI_BOUND_G,30,8,36,1977.2521234936587
MULTI_BOUND_G,30,8,37,1982.0046334903768
MULTI_BOUND_G,30,8,38,1992.6804768647269
MULTI_BOUND_G,30,8,39,1999.3068263308096
MULTI_BOUND_G,30,8,40,1996.844141465349
MULTI_BOUND_G,30,8,41,1991.7854463961396
MULTI_BOUND_G,30,8,42,2018.7300081614158
MULTI_BOUND_G,30,8,43,2025.2080478095431
MULTI_BOUND_G,30,8,44,2021.242321242219
MULTI_BOUND_G,30,8,45,2024.0403553370993
MULTI_BOUND_G,30,8,46,2046.9093608694748
MULTI_BOUND_G,30,8,47,2029.1920434329018
MULTI_BOUND_G,30,8,48,1952.4526716286882
MULTI_BOUND_G,30,8,49,1967.1397677691375
MULTI_BOUND_G,30,8,50,1976.9284942392214
MULTI_BOUND_G,30,8,51,2001.1288942568879
MULTI_BOUND_G,30,8,52,1994.6010764571988
MULTI_BOUND_G,30,8,53,2009.7431323994228
MULTI_BOUND_G,30,8,54,2012.6335671098166
MULTI_BOUND_G,30,8,55,2007.1767955390426
MULTI_BOUND_G,30,8,56,2010.9733095502677
MULTI_BOUND_G,30,8,57,2018.0136215101886
MULTI_BOUND_G,30,8,58,2017.2621361945494
MULTI_BOUND_G,30,8,59,2019.1299310315271
MULTI_BOUND_G,30,8,60,2036.8514082745671
MULTI_BOUND_G,30,8,61,2024.6572908584376
MULTI_BOUND_G,30,8,62,2032.7635767044958
MULTI_BOUND_G,30,8,63,2034.0312899204
MULTI_BOUND_G,30,8,64,2044.6954014095681
MULTI_BOUND_G,30,8,65,2041.9246184199412
MULTI_BOUND_G,30,8,66,2056.5205974655005
MULTI_BOUND_G,30,8,67,2057.806081556646
MULTI_BOUND_G,30,8,68,2070.4470481352564
MULTI_BOUND_G,30,8,69,2070.2292344099264
MULTI_BOUND_G,30,8,70,2070.2526661118336
MULTI_BOUND_G,30,8,71,2085.5416551753033
MULTI_BOUND_G,30,8,72,2069.4747225730425
MULTI_BOUND_G,30,8,73,1989.9240375034692
MULTI_BOUND_G,30,8,74,1989.1568826170874
MULTI_BOUND_G,30,8,75,2008.6656775017202
MULTI_BOUND_G,30,8,76,2003.352757691966
MULTI_BOUND_G,30,8,77,2017.6365103123157
MULTI_BOUND_G,30,8,78,2017.0633975706983
MULTI_BOUND_G,30,8,79,2021.2281211240268
MULTI_BOUND_G,30,8,80,2035.5290377727786
MULTI_BOUND_G,30,8,81,2021.1583678129623
MULTI_BOUND_G,30,8,82,2026.4773741363238
MULTI_BOUND_G,30,8,83,2034.7612695173902
MULTI_BOUND_G,30,8,84,2034.234601849831
MULTI_BOUND_G,30,8,85,2049.887915764593
MULTI_BOUND_G,30,8,86,2038.6838204481728
MULTI_BOUND_G,30,8,87,2051.2570127568456
MULTI_BOUND_G,30,8,88,2042.378107537469
MULTI_BOUND_G,30,8,89,2048.875302969487
MULTI_BOUND_G,30,8,90,2064.6966417408416
MULTI_BOUND_G,30,8,91,2062.456399799143
MULTI_BOUND_G,30,8,92,2084.7290234157394
MULTI_BOUND_G,30,8,93,2096.528381992569
MULTI_BOUND_G,30,8,94,2091.9174857330786
MULTI_BOUND_G,30,8,95,2095.213719396867
MULTI_BOUND_G,30,8,96,2118.902158324474
MULTI_BOUND_G,30,8,97,2101.145040458774
MULTI_BOUND_G,30,8,98,2005.4408820732592
MULTI_BOUND_G,30,8,99,2003.0471617063617
MULTI_BOUND_G,30,8,100,2019.7004124006094
MULTI_BOUND_G,30,8,101,2037.104178298126
MULTI_BOUND_G,30,8,102,2050.04477870578
MULTI_BOUND_G,30,8,103,2059.7928420220624
MULTI_BOUND_G,30,8,104,2048.809319552948
MULTI_BOUND_G,30,8,105,2051.5008745921987
MULTI_BOUND_G,30,8,106,2057.6181734153515
MULTI_BOUND_G,30,8,107,2066.357717408401
MULTI_BOUND_G,30,8,108,2072.998239095303
MULTI_BOUND_G,30,8,109,2057.5937604478663
MULTI_BOUND_G,30,8,110,2064.892123987217
MULTI_BOUND_G,30,8,111,2069.1211437204092
MULTI_BOUND_G,30,8,112,2075.912687432531
MULTI_BOUND_G,30,8,113,2084.320339544189
MULTI_BOUND_G,30,8,114,2087.4124216026444
MULTI_BOUND_G,30,8,115,2098.506238371569
MULTI_BOUND_G,30,8,116,2093.4393727537094
MULTI_BOUND_G,30,8,117,2088.3417130405724
MULTI_BOUND_G,30,8,118,2119.9570967999002
MULTI_BOUND_G,30,8,119,2117.5250236045713
MULTI_BOUND_G,30,8,120,2119.2041748351676
MULTI_BOUND_G,30,8,121,2138.331636307108
MULTI_BOUND_G,30,8,122,2121.3139267025454
MULTI_BOUND_G,30,8,123,2036.9404771243687
MULTI_BOUND_G,30,8,124,2056.03792429221
MULTI_BOUND_G,30,8,125,2038.8084386408027
MULTI_BOUND_G,30,8,126,2048.782632030986
MULTI_BOUND_G,30,8,127,2045.4459244839618
MULTI_BOUND_G,30,8,128,2038.1220873492857
MULTI_BOUND_G,30,8,129,2047.5485515267592
MULTI_BOUND_G,30,8,130,2057.0995690001646
MULTI_BOUND_G,30,8,131,2058.7238209823563
MULTI_BOUND_G,30,8,132,2063.58222891879
MULTI_BOUND_G,30,8,133,2064.1672546607415
MULTI_BOUND_G,30,8,134,2070.188954180123
MULTI_BOUND_G,30,8,135,2071.877242924939
MULTI_BOUND_G,30,8,136,2089.25107417939
MULTI_BOUND_G,30,8,137,2096.6761925590545
MULTI_BOUND_G,30,8,138,2100.687505293814
MULTI_BOUND_G,30,8,139,2092.249955778255
MULTI_BOUND_G,30,8,140,2103.155705462137
MULTI_BOUND_G,30,8,141,2093.854100284755
MULTI_BOUND_G,30,8,142,2128.8327816003866
MULTI_BOUND_G,30,8,143,2122.470996073324
MULTI_BOUND_G,30,8,144,2127.0453338928673
MULTI_BOUND_G,30,8,145,2137.0238736490282
MULTI_BOUND_G,30,8,146,2155.7771229681257
MULTI_BOUND_G,30,8,147,2137.79537214024
MULTI_BOUND_G,30,8,148,2013.3459169968032
MULTI_BOUND_G,30,8,149,2031.3425743588791
MULTI_BOUND_G,30,8,150,2047.725090437741
MULTI_BOUND_G,30,8,151,2060.628666292134
MULTI_BOUND_G,30,8,152,2065.5981853783787
MULTI_BOUND_G,30,8,153,2057.324278221559
MULTI_BOUND_G,30,8,154,2074.359386067931
MULTI_BOUND_G,30,8,155,2065.2913902382297
MULTI_BOUND_G,30,8,156,2071.0196528864417
MULTI_BOUND_G,30,8,157,2090.3809046083397
MULTI_BOUND_G,30,8,158,2090.4326174048256
MULTI_BOUND_G,30,8,159,2090.9189404685685
MULTI_BOUND_G,30,8,160,2087.804516586599
MULTI_BOUND_G,30,8,161,2089.5852633182194
MULTI_BOUND_G,30,8,162,2094.3357345021577
MULTI_BOUND_G,30,8,163,2094.352781063656
MULTI_BOUND_G,30,8,164,2093.6323322072567
MULTI_BOUND_G,30,8,165,2108.3006522989986
MULTI_BOUND_G,30,8,166,2101.6832894933495
MULTI_BOUND_G,30,8,167,2123.2166456843706
MULTI_BOUND_G,30,8,168,2126.9516883213264
MULTI_BOUND_G,30,8,169,2113.089844276269
MULTI_BOUND_G,30,8,170,2126.470150875336
MULTI_BOUND_G,30,8,171,2135.4163034041176
MULTI_BOUND_G,30,8,172,2163.87631126401
MULTI_BOUND_G,30,8,173,2004.9711208180652
MULTI_BOUND_G,30,8,174,2057.0527480332094
MULTI_BOUND_G,30,8,175,2041.7402426525568
MULTI_BOUND_G,30,8,176,2050.1040298061507
MULTI_BOUND_G,30,8,177,2060.8488012269713
MULTI_BOUND_G,30,8,178,2063.5256072997963
MULTI_BOUND_G,30,8,179,2060.816793391324
MULTI_BOUND_G,30,8,180,2062.0111069968934
MULTI_BOUND_G,30,8,181,2077.1380998682353
MULTI_BOUND_G,30,8,182,2075.6376566740582
MULTI_BOUND_G,30,8,183,2073.030636184339
MULTI_BOUND_G,30,8,184,2079.5169911128855
MULTI_BOUND_G,30,8,185,2092.5410828850504
MULTI_BOUND_G,30,8,186,2083.5254811294963
MULTI_BOUND_G,30,8,187,2078.1865260569853
MULTI_BOUND_G,30,8,188,2094.0513451131155
MULTI_BOUND_G,30,8,189,2093.1925871637113
MULTI_BOUND_G,30,8,190,2108.949703657955
MULTI_BOUND_G,30,8,191,2104.7915059656166
MULTI_BOUND_G,30,8,192,2121.214197308863
MULTI_BOUND_G,30,8,193,2119.0960894302916
MULTI_BOUND_G,30,8,194,2121.2579970943757
MULTI_BOUND_G,30,8,195,2121.058012087544
MULTI_BOUND_G,30,8,196,2136.48597827289
MULTI_BOUND_G,30,8,197,2120.2780133623482
MULTI_BOUND_G,30,8,198,2041.8367185515694
MULTI_BOUND_G,30,8,199,2042.8997931170397
MULTI_BOUND_G,30,8,200,2063.717167511197
MULTI_BOUND_G,30,8,201,2054.405671652594
MULTI_BOUND_G,30,8,202,2065.6155714563342
MULTI_BOUND_G,30,8,203,2072.988216773368
MULTI_BOUND_G,30,8,204,2083.350161482421
MULTI_BOUND_G,30,8,205,2061.4389326531877
MULTI_BOUND_G,30,8,206,2074.347718414746
MULTI_BOUND_G,30,8,207,2092.7227327250453
MULTI_BOUND_G,30,8,208,2093.040708743204
MULTI_BOUND_G,30,8,209,2090.849415253453
MULTI_BOUND_G,30,8,210,2091.297965127281
MULTI_BOUND_G,30,8,211,2093.079418685975
MULTI_BOUND_G,30,8,212,2105.3414078166948
MULTI_BOUND_G,30,8,213,2100.7880775337107
MULTI_BOUND_G,30,8,214,2100.5192932424097
MULTI_BOUND_G,30,8,215,2107.44610909372
MULTI_BOUND_G,30,8,216,2119.7256737244174
MULTI_BOUND_G,30,8,217,2105.475853204209
MULTI_BOUND_G,30,8,218,2138.633233784498
MULTI_BOUND_G,30,8,219,2127.8149570249884
MULTI_BOUND_G,30,8,220,2121.6249507484245
MULTI_BOUND_G,30,8,221,2139.537325524555
MULTI_BOUND_G,30,8,222,2160.181126796285
MULTI_BOUND_G,30,8,223,2032.8135959309216
MULTI_BOUND_G,30,8,224,2067.6476000373373
MULTI_BOUND_G,30,8,225,2072.3300583756863
MULTI_BOUND_G,30,8,226,2082.6484754803278
MULTI_BOUND_G,30,8,227,2074.377329635785
MULTI_BOUND_G,30,8,228,2077.5428423159674
MULTI_BOUND_G,30,8,229,2076.635261040432
MULTI_BOUND_G,30,8,230,2094.8429013041487
MULTI_BOUND_G,30,8,231,2082.361212166628
MULTI_BOUND_G,30,8,232,2085.2389459438095
MULTI_BOUND_G,30,8,233,2091.3747021475597
MULTI_BOUND_G,30,8,234,2093.4972403194834
MULTI_BOUND_G,30,8,235,2106.0065933276583
MULTI_BOUND_G,30,8,236,2098.4737858749577
MULTI_BOUND_G,30,8,237,2097.9215154775156
MULTI_BOUND_G,30,8,238,2099.847139429863
MULTI_BOUND_G,30,8,239,2116.2808881992346
MULTI_BOUND_G,30,8,240,2129.2341053518794
MULTI_BOUND_G,30,8,241,2128.15278600822
MULTI_BOUND_G,30,8,242,2128.591409825435
MULTI_BOUND_G,30,8,243,2128.7172078460844
MULTI_BOUND_G,30,8,244,2135.234002905912
MULTI_BOUND_G,30,8,245,2147.743134010476
MULTI_BOUND_G,30,8,246,2130.4341338841305
MULTI_BOUND_G,30,8,247,2143.6921024752314
MULTI_BOUND_G,30,8,248,2048.625474544659
MULTI_BOUND_G,30,8,249,2054.764488098837
MULTI_BOUND_G,30,8,250,2077.690616930452
MULTI_BOUND_G,30,8,251,2076.3541232653006
MULTI_BOUND_G,30,8,252,2085.716710679315
MULTI_BOUND_G,30,8,253,2078.656811043595
MULTI_BOUND_G,30,8,254,2089.791976329138
MULTI_BOUND_G,30,8,255,2096.010668958907
MULTI_BOUND_G,30,8,256,2098.05510712221
MULTI_BOUND_G,30,8,257,2109.251945216347
MULTI_BOUND_G,30,8,258,2103.740122141755
MULTI_BOUND_G,30,8,259,2097.1952357645932
MULTI_BOUND_G,30,8,260,2110.6937769976294
MULTI_BOUND_G,30,8,261,2097.347395524261
MULTI_BOUND_G,30,8,262,2099.895104450082
MULTI_BOUND_G,30,8,263,2114.7482363472427
MULTI_BOUND_G,30,8,264,2127.3941675534834
MULTI_BOUND_G,30,8,265,2127.857678530657
MULTI_BOUND_G,30,8,266,2148.1466178082464
MULTI_BOUND_G,30,8,267,2142.968076965207
MULTI_BOUND_G,30,8,268,2145.0738638656603
MULTI_BOUND_G,30,8,269,2149.221119872563
MULTI_BOUND_G,30,8,270,2147.1747480696677
MULTI_BOUND_G,30,8,271,2169.005826221349
MULTI_BOUND_G,30,8,272,2151.3471805973923
MULTI_BOUND_G,30,8,273,2063.7836088700665
MULTI_BOUND_G,30,8,274,2095.410467528505
MULTI_BOUND_G,30,8,275,2079.6655401702264
MULTI_BOUND_G,30,8,276,2091.15446237346
MULTI_BOUND_G,30,8,277,2100.025981357311
MULTI_BOUND_G,30,8,278,2111.552546850192
MULTI_BOUND_G,30,8,279,2120.6842365682824
MULTI_BOUND_G,30,8,280,2111.6895700261075
MULTI_BOUND_G,30,8,281,2116.7665210249097
MULTI_BOUND_G,30,8,282,2115.8017557104004
MULTI_BOUND_G,30,8,283,2120.8516806816806
MULTI_BOUND_G,30,8,284,2120.984519747113
MULTI_BOUND_G,30,8,285,2132.4574916138818
MULTI_BOUND_G,30,8,286,2138.1784281636437
MULTI_BOUND_G,30,8,287,2132.223800679669
MULTI_BOUND_G,30,8,288,2121.299303505355
MULTI_BOUND_G,30,8,289,2148.4709335472635
MULTI_BOUND_G,30,8,290,2127.0845944838075
MULTI_BOUND_G,30,8,291,2143.107940687084
MULTI_BOUND_G,30,8,292,2134.6027082344153
MULTI_BOUND_G,30,8,293,2141.921799560923
MULTI_BOUND_G,30,8,294,2145.152046193575
MULTI_BOUND_G,30,8,295,2162.639749376517
MULTI_BOUND_G,30,8,296,2175.8213271633977
MULTI_BOUND_G,30,8,297,2190.9052025077713
MULTI_BOUND_G,30,8,298,2103.8175681139587
MULTI_BOUND_G,30,8,299,2095.7866227217723
MULTI_BOUND_G,30,8,300,2092.245224559002
MULTI_BOUND_G,30,8,301,2100.7193293905098
MULTI_BOUND_G,30,8,302,2109.384751698839
MULTI_BOUND_G,30,8,303,2107.4628183849636
MULTI_BOUND_G,30,8,304,2124.7259159642363
MULTI_BOUND_G,30,8,305,2107.0926962652675
MULTI_BOUND_G,30,8,306,2112.081301705887
MULTI_BOUND_G,30,8,307,2121.5526986907166
MULTI_BOUND_G,30,8,308,2126.326429769735
MULTI_BOUND_G,30,8,309,2124.121953715102
MULTI_BOUND_G,30,8,310,2129.5423028993473
MULTI_BOUND_G,30,8,311,2147.211357669673
MULTI_BOUND_G,30,8,312,2142.692455144359
MULTI_BOUND_G,30,8,313,2144.5905742252207
MULTI_BOUND_G,30,8,314,2132.300982881414
MULTI_BOUND_G,30,8,315,2141.645097999599
MULTI_BOUND_G,30,8,316,2158.0132394990324
MULTI_BOUND_G,30,8,317,2144.3965923436176
MULTI_BOUND_G,30,8,318,2154.2171073846675
MULTI_BOUND_G,30,8,319,2158.563312253619
MULTI_BOUND_G,30,8,320,2187.677931077169
MULTI_BOUND_G,30,8,321,2199.886788737277
MULTI_BOUND_G,30,8,322,2201.040537836012
MULTI_BOUND_G,30,8,323,2078.8627519201173
MULTI_BOUND_G,30,8,324,2078.835731089947
MULTI_BOUND_G,30,8,325,2106.206253690919
MULTI_BOUND_G,30,8,326,2112.103931067718
MULTI_BOUND_G,30,8,327,2111.3760986395673
MULTI_BOUND_G,30,8,328,2103.4358490776262
MULTI_BOUND_G,30,8,329,2128.94301540962
MULTI_BOUND_G,30,8,330,2120.5497963269263
MULTI_BOUND_G,30,8,331,2111.0366215507147
MULTI_BOUND_G,30,8,332,2119.5168998010695
MULTI_BOUND_G,30,8,333,2139.27196619822
MULTI_BOUND_G,30,8,334,2140.4787596273336
MULTI_BOUND_G,30,8,335,2140.395320070111
MULTI_BOUND_G,30,8,336,2141.7857586543028
MULTI_BOUND_G,30,8,337,2141.3427761037656
MULTI_BOUND_G,30,8,338,2140.5255281085156
MULTI_BOUND_G,30,8,339,2154.399348228345
MULTI_BOUND_G,30,8,340,2149.4662486444186
MULTI_BOUND_G,30,8,341,2146.414914295474
MULTI_BOUND_G,30,8,342,2169.068708565789
MULTI_BOUND_G,30,8,343,2181.8340736951423
MULTI_BOUND_G,30,8,344,2165.745170689578
MULTI_BOUND_G,30,8,345,2175.746480697168
MULTI_BOUND_G,30,8,346,2186.58574409116
MULTI_BOUND_G,30,8,347,2209.637915560568
MULTI_BOUND_G,30,8,348,2100.3960746065354
MULTI_BOUND_G,30,8,349,2092.111259427247
MULTI_BOUND_G,30,8,350,2095.931563130568
MULTI_BOUND_G,30,8,351,2092.3091107069313
MULTI_BOUND_G,30,8,352,2102.6772456318745
MULTI_BOUND_G,30,8,353,2116.332705215199
MULTI_BOUND_G,30,8,354,2118.4094674381486
MULTI_BOUND_G,30,8,355,2108.1979907971036
MULTI_BOUND_G,30,8,356,2123.7366084950927
MULTI_BOUND_G,30,8,357,2135.968244352802
MULTI_BOUND_G,30,8,358,2126.863105788978
MULTI_BOUND_G,30,8,359,2129.1259401064435
MULTI_BOUND_G,30,8,360,2143.2791540619382
MULTI_BOUND_G,30,8,361,2134.2511130943153
MULTI_BOUND_G,30,8,362,2142.9214218919433
MULTI_BOUND_G,30,8,363,2142.8532819896245
MULTI_BOUND_G,30,8,364,2136.286488080254
MULTI_BOUND_G,30,8,365,2158.5910498594185
MULTI_BOUND_G,30,8,366,2148.1546537600607
MULTI_BOUND_G,30,8,367,2141.121717030497
MULTI_BOUND_G,30,8,368,2172.54874094137
MULTI_BOUND_G,30,9,0,943.5617417285282
MULTI_BOUND_G,30,9,1,8817307603.648434
MULTI_BOUND_G,30,9,2,4408653780.010804
MULTI_BOUND_G,30,9,3,2204326897.461209
MULTI_BOUND_G,30,9,4,1102163428.8371246
MULTI_BOUND_G,30,9,5,551081701.9277291
MULTI_BOUND_G,30,9,6,275540857.2512432
MULTI_BOUND_G,30,9,7,137770404.06666067
MULTI_BOUND_G,30,9,8,68885194.51572698
MULTI_BOUND_G,30,9,9,34442598.915106475
MULTI_BOUND_G,30,9,10,17221300.073158897
MULTI_BOUND_G,30,9,11,8610651.78853862
MULTI_BOUND_G,30,9,12,4305340.920326023
MULTI_BOUND_G,30,9,13,2152683.1038755886
MULTI_BOUND_G,30,9,14,1076331.5248799203
MULTI_BOUND_G,30,9,15,538165.123480553
MULTI_BOUND_G,30,9,16,269104.5241381063
MULTI_BOUND_G,30,9,17,134556.49821507506
MULTI_BOUND_G,30,9,18,67282.40410830025
MULTI_BOUND_G,30,9,19,33649.376139790984
MULTI_BOUND_G,30,9,20,16840.89387254589
MULTI_BOUND_G,30,9,21,8440.197473990072
MULTI_BOUND_G,30,9,22,4250.993840887484
MULTI_BOUND_G,30,9,23,2134.634289704308
MULTI_BOUND_G,30,9,24,1075.9926162133158
MULTI_BOUND_G,30,9,25,1083.5667829928316
MULTI_BOUND_G,30,9,26,1084.696873346626
MULTI_BOUND_G,30,9,27,1094.9832233500792
MULTI_BOUND_G,30,9,28,1097.082616401749
MULTI_BOUND_G,30,9,29,1113.458254202471
MULTI_BOUND_G,30,9,30,1116.4837264082903
MULTI_BOUND_G,30,9,31,1113.4671675713757
MULTI_BOUND_G,30,9,32,1107.7340477471878
MULTI_BOUND_G,30,9,33,1112.1850449361882
MULTI_BOUND_G,30,9,34,1134.6443269283336
MULTI_BOUND_G,30,9,35,1117.160404573026
MULTI_BOUND_G,30,9,36,1139.2736300909655
MULTI_BOUND_G,30,9,37,1119.1096223450222
MULTI_BOUND_G,30,9,38,1139.564377317152
MULTI_BOUND_G,30,9,39,1121.2655387329892
MULTI_BOUND_G,30,9,40,1132.0313181981842
MULTI_BOUND_G,30,9,41,1137.9237553383396
MULTI_BOUND_G,30,9,42,1142.5926226935405
MULTI_BOUND_G,30,9,43,1155.3854573758513
MULTI_BOUND_G,30,9,44,1146.0897103020666
MULTI_BOUND_G,30,9,45,1156.2554483104673
MULTI_BOUND_G,30,9,46,1158.0642854370649
MULTI_BOUND_G,30,9,47,1173.532224475688
MULTI_BOUND_G,30,9,48,1182.8018636951883
MULTI_BOUND_G,30,9,49,1184.805496557421
MULTI_BOUND_G,30,9,50,1098.4345534455767
MULTI_BOUND_G,30,9,51,1123.779212134531
MULTI_BOUND_G,30,9,52,1124.507205642338
MULTI_BOUND_G,30,9,53,1125.9375710292297
MULTI_BOUND_G,30,9,54,1130.5832840226649
MULTI_BOUND_G,30,9,55,1125.4343762417182
MULTI_BOUND_G,30,9,56,1120.8395947120384
MULTI_BOUND_G,30,9,57,1134.6568268679075
MULTI_BOUND_G,30,9,58,1121.2831123217175
MULTI_BOUND_G,30,9,59,1141.007527874876
MULTI_BOUND_G,30,9,60,1133.0245502674761
MULTI_BOUND_G,30,9,61,1133.404263351762
MULTI_BOUND_G,30,9,62,1147.3278400902889
MULTI_BOUND_G,30,9,63,1140.9845475157445
MULTI_BOUND_G,30,9,64,1153.4238391205308
MULTI_BOUND_G,30,9,65,1139.5680161361836
MULTI_BOUND_G,30,9,66,1156.4455386224517
MULTI_BOUND_G,30,9,67,1153.9375317904064
MULTI_BOUND_G,30,9,68,1147.4499256030033
MULTI_BOUND_G,30,9,69,1174.570032931638
MULTI_BOUND_G,30,9,70,1156.309748741895
MULTI_BOUND_G,30,9,71,1194.1626831097478
MULTI_BOUND_G,30,9,72,1189.1453961253383
MULTI_BOUND_G,30,9,73,1196.1893090353547
MULTI_BOUND_G,30,9,74,1208.4618056855998
MULTI_BOUND_G,30,9,75,1220.7420229447791
MULTI_BOUND_G,30,9,76,1103.71975388778
MULTI_BOUND_G,30,9,77,1126.2576191533374
MULTI_BOUND_G,30,9,78,1125.3999483071216
MULTI_BOUND_G,30,9,79,1135.1351830048493
MULTI_BOUND_G,30,9,80,1130.3440469033567
MULTI_BOUND_G,30,9,81,1138.0493013095252
MULTI_BOUND_G,30,9,82,1143.4722180479507
MULTI_BOUND_G,30,9,83,1155.093944895695
MULTI_BOUND_G,30,9,84,1144.756758489561
MULTI_BOUND_G,30,9,85,1151.3250169078453
MULTI_BOUND_G,30,9,86,1163.0430938837007
MULTI_BOUND_G,30,9,87,1148.7528685518182
MULTI_BOUND_G,30,9,88,1157.3459107403141
MULTI_BOUND_G,30,9,89,1172.9224569888493
MULTI_BOUND_G,30,9,90,1174.6738722493797
MULTI_BOUND_G,30,9,91,1164.5001866465993
MULTI_BOUND_G,30,9,92,1169.2881553067389
MULTI_BOUND_G,30,9,93,1182.8041814370417
MULTI_BOUND_G,30,9,94,1198.2213846544098
MULTI_BOUND_G,30,9,95,1188.08619898829
MULTI_BOUND_G,30,9,96,1190.1532460508456
MULTI_BOUND_G,30,9,97,1213.709206583264
MULTI_BOUND_G,30,9,98,1202.6621767939753
MULTI_BOUND_G,30,9,99,1231.2271763583967
MULTI_BOUND_G,30,9,100,1252.4676638066053
MULTI_BOUND_G,30,9,101,1242.359516309392
MULTI_BOUND_G,30,9,102,1127.8510816469543
MULTI_BOUND_G,30,9,103,1146.8069946149535
MULTI_BOUND_G,30,9,104,1128.915495578031
MULTI_BOUND_G,30,9,105,1136.5977424676191
MULTI_BOUND_G,30,9,106,1156.1435963781087
MULTI_BOUND_G,30,9,107,1151.837532443335
MULTI_BOUND_G,30,9,108,1165.9954095586877
MULTI_BOUND_G,30,9,109,1169.5332088468226
MULTI_BOUND_G,30,9,110,1175.6547731306828
MULTI_BOUND_G,30,9,111,1179.919460886325
MULTI_BOUND_G,30,9,112,1183.980309789336
MULTI_BOUND_G,30,9,113,1183.690380824837
MULTI_BOUND_G,30,9,114,1188.3400068482158
MULTI_BOUND_G,30,9,115,1174.7460955767544
MULTI_BOUND_G,30,9,116,1184.8579975111784
MULTI_BOUND_G,30,9,117,1186.4009785489955
MULTI_BOUND_G,30,9,118,1191.072162855833
MULTI_BOUND_G,30,9,119,1188.7965313218701
MULTI_BOUND_G,30,9,120,1187.5291874253394
MULTI_BOUND_G,30,9,121,1192.3015500874753
MULTI_BOUND_G,30,9,122,1199.2478090056477
MULTI_BOUND_G,30,9,123,1213.810899955001
MULTI_BOUND_G,30,9,124,1203.557320202976
MULTI_BOUND_G,30,9,125,1233.8997985705455
MULTI_BOUND_G,30,9,126,1232.2387162254108
MULTI_BOUND_G,30,9,127,1242.8460096263937
MULTI_BOUND_G,30,9,128,1109.283568070054
MULTI_BOUND_G,30,9,129,1118.0835579027466
MULTI_BOUND_G,30,9,130,1128.5028388074452
MULTI_BOUND_G,30,9,131,1131.9029166883242
MULTI_BOUND_G,30,9,132,1147.849194515405
MULTI_BOUND_G,30,9,133,1149.8933123096467
MULTI_BOUND_G,30,9,134,1149.2276894366346
MULTI_BOUND_G,30,9,135,1154.782331047082
MULTI_BOUND_G,30,9,136,1141.908132753921
MULTI_BOUND_G,30,9,137,1145.9884662694958
MULTI_BOUND_G,30,9,138,1173.8780236413397
MULTI_BOUND_G,30,9,139,1172.5466363277073
MULTI_BOUND_G,30,9,140,1177.5227649390397
MULTI_BOUND_G,30,9,141,1165.4259176656055
MULTI_BOUND_G,30,9,142,1174.1193917291973
MULTI_BOUND_G,30,9,143,1179.5851164727867
MULTI_BOUND_G,30,9,144,1174.0475386712146
MULTI_BOUND_G,30,9,145,1179.8521654273468
MULTI_BOUND_G,30,9,146,1193.1210949951278
MULTI_BOUND_G,30,9,147,1204.0863370382294
MULTI_BOUND_G,30,9,148,1185.5308771886412
MULTI_BOUND_G,30,9,149,1193.3132268172103
MULTI_BOUND_G,30,9,150,1205.4822905890662
MULTI_BOUND_G,30,9,151,1235.6847713126035
MULTI_BOUND_G,30,9,152,1229.511892214308
MULTI_BOUND_G,30,9,153,1233.0087506775835
MULTI_BOUND_G,30,9,154,1137.8212323622438
MULTI_BOUND_G,30,9,155,1138.7953668512805
MULTI_BOUND_G,30,9,156,1141.6156634700778
MULTI_BOUND_G,30,9,157,1144.9328353958635
MULTI_BOUND_G,30,9,158,1154.3602483148557
MULTI_BOUND_G,30,9,159,1146.1207823189375
MULTI_BOUND_G,30,9,160,1164.1560406952701
MULTI_BOUND_G,30,9,161,1155.165484146329
MULTI_BOUND_G,30,9,162,1157.2772769890912
MULTI_BOUND_G,30,9,163,1163.4252694959675
MULTI_BOUND_G,30,9,164,1164.1940338329678
MULTI_BOUND_G,30,9,165,1181.6590776752728
MULTI_BOUND_G,30,9,166,1179.7444179843164
MULTI_BOUND_G,30,9,167,1172.8160560208614
MULTI_BOUND_G,30,9,168,1185.0952900054026
MULTI_BOUND_G,30,9,169,1177.3303754871658
MULTI_BOUND_G,30,9,170,1178.0650900735486
MULTI_BOUND_G,30,9,171,1204.7870218996259
MULTI_BOUND_G,30,9,172,1200.027533407187
MULTI_BOUND_G,30,9,173,1224.3536245427476
MULTI_BOUND_G,30,9,174,1208.5936128345684
MULTI_BOUND_G,30,9,175,1219.8353529563822
MULTI_BOUND_G,30,9,176,1216.8855404017806
MULTI_BOUND_G,30,9,177,1240.0526968384027
MULTI_BOUND_G,30,9,178,1252.6667685195512
MULTI_BOUND_G,30,9,179,1266.0594984714826
MULTI_BOUND_G,30,9,180,1162.5394315235676
MULTI_BOUND_G,30,9,181,1157.2625552935106
MULTI_BOUND_G,30,9,182,1169.6189688133131
MULTI_BOUND_G,30,9,183,1186.7851356526294
MULTI_BOUND_G,30,9,184,1185.4334199369105
MULTI_BOUND_G,30,9,185,1181.6910942348052
MULTI_BOUND_G,30,9,186,1192.9051600110342
MULTI_BOUND_G,30,9,187,1196.5591566402222
MULTI_BOUND_G,30,9,188,1202.059055733022
MULTI_BOUND_G,30,9,189,1200.5583218485463
MULTI_BOUND_G,30,9,190,1201.2160358898223
MULTI_BOUND_G,30,9,191,1213.0232794547117
MULTI_BOUND_G,30,9,192,1209.9986677560637
MULTI_BOUND_G,30,9,193,1194.1682596559087
MULTI_BOUND_G,30,9,194,1205.1300584606486
MULTI_BOUND_G,30,9,195,1209.6966974071256
MULTI_BOUND_G,30,9,196,1203.5772266879428
MULTI_BOUND_G,30,9,197,1213.0205975294775
MULTI_BOUND_G,30,9,198,1221.290068640721
MULTI_BOUND_G,30,9,199,1219.1170185366427
MULTI_BOUND_G,30,9,200,1241.5029142922072
MULTI_BOUND_G,30,9,201,1241.0660360234128
MULTI_BOUND_G,30,9,202,1245.5541450964288
MULTI_BOUND_G,30,9,203,1262.4588613643532
MULTI_BOUND_G,30,9,204,1269.143867637942
MULTI_BOUND_G,30,9,205,1280.7186464032204
MULTI_BOUND_G,30,9,206,1146.7427763201044
MULTI_BOUND_G,30,9,207,1165.2723653688759
MULTI_BOUND_G,30,9,208,1169.0699550075897
MULTI_BOUND_G,30,9,209,1164.7248653810466
MULTI_BOUND_G,30,9,210,1173.2322646407113
MULTI_BOUND_G,30,9,211,1176.5411992020909
MULTI_BOUND_G,30,9,212,1184.916968957465
MULTI_BOUND_G,30,9,213,1189.6353860208044
MULTI_BOUND_G,30,9,214,1184.376439956146
MULTI_BOUND_G,30,9,215,1187.7926458932398
MULTI_BOUND_G,30,9,216,1196.853584868138
MULTI_BOUND_G,30,9,217,1193.1646548781396
MULTI_BOUND_G,30,9,218,1199.8257761820566
MULTI_BOUND_G,30,9,219,1213.3581882495455
MULTI_BOUND_G,30,9,220,1195.9360023717386
MULTI_BOUND_G,30,9,221,1211.5653394691599
MULTI_BOUND_G,30,9,222,1208.8876516116284
MULTI_BOUND_G,30,9,223,1235.757546717819
MULTI_BOUND_G,30,9,224,1229.1762105924745
MULTI_BOUND_G,30,9,225,1252.1913593533404
MULTI_BOUND_G,30,9,226,1240.5650214284547
MULTI_BOUND_G,30,9,227,1251.0233622301164
MULTI_BOUND_G,30,9,228,1247.5962661039455
MULTI_BOUND_G,30,9,229,1264.5821053119207
MULTI_BOUND_G,30,9,230,1279.8903194477743
MULTI_BOUND_G,30,9,231,1296.4127172265712
MULTI_BOUND_G,30,9,232,1164.709316135006
MULTI_BOUND_G,30,9,233,1178.2514491742827
MULTI_BOUND_G,30,9,234,1199.8590169869722
MULTI_BOUND_G,30,9,235,1202.7293409207887
MULTI_BOUND_G,30,9,236,1193.7575441257632
MULTI_BOUND_G,30,9,237,1199.10726241389
MULTI_BOUND_G,30,9,238,1201.7092516118444
MULTI_BOUND_G,30,9,239,1206.756248063315
MULTI_BOUND_G,30,9,240,1199.0767307033668
MULTI_BOUND_G,30,9,241,1203.856612307585
MULTI_BOUND_G,30,9,242,1208.0337292836498
MULTI_BOUND_G,30,9,243,1210.5886262913623
MULTI_BOUND_G,30,9,244,1204.9729579673103
MULTI_BOUND_G,30,9,245,1223.7307000454348
MULTI_BOUND_G,30,9,246,1215.2358660888008
MULTI_BOUND_G,30,9,247,1232.8257782570745
MULTI_BOUND_G,30,9,248,1230.7703387754727
MULTI_BOUND_G,30,9,249,1247.478081793391
MULTI_BOUND_G,30,9,250,1238.1973638601926
MULTI_BOUND_G,30,9,251,1232.2962734863086
MULTI_BOUND_G,30,9,252,1231.4446721162228
MULTI_BOUND_G,30,9,253,1278.112472097881
MULTI_BOUND_G,30,9,254,1269.5294800230304
MULTI_BOUND_G,30,9,255,1268.390372137675
MULTI_BOUND_G,30,9,256,1285.028350219428
MULTI_BOUND_G,30,9,257,1297.7330415687043
MULTI_BOUND_G,30,9,258,1165.99475870266
MULTI_BOUND_G,30,9,259,1158.2374691840096
MULTI_BOUND_G,30,9,260,1167.1077843150201
MULTI_BOUND_G,30,9,261,1175.4259236972764
MULTI_BOUND_G,30,9,262,1172.0574969249778
MULTI_BOUND_G,30,9,263,1168.1760675644268
MULTI_BOUND_G,30,9,264,1185.4685500061041
MULTI_BOUND_G,30,9,265,1195.2141709702144
MULTI_BOUND_G,30,9,266,1199.668532735301
MULTI_BOUND_G,30,9,267,1182.2078829380323
MULTI_BOUND_G,30,9,268,1200.4887167392903
MULTI_BOUND_G,30,9,269,1199.8873568475142
MULTI_BOUND_G,30,9,270,1198.6526429831113
MULTI_BOUND_G,30,9,271,1199.070104521696
MULTI_BOUND_G,30,9,272,1202.7647506643648
MULTI_BOUND_G,30,9,273,1198.5196615466275
MULTI_BOUND_G,30,9,274,1220.4332192133502
MULTI_BOUND_G,30,9,275,1227.9838424289355
MULTI_BOUND_G,30,9,276,1223.046447105681
MULTI_BOUND_G,30,9,277,1241.1498807631356
MULTI_BOUND_G,30,9,278,1235.2895014107676
MULTI_BOUND_G,30,9,279,1250.4224939384933
MULTI_BOUND_G,30,9,280,1250.7163647297152
MULTI_BOUND_G,30,9,281,1256.8540364065857
MULTI_BOUND_G,30,9,282,1271.100221988214
MULTI_BOUND_G,30,9,283,1263.2123111352537
MULTI_BOUND_G,30,9,284,1171.504447120856
MULTI_BOUND_G,30,9,285,1175.9207201643942
MULTI_BOUND_G,30,9,286,1202.5660602952025
MULTI_BOUND_G,30,9,287,1202.788262511679
MULTI_BOUND_G,30,9,288,1205.9434653588446
MULTI_BOUND_G,30,9,289,1211.7870235715955
MULTI_BOUND_G,30,9,290,1198.8934178316943
MULTI_BOUND_G,30,9,291,1197.6923330596928
MULTI_BOUND_G,30,9,292,1215.2657014022311
MULTI_BOUND_G,30,9,293,1208.3351851130178
MULTI_BOUND_G,30,9,294,1217.5662117520037
MULTI_BOUND_G,30,9,295,1214.6048277164798
MULTI_BOUND_G,30,9,296,1226.6508003154781
MULTI_BOUND_G,30,9,297,1219.310493072907
MULTI_BOUND_G,30,9,298,1222.7407609880784
MULTI_BOUND_G,30,9,299,1218.5868070903941
MULTI_BOUND_G,30,9,300,1231.380789092559
MULTI_BOUND_G,30,9,301,1235.8603581164193
MULTI_BOUND_G,30,9,302,1223.956523784104
MULTI_BOUND_G,30,9,303,1254.6188630598663
MULTI_BOUND_G,30,9,304,1235.0867245176005
MULTI_BOUND_G,30,9,305,1270.6475239605425
MULTI_BOUND_G,30,9,306,1266.5389510882337
MULTI_BOUND_G,30,9,307,1276.0359796349585
MULTI_BOUND_G,30,9,308,1286.8374258440158
MULTI_BOUND_G,30,9,309,1298.9473879044406
MULTI_BOUND_G,30,9,310,1185.071392902448
MULTI_BOUND_G,30,9,311,1184.3316715446927
MULTI_BOUND_G,30,9,312,1212.9641676921556
MULTI_BOUND_G,30,9,313,1212.284127507263
MULTI_BOUND_G,30,9,314,1199.737559743241
MULTI_BOUND_G,30,9,315,1217.8827560569716
MULTI_BOUND_G,30,9,316,1208.3124135655546
MULTI_BOUND_G,30,9,317,1225.1472770274902
MULTI_BOUND_G,30,9,318,1227.889071590746
MULTI_BOUND_G,30,9,319,1222.4361960233991
MULTI_BOUND_G,30,9,320,1238.1094165790673
MULTI_BOUND_G,30,9,321,1228.1176221171297
MULTI_BOUND_G,30,9,322,1229.8568560643212
MULTI_BOUND_G,30,9,323,1238.1974985421984
MULTI_BOUND_G,30,9,324,1228.8900178095255
MULTI_BOUND_G,30,9,325,1224.5634180591044
MULTI_BOUND_G,30,9,326,1229.3943962266715
MULTI_BOUND_G,30,9,327,1236.2271829438437
MULTI_BOUND_G,30,9,328,1247.012819878431
MULTI_BOUND_G,30,9,329,1245.406447557129
MULTI_BOUND_G,30,9,330,1266.5478699136663
MULTI_BOUND_G,30,9,331,1271.4629282007627
MULTI_BOUND_G,30,9,332,1273.8631853394481
MULTI_BOUND_G,30,9,333,1287.7263861763636
MULTI_BOUND_G,30,9,334,1296.2492264962398
MULTI_BOUND_G,30,9,335,1308.0369057388318
MULTI_BOUND_G,30,9,336,1161.975912357378
MULTI_BOUND_G,30,9,337,1169.6813417506055
MULTI_BOUND_G,30,9,338,1172.097861210052
MULTI_BOUND_G,30,9,339,1183.3405096925444
MULTI_BOUND_G,30,9,340,1187.7748709117063
MULTI_BOUND_G,30,9,341,1190.1669982360854
MULTI_BOUND_G,30,9,342,1206.2647743707098
MULTI_BOUND_G,30,9,343,1205.9624709338816
MULTI_BOUND_G,30,9,344,1191.5912658913983
MULTI_BOUND_G,30,9,345,1194.5434151634781
MULTI_BOUND_G,30,9,346,1197.843547370013
MULTI_BOUND_G,30,9,347,1209.83191699062
MULTI_BOUND_G,30,9,348,1201.9381123501926
MULTI_BOUND_G,30,9,349,1223.5652926632486
MULTI_BOUND_G,30,9,350,1225.3364198444688
MULTI_BOUND_G,30,9,351,1218.9730046316477
MULTI_BOUND_G,30,9,352,1225.7615675171287
MULTI_BOUND_G,30,9,353,1239.7441090869156
MULTI_BOUND_G,30,9,354,1234.36702293315
MULTI_BOUND_G,30,9,355,1238.918825892118
MULTI_BOUND_G,30,9,356,1253.860035024606
MULTI_BOUND_G,50,0,0,1632.370634757965
MULTI_BOUND_G,50,0,1,9553931387556808.0
MULTI_BOUND_G,50,0,2,4776965693778386.0
MULTI_BOUND_G,50,0,3,2388482846889181.5
MULTI_BOUND_G,50,0,4,1194241423444562.2
MULTI_BOUND_G,50,0,5,597120711722277.9
MULTI_BOUND_G,50,0,6,298560355861123.25
MULTI_BOUND_G,50,0,7,149280177930556.84
MULTI_BOUND_G,50,0,8,74640088965261.03
MULTI_BOUND_G,50,0,9,37320044482640.63
MULTI_BOUND_G,50,0,10,18660022241310.258
MULTI_BOUND_G,50,0,11,9330011120665.064
MULTI_BOUND_G,50,0,12,4665005560321.447
MULTI_BOUND_G,50,0,13,2332502780166.6807
MULTI_BOUND_G,50,0,14,1166251390092.7466
MULTI_BOUND_G,50,0,15,583125695058.2817
MULTI_BOUND_G,50,0,16,291562847541.92065
MULTI_BOUND_G,50,0,17,145781423761.26324
MULTI_BOUND_G,50,0,18,72890711891.12318
MULTI_BOUND_G,50,0,19,36445355955.730316
MULTI_BOUND_G,50,0,20,18222678002.48237
MULTI_BOUND_G,50,0,21,9111338992.105774
MULTI_BOUND_G,50,0,22,4555669506.384123
MULTI_BOUND_G,50,0,23,2277834754.3961706
MULTI_BOUND_G,50,0,24,1138917399.515801
MULTI_BOUND_G,50,0,25,569458716.7254686
MULTI_BOUND_G,50,0,26,284729378.5640502
MULTI_BOUND_G,50,0,27,142364690.72530735
MULTI_BOUND_G,50,0,28,71182356.61702368
MULTI_BOUND_G,50,0,29,35591186.22152413
MULTI_BOUND_G,50,0,30,17795621.09949366
MULTI_BOUND_G,50,0,31,8897821.307186825
MULTI_BOUND_G,50,0,32,4448926.681911739
MULTI_BOUND_G,50,0,33,2224487.9745437894
MULTI_BOUND_G,50,0,34,1112254.0686385394
MULTI_BOUND_G,50,0,35,556158.3357893887
MULTI_BOUND_G,50,0,36,278097.54842961626
MULTI_BOUND_G,50,0,37,139061.9080887358
MULTI_BOUND_G,50,0,38,69551.85801361238
MULTI_BOUND_G,50,0,39,34799.4635310961
MULTI_BOUND_G,50,0,40,17403.0294112806
MULTI_BOUND_G,50,0,41,8735.623148622526
MULTI_BOUND_G,50,0,42,4397.526483020945
MULTI_BOUND_G,50,0,43,2227.646300306711
MULTI_BOUND_G,50,0,44,2232.1815802269093
MULTI_BOUND_G,50,0,45,2219.360410089026
MULTI_BOUND_G,50,0,46,2210.2481265361357
MULTI_BOUND_G,50,0,47,2224.043087392753
MULTI_BOUND_G,50,0,48,2232.8583239081563
MULTI_BOUND_G,50,0,49,2227.7643763146502
MULTI_BOUND_G,50,0,50,2239.611702483443
MULTI_BOUND_G,50,0,51,2241.0096138880735
MULTI_BOUND_G,50,0,52,2233.851279039248
MULTI_BOUND_G,50,0,53,2242.4700681580775
MULTI_BOUND_G,50,0,54,2237.0704268478185
MULTI_BOUND_G,50,0,55,2232.7500439637615
MULTI_BOUND_G,50,0,56,2237.26008106193
MULTI_BOUND_G,50,0,57,2237.7681568006547
MULTI_BOUND_G,50,0,58,2249.647468288386
MULTI_BOUND_G,50,0,59,2232.582720246032
MULTI_BOUND_G,50,0,60,2252.686420080685
MULTI_BOUND_G,50,0,61,2247.2111843364128
MULTI_BOUND_G,50,0,62,2263.0401596818374
MULTI_BOUND_G,50,0,63,2256.232098090568
MULTI_BOUND_G,50,0,64,2255.1831936076824
MULTI_BOUND_G,50,0,65,2266.830356263209
MULTI_BOUND_G,50,0,66,2259.5237773662225
MULTI_BOUND_G,50,0,67,2257.483139918092
MULTI_BOUND_G,50,0,68,2260.9489229305327
MULTI_BOUND_G,50,0,69,2250.3609939159287
MULTI_BOUND_G,50,0,70,2268.7262101024817
MULTI_BOUND_G,50,0,71,2274.398686685975
MULTI_BOUND_G,50,0,72,2251.6821293987396
MULTI_BOUND_G,50,0,73,2259.561972848478
MULTI_BOUND_G,50,0,74,2273.8848772443116
MULTI_BOUND_G,50,0,75,2252.491156312806
MULTI_BOUND_G,50,0,76,2265.7352534032934
MULTI_BOUND_G,50,0,77,2273.0087196287313
MULTI_BOUND_G,50,0,78,2285.969614837073
MULTI_BOUND_G,50,0,79,2256.6115143201982
MULTI_BOUND_G,50,0,80,2281.0789166667037
MULTI_BOUND_G,50,0,81,2286.1613647137547
MULTI_BOUND_G,50,0,82,2290.9463085627076
MULTI_BOUND_G,50,0,83,2308.7257475503575
MULTI_BOUND_G,50,0,84,2308.0076318588167
MULTI_BOUND_G,50,0,85,2293.512699642051
MULTI_BOUND_G,50,0,86,2320.863515503943
MULTI_BOUND_G,50,0,87,2309.4657339274677
MULTI_BOUND_G,50,0,88,2245.334556288317
MULTI_BOUND_G,50,0,89,2235.3341313707856
MULTI_BOUND_G,50,0,90,2258.110446876426
MULTI_BOUND_G,50,0,91,2264.6890107608106
MULTI_BOUND_G,50,0,92,2256.003029533127
MULTI_BOUND_G,50,0,93,2263.151605965441
MULTI_BOUND_G,50,0,94,2262.9531582356385
MULTI_BOUND_G,50,0,95,2267.3017099339713
MULTI_BOUND_G,50,0,96,2268.938196981443
MULTI_BOUND_G,50,0,97,2260.2886871851633
MULTI_BOUND_G,50,0,98,2278.727889677245
MULTI_BOUND_G,50,0,99,2269.196406990299
MULTI_BOUND_G,50,0,100,2262.5185848364163
MULTI_BOUND_G,50,0,101,2269.3379861751573
MULTI_BOUND_G,50,0,102,2276.0582777416994
MULTI_BOUND_G,50,0,103,2261.912425274728
MULTI_BOUND_G,50,0,104,2289.175761470242
MULTI_BOUND_G,50,0,105,2277.654506265126
MULTI_BOUND_G,50,0,106,2271.4320908886493
MULTI_BOUND_G,50,0,107,2273.3987668261493
MULTI_BOUND_G,50,0,108,2274.7575371212997
MULTI_BOUND_G,50,0,109,2290.6598841496507
MULTI_BOUND_G,50,0,110,2289.5011046369973
MULTI_BOUND_G,50,0,111,2299.2356385397184
MULTI_BOUND_G,50,0,112,2281.226888663534
MULTI_BOUND_G,50,0,113,2303.6873497105735
MULTI_BOUND_G,50,0,114,2277.6383974707146
MULTI_BOUND_G,50,0,115,2293.2084068694335
MULTI_BOUND_G,50,0,116,2289.2187612313146
MULTI_BOUND_G,50,0,117,2291.7164207396186
MULTI_BOUND_G,50,0,118,2303.3973873547557
MULTI_BOUND_G,50,0,119,2320.415076094868
MULTI_BOUND_G,50,0,120,2311.5505738865904
MULTI_BOUND_G,50,0,121,2306.6944212244157
MULTI_BOUND_G,50,0,122,2327.267660080901
MULTI_BOUND_G,50,0,123,2313.5639198700615
MULTI_BOUND_G,50,0,124,2331.2114702674608
MULTI_BOUND_G,50,0,125,2336.7305720722816
MULTI_BOUND_G,50,0,126,2331.561680891252
MULTI_BOUND_G,50,0,127,2320.453259365734
MULTI_BOUND_G,50,0,128,2346.9331909265675
MULTI_BOUND_G,50,0,129,2324.9468270555335
MULTI_BOUND_G,50,0,130,2338.631242248747
MULTI_BOUND_G,50,0,131,2341.2821372681865
MULTI_BOUND_G,50,0,132,2366.6806801551747
MULTI_BOUND_G,50,0,133,2243.5943328120056
MULTI_BOUND_G,50,0,134,2240.6460964747866
MULTI_BOUND_G,50,0,135,2267.9097686155774
MULTI_BOUND_G,50,0,136,2265.663049865121
MULTI_BOUND_G,50,0,137,2263.213201004726
MULTI_BOUND_G,50,0,138,2265.7731335103717
MULTI_BOUND_G,50,0,139,2266.167878183778
MULTI_BOUND_G,50,0,140,2267.1058622120995
MULTI_BOUND_G,50,0,141,2264.7386346367666
MULTI_BOUND_G,50,0,142,2258.9880949228263
MULTI_BOUND_G,50,0,143,2268.0554116884405
MULTI_BOUND_G,50,0,144,2273.4096045380825
MULTI_BOUND_G,50,0,145,2264.286470333862
MULTI_BOUND_G,50,0,146,2270.068060348921
MULTI_BOUND_G,50,0,147,2272.6791759996327
MULTI_BOUND_G,50,0,148,2268.81691581445
MULTI_BOUND_G,50,0,149,2273.7745702783013
MULTI_BOUND_G,50,0,150,2284.1571558280793
MULTI_BOUND_G,50,0,151,2289.835011734499
MULTI_BOUND_G,50,0,152,2298.682524643098
MULTI_BOUND_G,50,0,153,2293.294815330114
MULTI_BOUND_G,50,0,154,2286.8940856443814
MULTI_BOUND_G,50,0,155,2277.9933326742675
MULTI_BOUND_G,50,0,156,2294.9607607127828
MULTI_BOUND_G,50,0,157,2280.907141764864
MULTI_BOUND_G,50,0,158,2310.448377314972
MULTI_BOUND_G,50,0,159,2314.8814832542366
MULTI_BOUND_G,50,0,160,2290.577308877845
MULTI_BOUND_G,50,0,161,2292.7839380499117
MULTI_BOUND_G,50,0,162,2302.465344689651
MULTI_BOUND_G,50,0,163,2300.903894953488
MULTI_BOUND_G,50,0,164,2310.239903030286
MULTI_BOUND_G,50,0,165,2306.9380524264902
MULTI_BOUND_G,50,0,166,2325.079449974276
MULTI_BOUND_G,50,0,167,2313.486743793225
MULTI_BOUND_G,50,0,168,2336.722947908598
MULTI_BOUND_G,50,0,169,2334.961248393349
MULTI_BOUND_G,50,0,170,2337.127767716557
MULTI_BOUND_G,50,0,171,2323.349785216463
MULTI_BOUND_G,50,0,172,2338.5752687656513
MULTI_BOUND_G,50,0,173,2349.5134812332426
MULTI_BOUND_G,50,0,174,2327.7998314136657
MULTI_BOUND_G,50,0,175,2340.821445028596
MULTI_BOUND_G,50,0,176,2345.245486895771
MULTI_BOUND_G,50,0,177,2372.501907777882
MULTI_BOUND_G,50,0,178,2227.9886141289276
MULTI_BOUND_G,50,0,179,2246.159261672651
MULTI_BOUND_G,50,0,180,2252.6203832935953
MULTI_BOUND_G,50,0,181,2244.015566994758
MULTI_BOUND_G,50,0,182,2279.4317157444766
MULTI_BOUND_G,50,0,183,2277.336681608053
MULTI_BOUND_G,50,0,184,2275.759392309601
MULTI_BOUND_G,50,0,185,2279.1995040830916
MULTI_BOUND_G,50,0,186,2270.3887979909873
MULTI_BOUND_G,50,0,187,2292.9906771371243
MULTI_BOUND_G,50,0,188,2270.680100015376
MULTI_BOUND_G,50,0,189,2285.768039356616
MULTI_BOUND_G,50,0,190,2285.8730707391946
MULTI_BOUND_G,50,0,191,2296.6377678602557
MULTI_BOUND_G,50,0,192,2289.129115496062
MULTI_BOUND_G,50,0,193,2299.329465303813
MULTI_BOUND_G,50,0,194,2286.112972174782
MULTI_BOUND_G,50,0,195,2287.884984934947
MULTI_BOUND_G,50,0,196,2300.556829493441
MULTI_BOUND_G,50,0,197,2312.7336511301546
MULTI_BOUND_G,50,0,198,2305.2882233450337
MULTI_BOUND_G,50,0,199,2288.759599630688
MULTI_BOUND_G,50,0,200,2314.660288935668
MULTI_BOUND_G,50,0,201,2314.6707626017624
MULTI_BOUND_G,50,0,202,2300.090671932816
MULTI_BOUND_G,50,0,203,2305.63195727698
MULTI_BOUND_G,50,0,204,2308.695874002802
MULTI_BOUND_G,50,0,205,2304.7547515980214
MULTI_BOUND_G,50,0,206,2317.1873537280044
MULTI_BOUND_G,50,0,207,2313.2600527211557
MULTI_BOUND_G,50,0,208,2325.7714633073056
MULTI_BOUND_G,50,0,209,2306.7254170809
MULTI_BOUND_G,50,0,210,2318.598594027977
MULTI_BOUND_G,50,0,211,2321.60563006491
MULTI_BOUND_G,50,0,212,2315.9830787598903
MULTI_BOUND_G,50,0,213,2326.1837159438624
MULTI_BOUND_G,50,0,214,2328.4248130730257
MULTI_BOUND_G,50,0,215,2338.598853628957
MULTI_BOUND_G,50,0,216,2324.4760272444883
MULTI_BOUND_G,50,0,217,2331.9262441616015
MULTI_BOUND_G,50,0,218,2326.278317144076
MULTI_BOUND_G,50,0,219,2350.7613228385007
MULTI_BOUND_G,50,0,220,2363.264803730761
MULTI_BOUND_G,50,0,221,2348.515586379931
MULTI_BOUND_G,50,0,222,2360.4924766674017
MULTI_BOUND_G,50,0,223,2257.822467092763
MULTI_BOUND_G,50,0,224,2274.3254312723648
MULTI_BOUND_G,50,0,225,2259.1369692438625
MULTI_BOUND_G,50,0,226,2270.8065926699956
MULTI_BOUND_G,50,0,227,2271.4884355226513
MULTI_BOUND_G,50,0,228,2280.1641782064626
MULTI_BOUND_G,50,0,229,2276.4394644944864
MULTI_BOUND_G,50,0,230,2277.6832806243715
MULTI_BOUND_G,50,0,231,2286.621702619961
MULTI_BOUND_G,50,1,0,1667.876722668772
MULTI_BOUND_G,50,1,1,5942926529095068.0
MULTI_BOUND_G,50,1,2,2971463264547514.5
MULTI_BOUND_G,50,1,3,1485731632273741.5
MULTI_BOUND_G,50,1,4,742865816136859.2
MULTI_BOUND_G,50,1,5,371432908068402.06
MULTI_BOUND_G,50,1,6,185716454034187.06
MULTI_BOUND_G,50,1,7,92858227017093.62
MULTI_BOUND_G,50,1,8,46429113508530.5
MULTI_BOUND_G,50,1,9,23214556754280.58
MULTI_BOUND_G,50,1,10,11607278377127.648
MULTI_BOUND_G,50,1,11,5803639188564.831
MULTI_BOUND_G,50,1,12,2901819594280.2285
MULTI_BOUND_G,50,1,13,1450909797149.0767
MULTI_BOUND_G,50,1,14,725454898598.7627
MULTI_BOUND_G,50,1,15,362727449289.96063
MULTI_BOUND_G,50,1,16,181363724641.48627
MULTI_BOUND_G,50,1,17,90681862342.30191
MULTI_BOUND_G,50,1,18,45340931169.578476
MULTI_BOUND_G,50,1,19,22670465599.095535
MULTI_BOUND_G,50,1,20,11335232803.97508
MULTI_BOUND_G,50,1,21,5667616403.376708
MULTI_BOUND_G,50,1,22,2833808217.656242
MULTI_BOUND_G,50,1,23,1416904112.8135223
MULTI_BOUND_G,50,1,24,708452090.6689303
MULTI_BOUND_G,50,1,25,354226049.7851571
MULTI_BOUND_G,50,1,26,177113032.7642214
MULTI_BOUND_G,50,1,27,88556544.45601478
MULTI_BOUND_G,50,1,28,44278280.69811937
MULTI_BOUND_G,50,1,29,22139153.628293697
MULTI_BOUND_G,50,1,30,11069582.71142507
MULTI_BOUND_G,50,1,31,5534797.803145642
MULTI_BOUND_G,50,1,32,2767413.7401086767
MULTI_BOUND_G,50,1,33,1383727.5760624176
MULTI_BOUND_G,50,1,34,691885.9440871112
MULTI_BOUND_G,50,1,35,345954.4058457576
MULTI_BOUND_G,50,1,36,172997.05628394923
MULTI_BOUND_G,50,1,37,86523.40940140955
MULTI_BOUND_G,50,1,38,43286.9156527789
MULTI_BOUND_G,50,1,39,21656.298295831755
MULTI_BOUND_G,50,1,40,10855.246357779964
MULTI_BOUND_G,50,1,41,5445.043341390788
MULTI_BOUND_G,50,1,42,2741.047004277851
MULTI_BOUND_G,50,1,43,2747.436294227845
MULTI_BOUND_G,50,1,44,2748.7465920188724
MULTI_BOUND_G,50,1,45,2744.386489653909
MULTI_BOUND_G,50,1,46,2766.975471952892
MULTI_BOUND_G,50,1,47,2763.1699532160287
MULTI_BOUND_G,50,1,48,2759.3056535591813
MULTI_BOUND_G,50,1,49,2765.572940065489
MULTI_BOUND_G,50,1,50,2772.1938044873577
MULTI_BOUND_G,50,1,51,2770.983760246764
MULTI_BOUND_G,50,1,52,2761.881405821986
MULTI_BOUND_G,50,1,53,2759.0841118988974
MULTI_BOUND_G,50,1,54,2761.6911442315404
MULTI_BOUND_G,50,1,55,2781.473533795176
MULTI_BOUND_G,50,1,56,2769.1456766633337
MULTI_BOUND_G,50,1,57,2772.570188461389
MULTI_BOUND_G,50,1,58,2769.482968482579
MULTI_BOUND_G,50,1,59,2773.29589747879
MULTI_BOUND_G,50,1,60,2784.1080203072793
MULTI_BOUND_G,50,1,61,2781.8640685175706
MULTI_BOUND_G,50,1,62,2780.8732565023
MULTI_BOUND_G,50,1,63,2781.2240290420746
MULTI_BOUND_G,50,1,64,2787.129838359428
MULTI_BOUND_G,50,1,65,2785.0420289815074
MULTI_BOUND_G,50,1,66,2775.247434119655
MULTI_BOUND_G,50,1,67,2785.415235020585
MULTI_BOUND_G,50,1,68,2787.8772275862602
MULTI_BOUND_G,50,1,69,2786.507255678582
MULTI_BOUND_G,50,1,70,2796.5830769834356
MULTI_BOUND_G,50,1,71,2799.239859420286
MULTI_BOUND_G,50,1,72,2798.0854523209646
MULTI_BOUND_G,50,1,73,2785.858489538403
MULTI_BOUND_G,50,1,74,2809.9329762715465
MULTI_BOUND_G,50,1,75,2793.7358498095
MULTI_BOUND_G,50,1,76,2801.030692651977
MULTI_BOUND_G,50,1,77,2806.5625590817226
MULTI_BOUND_G,50,1,78,2805.969213223188
MULTI_BOUND_G,50,1,79,2801.6242956614733
MULTI_BOUND_G,50,1,80,2809.615905165844
MULTI_BOUND_G,50,1,81,2812.261947367648
MULTI_BOUND_G,50,1,82,2819.3227193967396
MULTI_BOUND_G,50,1,83,2826.5846155049076
MULTI_BOUND_G,50,1,84,2861.9343723222373
MULTI_BOUND_G,50,1,85,2866.2770853869924
MULTI_BOUND_G,50,1,86,2741.062083736282
MULTI_BOUND_G,50,1,87,2741.631081933251
MULTI_BOUND_G,50,1,88,2746.5651307798967
MULTI_BOUND_G,50,1,89,2755.733217654971
MULTI_BOUND_G,50,1,90,2762.182626359372
MULTI_BOUND_G,50,1,91,2766.2038405697613
MULTI_BOUND_G,50,1,92,2772.788505482896
MULTI_BOUND_G,50,1,93,2766.832377117681
MULTI_BOUND_G,50,1,94,2783.8836638982166
MULTI_BOUND_G,50,1,95,2780.309989942765
MULTI_BOUND_G,50,1,96,2774.032907337215
MULTI_BOUND_G,50,1,97,2765.20335721669
MULTI_BOUND_G,50,1,98,2771.054071390372
MULTI_BOUND_G,50,1,99,2773.7545084881694
MULTI_BOUND_G,50,1,100,2773.9328394336853
MULTI_BOUND_G,50,1,101,2771.705397169282
MULTI_BOUND_G,50,1,102,2778.2961439450455
MULTI_BOUND_G,50,1,103,2793.6014667279187
MULTI_BOUND_G,50,1,104,2780.5496451369145
MULTI_BOUND_G,50,1,105,2787.9596986401702
MULTI_BOUND_G,50,1,106,2783.670966573849
MULTI_BOUND_G,50,1,107,2793.8661531629314
MULTI_BOUND_G,50,1,108,2787.3558759735015
MULTI_BOUND_G,50,1,109,2803.418592263857
MULTI_BOUND_G,50,1,110,2808.8496839065574
MULTI_BOUND_G,50,1,111,2805.2215738495815
MULTI_BOUND_G,50,1,112,2802.7552147267156
MULTI_BOUND_G,50,1,113,2805.904601964109
MULTI_BOUND_G,50,1,114,2797.1856765187904
MULTI_BOUND_G,50,1,115,2803.787191012858
MULTI_BOUND_G,50,1,116,2813.3169418163225
MULTI_BOUND_G,50,1,117,2824.241703586533
MULTI_BOUND_G,50,1,118,2819.425151009593
MULTI_BOUND_G,50,1,119,2813.9127220612027
MULTI_BOUND_G,50,1,120,2824.572149210007
MULTI_BOUND_G,50,1,121,2835.244260352999
MULTI_BOUND_G,50,1,122,2818.9203432001377
MULTI_BOUND_G,50,1,123,2838.562039102375
MULTI_BOUND_G,50,1,124,2843.6513383208676
MULTI_BOUND_G,50,1,125,2846.4423406504093
MULTI_BOUND_G,50,1,126,2850.043383637854
MULTI_BOUND_G,50,1,127,2854.5645903996874
MULTI_BOUND_G,50,1,128,2851.434525960135
MULTI_BOUND_G,50,1,129,2874.312358597066
MULTI_BOUND_G,50,1,130,2743.494995971001
MULTI_BOUND_G,50,1,131,2750.9395441138295
MULTI_BOUND_G,50,1,132,2748.2141121539253
MULTI_BOUND_G,50,1,133,2766.058868079194
MULTI_BOUND_G,50,1,134,2751.330188794254
MULTI_BOUND_G,50,1,135,2764.7183380758843
MULTI_BOUND_G,50,1,136,2761.9513912270463
MULTI_BOUND_G,50,1,137,2765.9055099787133
MULTI_BOUND_G,50,1,138,2772.738934027502
MULTI_BOUND_G,50,1,139,2771.9498540902828
MULTI_BOUND_G,50,1,140,2789.2410371114365
MULTI_BOUND_G,50,1,141,2778.8428066052165
MULTI_BOUND_G,50,1,142,2770.798245521829
MULTI_BOUND_G,50,1,143,2778.344072977139
MULTI_BOUND_G,50,1,144,2785.137045559186
MULTI_BOUND_G,50,1,145,2778.5263082556075
MULTI_BOUND_G,50,1,146,2779.499558314952
MULTI_BOUND_G,50,1,147,2782.2587636621483
MULTI_BOUND_G,50,1,148,2782.222169228973
MULTI_BOUND_G,50,1,149,2775.4591594849608
MULTI_BOUND_G,50,1,150,2797.4974547821002
MULTI_BOUND_G,50,1,151,2797.470961232833
MULTI_BOUND_G,50,1,152,2799.414790507175
MULTI_BOUND_G,50,1,153,2782.880169519146
MULTI_BOUND_G,50,1,154,2800.0746106694487
MULTI_BOUND_G,50,1,155,2792.0696191794186
MULTI_BOUND_G,50,1,156,2809.6466165460133
MULTI_BOUND_G,50,1,157,2798.3583005143482
MULTI_BOUND_G,50,1,158,2803.6120631523586
MULTI_BOUND_G,50,1,159,2809.9635044520214
MULTI_BOUND_G,50,1,160,2803.199571668588
MULTI_BOUND_G,50,1,161,2802.35195007261
MULTI_BOUND_G,50,1,162,2813.823441307757
MULTI_BOUND_G,50,1,163,2801.2970520665294
MULTI_BOUND_G,50,1,164,2821.273850988577
MULTI_BOUND_G,50,1,165,2819.4611831459074
MULTI_BOUND_G,50,1,166,2823.3066530503384
MULTI_BOUND_G,50,1,167,2821.1280871519193
MULTI_BOUND_G,50,1,168,2819.843653870923
MULTI_BOUND_G,50,1,169,2839.4894114059753
MULTI_BOUND_G,50,1,170,2833.514571990031
MULTI_BOUND_G,50,1,171,2829.710345664569
MULTI_BOUND_G,50,1,172,2871.246546070748
MULTI_BOUND_G,50,1,173,2884.901253740647
MULTI_BOUND_G,50,1,174,2754.8044566039475
MULTI_BOUND_G,50,1,175,2766.0232326246323
MULTI_BOUND_G,50,1,176,2756.667880937503
MULTI_BOUND_G,50,1,177,2766.190648344904
MULTI_BOUND_G,50,1,178,2775.4095704022484
MULTI_BOUND_G,50,1,179,2760.062498409279
MULTI_BOUND_G,50,1,180,2764.609401048447
MULTI_BOUND_G,50,1,181,2768.3613173084286
MULTI_BOUND_G,50,1,182,2764.3340594782685
MULTI_BOUND_G,50,1,183,2771.441421224574
MULTI_BOUND_G,50,1,184,2773.6475214493603
MULTI_BOUND_G,50,1,185,2777.755554719184
MULTI_BOUND_G,50,1,186,2782.7488571927115
MULTI_BOUND_G,50,1,187,2794.796484353087
MULTI_BOUND_G,50,1,188,2783.9242078005645
MULTI_BOUND_G,50,1,189,2782.4033941371144
MULTI_BOUND_G,50,1,190,2782.26183244982
MULTI_BOUND_G,50,1,191,2787.0963230425577
MULTI_BOUND_G,50,1,192,2784.79287658583
MULTI_BOUND_G,50,1,193,2789.8454978942773
MULTI_BOUND_G,50,1,194,2794.729334523177
MULTI_BOUND_G,50,1,195,2800.9693920873933
MULTI_BOUND_G,50,1,196,2805.4869322276336
MULTI_BOUND_G,50,1,197,2794.4717587556106
MULTI_BOUND_G,50,1,198,2815.5153373867806
MULTI_BOUND_G,50,1,199,2796.8787143078735
MULTI_BOUND_G,50,1,200,2805.936281482829
MULTI_BOUND_G,50,1,201,2802.302535336158
MULTI_BOUND_G,50,1,202,2820.4551363679357
MULTI_BOUND_G,50,1,203,2807.887284579966
MULTI_BOUND_G,50,1,204,2820.402244074786
MULTI_BOUND_G,50,1,205,2806.6687944341184
MULTI_BOUND_G,50,1,206,2818.004170663109
MULTI_BOUND_G,50,1,207,2824.2779727838424
MULTI_BOUND_G,50,1,208,2820.660356209023
MULTI_BOUND_G,50,1,209,2844.001243513244
MULTI_BOUND_G,50,1,210,2839.619378136007
MULTI_BOUND_G,50,1,211,2847.298078806216
MULTI_BOUND_G,50,1,212,2847.262493766254
MULTI_BOUND_G,50,1,213,2857.0722530766525
MULTI_BOUND_G,50,1,214,2849.8833720269527
MULTI_BOUND_G,50,1,215,2861.4248855037545
MULTI_BOUND_G,50,1,216,2861.974970815407
MULTI_BOUND_G,50,1,217,2872.5679408327196
MULTI_BOUND_G,50,1,218,2779.7384328245153
MULTI_BOUND_G,50,1,219,2775.717218335147
MULTI_BOUND_G,50,1,220,2784.741895017559
MULTI_BOUND_G,50,1,221,2801.555249769329
MULTI_BOUND_G,50,1,222,2787.117540954927
MULTI_BOUND_G,50,1,223,2781.020623008005
MULTI_BOUND_G,50,1,224,2806.632948679524
MULTI_BOUND_G,50,1,225,2793.6034729590965
MULTI_BOUND_G,50,1,226,2801.8723871673383
MULTI_BOUND_G,50,1,227,2809.3612949036615
MULTI_BOUND_G,50,1,228,2808.22069792097
MULTI_BOUND_G,50,1,229,2794.1480760301347
MULTI_BOUND_G,50,1,230,2799.1719400863167
MULTI_BOUND_G,50,1,231,2798.8303770753337
MULTI_BOUND_G,50,1,232,2808.5370483270344
MULTI_BOUND_G,50,1,233,2811.020122157679
MULTI_BOUND_G,50,1,234,2802.0872557491048
MULTI_BOUND_G,50,1,235,2808.2690134814884
MULTI_BOUND_G,50,2,0,1795.428267273952
MULTI_BOUND_G,50,2,1,4656030284358786.0
MULTI_BOUND_G,50,2,2,2328015142179358.0
MULTI_BOUND_G,50,2,3,1164007571089647.0
MULTI_BOUND_G,50,2,4,582003785544807.2
MULTI_BOUND_G,50,2,5,291001892772381.9
MULTI_BOUND_G,50,2,6,145500946386168.7
MULTI_BOUND_G,50,2,7,72750473193060.02
MULTI_BOUND_G,50,2,8,36375236596513.734
MULTI_BOUND_G,50,2,9,18187618298265.992
MULTI_BOUND_G,50,2,10,9093809149134.645
MULTI_BOUND_G,50,2,11,4546904574556.932
MULTI_BOUND_G,50,2,12,2273452287275.0566
MULTI_BOUND_G,50,2,13,1136726143643.836
MULTI_BOUND_G,50,2,14,568363071816.1108
MULTI_BOUND_G,50,2,15,284181535927.34094
MULTI_BOUND_G,50,2,16,142090767970.3973
MULTI_BOUND_G,50,2,17,71045383987.16838
MULTI_BOUND_G,50,2,18,35522692007.78354
MULTI_BOUND_G,50,2,19,17761346011.624504
MULTI_BOUND_G,50,2,20,8880673018.056047
MULTI_BOUND_G,50,2,21,4440336516.708782
MULTI_BOUND_G,50,2,22,2220168273.6917105
MULTI_BOUND_G,50,2,23,1110084138.462648
MULTI_BOUND_G,50,2,24,555042082.204684
MULTI_BOUND_G,50,2,25,277521057.6463634
MULTI_BOUND_G,50,2,26,138760548.26029438
MULTI_BOUND_G,50,2,27,69380281.75646892
MULTI_BOUND_G,50,2,28,34690157.15892941
MULTI_BOUND_G,50,2,29,17345089.0672668
MULTI_BOUND_G,50,2,30,8672548.627848977
MULTI_BOUND_G,50,2,31,4336298.41796959
MULTI_BOUND_G,50,2,32,2168168.79554099
MULTI_BOUND_G,50,2,33,1084091.0186878252
MULTI_BOUND_G,50,2,34,542080.29905272
MULTI_BOUND_G,50,2,35,271043.8339630332
MULTI_BOUND_G,50,2,36,135561.0076782167
MULTI_BOUND_G,50,2,37,67780.68238638104
MULTI_BOUND_G,50,2,38,33905.11301232125
MULTI_BOUND_G,50,2,39,16973.690431801806
MULTI_BOUND_G,50,2,40,8500.534209675205
MULTI_BOUND_G,50,2,41,4267.700703551507
MULTI_BOUND_G,50,2,42,2161.506087161035
MULTI_BOUND_G,50,2,43,2167.6611935463507
MULTI_BOUND_G,50,2,44,2173.9992190829125
MULTI_BOUND_G,50,2,45,2170.14007511799
MULTI_BOUND_G,50,2,46,2192.055857029035
MULTI_BOUND_G,50,2,47,2193.3985103251803
MULTI_BOUND_G,50,2,48,2195.8202533587437
MULTI_BOUND_G,50,2,49,2199.215529366464
MULTI_BOUND_G,50,2,50,2209.7179129954657
MULTI_BOUND_G,50,2,51,2216.7116821268573
MULTI_BOUND_G,50,2,52,2215.030900387639
MULTI_BOUND_G,50,2,53,2227.7730260810176
MULTI_BOUND_G,50,2,54,2206.7850151094017
MULTI_BOUND_G,50,2,55,2218.57079633567
MULTI_BOUND_G,50,2,56,2225.4663545226585
MULTI_BOUND_G,50,2,57,2232.0374337902413
MULTI_BOUND_G,50,2,58,2224.356220019098
MULTI_BOUND_G,50,2,59,2239.199440561576
MULTI_BOUND_G,50,2,60,2226.0457037493043
MULTI_BOUND_G,50,2,61,2245.036743367701
MULTI_BOUND_G,50,2,62,2243.4106047306086
MULTI_BOUND_G,50,2,63,2243.68689345044
MULTI_BOUND_G,50,2,64,2244.255945077149
MULTI_BOUND_G,50,2,65,2240.8138777853924
MULTI_BOUND_G,50,2,66,2254.266274323
MULTI_BOUND_G,50,2,67,2245.5664708830927
MULTI_BOUND_G,50,2,68,2239.109926566887
MULTI_BOUND_G,50,2,69,2257.5400203251993
MULTI_BOUND_G,50,2,70,2243.5344776689208
MULTI_BOUND_G,50,2,71,2261.634370521966
MULTI_BOUND_G,50,2,72,2257.2320582319817
MULTI_BOUND_G,50,2,73,2243.68699160072
MULTI_BOUND_G,50,2,74,2248.7466050677363
MULTI_BOUND_G,50,2,75,2245.0168790692524
MULTI_BOUND_G,50,2,76,2253.3468188919705
MULTI_BOUND_G,50,2,77,2263.4302401976884
MULTI_BOUND_G,50,2,78,2290.621622961897
MULTI_BOUND_G,50,2,79,2283.0167865172843
MULTI_BOUND_G,50,2,80,2291.6561960283416
MULTI_BOUND_G,50,2,81,2300.34575206526
MULTI_BOUND_G,50,2,82,2298.0383236548805
MULTI_BOUND_G,50,2,83,2303.965557125439
MULTI_BOUND_G,50,2,84,2319.3810158219585
MULTI_BOUND_G,50,2,85,2313.980056201012
MULTI_BOUND_G,50,2,86,2235.2625896331183
MULTI_BOUND_G,50,2,87,2233.1645446564135
MULTI_BOUND_G,50,2,88,2229.635335660386
MULTI_BOUND_G,50,2,89,2250.2985926743686
MULTI_BOUND_G,50,2,90,2237.157370454945
MULTI_BOUND_G,50,2,91,2235.805738746695
MULTI_BOUND_G,50,2,92,2259.146003172701
MULTI_BOUND_G,50,2,93,2257.555473405297
MULTI_BOUND_G,50,2,94,2246.4081860424562
MULTI_BOUND_G,50,2,95,2249.5723642871712
MULTI_BOUND_G,50,2,96,2258.849840402142
MULTI_BOUND_G,50,2,97,2250.496579732113
MULTI_BOUND_G,50,2,98,2256.7560996297257
MULTI_BOUND_G,50,2,99,2261.36187461438
MULTI_BOUND_G,50,2,100,2270.103910051821
MULTI_BOUND_G,50,2,101,2253.587627717604
MULTI_BOUND_G,50,2,102,2270.0869405275953
MULTI_BOUND_G,50,2,103,2267.9917577153537
MULTI_BOUND_G,50,2,104,2254.167147637991
MULTI_BOUND_G,50,2,105,2269.3889486518137
MULTI_BOUND_G,50,2,106,2275.5811909101203
MULTI_BOUND_G,50,2,107,2271.6640514676574
MULTI_BOUND_G,50,2,108,2291.3157040471847
MULTI_BOUND_G,50,2,109,2279.2374741812373
MULTI_BOUND_G,50,2,110,2286.393519336127
MULTI_BOUND_G,50,2,111,2288.000810160266
MULTI_BOUND_G,50,2,112,2285.2388367326075
MULTI_BOUND_G,50,2,113,2285.42276403571
MULTI_BOUND_G,50,2,114,2280.3691011675287
MULTI_BOUND_G,50,2,115,2292.7833267999044
MULTI_BOUND_G,50,2,116,2295.9767019310048
MULTI_BOUND_G,50,2,117,2302.528419630179
MULTI_BOUND_G,50,2,118,2284.2814051548485
MULTI_BOUND_G,50,2,119,2302.247798167176
MULTI_BOUND_G,50,2,120,2301.79417601909
MULTI_BOUND_G,50,2,121,2298.1717794890556
MULTI_BOUND_G,50,2,122,2294.3466233028257
MULTI_BOUND_G,50,2,123,2298.9769535587066
MULTI_BOUND_G,50,2,124,2295.762800370854
MULTI_BOUND_G,50,2,125,2311.9561583419936
MULTI_BOUND_G,50,2,126,2324.88423337748
MULTI_BOUND_G,50,2,127,2332.582684843126
MULTI_BOUND_G,50,2,128,2349.2081614399344
MULTI_BOUND_G,50,2,129,2342.705581200601
MULTI_BOUND_G,50,2,130,2225.798941675079
MULTI_BOUND_G,50,2,131,2235.095173765654
MULTI_BOUND_G,50,2,132,2256.2431455908404
MULTI_BOUND_G,50,2,133,2252.0886699612743
MULTI_BOUND_G,50,2,134,2246.08601996862
MULTI_BOUND_G,50,2,135,2255.7457743683053
MULTI_BOUND_G,50,2,136,2264.3086684582995
MULTI_BOUND_G,50,2,137,2271.566367265915
MULTI_BOUND_G,50,2,138,2265.7250084402094
MULTI_BOUND_G,50,2,139,2267.8925399114864
MULTI_BOUND_G,50,2,140,2256.211048090575
MULTI_BOUND_G,50,2,141,2265.7050645163445
MULTI_BOUND_G,50,2,142,2262.0883280859716
MULTI_BOUND_G,50,2,143,2271.579503395378
MULTI_BOUND_G,50,2,144,2268.6728321678293
MULTI_BOUND_G,50,2,145,2282.284727010736
MULTI_BOUND_G,50,2,146,2272.471585164265
MULTI_BOUND_G,50,2,147,2287.168670295347
MULTI_BOUND_G,50,2,148,2282.7221733269816
MULTI_BOUND_G,50,2,149,2291.32057848392
MULTI_BOUND_G,50,2,150,2291.1402200742523
MULTI_BOUND_G,50,2,151,2297.4122798496674
MULTI_BOUND_G,50,2,152,2298.173319873029
MULTI_BOUND_G,50,2,153,2296.800085261054
MULTI_BOUND_G,50,2,154,2283.764023281265
MULTI_BOUND_G,50,2,155,2290.970040394829
MULTI_BOUND_G,50,2,156,2285.3449370077515
MULTI_BOUND_G,50,2,157,2287.3874198790654
MULTI_BOUND_G,50,2,158,2307.29530885584
MULTI_BOUND_G,50,2,159,2298.1169435787933
MULTI_BOUND_G,50,2,160,2295.704435442783
MULTI_BOUND_G,50,2,161,2306.4313141804532
MULTI_BOUND_G,50,2,162,2314.0372085580116
MULTI_BOUND_G,50,2,163,2304.8148303099797
MULTI_BOUND_G,50,2,164,2300.606525859692
MULTI_BOUND_G,50,2,165,2311.5657135842166
MULTI_BOUND_G,50,2,166,2299.91323097132
MULTI_BOUND_G,50,2,167,2294.6125733972785
MULTI_BOUND_G,50,2,168,2304.403662274586
MULTI_BOUND_G,50,2,169,2308.989655666419
MULTI_BOUND_G,50,2,170,2350.056705505819
MULTI_BOUND_G,50,2,171,2342.768010851657
MULTI_BOUND_G,50,2,172,2347.3220378611777
MULTI_BOUND_G,50,2,173,2343.105731829975
MULTI_BOUND_G,50,2,174,2223.7105068397414
MULTI_BOUND_G,50,2,175,2225.4886219724076
MULTI_BOUND_G,50,2,176,2226.007737755953
MULTI_BOUND_G,50,2,177,2236.0691629031953
MULTI_BOUND_G,50,2,178,2255.58980653589
MULTI_BOUND_G,50,2,179,2259.1590833509654
MULTI_BOUND_G,50,2,180,2270.4266485869275
MULTI_BOUND_G,50,2,181,2262.546066516715
MULTI_BOUND_G,50,2,182,2261.969490247761
MULTI_BOUND_G,50,2,183,2278.994043134952
MULTI_BOUND_G,50,2,184,2274.4869593763106
MULTI_BOUND_G,50,2,185,2277.7816736486375
MULTI_BOUND_G,50,2,186,2283.5046947686587
MULTI_BOUND_G,50,2,187,2283.158093516973
MULTI_BOUND_G,50,2,188,2289.6887764032394
MULTI_BOUND_G,50,2,189,2272.523747991145
MULTI_BOUND_G,50,2,190,2294.3162430520388
MULTI_BOUND_G,50,2,191,2290.004885920499
MULTI_BOUND_G,50,2,192,2283.927888422604
MULTI_BOUND_G,50,2,193,2297.9198906481697
MULTI_BOUND_G,50,2,194,2300.2232307509776
MULTI_BOUND_G,50,2,195,2305.247513872572
MULTI_BOUND_G,50,2,196,2295.406075221544
MULTI_BOUND_G,50,2,197,2299.9263260863086
MULTI_BOUND_G,50,2,198,2305.7510170580754
MULTI_BOUND_G,50,2,199,2316.024256867494
MULTI_BOUND_G,50,2,200,2315.069894369269
MULTI_BOUND_G,50,2,201,2318.0281533904354
MULTI_BOUND_G,50,2,202,2299.6434412000076
MULTI_BOUND_G,50,2,203,2305.1488834151546
MULTI_BOUND_G,50,2,204,2303.4572588792216
MULTI_BOUND_G,50,2,205,2315.6968687966582
MULTI_BOUND_G,50,2,206,2303.4505935096186
MULTI_BOUND_G,50,2,207,2313.5368400147977
MULTI_BOUND_G,50,2,208,2319.7229299675946
MULTI_BOUND_G,50,2,209,2315.1723063484787
MULTI_BOUND_G,50,2,210,2347.8797340857113
MULTI_BOUND_G,50,2,211,2342.3711186442906
MULTI_BOUND_G,50,2,212,2349.321463295577
MULTI_BOUND_G,50,2,213,2359.0940785059165
MULTI_BOUND_G,50,2,214,2360.2345108974496
MULTI_BOUND_G,50,2,215,2358.858801886293
MULTI_BOUND_G,50,2,216,2380.652096596049
MULTI_BOUND_G,50,2,217,2375.122537016501
MULTI_BOUND_G,50,2,218,2241.8510060944927
MULTI_BOUND_G,50,2,219,2244.9510282496203
MULTI_BOUND_G,50,2,220,2260.616556896168
MULTI_BOUND_G,50,2,221,2255.1112938009164
MULTI_BOUND_G,50,2,222,2271.2245409737966
MULTI_BOUND_G,50,2,223,2275.181985736068
MULTI_BOUND_G,50,2,224,2283.859608608307
MULTI_BOUND_G,50,2,225,2272.0638749958143
MULTI_BOUND_G,50,2,226,2282.127824965635
MULTI_BOUND_G,50,2,227,2269.141178506772
MULTI_BOUND_G,50,2,228,2282.166512830629
MULTI_BOUND_G,50,2,229,2282.182614193105
MULTI_BOUND_G,50,2,230,2277.722993132953
MULTI_BOUND_G,50,2,231,2288.0588948264062
MULTI_BOUND_G,50,2,232,2292.894173615482
MULTI_BOUND_G,50,2,233,2295.2625652716815
MULTI_BOUND_G,50,2,234,2283.908626760792
MULTI_BOUND_G,50,2,235,2288.8588342158964
MULTI_BOUND_G,50,3,0,1551.3066806450918
MULTI_BOUND_G,50,3,1,9069354357300148.0
MULTI_BOUND_G,50,3,2,4534677178650053.0
MULTI_BOUND_G,50,3,3,2267338589325018.5
MULTI_BOUND_G,50,3,4,1133669294662512.5
MULTI_BOUND_G,50,3,5,566834647331243.1
MULTI_BOUND_G,50,3,6,283417323665602.75
MULTI_BOUND_G,50,3,7,141708661832803.4
MULTI_BOUND_G,50,3,8,70854330916418.64
MULTI_BOUND_G,50,3,9,35427165458221.53
MULTI_BOUND_G,50,3,10,17713582729107.688
MULTI_BOUND_G,50,3,11,8856791364541.691
MULTI_BOUND_G,50,3,12,4428395682291.787
MULTI_BOUND_G,50,3,13,2214197841151.051
MULTI_BOUND_G,50,3,14,1107098920573.9407
MULTI_BOUND_G,50,3,15,553549460279.4493
MULTI_BOUND_G,50,3,16,276774730144.8222
MULTI_BOUND_G,50,3,17,138387365071.4118
MULTI_BOUND_G,50,3,18,69193682534.72519
MULTI_BOUND_G,50,3,19,34596841263.05182
MULTI_BOUND_G,50,3,20,17298420640.49534
MULTI_BOUND_G,50,3,21,8649210324.450987
MULTI_BOUND_G,50,3,22,4324605164.056007
MULTI_BOUND_G,50,3,23,2162302579.3442554
MULTI_BOUND_G,50,3,24,1081151292.3465939
MULTI_BOUND_G,50,3,25,540575662.4336298
MULTI_BOUND_G,50,3,26,270287835.21692693
MULTI_BOUND_G,50,3,27,135143921.34901845
MULTI_BOUND_G,50,3,28,67571978.58328381
MULTI_BOUND_G,50,3,29,33786004.35992892
MULTI_BOUND_G,50,3,30,16893018.332941975
MULTI_BOUND_G,50,3,31,8446511.604465557
MULTI_BOUND_G,50,3,32,4223267.91594782
MULTI_BOUND_G,50,3,33,2111653.1649233676
MULTI_BOUND_G,50,3,34,1055839.8564723984
MULTI_BOUND_G,50,3,35,527940.4441688545
MULTI_BOUND_G,50,3,36,263994.6033247694
MULTI_BOUND_G,50,3,37,132017.1752373228
MULTI_BOUND_G,50,3,38,66012.91882664677
MULTI_BOUND_G,50,3,39,33040.06176082907
MULTI_BOUND_G,50,3,40,16549.227521583896
MULTI_BOUND_G,50,3,41,8288.788223164775
MULTI_BOUND_G,50,3,42,4170.744319984997
MULTI_BOUND_G,50,3,43,2102.78026809188
MULTI_BOUND_G,50,3,44,2119.963251487015
MULTI_BOUND_G,50,3,45,2113.3693544121434
MULTI_BOUND_G,50,3,46,2138.0314719697753
MULTI_BOUND_G,50,3,47,2113.0187892512263
MULTI_BOUND_G,50,3,48,2123.4685212968634
MULTI_BOUND_G,50,3,49,2121.184652527249
MULTI_BOUND_G,50,3,50,2131.6782648507233
MULTI_BOUND_G,50,3,51,2132.7681264787716
MULTI_BOUND_G,50,3,52,2128.8614468060314
MULTI_BOUND_G,50,3,53,2134.028701037944
MULTI_BOUND_G,50,3,54,2139.708456116644
MULTI_BOUND_G,50,3,55,2135.495186943429
MULTI_BOUND_G,50,3,56,2152.158790754186
MULTI_BOUND_G,50,3,57,2146.815410455467
MULTI_BOUND_G,50,3,58,2137.5628459753434
MULTI_BOUND_G,50,3,59,2149.3839771960866
MULTI_BOUND_G,50,3,60,2150.6975709893163
MULTI_BOUND_G,50,3,61,2144.123410348352
MULTI_BOUND_G,50,3,62,2150.5670892873313
MULTI_BOUND_G,50,3,63,2157.672897853081
MULTI_BOUND_G,50,3,64,2146.032833394899
MULTI_BOUND_G,50,3,65,2155.2206474880963
MULTI_BOUND_G,50,3,66,2161.4064221228186
MULTI_BOUND_G,50,3,67,2157.5558224244264
MULTI_BOUND_G,50,3,68,2169.963269070995
MULTI_BOUND_G,50,3,69,2165.6439112344187
MULTI_BOUND_G,50,3,70,2181.590532811116
MULTI_BOUND_G,50,3,71,2167.285814776743
MULTI_BOUND_G,50,3,72,2163.7984147105844
MULTI_BOUND_G,50,3,73,2168.58767065572
MULTI_BOUND_G,50,3,74,2162.96850972356
MULTI_BOUND_G,50,3,75,2175.625727282685
MULTI_BOUND_G,50,3,76,2162.0965490869858
MULTI_BOUND_G,50,3,77,2191.669291418785
MULTI_BOUND_G,50,3,78,2180.976748187006
MULTI_BOUND_G,50,3,79,2185.239145366787
MULTI_BOUND_G,50,3,80,2182.916175413493
MULTI_BOUND_G,50,3,81,2199.662144914142
MULTI_BOUND_G,50,3,82,2204.5406708227138
MULTI_BOUND_G,50,3,83,2199.178433713063
MULTI_BOUND_G,50,3,84,2217.4074715297193
MULTI_BOUND_G,50,3,85,2205.8549668389187
MULTI_BOUND_G,50,3,86,2205.5927595650237
MULTI_BOUND_G,50,3,87,2212.5849905308532
MULTI_BOUND_G,50,3,88,2122.259971849754
MULTI_BOUND_G,50,3,89,2133.266254895675
MULTI_BOUND_G,50,3,90,2133.9119595651755
MULTI_BOUND_G,50,3,91,2129.2383527995335
MULTI_BOUND_G,50,3,92,2133.0549404197045
MULTI_BOUND_G,50,3,93,2150.3623349090103
MULTI_BOUND_G,50,3,94,2130.034286029024
MULTI_BOUND_G,50,3,95,2140.855110086206
MULTI_BOUND_G,50,3,96,2150.597229821993
MULTI_BOUND_G,50,3,97,2149.5670874385123
MULTI_BOUND_G,50,3,98,2168.5592404012577
MULTI_BOUND_G,50,3,99,2141.876758121465
MULTI_BOUND_G,50,3,100,2150.8740531911576
MULTI_BOUND_G,50,3,101,2148.2678706251395
MULTI_BOUND_G,50,3,102,2156.4544228428895
MULTI_BOUND_G,50,3,103,2152.0873012553056
MULTI_BOUND_G,50,3,104,2163.0215623141994
MULTI_BOUND_G,50,3,105,2162.50134393089
MULTI_BOUND_G,50,3,106,2167.7690732450983
MULTI_BOUND_G,50,3,107,2160.7578834187034
MULTI_BOUND_G,50,3,108,2178.7582215176635
MULTI_BOUND_G,50,3,109,2176.135088572313
MULTI_BOUND_G,50,3,110,2170.727571950008
MULTI_BOUND_G,50,3,111,2178.2883850496864
MULTI_BOUND_G,50,3,112,2182.1565610319017
MULTI_BOUND_G,50,3,113,2188.8667208862835
MULTI_BOUND_G,50,3,114,2181.0244312739887
MULTI_BOUND_G,50,3,115,2200.959583818511
MULTI_BOUND_G,50,3,116,2189.3786401081675
MULTI_BOUND_G,50,3,117,2182.963192781443
MULTI_BOUND_G,50,3,118,2193.7447529833044
MULTI_BOUND_G,50,3,119,2201.1928614993026
MULTI_BOUND_G,50,3,120,2190.8085293366516
MULTI_BOUND_G,50,3,121,2196.416539834926
MULTI_BOUND_G,50,3,122,2216.328865237466
MULTI_BOUND_G,50,3,123,2204.7427746495323
MULTI_BOUND_G,50,3,124,2198.043951828452
MULTI_BOUND_G,50,3,125,2207.8484060406395
MULTI_BOUND_G,50,3,126,2212.0284265272703
MULTI_BOUND_G,50,3,127,2216.661789349807
MULTI_BOUND_G,50,3,128,2230.722436716389
MULTI_BOUND_G,50,3,129,2229.2571561479526
MULTI_BOUND_G,50,3,130,2235.9567640979976
MULTI_BOUND_G,50,3,131,2246.903048416725
MULTI_BOUND_G,50,3,132,2236.2293029637294
MULTI_BOUND_G,50,3,133,2124.2816282482563
MULTI_BOUND_G,50,3,134,2131.082574505318
MULTI_BOUND_G,50,3,135,2133.8112460517755
MULTI_BOUND_G,50,3,136,2149.0254282432297
MULTI_BOUND_G,50,3,137,2135.1944968342364
MULTI_BOUND_G,50,3,138,2147.496197100045
MULTI_BOUND_G,50,3,139,2142.5202148814806
MULTI_BOUND_G,50,3,140,2167.9555156591414
MULTI_BOUND_G,50,3,141,2146.4187770872595
MULTI_BOUND_G,50,3,142,2157.044806111363
MULTI_BOUND_G,50,3,143,2159.0160522215947
MULTI_BOUND_G,50,3,144,2156.134827414385
MULTI_BOUND_G,50,3,145,2150.9372357028774
MULTI_BOUND_G,50,3,146,2160.125239080603
MULTI_BOUND_G,50,3,147,2175.8589848582924
MULTI_BOUND_G,50,3,148,2156.473606093528
MULTI_BOUND_G,50,3,149,2162.5860003298158
MULTI_BOUND_G,50,3,150,2153.103450698892
MULTI_BOUND_G,50,3,151,2165.1752581887868
MULTI_BOUND_G,50,3,152,2173.580147308324
MULTI_BOUND_G,50,3,153,2160.7103696011745
MULTI_BOUND_G,50,3,154,2168.313661867375
MULTI_BOUND_G,50,3,155,2180.6364952190634
MULTI_BOUND_G,50,3,156,2169.986698046925
MULTI_BOUND_G,50,3,157,2174.3927533485485
MULTI_BOUND_G,50,3,158,2177.583474764945
MULTI_BOUND_G,50,3,159,2169.846762079149
MULTI_BOUND_G,50,3,160,2174.1146261202002
MULTI_BOUND_G,50,3,161,2189.541036146893
MULTI_BOUND_G,50,3,162,2184.8468955907556
MULTI_BOUND_G,50,3,163,2186.974730031756
MULTI_BOUND_G,50,3,164,2199.25326731063
MULTI_BOUND_G,50,3,165,2196.466948109268
MULTI_BOUND_G,50,3,166,2186.9253859976734
MULTI_BOUND_G,50,3,167,2196.430473221858
MULTI_BOUND_G,50,3,168,2196.311340908289
MULTI_BOUND_G,50,3,169,2204.856580823104
MULTI_BOUND_G,50,3,170,2211.2072683441215
MULTI_BOUND_G,50,3,171,2228.5718921525686
MULTI_BOUND_G,50,3,172,2214.8944137883273
MULTI_BOUND_G,50,3,173,2223.4556896901813
MULTI_BOUND_G,50,3,174,2237.5752683425994
MULTI_BOUND_G,50,3,175,2223.8561574131613
MULTI_BOUND_G,50,3,176,2220.209891053125
MULTI_BOUND_G,50,3,177,2266.4499416436383
MULTI_BOUND_G,50,3,178,2140.598252539123
MULTI_BOUND_G,50,3,179,2120.92935056137
MULTI_BOUND_G,50,3,180,2130.3663850398357
MULTI_BOUND_G,50,3,181,2139.042044092668
MULTI_BOUND_G,50,3,182,2129.920240636542
MULTI_BOUND_G,50,3,183,2140.77871622739
MULTI_BOUND_G,50,3,184,2159.8573008675958
MULTI_BOUND_G,50,3,185,2139.887696480191
MULTI_BOUND_G,50,3,186,2146.9946575190334
MULTI_BOUND_G,50,3,187,2141.635603826845
MULTI_BOUND_G,50,3,188,2143.77909768267
MULTI_BOUND_G,50,3,189,2152.7898860098603
MULTI_BOUND_G,50,3,190,2151.987725221341
MULTI_BOUND_G,50,3,191,2153.5246094930235
MULTI_BOUND_G,50,3,192,2161.1249760796304
MULTI_BOUND_G,50,3,193,2158.1094518733526
MULTI_BOUND_G,50,3,194,2163.927437651193
MULTI_BOUND_G,50,3,195,2168.241356834466
MULTI_BOUND_G,50,3,196,2161.9471428923953
MULTI_BOUND_G,50,3,197,2171.0410491064304
MULTI_BOUND_G,50,3,198,2176.964998437272
MULTI_BOUND_G,50,3,199,2178.2635054533384
MULTI_BOUND_G,50,3,200,2175.848063549646
MULTI_BOUND_G,50,3,201,2172.5970964998046
MULTI_BOUND_G,50,3,202,2176.376437899055
MULTI_BOUND_G,50,3,203,2174.934472179655
MULTI_BOUND_G,50,3,204,2178.056104685501
MULTI_BOUND_G,50,3,205,2169.4242126288186
MULTI_BOUND_G,50,3,206,2188.8219634945235
MULTI_BOUND_G,50,3,207,2186.314849669632
MULTI_BOUND_G,50,3,208,2189.1913621706954
MULTI_BOUND_G,50,3,209,2184.7938038260936
MULTI_BOUND_G,50,3,210,2189.7793211620865
MULTI_BOUND_G,50,3,211,2189.074527474014
MULTI_BOUND_G,50,3,212,2209.4642095175645
MULTI_BOUND_G,50,3,213,2186.445854673232
MULTI_BOUND_G,50,3,214,2217.4433864362973
MULTI_BOUND_G,50,3,215,2200.736916965081
MULTI_BOUND_G,50,3,216,2218.4126472418975
MULTI_BOUND_G,50,3,217,2228.491744848372
MULTI_BOUND_G,50,3,218,2219.8847297367806
MULTI_BOUND_G,50,3,219,2213.1837066682897
MULTI_BOUND_G,50,3,220,2219.732038638773
MULTI_BOUND_G,50,3,221,2218.31338466157
MULTI_BOUND_G,50,3,222,2231.82503424265
MULTI_BOUND_G,50,3,223,2133.4154731179306
MULTI_BOUND_G,50,3,224,2155.67567364611
MULTI_BOUND_G,50,3,225,2141.48805276033
MULTI_BOUND_G,50,3,226,2170.179871212772
MULTI_BOUND_G,50,3,227,2142.2196385922484
MULTI_BOUND_G,50,3,228,2148.1701850516765
MULTI_BOUND_G,50,3,229,2161.4326340278835
MULTI_BOUND_G,50,3,230,2156.6604563740657
MULTI_BOUND_G,50,3,231,2160.736536227859
MULTI_BOUND_G,50,4,0,1497.3512476542671
MULTI_BOUND_G,50,4,1,9440234197476516.0
MULTI_BOUND_G,50,4,2,4720117098738244.0
MULTI_BOUND_G,50,4,3,2360058549369103.5
MULTI_BOUND_G,50,4,4,1180029274684548.0
MULTI_BOUND_G,50,4,5,590014637342278.0
MULTI_BOUND_G,50,4,6,295007318671128.0
MULTI_BOUND_G,50,4,7,147503659335544.38
MULTI_BOUND_G,50,4,8,73751829667770.03
MULTI_BOUND_G,50,4,9,36875914833882.75
MULTI_BOUND_G,50,4,10,18437957416950.965
MULTI_BOUND_G,50,4,11,9218978708458.86
MULTI_BOUND_G,50,4,12,4609489354222.153
MULTI_BOUND_G,50,4,13,2304744677132.282
MULTI_BOUND_G,50,4,14,1152372338560.935
MULTI_BOUND_G,50,4,15,576186169289.5522
MULTI_BOUND_G,50,4,16,288093084656.26587
MULTI_BOUND_G,50,4,17,144046542332.4997
MULTI_BOUND_G,50,4,18,72023271161.31686
MULTI_BOUND_G,50,4,19,36011635580.65741
MULTI_BOUND_G,50,4,20,18005817813.844
MULTI_BOUND_G,50,4,21,9002908915.735147
MULTI_BOUND_G,50,4,22,4501454457.70087
MULTI_BOUND_G,50,4,23,2250727254.5090437
MULTI_BOUND_G,50,4,24,1125363628.7819319
MULTI_BOUND_G,50,4,25,562681823.6858087
MULTI_BOUND_G,50,4,26,281340924.7316545
MULTI_BOUND_G,50,4,27,140670475.99305663
MULTI_BOUND_G,50,4,28,70335250.9066179
MULTI_BOUND_G,50,4,29,35167644.24687349
MULTI_BOUND_G,50,4,30,17583834.20249176
MULTI_BOUND_G,50,4,31,8791931.481954098
MULTI_BOUND_G,50,4,32,4395978.887101349
MULTI_BOUND_G,50,4,33,2198004.440349425
MULTI_BOUND_G,50,4,34,1099026.8312851775
MULTI_BOUND_G,50,4,35,549527.6253300443
MULTI_BOUND_G,50,4,36,274779.23549034324
MULTI_BOUND_G,50,4,37,137413.28962612263
MULTI_BOUND_G,50,4,38,68719.3278826767
MULTI_BOUND_G,50,4,39,34380.41397024678
MULTI_BOUND_G,50,4,40,17199.030476565847
MULTI_BOUND_G,50,4,41,8614.824287961117
MULTI_BOUND_G,50,4,42,4328.386678060879
MULTI_BOUND_G,50,4,43,2181.242493854303
MULTI_BOUND_G,50,4,44,2185.8088126032617
MULTI_BOUND_G,50,4,45,2181.7984725269557
MULTI_BOUND_G,50,4,46,2184.539303780106
MULTI_BOUND_G,50,4,47,2188.9638435120305
MULTI_BOUND_G,50,4,48,2183.3244375507047
MULTI_BOUND_G,50,4,49,2189.1458678168206
MULTI_BOUND_G,50,4,50,2186.1613319505655
MULTI_BOUND_G,50,4,51,2189.2192554499015
MULTI_BOUND_G,50,4,52,2196.6863701623597
MULTI_BOUND_G,50,4,53,2197.425911536213
MULTI_BOUND_G,50,4,54,2187.7169685562744
MULTI_BOUND_G,50,4,55,2190.5852359568585
MULTI_BOUND_G,50,4,56,2199.202461910808
MULTI_BOUND_G,50,4,57,2206.7334917091166
MULTI_BOUND_G,50,4,58,2200.960903390609
MULTI_BOUND_G,50,4,59,2196.1430644845063
MULTI_BOUND_G,50,4,60,2201.0262666398985
MULTI_BOUND_G,50,4,61,2204.139066984272
MULTI_BOUND_G,50,4,62,2216.9776313791726
MULTI_BOUND_G,50,4,63,2207.6710155515584
MULTI_BOUND_G,50,4,64,2212.507621171931
MULTI_BOUND_G,50,4,65,2221.6253474727428
MULTI_BOUND_G,50,4,66,2219.1615291832777
MULTI_BOUND_G,50,4,67,2232.601535548003
MULTI_BOUND_G,50,4,68,2226.2133301192466
MULTI_BOUND_G,50,4,69,2231.1688773526294
MULTI_BOUND_G,50,4,70,2235.706181123953
MULTI_BOUND_G,50,4,71,2237.414017947573
MULTI_BOUND_G,50,4,72,2242.7543690124576
MULTI_BOUND_G,50,4,73,2239.067871780287
MULTI_BOUND_G,50,4,74,2247.325839206004
MULTI_BOUND_G,50,4,75,2230.950734091174
MULTI_BOUND_G,50,4,76,2233.7832127861266
MULTI_BOUND_G,50,4,77,2250.4975798710457
MULTI_BOUND_G,50,4,78,2247.8072794435047
MULTI_BOUND_G,50,4,79,2257.8953754200165
MULTI_BOUND_G,50,4,80,2263.013354620909
MULTI_BOUND_G,50,4,81,2262.291417775962
MULTI_BOUND_G,50,4,82,2270.095765673629
MULTI_BOUND_G,50,4,83,2277.543828694518
MULTI_BOUND_G,50,4,84,2268.338423542703
MULTI_BOUND_G,50,4,85,2270.8002603770765
MULTI_BOUND_G,50,4,86,2278.772929784508
MULTI_BOUND_G,50,4,87,2290.1263636032368
MULTI_BOUND_G,50,4,88,2178.8692272716726
MULTI_BOUND_G,50,4,89,2177.8529859573528
MULTI_BOUND_G,50,4,90,2187.7665139500314
MULTI_BOUND_G,50,4,91,2189.1940374479864
MULTI_BOUND_G,50,4,92,2184.5298876121105
MULTI_BOUND_G,50,4,93,2194.051158469527
MULTI_BOUND_G,50,4,94,2200.144056994466
MULTI_BOUND_G,50,4,95,2188.0247128855717
MULTI_BOUND_G,50,4,96,2191.9904586331904
MULTI_BOUND_G,50,4,97,2198.7464092799537
MULTI_BOUND_G,50,4,98,2199.3652145671713
MULTI_BOUND_G,50,4,99,2195.8311546103687
MULTI_BOUND_G,50,4,100,2205.2771029903543
MULTI_BOUND_G,50,4,101,2203.5689542899454
MULTI_BOUND_G,50,4,102,2199.213300881568
MULTI_BOUND_G,50,4,103,2206.8410569860034
MULTI_BOUND_G,50,4,104,2208.972785869326
MULTI_BOUND_G,50,4,105,2206.354416776905
MULTI_BOUND_G,50,4,106,2198.8844563280777
MULTI_BOUND_G,50,4,107,2214.187961408807
MULTI_BOUND_G,50,4,108,2210.194632777888
MULTI_BOUND_G,50,4,109,2214.2646914138286
MULTI_BOUND_G,50,4,110,2218.9780230938845
MULTI_BOUND_G,50,4,111,2227.8117681926915
MULTI_BOUND_G,50,4,112,2230.19169560453
MULTI_BOUND_G,50,4,113,2226.1650095653713
MULTI_BOUND_G,50,4,114,2234.311616030821
MULTI_BOUND_G,50,4,115,2233.5411301184986
MULTI_BOUND_G,50,4,116,2237.0234418921696
MULTI_BOUND_G,50,4,117,2243.143669812667
MULTI_BOUND_G,50,4,118,2227.5100087806604
MULTI_BOUND_G,50,4,119,2243.44425713046
MULTI_BOUND_G,50,4,120,2246.4676179098283
MULTI_BOUND_G,50,4,121,2236.270655302923
MULTI_BOUND_G,50,4,122,2256.5430470073193
MULTI_BOUND_G,50,4,123,2260.0522055185747
MULTI_BOUND_G,50,4,124,2252.015946589957
MULTI_BOUND_G,50,4,125,2260.2504218964114
MULTI_BOUND_G,50,4,126,2265.8169318019973
MULTI_BOUND_G,50,4,127,2266.3065396142274
MULTI_BOUND_G,50,4,128,2263.8051724566376
MULTI_BOUND_G,50,4,129,2269.5881617426685
MULTI_BOUND_G,50,4,130,2264.128026581563
MULTI_BOUND_G,50,4,131,2275.6921369123465
MULTI_BOUND_G,50,4,132,2287.184570670032
MULTI_BOUND_G,50,4,133,2189.1320208289917
MULTI_BOUND_G,50,4,134,2186.422596965805
MULTI_BOUND_G,50,4,135,2196.786392601603
MULTI_BOUND_G,50,4,136,2204.808557980964
MULTI_BOUND_G,50,4,137,2204.086516227354
MULTI_BOUND_G,50,4,138,2204.7784822268986
MULTI_BOUND_G,50,4,139,2212.3131298087983
MULTI_BOUND_G,50,4,140,2219.0392759999704
MULTI_BOUND_G,50,4,141,2213.202279520748
MULTI_BOUND_G,50,4,142,2222.416076958755
MULTI_BOUND_G,50,4,143,2221.481989740168
MULTI_BOUND_G,50,4,144,2213.8238280068817
MULTI_BOUND_G,50,4,145,2222.1803916081963
MULTI_BOUND_G,50,4,146,2218.9572038908527
MULTI_BOUND_G,50,4,147,2224.6595048750514
MULTI_BOUND_G,50,4,148,2235.864862250706
MULTI_BOUND_G,50,4,149,2236.5945223903072
MULTI_BOUND_G,50,4,150,2237.1936086034084
MULTI_BOUND_G,50,4,151,2236.421110028263
MULTI_BOUND_G,50,4,152,2238.325437515311
MULTI_BOUND_G,50,4,153,2231.7230934760614
MULTI_BOUND_G,50,4,154,2230.7992162479313
MULTI_BOUND_G,50,4,155,2240.255404409788
MULTI_BOUND_G,50,4,156,2236.035743254068
MULTI_BOUND_G,50,4,157,2245.0974523573605
MULTI_BOUND_G,50,4,158,2247.659487065935
MULTI_BOUND_G,50,4,159,2247.768237271149
MULTI_BOUND_G,50,4,160,2247.686438955612
MULTI_BOUND_G,50,4,161,2259.3526097976646
MULTI_BOUND_G,50,4,162,2255.091323540096
MULTI_BOUND_G,50,4,163,2259.7028271923464
MULTI_BOUND_G,50,4,164,2263.454669876554
MULTI_BOUND_G,50,4,165,2255.507848638362
MULTI_BOUND_G,50,4,166,2267.2493589753017
MULTI_BOUND_G,50,4,167,2263.713837466177
MULTI_BOUND_G,50,4,168,2269.599277406406
MULTI_BOUND_G,50,4,169,2268.7009974078055
MULTI_BOUND_G,50,4,170,2256.628822918068
MULTI_BOUND_G,50,4,171,2264.028570368311
MULTI_BOUND_G,50,4,172,2277.66314360764
MULTI_BOUND_G,50,4,173,2288.757063581355
MULTI_BOUND_G,50,4,174,2283.2472160242883
MULTI_BOUND_G,50,4,175,2276.6098116772164
MULTI_BOUND_G,50,4,176,2294.926059732905
MULTI_BOUND_G,50,4,177,2291.061857372549
MULTI_BOUND_G,50,4,178,2185.0181312150385
MULTI_BOUND_G,50,4,179,2182.5044314785882
MULTI_BOUND_G,50,4,180,2189.90743842472
MULTI_BOUND_G,50,4,181,2203.992093215321
MULTI_BOUND_G,50,4,182,2201.3475705203373
MULTI_BOUND_G,50,4,183,2204.010661402055
MULTI_BOUND_G,50,4,184,2210.102125191499
MULTI_BOUND_G,50,4,185,2206.2880785977595
MULTI_BOUND_G,50,4,186,2213.216218071788
MULTI_BOUND_G,50,4,187,2206.9095446123047
MULTI_BOUND_G,50,4,188,2202.209120100464
MULTI_BOUND_G,50,4,189,2216.7470212293956
MULTI_BOUND_G,50,4,190,2220.4067058209557
MULTI_BOUND_G,50,4,191,2211.390640703928
MULTI_BOUND_G,50,4,192,2225.808087534131
MULTI_BOUND_G,50,4,193,2233.9968856925107
MULTI_BOUND_G,50,4,194,2227.589071531538
MULTI_BOUND_G,50,4,195,2235.0005151883174
MULTI_BOUND_G,50,4,196,2228.00828002468
MULTI_BOUND_G,50,4,197,2233.5590477493106
MULTI_BOUND_G,50,4,198,2231.972272564266
MULTI_BOUND_G,50,4,199,2241.6371092362724
MULTI_BOUND_G,50,4,200,2240.221077622763
MULTI_BOUND_G,50,4,201,2241.496774300731
MULTI_BOUND_G,50,4,202,2231.99745534623
MULTI_BOUND_G,50,4,203,2233.4579830423318
MULTI_BOUND_G,50,4,204,2236.665974391045
MULTI_BOUND_G,50,4,205,2240.1480638103967
MULTI_BOUND_G,50,4,206,2233.351755722508
MULTI_BOUND_G,50,4,207,2246.423201770901
MULTI_BOUND_G,50,4,208,2236.389969085518
MULTI_BOUND_G,50,4,209,2233.110428766584
MULTI_BOUND_G,50,4,210,2239.88412072328
MULTI_BOUND_G,50,4,211,2254.5275766444283
MULTI_BOUND_G,50,4,212,2250.0456029788393
MULTI_BOUND_G,50,4,213,2254.8692539989543
MULTI_BOUND_G,50,4,214,2247.129015872548
MULTI_BOUND_G,50,4,215,2258.472604816284
MULTI_BOUND_G,50,4,216,2256.7420749682806
MULTI_BOUND_G,50,4,217,2266.0176458182805
MULTI_BOUND_G,50,4,218,2275.986268536905
MULTI_BOUND_G,50,4,219,2266.4240590879535
MULTI_BOUND_G,50,4,220,2276.7719118709456
MULTI_BOUND_G,50,4,221,2262.490621299531
MULTI_BOUND_G,50,4,222,2294.777772543172
MULTI_BOUND_G,50,4,223,2193.424507805645
MULTI_BOUND_G,50,4,224,2188.2481753673346
MULTI_BOUND_G,50,4,225,2196.479451744084
MULTI_BOUND_G,50,4,226,2200.6062763536447
MULTI_BOUND_G,50,4,227,2208.9580436071146
MULTI_BOUND_G,50,4,228,2216.4709590488083
MULTI_BOUND_G,50,4,229,2213.765280005703
MULTI_BOUND_G,50,4,230,2211.283292882081
MULTI_BOUND_G,50,4,231,2211.2813756009127
MULTI_BOUND_G,50,5,0,1645.4705064713269
MULTI_BOUND_G,50,5,1,5269566998660002.0
MULTI_BOUND_G,50,5,2,2634783499329980.0
MULTI_BOUND_G,50,5,3,1317391749664969.0
MULTI_BOUND_G,50,5,4,658695874832473.0
MULTI_BOUND_G,50,5,5,329347937416232.1
MULTI_BOUND_G,50,5,6,164673968708090.25
MULTI_BOUND_G,50,5,7,82336984354051.78
MULTI_BOUND_G,50,5,8,41168492177004.31
MULTI_BOUND_G,50,5,9,20584246088500.004
MULTI_BOUND_G,50,5,10,10292123044236.488
MULTI_BOUND_G,50,5,11,5146061522117.684
MULTI_BOUND_G,50,5,12,2573030761077.1064
MULTI_BOUND_G,50,5,13,1286515380529.2793
MULTI_BOUND_G,50,5,14,643257690251.2244
MULTI_BOUND_G,50,5,15,321628845136.20715
MULTI_BOUND_G,50,5,16,160814422554.84763
MULTI_BOUND_G,50,5,17,80407211299.5534
MULTI_BOUND_G,50,5,18,40203605632.80243
MULTI_BOUND_G,50,5,19,20101802832.13898
MULTI_BOUND_G,50,5,20,10050901418.942642
MULTI_BOUND_G,50,5,21,5025450698.494857
MULTI_BOUND_G,50,5,22,2512725347.8241034
MULTI_BOUND_G,50,5,23,1256362678.3879132
MULTI_BOUND_G,50,5,24,628181348.785176
MULTI_BOUND_G,50,5,25,314090692.3305932
MULTI_BOUND_G,50,5,26,157045355.4245385
MULTI_BOUND_G,50,5,27,78522665.13133669
MULTI_BOUND_G,50,5,28,39261336.3142453
MULTI_BOUND_G,50,5,29,19630692.928754345
MULTI_BOUND_G,50,5,30,9815361.016280185
MULTI_BOUND_G,50,5,31,4907677.172728
MULTI_BOUND_G,50,5,32,2453857.832597442
MULTI_BOUND_G,50,5,33,1226950.5821711752
MULTI_BOUND_G,50,5,34,613478.7247646663
MULTI_BOUND_G,50,5,35,306755.9805284293
MULTI_BOUND_G,50,5,36,153390.9673140942
MULTI_BOUND_G,50,5,37,76719.58119866633
MULTI_BOUND_G,50,5,38,38367.53665286294
MULTI_BOUND_G,50,5,39,19208.806432065598
MULTI_BOUND_G,50,5,40,9617.419777977319
MULTI_BOUND_G,50,5,41,4835.494021714732
MULTI_BOUND_G,50,5,42,2438.71537300009
MULTI_BOUND_G,50,5,43,2448.2492759981856
MULTI_BOUND_G,50,5,44,2456.581318790874
MULTI_BOUND_G,50,5,45,2474.1391903485205
MULTI_BOUND_G,50,5,46,2459.1383573670696
MULTI_BOUND_G,50,5,47,2457.5372084011888
MULTI_BOUND_G,50,5,48,2463.292002047974
MULTI_BOUND_G,50,5,49,2466.544125199266
MULTI_BOUND_G,50,5,50,2471.8802214156576
MULTI_BOUND_G,50,5,51,2489.034961358822
MULTI_BOUND_G,50,5,52,2483.323445343066
MULTI_BOUND_G,50,5,53,2483.674534536091
MULTI_BOUND_G,50,5,54,2502.267521355338
MULTI_BOUND_G,50,5,55,2497.5337396081477
MULTI_BOUND_G,50,5,56,2477.1885544899046
MULTI_BOUND_G,50,5,57,2485.2842905263915
MULTI_BOUND_G,50,5,58,2492.9414420881994
MULTI_BOUND_G,50,5,59,2487.2613385716486
MULTI_BOUND_G,50,5,60,2497.5586637151146
MULTI_BOUND_G,50,5,61,2480.9108057766784
MULTI_BOUND_G,50,5,62,2495.375470593265
MULTI_BOUND_G,50,5,63,2494.655474270933
MULTI_BOUND_G,50,5,64,2492.1720737087107
MULTI_BOUND_G,50,5,65,2505.371453212496
MULTI_BOUND_G,50,5,66,2508.195535448618
MULTI_BOUND_G,50,5,67,2505.081763814551
MULTI_BOUND_G,50,5,68,2503.2146946519906
MULTI_BOUND_G,50,5,69,2508.712967876866
MULTI_BOUND_G,50,5,70,2534.178983940555
MULTI_BOUND_G,50,5,71,2522.7626220451457
MULTI_BOUND_G,50,5,72,2533.2014099583976
MULTI_BOUND_G,50,5,73,2534.6911690882785
MULTI_BOUND_G,50,5,74,2514.055245161195
MULTI_BOUND_G,50,5,75,2521.2343572232244
MULTI_BOUND_G,50,5,76,2528.0618783174973
MULTI_BOUND_G,50,5,77,2518.585906986228
MULTI_BOUND_G,50,5,78,2526.613627937968
MULTI_BOUND_G,50,5,79,2539.572200601982
MULTI_BOUND_G,50,5,80,2544.808473573453
MULTI_BOUND_G,50,5,81,2530.6727316345828
MULTI_BOUND_G,50,5,82,2540.233238903553
MULTI_BOUND_G,50,5,83,2546.4879027873694
MULTI_BOUND_G,50,5,84,2571.9537668517305
MULTI_BOUND_G,50,5,85,2556.013515694196
MULTI_BOUND_G,50,5,86,2458.2946936757294
MULTI_BOUND_G,50,5,87,2465.085950518578
MULTI_BOUND_G,50,5,88,2476.3192794164524
MULTI_BOUND_G,50,5,89,2475.2146090251154
MULTI_BOUND_G,50,5,90,2474.1337547988996
MULTI_BOUND_G,50,5,91,2484.5128209219233
MULTI_BOUND_G,50,5,92,2480.4009936505727
MULTI_BOUND_G,50,5,93,2501.032487403777
MULTI_BOUND_G,50,5,94,2490.722355870341
MULTI_BOUND_G,50,5,95,2487.520230290271
MULTI_BOUND_G,50,5,96,2511.065896879579
MULTI_BOUND_G,50,5,97,2491.5269614293134
MULTI_BOUND_G,50,5,98,2511.23536726972
MULTI_BOUND_G,50,5,99,2521.1174974471382
MULTI_BOUND_G,50,5,100,2498.137419938245
MULTI_BOUND_G,50,5,101,2494.6655637585627
MULTI_BOUND_G,50,5,102,2505.819383799879
MULTI_BOUND_G,50,5,103,2503.051244581784
MULTI_BOUND_G,50,5,104,2498.561498531425
MULTI_BOUND_G,50,5,105,2501.3270996804167
MULTI_BOUND_G,50,5,106,2521.1781942536923
MULTI_BOUND_G,50,5,107,2525.3210083884983
MULTI_BOUND_G,50,5,108,2512.7510376684045
MULTI_BOUND_G,50,5,109,2522.2142475391547
MULTI_BOUND_G,50,5,110,2523.779371814051
MULTI_BOUND_G,50,5,111,2507.512158220847
MULTI_BOUND_G,50,5,112,2510.4089253656957
MULTI_BOUND_G,50,5,113,2523.3953212923248
MULTI_BOUND_G,50,5,114,2520.5717648448745
MULTI_BOUND_G,50,5,115,2520.809291513471
MULTI_BOUND_G,50,5,116,2519.2195839266897
MULTI_BOUND_G,50,5,117,2532.9286517980827
MULTI_BOUND_G,50,5,118,2535.076430474247
MULTI_BOUND_G,50,5,119,2520.815176161227
MULTI_BOUND_G,50,5,120,2535.636384271245
MULTI_BOUND_G,50,5,121,2533.666755662657
MULTI_BOUND_G,50,5,122,2531.4416393354395
MULTI_BOUND_G,50,5,123,2534.545641726533
MULTI_BOUND_G,50,5,124,2531.3533380318913
MULTI_BOUND_G,50,5,125,2549.7026192905887
MULTI_BOUND_G,50,5,126,2534.2490124836067
MULTI_BOUND_G,50,5,127,2537.698581389751
MULTI_BOUND_G,50,5,128,2543.725527306854
MULTI_BOUND_G,50,5,129,2569.5383893191984
MULTI_BOUND_G,50,5,130,2458.397281615478
MULTI_BOUND_G,50,5,131,2470.376856427756
MULTI_BOUND_G,50,5,132,2482.1723265609185
MULTI_BOUND_G,50,5,133,2478.7834993128245
MULTI_BOUND_G,50,5,134,2506.941263034
MULTI_BOUND_G,50,5,135,2493.7108784726734
MULTI_BOUND_G,50,5,136,2490.219855837412
MULTI_BOUND_G,50,5,137,2512.516516031792
MULTI_BOUND_G,50,5,138,2495.311420377634
MULTI_BOUND_G,50,5,139,2495.9913741597848
MULTI_BOUND_G,50,5,140,2507.51959567587
MULTI_BOUND_G,50,5,141,2499.9621095797293
MULTI_BOUND_G,50,5,142,2518.9644010443526
MULTI_BOUND_G,50,5,143,2504.782790343055
MULTI_BOUND_G,50,5,144,2517.815586704744
MULTI_BOUND_G,50,5,145,2517.8747814300577
MULTI_BOUND_G,50,5,146,2531.5394622991275
MULTI_BOUND_G,50,5,147,2502.8426000561753
MULTI_BOUND_G,50,5,148,2505.5564063017287
MULTI_BOUND_G,50,5,149,2519.3384893800735
MULTI_BOUND_G,50,5,150,2513.7629541039396
MULTI_BOUND_G,50,5,151,2520.7740416930646
MULTI_BOUND_G,50,5,152,2544.080193153772
MULTI_BOUND_G,50,5,153,2516.613275382242
MULTI_BOUND_G,50,5,154,2543.1566621637417
MULTI_BOUND_G,50,5,155,2526.2160144301242
MULTI_BOUND_G,50,5,156,2528.119507797433
MULTI_BOUND_G,50,5,157,2524.2183101111814
MULTI_BOUND_G,50,5,158,2537.2911877531787
MULTI_BOUND_G,50,5,159,2548.869246413652
MULTI_BOUND_G,50,5,160,2534.3715764742615
MULTI_BOUND_G,50,5,161,2538.6747656213647
MULTI_BOUND_G,50,5,162,2544.3029423333114
MULTI_BOUND_G,50,5,163,2532.7095558513824
MULTI_BOUND_G,50,5,164,2547.9476104612895
MULTI_BOUND_G,50,5,165,2538.620897615042
MULTI_BOUND_G,50,5,166,2547.9281741672803
MULTI_BOUND_G,50,5,167,2555.9886026699355
MULTI_BOUND_G,50,5,168,2555.9009922925693
MULTI_BOUND_G,50,5,169,2543.363877448152
MULTI_BOUND_G,50,5,170,2554.1964614157487
MULTI_BOUND_G,50,5,171,2557.6255464376354
MULTI_BOUND_G,50,5,172,2563.7664642750497
MULTI_BOUND_G,50,5,173,2589.5525235895857
MULTI_BOUND_G,50,5,174,2477.1715728838835
MULTI_BOUND_G,50,5,175,2481.9181502458673
MULTI_BOUND_G,50,5,176,2481.8646806615443
MULTI_BOUND_G,50,5,177,2494.0569661163945
MULTI_BOUND_G,50,5,178,2500.402108679127
MULTI_BOUND_G,50,5,179,2510.8562893848934
MULTI_BOUND_G,50,5,180,2513.0342519921214
MULTI_BOUND_G,50,5,181,2502.160367236207
MULTI_BOUND_G,50,5,182,2516.8300130002576
MULTI_BOUND_G,50,5,183,2516.2117480348907
MULTI_BOUND_G,50,5,184,2523.9986590341814
MULTI_BOUND_G,50,5,185,2512.976009832937
MULTI_BOUND_G,50,5,186,2508.4584576238312
MULTI_BOUND_G,50,5,187,2505.5756187037696
MULTI_BOUND_G,50,5,188,2538.1595963552336
MULTI_BOUND_G,50,5,189,2521.133052536033
MULTI_BOUND_G,50,5,190,2529.499103979907
MULTI_BOUND_G,50,5,191,2520.785140936841
MULTI_BOUND_G,50,5,192,2521.164534125478
MULTI_BOUND_G,50,5,193,2515.882058855011
MULTI_BOUND_G,50,5,194,2537.4966535383655
MULTI_BOUND_G,50,5,195,2524.099887618801
MULTI_BOUND_G,50,5,196,2523.6753286753456
MULTI_BOUND_G,50,5,197,2548.3582295677993
MULTI_BOUND_G,50,5,198,2530.8996327751556
MULTI_BOUND_G,50,5,199,2554.062293203367
MULTI_BOUND_G,50,5,200,2538.587457167872
MULTI_BOUND_G,50,5,201,2546.7134629109432
MULTI_BOUND_G,50,5,202,2555.1046509283988
MULTI_BOUND_G,50,5,203,2544.213581572194
MULTI_BOUND_G,50,5,204,2545.8368031553036
MULTI_BOUND_G,50,5,205,2565.5505925488246
MULTI_BOUND_G,50,5,206,2542.5915369557524
MULTI_BOUND_G,50,5,207,2548.7298126955498
MULTI_BOUND_G,50,5,208,2567.3506793992
MULTI_BOUND_G,50,5,209,2570.260421992806
MULTI_BOUND_G,50,5,210,2575.427895213214
MULTI_BOUND_G,50,5,211,2574.7515352740647
MULTI_BOUND_G,50,5,212,2570.9378677246286
MULTI_BOUND_G,50,5,213,2568.525237226068
MULTI_BOUND_G,50,5,214,2567.267960550043
MULTI_BOUND_G,50,5,215,2584.551699328774
MULTI_BOUND_G,50,5,216,2593.1458548273004
MULTI_BOUND_G,50,5,217,2612.7611014542354
MULTI_BOUND_G,50,5,218,2504.831722654989
MULTI_BOUND_G,50,5,219,2497.838220342255
MULTI_BOUND_G,50,5,220,2531.7006924253133
MULTI_BOUND_G,50,5,221,2505.316594950371
MULTI_BOUND_G,50,5,222,2512.9109797353062
MULTI_BOUND_G,50,5,223,2517.392422482499
MULTI_BOUND_G,50,5,224,2526.400991336374
MULTI_BOUND_G,50,5,225,2521.202585459121
MULTI_BOUND_G,50,5,226,2517.5659961550837
MULTI_BOUND_G,50,5,227,2519.773624006681
MULTI_BOUND_G,50,5,228,2539.5307144103986
MULTI_BOUND_G,50,5,229,2521.119119648497
MULTI_BOUND_G,50,5,230,2540.9347317007287
MULTI_BOUND_G,50,5,231,2535.4586662822016
MULTI_BOUND_G,50,5,232,2539.8101795851135
MULTI_BOUND_G,50,5,233,2531.5247878728633
MULTI_BOUND_G,50,5,234,2526.8570026456373
MULTI_BOUND_G,50,5,235,2527.608939727858
MULTI_BOUND_G,50,6,0,1619.6122794389678
MULTI_BOUND_G,50,6,1,7696719012827324.0
MULTI_BOUND_G,50,6,2,3848359506413630.0
MULTI_BOUND_G,50,6,3,1924179753206823.5
MULTI_BOUND_G,50,6,4,962089876603394.9
MULTI_BOUND_G,50,6,5,481044938301691.9
MULTI_BOUND_G,50,6,6,240522469150838.3
MULTI_BOUND_G,50,6,7,120261234575401.31
MULTI_BOUND_G,50,6,8,60130617287696.45
MULTI_BOUND_G,50,6,9,30065308643843.203
MULTI_BOUND_G,50,6,10,15032654321902.912
MULTI_BOUND_G,50,6,11,7516327160942.373
MULTI_BOUND_G,50,6,12,3758163580461.9595
MULTI_BOUND_G,50,6,13,1879081790219.9604
MULTI_BOUND_G,50,6,14,939540895110.2954
MULTI_BOUND_G,50,6,15,469770447550.9237
MULTI_BOUND_G,50,6,16,234885223770.6864
MULTI_BOUND_G,50,6,17,117442611894.85513
MULTI_BOUND_G,50,6,18,58721305942.226364
MULTI_BOUND_G,50,6,19,29360652992.5935
MULTI_BOUND_G,50,6,20,14680326495.962318
MULTI_BOUND_G,50,6,21,7340163264.953062
MULTI_BOUND_G,50,6,22,3670081630.7878222
MULTI_BOUND_G,50,6,23,1835040821.0047653
MULTI_BOUND_G,50,6,24,917520430.0916755
MULTI_BOUND_G,50,6,25,458760219.74393165
MULTI_BOUND_G,50,6,26,229380116.96022204
MULTI_BOUND_G,50,6,27,114690063.41492465
MULTI_BOUND_G,50,6,28,57345045.01023133
MULTI_BOUND_G,50,6,29,28672531.807220496
MULTI_BOUND_G,50,6,30,14336277.761281174
MULTI_BOUND_G,50,6,31,7168159.436093319
MULTI_BOUND_G,50,6,32,3584095.2455007285
MULTI_BOUND_G,50,6,33,1792053.0252725468
MULTI_BOUND_G,50,6,34,896047.7914332915
MULTI_BOUND_G,50,6,35,448036.16632903804
MULTI_BOUND_G,50,6,36,224033.36550325638
MULTI_BOUND_G,50,6,37,112038.3832507168
MULTI_BOUND_G,50,6,38,56046.75828968604
MULTI_BOUND_G,50,6,39,28057.386310220943
MULTI_BOUND_G,50,6,40,14049.26540021482
MULTI_BOUND_G,50,6,41,7037.1018673692015
MULTI_BOUND_G,50,6,42,3535.220719593277
MULTI_BOUND_G,50,6,43,1797.3139471474324
MULTI_BOUND_G,50,6,44,1796.7091145810086
MULTI_BOUND_G,50,6,45,1797.5580370300106
MULTI_BOUND_G,50,6,46,1803.2848895139339
MULTI_BOUND_G,50,6,47,1800.9301398630032
MULTI_BOUND_G,50,6,48,1807.782798611126
MULTI_BOUND_G,50,6,49,1834.4257646155104
MULTI_BOUND_G,50,6,50,1814.3798568255331
MULTI_BOUND_G,50,6,51,1822.932884823139
MULTI_BOUND_G,50,6,52,1822.880883059825
MULTI_BOUND_G,50,6,53,1825.2885072389633
MULTI_BOUND_G,50,6,54,1835.0119788023308
MULTI_BOUND_G,50,6,55,1847.2909575617223
MULTI_BOUND_G,50,6,56,1835.556205876167
MULTI_BOUND_G,50,6,57,1843.2166683814064
MULTI_BOUND_G,50,6,58,1853.9373837503044
MULTI_BOUND_G,50,6,59,1852.852469768718
MULTI_BOUND_G,50,6,60,1839.043192427293
MULTI_BOUND_G,50,6,61,1842.98819604454
MULTI_BOUND_G,50,6,62,1846.7591395679497
MULTI_BOUND_G,50,6,63,1841.1805312165616
MULTI_BOUND_G,50,6,64,1852.7892484785625
MULTI_BOUND_G,50,6,65,1872.4540834321097
MULTI_BOUND_G,50,6,66,1859.0740456720437
MULTI_BOUND_G,50,6,67,1858.73485317554
MULTI_BOUND_G,50,6,68,1860.9178882269523
MULTI_BOUND_G,50,6,69,1861.9375684303711
MULTI_BOUND_G,50,6,70,1875.60873266273
MULTI_BOUND_G,50,6,71,1877.270020614516
MULTI_BOUND_G,50,6,72,1873.1568110153191
MULTI_BOUND_G,50,6,73,1877.3680118407779
MULTI_BOUND_G,50,6,74,1873.2648577738544
MULTI_BOUND_G,50,6,75,1884.5415411873764
MULTI_BOUND_G,50,6,76,1890.757219000722
MULTI_BOUND_G,50,6,77,1885.7218692057972
MULTI_BOUND_G,50,6,78,1887.4989036393258
MULTI_BOUND_G,50,6,79,1900.3333699230902
MULTI_BOUND_G,50,6,80,1898.0955499649876
MULTI_BOUND_G,50,6,81,1892.74935441738
MULTI_BOUND_G,50,6,82,1895.468410488627
MULTI_BOUND_G,50,6,83,1910.0992553197495
MULTI_BOUND_G,50,6,84,1901.0593344486235
MULTI_BOUND_G,50,6,85,1905.050846865358
MULTI_BOUND_G,50,6,86,1928.8924045833128
MULTI_BOUND_G,50,6,87,1944.6370849765322
MULTI_BOUND_G,50,6,88,1827.5658732481324
MULTI_BOUND_G,50,6,89,1831.587485875897
MULTI_BOUND_G,50,6,90,1835.8386296833692
MULTI_BOUND_G,50,6,91,1836.2571027519793
MULTI_BOUND_G,50,6,92,1838.7044568939689
MULTI_BOUND_G,50,6,93,1842.1198658876785
MULTI_BOUND_G,50,6,94,1859.9418462085039
MULTI_BOUND_G,50,6,95,1878.9287904760788
MULTI_BOUND_G,50,6,96,1864.4197092420104
MULTI_BOUND_G,50,6,97,1859.7743136371125
MULTI_BOUND_G,50,6,98,1868.040038379053
MULTI_BOUND_G,50,6,99,1872.8896161950122
MULTI_BOUND_G,50,6,100,1868.8133990254303
MULTI_BOUND_G,50,6,101,1875.9953238234768
MULTI_BOUND_G,50,6,102,1871.2081749752354
MULTI_BOUND_G,50,6,103,1885.3970483087087
MULTI_BOUND_G,50,6,104,1890.341365823428
MULTI_BOUND_G,50,6,105,1892.72817376794
MULTI_BOUND_G,50,6,106,1885.2398418064163
MULTI_BOUND_G,50,6,107,1879.5777878374479
MULTI_BOUND_G,50,6,108,1903.1296207755463
MULTI_BOUND_G,50,6,109,1893.4866517919804
MULTI_BOUND_G,50,6,110,1889.269352146209
MULTI_BOUND_G,50,6,111,1896.1078425213002
MULTI_BOUND_G,50,6,112,1885.9174504006194
MULTI_BOUND_G,50,6,113,1895.4305506990752
MULTI_BOUND_G,50,6,114,1903.1167033615113
MULTI_BOUND_G,50,6,115,1906.8715100972745
MULTI_BOUND_G,50,6,116,1917.6323347759835
MULTI_BOUND_G,50,6,117,1904.6956547419566
MULTI_BOUND_G,50,6,118,1922.226803446936
MULTI_BOUND_G,50,6,119,1908.5240237151922
MULTI_BOUND_G,50,6,120,1927.4363792041354
MULTI_BOUND_G,50,6,121,1923.7121630833208
MULTI_BOUND_G,50,6,122,1924.5451796956445
MULTI_BOUND_G,50,6,123,1930.146690248747
MULTI_BOUND_G,50,6,124,1923.401744130958
MULTI_BOUND_G,50,6,125,1927.1003550362047
MULTI_BOUND_G,50,6,126,1931.6434444402114
MULTI_BOUND_G,50,6,127,1945.3839258164503
MULTI_BOUND_G,50,6,128,1940.471456587727
MULTI_BOUND_G,50,6,129,1943.5354725384454
MULTI_BOUND_G,50,6,130,1954.8549858114604
MULTI_BOUND_G,50,6,131,1967.4571612735185
MULTI_BOUND_G,50,6,132,1982.6382589424081
MULTI_BOUND_G,50,6,133,1836.8457351812087
MULTI_BOUND_G,50,6,134,1851.5284511344876
MULTI_BOUND_G,50,6,135,1845.3368624715777
MULTI_BOUND_G,50,6,136,1857.4201870073593
MULTI_BOUND_G,50,6,137,1859.4112019356928
MULTI_BOUND_G,50,6,138,1866.1331291107786
MULTI_BOUND_G,50,6,139,1872.1161596494771
MULTI_BOUND_G,50,6,140,1880.6763882494438
MULTI_BOUND_G,50,6,141,1861.2427762413952
MULTI_BOUND_G,50,6,142,1877.626481535161
MULTI_BOUND_G,50,6,143,1868.1106743626126
MULTI_BOUND_G,50,6,144,1870.2499297264753
MULTI_BOUND_G,50,6,145,1876.4691627029267
MULTI_BOUND_G,50,6,146,1872.248304086508
MULTI_BOUND_G,50,6,147,1872.3270624024951
MULTI_BOUND_G,50,6,148,1889.4495510769648
MULTI_BOUND_G,50,6,149,1881.3564216259301
MULTI_BOUND_G,50,6,150,1884.814561165973
MULTI_BOUND_G,50,6,151,1896.6652230967745
MULTI_BOUND_G,50,6,152,1879.808273878267
MULTI_BOUND_G,50,6,153,1884.863125374442
MULTI_BOUND_G,50,6,154,1882.0925294233396
MULTI_BOUND_G,50,6,155,1914.5504860698227
MULTI_BOUND_G,50,6,156,1895.3358544744167
MULTI_BOUND_G,50,6,157,1892.7903329221022
MULTI_BOUND_G,50,6,158,1898.8769910174715
MULTI_BOUND_G,50,6,159,1902.064413549773
MULTI_BOUND_G,50,6,160,1899.2169658657267
MULTI_BOUND_G,50,6,161,1900.9706144254114
MULTI_BOUND_G,50,6,162,1909.1165808241706
MULTI_BOUND_G,50,6,163,1904.6077748800126
MULTI_BOUND_G,50,6,164,1912.1238431095674
MULTI_BOUND_G,50,6,165,1911.4112088774243
MULTI_BOUND_G,50,6,166,1906.4204625844302
MULTI_BOUND_G,50,6,167,1905.355720734157
MULTI_BOUND_G,50,6,168,1897.7835174735783
MULTI_BOUND_G,50,6,169,1908.874392882863
MULTI_BOUND_G,50,6,170,1913.4701922469076
MULTI_BOUND_G,50,6,171,1918.7549083820513
MULTI_BOUND_G,50,6,172,1932.7673068372333
MULTI_BOUND_G,50,6,173,1945.2033092463168
MULTI_BOUND_G,50,6,174,1937.6839722226475
MULTI_BOUND_G,50,6,175,1958.2215396715546
MULTI_BOUND_G,50,6,176,1958.9628959658548
MULTI_BOUND_G,50,6,177,1963.3826369928793
MULTI_BOUND_G,50,6,178,1828.62526618468
MULTI_BOUND_G,50,6,179,1839.4606630284559
MULTI_BOUND_G,50,6,180,1844.4000745117196
MULTI_BOUND_G,50,6,181,1840.1581793348303
MULTI_BOUND_G,50,6,182,1854.736571989845
MULTI_BOUND_G,50,6,183,1863.3136213127348
MULTI_BOUND_G,50,6,184,1857.128279351635
MULTI_BOUND_G,50,6,185,1873.0207240298969
MULTI_BOUND_G,50,6,186,1867.1674208318782
MULTI_BOUND_G,50,6,187,1868.6311796594907
MULTI_BOUND_G,50,6,188,1868.9227461734126
MULTI_BOUND_G,50,6,189,1872.9024606222806
MULTI_BOUND_G,50,6,190,1881.410892149748
MULTI_BOUND_G,50,6,191,1886.1477884268834
MULTI_BOUND_G,50,6,192,1879.355613362776
MULTI_BOUND_G,50,6,193,1893.842366855874
MULTI_BOUND_G,50,6,194,1872.951955543077
MULTI_BOUND_G,50,6,195,1882.0927804085907
MULTI_BOUND_G,50,6,196,1892.5096835491188
MULTI_BOUND_G,50,6,197,1901.1908852878958
MULTI_BOUND_G,50,6,198,1889.320620158602
MULTI_BOUND_G,50,6,199,1890.113926915529
MULTI_BOUND_G,50,6,200,1895.289870185591
MULTI_BOUND_G,50,6,201,1895.7044904709574
MULTI_BOUND_G,50,6,202,1896.6752227545321
MULTI_BOUND_G,50,6,203,1889.5349421987703
MULTI_BOUND_G,50,6,204,1894.1310451345291
MULTI_BOUND_G,50,6,205,1893.8987172560835
MULTI_BOUND_G,50,6,206,1909.8262760694251
MULTI_BOUND_G,50,6,207,1901.3302976037876
MULTI_BOUND_G,50,6,208,1905.4876442758837
MULTI_BOUND_G,50,6,209,1909.4233667459698
MULTI_BOUND_G,50,6,210,1911.1490865128221
MULTI_BOUND_G,50,6,211,1917.777289688552
MULTI_BOUND_G,50,6,212,1913.1700935721115
MULTI_BOUND_G,50,6,213,1921.885126110862
MULTI_BOUND_G,50,6,214,1914.9561043829835
MULTI_BOUND_G,50,6,215,1917.2473437017866
MULTI_BOUND_G,50,6,216,1925.6393302200026
MULTI_BOUND_G,50,6,217,1926.091765572899
MULTI_BOUND_G,50,6,218,1937.011551439901
MULTI_BOUND_G,50,6,219,1954.0541414229
MULTI_BOUND_G,50,6,220,1950.1013987109059
MULTI_BOUND_G,50,6,221,1956.9392322517874
MULTI_BOUND_G,50,6,222,1968.819076350576
MULTI_BOUND_G,50,6,223,1864.0551052223273
MULTI_BOUND_G,50,6,224,1859.00389569908
MULTI_BOUND_G,50,6,225,1857.856562182917
MULTI_BOUND_G,50,6,226,1870.7353994292662
MULTI_BOUND_G,50,6,227,1863.2919254270553
MULTI_BOUND_G,50,6,228,1878.270300844134
MULTI_BOUND_G,50,6,229,1867.7935112239174
MULTI_BOUND_G,50,6,230,1884.722071985867
MULTI_BOUND_G,50,6,231,1886.7181738112783
MULTI_BOUND_G,50,7,0,1688.6773434264296
MULTI_BOUND_G,50,7,1,9232109611405952.0
MULTI_BOUND_G,50,7,2,4616054805702966.0
MULTI_BOUND_G,50,7,3,2308027402851452.0
MULTI_BOUND_G,50,7,4,1154013701425728.2
MULTI_BOUND_G,50,7,5,577006850712854.2
MULTI_BOUND_G,50,7,6,288503425356420.1
MULTI_BOUND_G,50,7,7,144251712678210.88
MULTI_BOUND_G,50,7,8,72125856339105.48
MULTI_BOUND_G,50,7,9,36062928169538.06
MULTI_BOUND_G,50,7,10,18031464084779.664
MULTI_BOUND_G,50,7,11,9015732042401.21
MULTI_BOUND_G,50,7,12,4507866021184.693
MULTI_BOUND_G,50,7,13,2253933010591.648
MULTI_BOUND_G,50,7,14,1126966505307.8662
MULTI_BOUND_G,50,7,15,563483252666.5881
MULTI_BOUND_G,50,7,16,281741626329.0448
MULTI_BOUND_G,50,7,17,140870813166.95685
MULTI_BOUND_G,50,7,18,70435406595.57385
MULTI_BOUND_G,50,7,19,35217703306.60317
MULTI_BOUND_G,50,7,20,17608851661.56939
MULTI_BOUND_G,50,7,21,8804425846.627453
MULTI_BOUND_G,50,7,22,4402212933.285288
MULTI_BOUND_G,50,7,23,2201106474.660924
MULTI_BOUND_G,50,7,24,1100553244.8281307
MULTI_BOUND_G,50,7,25,550276629.9604417
MULTI_BOUND_G,50,7,26,275138324.4055296
MULTI_BOUND_G,50,7,27,137569174.63661957
MULTI_BOUND_G,50,7,28,68784602.7491616
MULTI_BOUND_G,50,7,29,34392323.38671133
MULTI_BOUND_G,50,7,30,17196169.579188496
MULTI_BOUND_G,50,7,31,8598105.078875229
MULTI_BOUND_G,50,7,32,4299065.705385565
MULTI_BOUND_G,50,7,33,2149549.496504091
MULTI_BOUND_G,50,7,34,1074786.25108569
MULTI_BOUND_G,50,7,35,537414.3744637691
MULTI_BOUND_G,50,7,36,268724.493013645
MULTI_BOUND_G,50,7,37,134384.59949333125
MULTI_BOUND_G,50,7,38,67210.59909311174
MULTI_BOUND_G,50,7,39,33616.00745743453
MULTI_BOUND_G,50,7,40,16832.369043404775
MULTI_BOUND_G,50,7,41,8438.001505997665
MULTI_BOUND_G,50,7,42,4230.975643561309
MULTI_BOUND_G,50,7,43,2141.9762422573076
MULTI_BOUND_G,50,7,44,2145.4091943907815
MULTI_BOUND_G,50,7,45,2153.7833713338014
MULTI_BOUND_G,50,7,46,2154.6165653856533
MULTI_BOUND_G,50,7,47,2157.4896265709212
MULTI_BOUND_G,50,7,48,2155.889650592002
MULTI_BOUND_G,50,7,49,2151.3435791657166
MULTI_BOUND_G,50,7,50,2159.8665903806914
MULTI_BOUND_G,50,7,51,2161.0558154419546
MULTI_BOUND_G,50,7,52,2155.018736499269
MULTI_BOUND_G,50,7,53,2167.3201204869874
MULTI_BOUND_G,50,7,54,2165.155237419769
MULTI_BOUND_G,50,7,55,2165.2851081033673
MULTI_BOUND_G,50,7,56,2173.1290657588406
MULTI_BOUND_G,50,7,57,2185.198181443874
MULTI_BOUND_G,50,7,58,2180.541589580582
MULTI_BOUND_G,50,7,59,2187.114068228272
MULTI_BOUND_G,50,7,60,2177.5559570712494
MULTI_BOUND_G,50,7,61,2184.3701857524
MULTI_BOUND_G,50,7,62,2177.124184271115
MULTI_BOUND_G,50,7,63,2180.1928977331054
MULTI_BOUND_G,50,7,64,2184.4612533883883
MULTI_BOUND_G,50,7,65,2182.30222900435
MULTI_BOUND_G,50,7,66,2198.423319622005
MULTI_BOUND_G,50,7,67,2185.3970960169318
MULTI_BOUND_G,50,7,68,2193.068253705838
MULTI_BOUND_G,50,7,69,2207.447584101118
MULTI_BOUND_G,50,7,70,2191.7578365269874
MULTI_BOUND_G,50,7,71,2188.911639634667
MULTI_BOUND_G,50,7,72,2196.6684978543108
MULTI_BOUND_G,50,7,73,2200.4168449454246
MULTI_BOUND_G,50,7,74,2187.3204447577054
MULTI_BOUND_G,50,7,75,2194.3302679709486
MULTI_BOUND_G,50,7,76,2195.350338734344
MULTI_BOUND_G,50,7,77,2213.879776622719
MULTI_BOUND_G,50,7,78,2212.318133780844
MULTI_BOUND_G,50,7,79,2205.0546581086683
MULTI_BOUND_G,50,7,80,2211.3318969227466
MULTI_BOUND_G,50,7,81,2209.8148548025183
MULTI_BOUND_G,50,7,82,2220.6954987573354
MULTI_BOUND_G,50,7,83,2214.6745021180614
MULTI_BOUND_G,50,7,84,2216.8520875880117
MULTI_BOUND_G,50,7,85,2230.508606545097
MULTI_BOUND_G,50,7,86,2242.107245948847
MULTI_BOUND_G,50,7,87,2249.8388315261122
MULTI_BOUND_G,50,7,88,2185.7146145959578
MULTI_BOUND_G,50,7,89,2196.789772603586
MULTI_BOUND_G,50,7,90,2206.1528525592903
MULTI_BOUND_G,50,7,91,2206.957992527069
MULTI_BOUND_G,50,7,92,2214.6157347668714
MULTI_BOUND_G,50,7,93,2215.2874594494433
MULTI_BOUND_G,50,7,94,2213.247962957932
MULTI_BOUND_G,50,7,95,2215.9337956227164
MULTI_BOUND_G,50,7,96,2224.720044546044
MULTI_BOUND_G,50,7,97,2217.7529524960228
MULTI_BOUND_G,50,7,98,2229.618540650792
MULTI_BOUND_G,50,7,99,2227.8547128918076
MULTI_BOUND_G,50,7,100,2226.4497626641596
MULTI_BOUND_G,50,7,101,2225.583258748343
MULTI_BOUND_G,50,7,102,2233.0350408129907
MULTI_BOUND_G,50,7,103,2241.88453894591
MULTI_BOUND_G,50,7,104,2236.977497838153
MULTI_BOUND_G,50,7,105,2225.447384750269
MULTI_BOUND_G,50,7,106,2232.415662627218
MULTI_BOUND_G,50,7,107,2239.0793583801396
MULTI_BOUND_G,50,7,108,2247.453053714262
MULTI_BOUND_G,50,7,109,2241.6596876075428
MULTI_BOUND_G,50,7,110,2245.0670827625713
MULTI_BOUND_G,50,7,111,2250.019154197119
MULTI_BOUND_G,50,7,112,2250.2650868673472
MULTI_BOUND_G,50,7,113,2241.8345845120293
MULTI_BOUND_G,50,7,114,2251.3376066976243
MULTI_BOUND_G,50,7,115,2252.861082233432
MULTI_BOUND_G,50,7,116,2255.4684835614507
MULTI_BOUND_G,50,7,117,2264.232322111726
MULTI_BOUND_G,50,7,118,2255.662885619021
MULTI_BOUND_G,50,7,119,2262.077928891411
MULTI_BOUND_G,50,7,120,2261.006460784957
MULTI_BOUND_G,50,7,121,2263.311780705561
MULTI_BOUND_G,50,7,122,2276.972623781462
MULTI_BOUND_G,50,7,123,2277.389748862882
MULTI_BOUND_G,50,7,124,2270.3034929136247
MULTI_BOUND_G,50,7,125,2272.439831910099
MULTI_BOUND_G,50,7,126,2295.7860614684214
MULTI_BOUND_G,50,7,127,2290.8671229518523
MULTI_BOUND_G,50,7,128,2301.413892960345
MULTI_BOUND_G,50,7,129,2289.800461570143
MULTI_BOUND_G,50,7,130,2287.1106805080603
MULTI_BOUND_G,50,7,131,2280.6681559715516
MULTI_BOUND_G,50,7,132,2316.3688871970044
MULTI_BOUND_G,50,7,133,2227.284025616164
MULTI_BOUND_G,50,7,134,2233.7527277163535
MULTI_BOUND_G,50,7,135,2244.592063201314
MULTI_BOUND_G,50,7,136,2240.773113962091
MULTI_BOUND_G,50,7,137,2238.329921716533
MULTI_BOUND_G,50,7,138,2241.7494565654106
MULTI_BOUND_G,50,7,139,2246.258013502148
MULTI_BOUND_G,50,7,140,2243.1258105062548
MULTI_BOUND_G,50,7,141,2243.1756205935008
MULTI_BOUND_G,50,7,142,2255.539169272005
MULTI_BOUND_G,50,7,143,2248.66820534602
MULTI_BOUND_G,50,7,144,2252.8336793318153
MULTI_BOUND_G,50,7,145,2253.740481325085
MULTI_BOUND_G,50,7,146,2245.8057364607994
MULTI_BOUND_G,50,7,147,2256.846212334287
MULTI_BOUND_G,50,7,148,2262.710670963282
MULTI_BOUND_G,50,7,149,2262.982818289033
MULTI_BOUND_G,50,7,150,2264.738065052584
MULTI_BOUND_G,50,7,151,2262.462294410074
MULTI_BOUND_G,50,7,152,2277.8902835783038
MULTI_BOUND_G,50,7,153,2272.104135258184
MULTI_BOUND_G,50,7,154,2275.5397308150023
MULTI_BOUND_G,50,7,155,2269.297127831339
MULTI_BOUND_G,50,7,156,2270.0247984414636
MULTI_BOUND_G,50,7,157,2268.221308131736
MULTI_BOUND_G,50,7,158,2270.6103781160236
MULTI_BOUND_G,50,7,159,2286.6973752779168
MULTI_BOUND_G,50,7,160,2296.6768664836654
MULTI_BOUND_G,50,7,161,2287.408011275962
MULTI_BOUND_G,50,7,162,2286.3478054227267
MULTI_BOUND_G,50,7,163,2276.06268385984
MULTI_BOUND_G,50,7,164,2283.3611821474597
MULTI_BOUND_G,50,7,165,2282.4491883938404
MULTI_BOUND_G,50,7,166,2278.6031067650974
MULTI_BOUND_G,50,7,167,2279.6576693649017
MULTI_BOUND_G,50,7,168,2294.305435724055
MULTI_BOUND_G,50,7,169,2305.571175331176
MULTI_BOUND_G,50,7,170,2300.6399240216742
MULTI_BOUND_G,50,7,171,2301.219538190452
MULTI_BOUND_G,50,7,172,2299.9985748226636
MULTI_BOUND_G,50,7,173,2311.264320134015
MULTI_BOUND_G,50,7,174,2307.584037439992
MULTI_BOUND_G,50,7,175,2312.1334933020316
MULTI_BOUND_G,50,7,176,2328.5945375305064
MULTI_BOUND_G,50,7,177,2329.314126208411
MULTI_BOUND_G,50,7,178,2204.5039621597143
MULTI_BOUND_G,50,7,179,2211.062906613019
MULTI_BOUND_G,50,7,180,2222.7084726186877
MULTI_BOUND_G,50,7,181,2234.111559218438
MULTI_BOUND_G,50,7,182,2238.518313096498
MULTI_BOUND_G,50,7,183,2239.1609783385056
MULTI_BOUND_G,50,7,184,2248.6772871391267
MULTI_BOUND_G,50,7,185,2250.1359884643443
MULTI_BOUND_G,50,7,186,2258.261680852259
MULTI_BOUND_G,50,7,187,2251.361226161771
MULTI_BOUND_G,50,7,188,2262.563849420887
MULTI_BOUND_G,50,7,189,2260.3849177432576
MULTI_BOUND_G,50,7,190,2253.7466353967266
MULTI_BOUND_G,50,7,191,2253.2522937781014
MULTI_BOUND_G,50,7,192,2255.702722788865
MULTI_BOUND_G,50,7,193,2260.4930696513575
MULTI_BOUND_G,50,7,194,2262.7438578921565
MULTI_BOUND_G,50,7,195,2262.119617442021
MULTI_BOUND_G,50,7,196,2252.4523299490465
MULTI_BOUND_G,50,7,197,2271.9069337661495
MULTI_BOUND_G,50,7,198,2263.1098016581936
MULTI_BOUND_G,50,7,199,2269.482860966661
MULTI_BOUND_G,50,7,200,2268.237371399081
MULTI_BOUND_G,50,7,201,2285.982011905525
MULTI_BOUND_G,50,7,202,2284.222078168893
MULTI_BOUND_G,50,7,203,2274.737099056704
MULTI_BOUND_G,50,7,204,2274.117723187326
MULTI_BOUND_G,50,7,205,2274.005712049662
MULTI_BOUND_G,50,7,206,2278.4493583132817
MULTI_BOUND_G,50,7,207,2288.338029628285
MULTI_BOUND_G,50,7,208,2281.2217081197705
MULTI_BOUND_G,50,7,209,2284.5705605131975
MULTI_BOUND_G,50,7,210,2283.3354019378467
MULTI_BOUND_G,50,7,211,2288.6355549814098
MULTI_BOUND_G,50,7,212,2296.253991029177
MULTI_BOUND_G,50,7,213,2304.950635162685
MULTI_BOUND_G,50,7,214,2291.60496788322
MULTI_BOUND_G,50,7,215,2304.3645739305157
MULTI_BOUND_G,50,7,216,2310.557581850676
MULTI_BOUND_G,50,7,217,2312.318038609164
MULTI_BOUND_G,50,7,218,2311.295801590089
MULTI_BOUND_G,50,7,219,2327.680854885408
MULTI_BOUND_G,50,7,220,2328.3128891269907
MULTI_BOUND_G,50,7,221,2323.227560194291
MULTI_BOUND_G,50,7,222,2352.7704406476637
MULTI_BOUND_G,50,7,223,2190.0492757260017
MULTI_BOUND_G,50,7,224,2228.4027546169
MULTI_BOUND_G,50,7,225,2231.479594421038
MULTI_BOUND_G,50,7,226,2240.808839145263
MULTI_BOUND_G,50,7,227,2242.1493437753807
MULTI_BOUND_G,50,7,228,2249.6955675895315
MULTI_BOUND_G,50,7,229,2247.117793159662
MULTI_BOUND_G,50,7,230,2254.2570895284625
MULTI_BOUND_G,50,7,231,2254.9272483247787
MULTI_BOUND_G,50,8,0,1604.6557503408308
MULTI_BOUND_G,50,8,1,8071923980438030.0
MULTI_BOUND_G,50,8,2,4035961990218988.0
MULTI_BOUND_G,50,8,3,2017980995109496.0
MULTI_BOUND_G,50,8,4,1008990497554718.8
MULTI_BOUND_G,50,8,5,504495248777366.8
MULTI_BOUND_G,50,8,6,252247624388679.62
MULTI_BOUND_G,50,8,7,126123812194333.5
MULTI_BOUND_G,50,8,8,63061906097171.25
MULTI_BOUND_G,50,8,9,31530953048575.227
MULTI_BOUND_G,50,8,10,15765476524279.367
MULTI_BOUND_G,50,8,11,7882738262153.592
MULTI_BOUND_G,50,8,12,3941369131077.244
MULTI_BOUND_G,50,8,13,1970684565538.3203
MULTI_BOUND_G,50,8,14,985342282761.5591
MULTI_BOUND_G,50,8,15,492671141368.9365
MULTI_BOUND_G,50,8,16,246335570689.6537
MULTI_BOUND_G,50,8,17,123167785349.87616
MULTI_BOUND_G,50,8,18,61583892671.56021
MULTI_BOUND_G,50,8,19,30791946333.296154
MULTI_BOUND_G,50,8,20,15395973166.860718
MULTI_BOUND_G,50,8,21,7697986584.93587
MULTI_BOUND_G,50,8,22,3848993291.0423365
MULTI_BOUND_G,50,8,23,1924496653.563386
MULTI_BOUND_G,50,8,24,962248333.5468569
MULTI_BOUND_G,50,8,25,481124180.5032872
MULTI_BOUND_G,50,8,26,240562098.88370472
MULTI_BOUND_G,50,8,27,120281055.40030834
MULTI_BOUND_G,50,8,28,60140532.531454965
MULTI_BOUND_G,50,8,29,30070284.810471952
MULTI_BOUND_G,50,8,30,15035160.72624623
MULTI_BOUND_G,50,8,31,7517592.729729345
MULTI_BOUND_G,50,8,32,3758816.482877926
MULTI_BOUND_G,50,8,33,1879414.942229554
MULTI_BOUND_G,50,8,34,939714.7532810679
MULTI_BOUND_G,50,8,35,469862.50857860595
MULTI_BOUND_G,50,8,36,234949.26831088908
MULTI_BOUND_G,50,8,37,117482.77389076758
MULTI_BOUND_G,50,8,38,58753.79730974382
MULTI_BOUND_G,50,8,39,29405.222435094962
MULTI_BOUND_G,50,8,40,14721.226242790015
MULTI_BOUND_G,50,8,41,7379.679835758865
MULTI_BOUND_G,50,8,42,3709.247424345698
MULTI_BOUND_G,50,8,43,1867.8997753177919
MULTI_BOUND_G,50,8,44,1861.1431310005364
MULTI_BOUND_G,50,8,45,1869.8115513443763
MULTI_BOUND_G,50,8,46,1865.8680349386088
MULTI_BOUND_G,50,8,47,1875.4162363140977
MULTI_BOUND_G,50,8,48,1875.434964417901
MULTI_BOUND_G,50,8,49,1877.492822318729
MULTI_BOUND_G,50,8,50,1870.5890212400582
MULTI_BOUND_G,50,8,51,1881.5257286009369
MULTI_BOUND_G,50,8,52,1887.1435075359618
MULTI_BOUND_G,50,8,53,1884.053114015091
MULTI_BOUND_G,50,8,54,1872.1319985551668
MULTI_BOUND_G,50,8,55,1892.696177793974
MULTI_BOUND_G,50,8,56,1885.3345548240081
MULTI_BOUND_G,50,8,57,1886.1231208229287
MULTI_BOUND_G,50,8,58,1885.5054498310794
MULTI_BOUND_G,50,8,59,1890.9996615448924
MULTI_BOUND_G,50,8,60,1890.0170584230664
MULTI_BOUND_G,50,8,61,1887.4552812439451
MULTI_BOUND_G,50,8,62,1890.7501888284046
MULTI_BOUND_G,50,8,63,1879.8632300891336
MULTI_BOUND_G,50,8,64,1890.1213173714027
MULTI_BOUND_G,50,8,65,1900.8710056757277
MULTI_BOUND_G,50,8,66,1897.195058109458
MULTI_BOUND_G,50,8,67,1892.2308047782135
MULTI_BOUND_G,50,8,68,1907.4396020160461
MULTI_BOUND_G,50,8,69,1906.7761679175335
MULTI_BOUND_G,50,8,70,1891.180881329533
MULTI_BOUND_G,50,8,71,1891.2295601101277
MULTI_BOUND_G,50,8,72,1895.9181788160206
MULTI_BOUND_G,50,8,73,1913.2151224090758
MULTI_BOUND_G,50,8,74,1906.8607183177255
MULTI_BOUND_G,50,8,75,1911.2430181703307
MULTI_BOUND_G,50,8,76,1911.089390094959
MULTI_BOUND_G,50,8,77,1917.163185581568
MULTI_BOUND_G,50,8,78,1908.9590325996162
MULTI_BOUND_G,50,8,79,1910.7490314252464
MULTI_BOUND_G,50,8,80,1912.3595795648612
MULTI_BOUND_G,50,8,81,1924.0917957226995
MULTI_BOUND_G,50,8,82,1925.039079371405
MULTI_BOUND_G,50,8,83,1924.2003836437675
MULTI_BOUND_G,50,8,84,1927.4089141906877
MULTI_BOUND_G,50,8,85,1941.7319108272259
MULTI_BOUND_G,50,8,86,1940.7585270014133
MULTI_BOUND_G,50,8,87,1946.6460577229623
MULTI_BOUND_G,50,8,88,1853.8987473617053
MULTI_BOUND_G,50,8,89,1876.1862563777636
MULTI_BOUND_G,50,8,90,1891.0467949595964
MULTI_BOUND_G,50,8,91,1898.084720219674
MULTI_BOUND_G,50,8,92,1895.2266893916126
MULTI_BOUND_G,50,8,93,1889.0835408411644
MULTI_BOUND_G,50,8,94,1886.2935214621675
MULTI_BOUND_G,50,8,95,1901.1224351386538
MULTI_BOUND_G,50,8,96,1902.7931653292549
MULTI_BOUND_G,50,8,97,1904.5075375256733
MULTI_BOUND_G,50,8,98,1905.7428954397506
MULTI_BOUND_G,50,8,99,1902.908605040292
MULTI_BOUND_G,50,8,100,1895.9436370867775
MULTI_BOUND_G,50,8,101,1911.67445279397
MULTI_BOUND_G,50,8,102,1912.6957215653151
MULTI_BOUND_G,50,8,103,1913.8258563645927
MULTI_BOUND_G,50,8,104,1921.2491610954005
MULTI_BOUND_G,50,8,105,1915.123733414268
MULTI_BOUND_G,50,8,106,1914.7076815459645
MULTI_BOUND_G,50,8,107,1906.98588028315
MULTI_BOUND_G,50,8,108,1917.0927662483155
MULTI_BOUND_G,50,8,109,1909.3205322161625
MULTI_BOUND_G,50,8,110,1919.053399391431
MULTI_BOUND_G,50,8,111,1913.8443037506001
MULTI_BOUND_G,50,8,112,1919.0942543100493
MULTI_BOUND_G,50,8,113,1923.5740647772914
MULTI_BOUND_G,50,8,114,1923.8074825083881
MULTI_BOUND_G,50,8,115,1933.8848184294907
MULTI_BOUND_G,50,8,116,1933.9072898416284
MULTI_BOUND_G,50,8,117,1935.556697818043
MULTI_BOUND_G,50,8,118,1934.613700521826
MULTI_BOUND_G,50,8,119,1920.3456066172698
MULTI_BOUND_G,50,8,120,1941.3979480126438
MULTI_BOUND_G,50,8,121,1934.4824027475815
MULTI_BOUND_G,50,8,122,1940.9742518664848
MULTI_BOUND_G,50,8,123,1936.0068976882833
MULTI_BOUND_G,50,8,124,1929.5980444451332
MULTI_BOUND_G,50,8,125,1933.680713932973
MULTI_BOUND_G,50,8,126,1929.0192763116174
MULTI_BOUND_G,50,8,127,1950.5931182765144
MULTI_BOUND_G,50,8,128,1949.3347638958112
MULTI_BOUND_G,50,8,129,1945.6941885980368
MULTI_BOUND_G,50,8,130,1954.577605160389
MULTI_BOUND_G,50,8,131,1978.10250634791
MULTI_BOUND_G,50,8,132,1978.4021376349062
MULTI_BOUND_G,50,8,133,1871.5531224693518
MULTI_BOUND_G,50,8,134,1862.3685755408924
MULTI_BOUND_G,50,8,135,1883.271049006691
MULTI_BOUND_G,50,8,136,1901.36436555563
MULTI_BOUND_G,50,8,137,1900.2526331397921
MULTI_BOUND_G,50,8,138,1899.6076380673567
MULTI_BOUND_G,50,8,139,1896.5147108681447
MULTI_BOUND_G,50,8,140,1906.9003643644692
MULTI_BOUND_G,50,8,141,1906.839328953116
MULTI_BOUND_G,50,8,142,1898.4199971367389
MULTI_BOUND_G,50,8,143,1901.2969671034339
MULTI_BOUND_G,50,8,144,1916.59134111084
MULTI_BOUND_G,50,8,145,1915.3657658937484
MULTI_BOUND_G,50,8,146,1924.3336887617138
MULTI_BOUND_G,50,8,147,1922.5409211909455
MULTI_BOUND_G,50,8,148,1921.208906093972
MULTI_BOUND_G,50,8,149,1920.6909686551912
MULTI_BOUND_G,50,8,150,1930.3655571426684
MULTI_BOUND_G,50,8,151,1920.8076849786676
MULTI_BOUND_G,50,8,152,1917.7763918367536
MULTI_BOUND_G,50,8,153,1920.7975768003098
MULTI_BOUND_G,50,8,154,1921.0651618586828
MULTI_BOUND_G,50,8,155,1920.474011702331
MULTI_BOUND_G,50,8,156,1914.615651205636
MULTI_BOUND_G,50,8,157,1925.333425089076
MULTI_BOUND_G,50,8,158,1931.8490642483257
MULTI_BOUND_G,50,8,159,1926.1823340167555
MULTI_BOUND_G,50,8,160,1934.9702549514936
MULTI_BOUND_G,50,8,161,1928.1199223926342
MULTI_BOUND_G,50,8,162,1928.5692803639204
MULTI_BOUND_G,50,8,163,1929.1138257481875
MULTI_BOUND_G,50,8,164,1932.050395291981
MULTI_BOUND_G,50,8,165,1936.0980528724947
MULTI_BOUND_G,50,8,166,1926.1944430486642
MULTI_BOUND_G,50,8,167,1931.4041789341634
MULTI_BOUND_G,50,8,168,1940.482811279476
MULTI_BOUND_G,50,8,169,1947.567353026509
MULTI_BOUND_G,50,8,170,1935.81558547425
MULTI_BOUND_G,50,8,171,1948.8914679534737
MULTI_BOUND_G,50,8,172,1933.5747564249791
MULTI_BOUND_G,50,8,173,1954.5868215082833
MULTI_BOUND_G,50,8,174,1961.1081075086763
MULTI_BOUND_G,50,8,175,1966.9531316154041
MULTI_BOUND_G,50,8,176,1973.231986429173
MULTI_BOUND_G,50,8,177,1990.3749642080863
MULTI_BOUND_G,50,8,178,1888.5383590783968
MULTI_BOUND_G,50,8,179,1890.0355233103824
MULTI_BOUND_G,50,8,180,1893.600759139427
MULTI_BOUND_G,50,8,181,1895.698956994138
MULTI_BOUND_G,50,8,182,1901.2739530285523
MULTI_BOUND_G,50,8,183,1892.9741903516137
MULTI_BOUND_G,50,8,184,1901.5316009544117
MULTI_BOUND_G,50,8,185,1915.6233552498725
MULTI_BOUND_G,50,8,186,1904.109810202372
MULTI_BOUND_G,50,8,187,1907.3165489581943
MULTI_BOUND_G,50,8,188,1921.5787269256004
MULTI_BOUND_G,50,8,189,1917.520174028131
MULTI_BOUND_G,50,8,190,1935.1568786090086
MULTI_BOUND_G,50,8,191,1921.940108278227
MULTI_BOUND_G,50,8,192,1926.2859353600102
MULTI_BOUND_G,50,8,193,1930.0257385939422
MULTI_BOUND_G,50,8,194,1922.918030976185
MULTI_BOUND_G,50,8,195,1945.0679922020702
MULTI_BOUND_G,50,8,196,1940.230273705387
MULTI_BOUND_G,50,8,197,1946.9624572194625
MULTI_BOUND_G,50,8,198,1948.3726354046453
MULTI_BOUND_G,50,8,199,1944.7185449298352
MULTI_BOUND_G,50,8,200,1935.0833746567591
MULTI_BOUND_G,50,8,201,1952.639257880128
MULTI_BOUND_G,50,8,202,1940.4377423778035
MULTI_BOUND_G,50,8,203,1957.4624927829063
MULTI_BOUND_G,50,8,204,1949.2449769514637
MULTI_BOUND_G,50,8,205,1949.7567695123398
MULTI_BOUND_G,50,8,206,1953.0567461952137
MULTI_BOUND_G,50,8,207,1945.8519944416498
MULTI_BOUND_G,50,8,208,1963.1327510664714
MULTI_BOUND_G,50,8,209,1962.1617421456426
MULTI_BOUND_G,50,8,210,1960.921558758328
MULTI_BOUND_G,50,8,211,1965.1109226431913
MULTI_BOUND_G,50,8,212,1973.5597350436155
MULTI_BOUND_G,50,8,213,1977.7066454497851
MULTI_BOUND_G,50,8,214,1971.2209143031564
MULTI_BOUND_G,50,8,215,1964.4369636504246
MULTI_BOUND_G,50,8,216,1979.4375430044015
MULTI_BOUND_G,50,8,217,1977.8240652081217
MULTI_BOUND_G,50,8,218,1984.2308002963564
MULTI_BOUND_G,50,8,219,1982.0986018140093
MULTI_BOUND_G,50,8,220,1996.6036377067765
MULTI_BOUND_G,50,8,221,1996.244341347703
MULTI_BOUND_G,50,8,222,2007.3309278244153
MULTI_BOUND_G,50,8,223,1881.1065750521439
MULTI_BOUND_G,50,8,224,1899.254714729018
MULTI_BOUND_G,50,8,225,1904.025096181302
MULTI_BOUND_G,50,8,226,1903.858633018488
MULTI_BOUND_G,50,8,227,1916.2407974057926
MULTI_BOUND_G,50,8,228,1915.5029283947224
MULTI_BOUND_G,50,8,229,1913.5034536420153
MULTI_BOUND_G,50,8,230,1903.381972741006
MULTI_BOUND_G,50,8,231,1915.2963946120635
MULTI_BOUND_G,50,9,0,1562.0830703779784
MULTI_BOUND_G,50,9,1,8669743116617825.0
MULTI_BOUND_G,50,9,2,4334871558308908.0
MULTI_BOUND_G,50,9,3,2167435779154461.0
MULTI_BOUND_G,50,9,4,1083717889577202.5
MULTI_BOUND_G,50,9,5,541858944788586.1
MULTI_BOUND_G,50,9,6,270929472394287.1
MULTI_BOUND_G,50,9,7,135464736197126.69
MULTI_BOUND_G,50,9,8,67732368098559.11
MULTI_BOUND_G,50,9,9,33866184049274.33
MULTI_BOUND_G,50,9,10,16933092024633.445
MULTI_BOUND_G,50,9,11,8466546012309.322
MULTI_BOUND_G,50,9,12,4233273006160.6113
MULTI_BOUND_G,50,9,13,2116636503082.9658
MULTI_BOUND_G,50,9,14,1058318251527.6428
MULTI_BOUND_G,50,9,15,529159125764.6033
MULTI_BOUND_G,50,9,16,264579562895.20038
MULTI_BOUND_G,50,9,17,132289781460.20137
MULTI_BOUND_G,50,9,18,66144890737.68245
MULTI_BOUND_G,50,9,19,33072445368.026993
MULTI_BOUND_G,50,9,20,16536222701.254658
MULTI_BOUND_G,50,9,21,8268111342.658379
MULTI_BOUND_G,50,9,22,4134055684.5921183
MULTI_BOUND_G,50,9,23,2067027843.0920954
MULTI_BOUND_G,50,9,24,1033513932.9594259
MULTI_BOUND_G,50,9,25,516756973.4383435
MULTI_BOUND_G,50,9,26,258378502.6344259
MULTI_BOUND_G,50,9,27,129189262.56652293
MULTI_BOUND_G,50,9,28,64594635.37482767
MULTI_BOUND_G,50,9,29,32297329.453441493
MULTI_BOUND_G,50,9,30,16148680.172973823
MULTI_BOUND_G,50,9,31,8074343.842675249
MULTI_BOUND_G,50,9,32,4037190.8056238457
MULTI_BOUND_G,50,9,33,2018599.0183972856
MULTI_BOUND_G,50,9,34,1009308.2765156016
MULTI_BOUND_G,50,9,35,504676.6687684088
MULTI_BOUND_G,50,9,36,252347.50758282046
MULTI_BOUND_G,50,9,37,126178.91930309651
MULTI_BOUND_G,50,9,38,63100.85193695202
MULTI_BOUND_G,50,9,39,31556.37448638708
MULTI_BOUND_G,50,9,40,15789.535677803051
MULTI_BOUND_G,50,9,41,7938.6871749533375
MULTI_BOUND_G,50,9,42,3998.135791415978
MULTI_BOUND_G,50,9,43,2017.7121725066038
MULTI_BOUND_G,50,9,44,2009.2501603390704
MULTI_BOUND_G,50,9,45,2016.8133115821956
MULTI_BOUND_G,50,9,46,2014.875312697279
MULTI_BOUND_G,50,9,47,2039.2575290695422
MULTI_BOUND_G,50,9,48,2024.981884544746
MULTI_BOUND_G,50,9,49,2028.4300668443266
MULTI_BOUND_G,50,9,50,2031.9196924437126
MULTI_BOUND_G,50,9,51,2035.5599143187637
MULTI_BOUND_G,50,9,52,2026.2385451662271
MULTI_BOUND_G,50,9,53,2029.5787117712678
MULTI_BOUND_G,50,9,54,2039.2021867178837
MULTI_BOUND_G,50,9,55,2048.0261120498844
MULTI_BOUND_G,50,9,56,2028.2601531717778
MULTI_BOUND_G,50,9,57,2037.7676032000504
MULTI_BOUND_G,50,9,58,2041.800427497618
MULTI_BOUND_G,50,9,59,2026.4964870773138
MULTI_BOUND_G,50,9,60,2037.4219069147553
MULTI_BOUND_G,50,9,61,2031.8212528916656
MULTI_BOUND_G,50,9,62,2038.8299579419834
MULTI_BOUND_G,50,9,63,2049.7765826314994
MULTI_BOUND_G,50,9,64,2053.5877828128637
MULTI_BOUND_G,50,9,65,2049.5022507223275
MULTI_BOUND_G,50,9,66,2061.42326615909
MULTI_BOUND_G,50,9,67,2057.9979387749217
MULTI_BOUND_G,50,9,68,2065.1354244169142
MULTI_BOUND_G,50,9,69,2071.255028098512
MULTI_BOUND_G,50,9,70,2056.297029639204
MULTI_BOUND_G,50,9,71,2064.7959598998327
MULTI_BOUND_G,50,9,72,2075.49438327098
MULTI_BOUND_G,50,9,73,2074.315707848095
MULTI_BOUND_G,50,9,74,2058.990095346544
MULTI_BOUND_G,50,9,75,2074.5779328579883
MULTI_BOUND_G,50,9,76,2078.699763358528
MULTI_BOUND_G,50,9,77,2086.7388492855443
MULTI_BOUND_G,50,9,78,2094.4888847336256
MULTI_BOUND_G,50,9,79,2086.8343483282742
MULTI_BOUND_G,50,9,80,2084.0202097615042
MULTI_BOUND_G,50,9,81,2090.3161498514028
MULTI_BOUND_G,50,9,82,2092.799078815396
MULTI_BOUND_G,50,9,83,2101.4598150076413
MULTI_BOUND_G,50,9,84,2097.0187714686263
MULTI_BOUND_G,50,9,85,2104.7653802185905
MULTI_BOUND_G,50,9,86,2109.534350180107
MULTI_BOUND_G,50,9,87,2101.0384872777818
MULTI_BOUND_G,50,9,88,2008.0608919447022
MULTI_BOUND_G,50,9,89,1998.3626215767422
MULTI_BOUND_G,50,9,90,2015.0401562052664
MULTI_BOUND_G,50,9,91,2017.6922724896851
MULTI_BOUND_G,50,9,92,2032.5246589921621
MULTI_BOUND_G,50,9,93,2041.8994518886707
MULTI_BOUND_G,50,9,94,2045.430471983197
MULTI_BOUND_G,50,9,95,2049.4958851557826
MULTI_BOUND_G,50,9,96,2053.0455861661685
MULTI_BOUND_G,50,9,97,2046.6537009730516
MULTI_BOUND_G,50,9,98,2051.25448784136
MULTI_BOUND_G,50,9,99,2048.3865137266766
MULTI_BOUND_G,50,9,100,2047.288338836339
MULTI_BOUND_G,50,9,101,2057.6824201815034
MULTI_BOUND_G,50,9,102,2047.8702334245538
MULTI_BOUND_G,50,9,103,2062.9508482038273
MULTI_BOUND_G,50,9,104,2063.2202022659962
MULTI_BOUND_G,50,9,105,2071.183256375567
MULTI_BOUND_G,50,9,106,2066.912246347323
MULTI_BOUND_G,50,9,107,2068.4686284064464
MULTI_BOUND_G,50,9,108,2064.769344096961
MULTI_BOUND_G,50,9,109,2081.6469906552584
MULTI_BOUND_G,50,9,110,2080.5561971656925
MULTI_BOUND_G,50,9,111,2083.095470132804
MULTI_BOUND_G,50,9,112,2075.9938537275866
MULTI_BOUND_G,50,9,113,2065.155919881198
MULTI_BOUND_G,50,9,114,2082.167838544726
MULTI_BOUND_G,50,9,115,2078.5158538745445
MULTI_BOUND_G,50,9,116,2080.8751396719454
MULTI_BOUND_G,50,9,117,2098.3405225422644
MULTI_BOUND_G,50,9,118,2082.1325204458317
MULTI_BOUND_G,50,9,119,2090.873297848
MULTI_BOUND_G,50,9,120,2083.681963787918
MULTI_BOUND_G,50,9,121,2088.203946067577
MULTI_BOUND_G,50,9,122,2101.9489787810794
MULTI_BOUND_G,50,9,123,2109.3764268277846
MULTI_BOUND_G,50,9,124,2105.931444651203
MULTI_BOUND_G,50,9,125,2108.4166708421644
MULTI_BOUND_G,50,9,126,2113.2517656717787
MULTI_BOUND_G,50,9,127,2110.616366026759
MULTI_BOUND_G,50,9,128,2121.972578884121
MULTI_BOUND_G,50,9,129,2113.9390614933423
MULTI_BOUND_G,50,9,130,2126.9735783238793
MULTI_BOUND_G,50,9,131,2141.0119127904486
MULTI_BOUND_G,50,9,132,2128.4530830197264
MULTI_BOUND_G,50,9,133,2012.6116104101752
MULTI_BOUND_G,50,9,134,2037.3358949484712
MULTI_BOUND_G,50,9,135,2052.0184146523397
MULTI_BOUND_G,50,9,136,2061.370071417163
MULTI_BOUND_G,50,9,137,2049.954368600016
MULTI_BOUND_G,50,9,138,2061.2621011022784
MULTI_BOUND_G,50,9,139,2069.821242519934
MULTI_BOUND_G,50,9,140,2072.264651213211
MULTI_BOUND_G,50,9,141,2077.0617095368966
MULTI_BOUND_G,50,9,142,2070.557335475916
MULTI_BOUND_G,50,9,143,2080.651774051165
MULTI_BOUND_G,50,9,144,2078.834975291502
MULTI_BOUND_G,50,9,145,2083.2855530185907
MULTI_BOUND_G,50,9,146,2077.0957208747604
MULTI_BOUND_G,50,9,147,2084.0469794782975
MULTI_BOUND_G,50,9,148,2077.490269770191
MULTI_BOUND_G,50,9,149,2091.7940567746264
MULTI_BOUND_G,50,9,150,2080.7762592733566
MULTI_BOUND_G,50,9,151,2100.161933764515
MULTI_BOUND_G,50,9,152,2099.5713211312095
MULTI_BOUND_G,50,9,153,2103.507236188821
MULTI_BOUND_G,50,9,154,2116.0021051734757
MULTI_BOUND_G,50,9,155,2099.8180635637755
MULTI_BOUND_G,50,9,156,2113.8458855405215
MULTI_BOUND_G,50,9,157,2095.6002034197145
MULTI_BOUND_G,50,9,158,2114.588522486766
MULTI_BOUND_G,50,9,159,2116.1280372191104
MULTI_BOUND_G,50,9,160,2112.1138011345674
MULTI_BOUND_G,50,9,161,2114.430795384035
MULTI_BOUND_G,50,9,162,2115.12626779732
MULTI_BOUND_G,50,9,163,2130.556240463979
MULTI_BOUND_G,50,9,164,2117.796817523118
MULTI_BOUND_G,50,9,165,2117.192875372332
MULTI_BOUND_G,50,9,166,2117.982960584497
MULTI_BOUND_G,50,9,167,2131.685553911844
MULTI_BOUND_G,50,9,168,2140.8667239106317
MULTI_BOUND_G,50,9,169,2131.4362293584736
MULTI_BOUND_G,50,9,170,2138.5299661683675
MULTI_BOUND_G,50,9,171,2139.7178594438055
MULTI_BOUND_G,50,9,172,2140.8879983464117
MULTI_BOUND_G,50,9,173,2145.613977779492
MULTI_BOUND_G,50,9,174,2155.874468453383
MULTI_BOUND_G,50,9,175,2161.8669672969118
MULTI_BOUND_G,50,9,176,2174.5149959893374
MULTI_BOUND_G,50,9,177,2163.2580657102053
MULTI_BOUND_G,50,9,178,2057.380327725175
MULTI_BOUND_G,50,9,179,2034.8894766844949
MULTI_BOUND_G,50,9,180,2048.998261365135
MULTI_BOUND_G,50,9,181,2067.321380764976
MULTI_BOUND_G,50,9,182,2077.08107091921
MULTI_BOUND_G,50,9,183,2068.5990683467808
MULTI_BOUND_G,50,9,184,2078.9675519760035
MULTI_BOUND_G,50,9,185,2089.5870438672478
MULTI_BOUND_G,50,9,186,2083.559411422756
MULTI_BOUND_G,50,9,187,2076.5985386904695
MULTI_BOUND_G,50,9,188,2082.865262661561
MULTI_BOUND_G,50,9,189,2088.091578624296
MULTI_BOUND_G,50,9,190,2081.6055283553324
MULTI_BOUND_G,50,9,191,2095.1006082909726
MULTI_BOUND_G,50,9,192,2097.5204221002823
MULTI_BOUND_G,50,9,193,2095.742101457372
MULTI_BOUND_G,50,9,194,2094.985184947808
MULTI_BOUND_G,50,9,195,2100.8290000257894
MULTI_BOUND_G,50,9,196,2107.1161853691483
MULTI_BOUND_G,50,9,197,2104.2720730467195
MULTI_BOUND_G,50,9,198,2098.0482615866053
MULTI_BOUND_G,50,9,199,2102.317120673792
MULTI_BOUND_G,50,9,200,2107.1144566698313
MULTI_BOUND_G,50,9,201,2104.8865111849445
MULTI_BOUND_G,50,9,202,2115.1310403493617
MULTI_BOUND_G,50,9,203,2097.7893205715695
MULTI_BOUND_G,50,9,204,2115.6894769079354
MULTI_BOUND_G,50,9,205,2101.5768554239726
MULTI_BOUND_G,50,9,206,2113.4013483424255
MULTI_BOUND_G,50,9,207,2115.4728880039506
MULTI_BOUND_G,50,9,208,2116.5540393579718
MULTI_BOUND_G,50,9,209,2107.464043165509
MULTI_BOUND_G,50,9,210,2120.3880212545982
MULTI_BOUND_G,50,9,211,2126.027951142352
MULTI_BOUND_G,50,9,212,2121.855260672125
MULTI_BOUND_G,50,9,213,2130.719389746668
MULTI_BOUND_G,50,9,214,2130.0543795768385
MULTI_BOUND_G,50,9,215,2130.79123126355
MULTI_BOUND_G,50,9,216,2139.3800368729126
MULTI_BOUND_G,50,9,217,2146.2945484309184
MULTI_BOUND_G,50,9,218,2148.239937622443
MULTI_BOUND_G,50,9,219,2149.954441855365
MULTI_BOUND_G,50,9,220,2152.708017208097
MULTI_BOUND_G,50,9,221,2166.2690538723764
MULTI_BOUND_G,50,9,222,2150.219877488201
MULTI_BOUND_G,50,9,223,2052.8154280345107
MULTI_BOUND_G,50,9,224,2072.7395928861515
MULTI_BOUND_G,50,9,225,2067.66962018261
MULTI_BOUND_G,50,9,226,2088.445515873949
MULTI_BOUND_G,50,9,227,2074.5985881170645
MULTI_BOUND_G,50,9,228,2093.197763572114
MULTI_BOUND_G,50,9,229,2079.3883005426133
MULTI_BOUND_G,50,9,230,2079.3130326393193
MULTI_BOUND_G,50,9,231,2096.6306343640535
MULTI_BOUND_G,100,0,0,3801.2131217206884
MULTI_BOUND_G,100,0,1,5.215911739219276e+30
MULTI_BOUND_G,100,0,2,2.607955869609638e+30
MULTI_BOUND_G,100,0,3,1.303977934804819e+30
MULTI_BOUND_G,100,0,4,6.519889674024095e+29
MULTI_BOUND_G,100,0,5,3.259944837012047e+29
MULTI_BOUND_G,100,0,6,1.6299724185060237e+29
MULTI_BOUND_G,100,0,7,8.149862092530118e+28
MULTI_BOUND_G,100,0,8,4.074931046265059e+28
MULTI_BOUND_G,100,0,9,2.0374655231325296e+28
MULTI_BOUND_G,100,0,10,1.0187327615662648e+28
MULTI_BOUND_G,100,0,11,5.093663807831324e+27
MULTI_BOUND_G,100,0,12,2.546831903915662e+27
MULTI_BOUND_G,100,0,13,1.273415951957831e+27
MULTI_BOUND_G,100,0,14,6.367079759789155e+26
MULTI_BOUND_G,100,0,15,3.1835398798945775e+26
MULTI_BOUND_G,100,0,16,1.5917699399472887e+26
MULTI_BOUND_G,100,0,17,7.958849699736444e+25
MULTI_BOUND_G,100,0,18,3.979424849868222e+25
MULTI_BOUND_G,100,0,19,1.989712424934111e+25
MULTI_BOUND_G,100,0,20,9.948562124670555e+24
MULTI_BOUND_G,100,0,21,4.974281062335277e+24
MULTI_BOUND_G,100,0,22,2.4871405311676386e+24
MULTI_BOUND_G,100,0,23,1.2435702655838193e+24
MULTI_BOUND_G,100,0,24,6.217851327919097e+23
MULTI_BOUND_G,100,0,25,3.108925663959548e+23
MULTI_BOUND_G,100,0,26,1.554462831979774e+23
MULTI_BOUND_G,100,0,27,7.77231415989887e+22
MULTI_BOUND_G,100,0,28,3.886157079949435e+22
MULTI_BOUND_G,100,0,29,1.9430785399747177e+22
MULTI_BOUND_G,100,0,30,9.715392699873588e+21
MULTI_BOUND_G,100,0,31,4.857696349936794e+21
MULTI_BOUND_G,100,0,32,2.428848174968397e+21
MULTI_BOUND_G,100,0,33,1.2144240874841986e+21
MULTI_BOUND_G,100,0,34,6.072120437420993e+20
MULTI_BOUND_G,100,0,35,3.0360602187104964e+20
MULTI_BOUND_G,100,0,36,1.5180301093552482e+20
MULTI_BOUND_G,100,0,37,7.590150546776241e+19
MULTI_BOUND_G,100,0,38,3.7950752733881205e+19
MULTI_BOUND_G,100,0,39,1.8975376366940602e+19
MULTI_BOUND_G,100,0,40,9.487688183470301e+18
MULTI_BOUND_G,100,0,41,4.743844091735151e+18
MULTI_BOUND_G,100,0,42,2.3719220458675753e+18
MULTI_BOUND_G,100,0,43,1.1859610229337876e+18
MULTI_BOUND_G,100,0,44,5.929805114668938e+17
MULTI_BOUND_G,100,0,45,2.964902557334469e+17
MULTI_BOUND_G,100,0,46,1.4824512786672346e+17
MULTI_BOUND_G,100,0,47,7.412256393336176e+16
MULTI_BOUND_G,100,0,48,3.706128196668089e+16
MULTI_BOUND_G,100,0,49,1.853064098334045e+16
MULTI_BOUND_G,100,0,50,9265320491670226.0
MULTI_BOUND_G,100,0,51,4632660245835142.0
MULTI_BOUND_G,100,0,52,2316330122917576.0
MULTI_BOUND_G,100,0,53,1158165061458803.5
MULTI_BOUND_G,100,0,54,579082530729417.2
MULTI_BOUND_G,100,0,55,289541265364730.4
MULTI_BOUND_G,100,0,56,144770632682370.25
MULTI_BOUND_G,100,0,57,72385316341213.84
MULTI_BOUND_G,100,0,58,36192658170605.33
MULTI_BOUND_G,100,0,59,18096329085326.06
MULTI_BOUND_G,100,0,60,9048164542676.594
MULTI_BOUND_G,100,0,61,4524082271355.811
MULTI_BOUND_G,100,0,62,2262041135687.584
MULTI_BOUND_G,100,0,63,1131020567867.49
MULTI_BOUND_G,100,0,64,565510283947.3757
MULTI_BOUND_G,100,0,65,282755141991.6059
MULTI_BOUND_G,100,0,66,141377571013.93616
MULTI_BOUND_G,100,0,67,70688785527.96869
MULTI_BOUND_G,100,0,68,35344392782.03812
MULTI_BOUND_G,100,0,69,17672196415.129807
MULTI_BOUND_G,100,0,70,8836098222.131292
MULTI_BOUND_G,100,0,71,4418049133.016745
MULTI_BOUND_G,100,0,72,2209024578.95662
MULTI_BOUND_G,100,0,73,1104512304.2227173
MULTI_BOUND_G,100,0,74,552256177.772505
MULTI_BOUND_G,100,0,75,276128113.67327887
MULTI_BOUND_G,100,0,76,138064078.93172684
MULTI_BOUND_G,100,0,77,69032055.6157611
MULTI_BOUND_G,100,0,78,34516050.159985185
MULTI_BOUND_G,100,0,79,17258037.769941315
MULTI_BOUND_G,100,0,80,8629045.724494249
MULTI_BOUND_G,100,0,81,4314542.6540447455
MULTI_BOUND_G,100,0,82,2157284.9464293104
MULTI_BOUND_G,100,0,83,1078674.1634131786
MULTI_BOUND_G,100,0,84,539354.2063240889
MULTI_BOUND_G,100,0,85,269706.5980604311
MULTI_BOUND_G,100,0,86,134886.57017023268
MULTI_BOUND_G,100,0,87,67465.53944592757
MULTI_BOUND_G,100,0,88,33756.12053081507
MULTI_BOUND_G,100,0,89,16888.31314295209
MULTI_BOUND_G,100,0,90,8476.115669410647
MULTI_BOUND_G,100,0,91,4268.0075018601965
MULTI_BOUND_G,100,0,92,4263.829223000252
MULTI_BOUND_G,100,0,93,4276.151444795496
MULTI_BOUND_G,100,0,94,4264.214701985562
MULTI_BOUND_G,100,0,95,4257.88058265295
MULTI_BOUND_G,100,0,96,4270.455094650279
MULTI_BOUND_G,100,0,97,4278.615288344813
MULTI_BOUND_G,100,0,98,4271.190953878727
MULTI_BOUND_G,100,0,99,4278.938534132121
MULTI_BOUND_G,100,0,100,4270.175453589856
MULTI_BOUND_G,100,0,101,4278.330818641149
MULTI_BOUND_G,100,0,102,4272.981558798684
MULTI_BOUND_G,100,0,103,4278.777447826375
MULTI_BOUND_G,100,0,104,4276.3969985347285
MULTI_BOUND_G,100,0,105,4284.944873691471
MULTI_BOUND_G,100,0,106,4283.656324248916
MULTI_BOUND_G,100,0,107,4283.272535570368
MULTI_BOUND_G,100,0,108,4286.898143550959
MULTI_BOUND_G,100,0,109,4301.309160745998
MULTI_BOUND_G,100,0,110,4278.4540921053085
MULTI_BOUND_G,100,0,111,4277.503722899599
MULTI_BOUND_G,100,0,112,4293.420512588849
MULTI_BOUND_G,100,0,113,4284.939859286173
MULTI_BOUND_G,100,0,114,4298.72153331973
MULTI_BOUND_G,100,0,115,4280.791352381106
MULTI_BOUND_G,100,0,116,4281.610102371759
MULTI_BOUND_G,100,0,117,4293.097855815056
MULTI_BOUND_G,100,0,118,4288.349377306919
MULTI_BOUND_G,100,0,119,4288.044079397003
MULTI_BOUND_G,100,0,120,4290.810383724938
MULTI_BOUND_G,100,0,121,4295.912339452798
MULTI_BOUND_G,100,0,122,4300.896725230388
MULTI_BOUND_G,100,0,123,4307.957461137242
MULTI_BOUND_G,100,0,124,4296.886015126805
MULTI_BOUND_G,100,0,125,4288.472179119592
MULTI_BOUND_G,100,0,126,4305.321148318655
MULTI_BOUND_G,100,0,127,4301.878396598165
MULTI_BOUND_G,100,0,128,4298.833388905492
MULTI_BOUND_G,100,0,129,4298.555724355782
MULTI_BOUND_G,100,0,130,4288.3362956414185
MULTI_BOUND_G,100,0,131,4293.515387224346
MULTI_BOUND_G,100,0,132,4304.612789593901
MULTI_BOUND_G,100,0,133,4311.298955845732
MULTI_BOUND_G,100,0,134,4297.444375343792
MULTI_BOUND_G,100,0,135,4311.287650958857
MULTI_BOUND_G,100,0,136,4306.384312791759
MULTI_BOUND_G,100,0,137,4310.9045034266655
MULTI_BOUND_G,100,0,138,4305.1433537192825
MULTI_BOUND_G,100,0,139,4306.339059544996
MULTI_BOUND_G,100,0,140,4312.893593861056
MULTI_BOUND_G,100,0,141,4302.100574480582
MULTI_BOUND_G,100,0,142,4319.1165822995135
MULTI_BOUND_G,100,0,143,4310.676752722704
MULTI_BOUND_G,100,0,144,4316.372193945805
MULTI_BOUND_G,100,0,145,4313.296969839808
MULTI_BOUND_G,100,0,146,4319.762336287606
MULTI_BOUND_G,100,0,147,4316.345389417006
MULTI_BOUND_G,100,0,148,4314.452066392349
MULTI_BOUND_G,100,0,149,4326.882749867329
MULTI_BOUND_G,100,0,150,4314.968703135955
MULTI_BOUND_G,100,0,151,4331.716167899434
MULTI_BOUND_G,100,1,0,3621.2999728999625
MULTI_BOUND_G,100,1,1,6.236497966976413e+30
MULTI_BOUND_G,100,1,2,3.1182489834882063e+30
MULTI_BOUND_G,100,1,3,1.5591244917441032e+30
MULTI_BOUND_G,100,1,4,7.795622458720516e+29
MULTI_BOUND_G,100,1,5,3.897811229360258e+29
MULTI_BOUND_G,100,1,6,1.948905614680129e+29
MULTI_BOUND_G,100,1,7,9.744528073400645e+28
MULTI_BOUND_G,100,1,8,4.872264036700322e+28
MULTI_BOUND_G,100,1,9,2.436132018350161e+28
MULTI_BOUND_G,100,1,10,1.2180660091750806e+28
MULTI_BOUND_G,100,1,11,6.090330045875403e+27
MULTI_BOUND_G,100,1,12,3.0451650229377015e+27
MULTI_BOUND_G,100,1,13,1.5225825114688507e+27
MULTI_BOUND_G,100,1,14,7.612912557344254e+26
MULTI_BOUND_G,100,1,15,3.806456278672127e+26
MULTI_BOUND_G,100,1,16,1.9032281393360634e+26
MULTI_BOUND_G,100,1,17,9.516140696680317e+25
MULTI_BOUND_G,100,1,18,4.758070348340159e+25
MULTI_BOUND_G,100,1,19,2.3790351741700793e+25
MULTI_BOUND_G,100,1,20,1.1895175870850396e+25
MULTI_BOUND_G,100,1,21,5.947587935425198e+24
MULTI_BOUND_G,100,1,22,2.973793967712599e+24
MULTI_BOUND_G,100,1,23,1.4868969838562996e+24
MULTI_BOUND_G,100,1,24,7.434484919281498e+23
MULTI_BOUND_G,100,1,25,3.717242459640749e+23
MULTI_BOUND_G,100,1,26,1.8586212298203744e+23
MULTI_BOUND_G,100,1,27,9.293106149101872e+22
MULTI_BOUND_G,100,1,28,4.646553074550936e+22
MULTI_BOUND_G,100,1,29,2.323276537275468e+22
MULTI_BOUND_G,100,1,30,1.161638268637734e+22
MULTI_BOUND_G,100,1,31,5.80819134318867e+21
MULTI_BOUND_G,100,1,32,2.904095671594335e+21
MULTI_BOUND_G,100,1,33,1.4520478357971675e+21
MULTI_BOUND_G,100,1,34,7.260239178985838e+20
MULTI_BOUND_G,100,1,35,3.630119589492919e+20
MULTI_BOUND_G,100,1,36,1.8150597947464594e+20
MULTI_BOUND_G,100,1,37,9.075298973732297e+19
MULTI_BOUND_G,100,1,38,4.5376494868661486e+19
MULTI_BOUND_G,100,1,39,2.2688247434330743e+19
MULTI_BOUND_G,100,1,40,1.1344123717165371e+19
MULTI_BOUND_G,100,1,41,5.672061858582686e+18
MULTI_BOUND_G,100,1,42,2.836030929291343e+18
MULTI_BOUND_G,100,1,43,1.4180154646456714e+18
MULTI_BOUND_G,100,1,44,7.090077323228357e+17
MULTI_BOUND_G,100,1,45,3.5450386616141786e+17
MULTI_BOUND_G,100,1,46,1.7725193308070893e+17
MULTI_BOUND_G,100,1,47,8.862596654035448e+16
MULTI_BOUND_G,100,1,48,4.431298327017725e+16
MULTI_BOUND_G,100,1,49,2.2156491635088644e+16
MULTI_BOUND_G,100,1,50,1.1078245817544324e+16
MULTI_BOUND_G,100,1,51,5539122908772185.0
MULTI_BOUND_G,100,1,52,2769561454386108.0
MULTI_BOUND_G,100,1,53,1384780727193077.5
MULTI_BOUND_G,100,1,54,692390363596548.6
MULTI_BOUND_G,100,1,55,346195181798286.75
MULTI_BOUND_G,100,1,56,173097590899159.12
MULTI_BOUND_G,100,1,57,86548795449589.97
MULTI_BOUND_G,100,1,58,43274397724808.234
MULTI_BOUND_G,100,1,59,21637198862421.25
MULTI_BOUND_G,100,1,60,10818599431212.646
MULTI_BOUND_G,100,1,61,5409299715624.892
MULTI_BOUND_G,100,1,62,2704649857822.919
MULTI_BOUND_G,100,1,63,1352324928929.6653
MULTI_BOUND_G,100,1,64,676162464475.0337
MULTI_BOUND_G,100,1,65,338081232254.08105
MULTI_BOUND_G,100,1,66,169040616149.22827
MULTI_BOUND_G,100,1,67,84520308097.90408
MULTI_BOUND_G,100,1,68,42260154060.74931
MULTI_BOUND_G,100,1,69,21130077053.165443
MULTI_BOUND_G,100,1,70,10565038542.291656
MULTI_BOUND_G,100,1,71,5282519284.524927
MULTI_BOUND_G,100,1,72,2641259662.609382
MULTI_BOUND_G,100,1,73,1320629845.5055568
MULTI_BOUND_G,100,1,74,660314952.9240618
MULTI_BOUND_G,100,1,75,330157490.2194244
MULTI_BOUND_G,100,1,76,165078769.4290409
MULTI_BOUND_G,100,1,77,82539405.00943758
MULTI_BOUND_G,100,1,78,41269726.6410346
MULTI_BOUND_G,100,1,79,20634889.155903686
MULTI_BOUND_G,100,1,80,10317458.641049001
MULTI_BOUND_G,100,1,81,5158753.179942228
MULTI_BOUND_G,100,1,82,2579402.199752325
MULTI_BOUND_G,100,1,83,1289731.0491282346
MULTI_BOUND_G,100,1,84,644885.2721819348
MULTI_BOUND_G,100,1,85,322466.8108700429
MULTI_BOUND_G,100,1,86,161255.28752384006
MULTI_BOUND_G,100,1,87,80654.15197381955
MULTI_BOUND_G,100,1,88,40345.44602088675
MULTI_BOUND_G,100,1,89,20194.778019571684
MULTI_BOUND_G,100,1,90,10131.635588804565
MULTI_BOUND_G,100,1,91,5088.200754169849
MULTI_BOUND_G,100,1,92,5086.765520623698
MULTI_BOUND_G,100,1,93,5084.147281011207
MULTI_BOUND_G,100,1,94,5098.964708180889
MULTI_BOUND_G,100,1,95,5096.947676867546
MULTI_BOUND_G,100,1,96,5090.503920862132
MULTI_BOUND_G,100,1,97,5102.459626746076
MULTI_BOUND_G,100,1,98,5102.459966909279
MULTI_BOUND_G,100,1,99,5096.590133542553
MULTI_BOUND_G,100,1,100,5108.868831206348
MULTI_BOUND_G,100,1,101,5098.233722816311
MULTI_BOUND_G,100,1,102,5107.568953549303
MULTI_BOUND_G,100,1,103,5115.387679049613
MULTI_BOUND_G,100,1,104,5104.806439881282
MULTI_BOUND_G,100,1,105,5109.550095462454
MULTI_BOUND_G,100,1,106,5110.129611856952
MULTI_BOUND_G,100,1,107,5114.306286819681
MULTI_BOUND_G,100,1,108,5102.542888138152
MULTI_BOUND_G,100,1,109,5112.515439020246
MULTI_BOUND_G,100,1,110,5109.098022386897
MULTI_BOUND_G,100,1,111,5118.488495097583
MULTI_BOUND_G,100,1,112,5105.095919025309
MULTI_BOUND_G,100,1,113,5116.573829794224
MULTI_BOUND_G,100,1,114,5107.4606514847765
MULTI_BOUND_G,100,1,115,5107.069108801401
MULTI_BOUND_G,100,1,116,5109.699599644733
MULTI_BOUND_G,100,1,117,5129.2837484477295
MULTI_BOUND_G,100,1,118,5111.493130523859
MULTI_BOUND_G,100,1,119,5108.610430786905
MULTI_BOUND_G,100,1,120,5115.397024009634
MULTI_BOUND_G,100,1,121,5127.448422783964
MULTI_BOUND_G,100,1,122,5122.565544478154
MULTI_BOUND_G,100,1,123,5121.466598839274
MULTI_BOUND_G,100,1,124,5110.909594493
MULTI_BOUND_G,100,1,125,5116.694265312639
MULTI_BOUND_G,100,1,126,5127.858064146545
MULTI_BOUND_G,100,1,127,5129.305409192586
MULTI_BOUND_G,100,1,128,5121.83891346927
MULTI_BOUND_G,100,1,129,5125.4826894156895
MULTI_BOUND_G,100,1,130,5123.702773013119
MULTI_BOUND_G,100,1,131,5124.221239322847
MULTI_BOUND_G,100,1,132,5128.68212996791
MULTI_BOUND_G,100,1,133,5117.691127344044
MULTI_BOUND_G,100,1,134,5131.581387842799
MULTI_BOUND_G,100,1,135,5135.7344892701785
MULTI_BOUND_G,100,1,136,5130.316541931527
MULTI_BOUND_G,100,1,137,5129.665482028373
MULTI_BOUND_G,100,1,138,5121.3393184975575
MULTI_BOUND_G,100,1,139,5132.238422113554
MULTI_BOUND_G,100,1,140,5132.945079699863
MULTI_BOUND_G,100,1,141,5134.1624413441805
MULTI_BOUND_G,100,1,142,5146.393382705201
MULTI_BOUND_G,100,1,143,5143.893416279081
MULTI_BOUND_G,100,1,144,5143.0107483432
MULTI_BOUND_G,100,1,145,5131.447565721097
MULTI_BOUND_G,100,1,146,5144.699587292414
MULTI_BOUND_G,100,1,147,5142.142077237602
MULTI_BOUND_G,100,1,148,5140.816591037188
MULTI_BOUND_G,100,1,149,5136.712549625809
MULTI_BOUND_G,100,1,150,5147.249926175266
MULTI_BOUND_G,100,1,151,5137.177382406993
MULTI_BOUND_G,100,2,0,3626.2410723130074
MULTI_BOUND_G,100,2,1,5.444561678725591e+30
MULTI_BOUND_G,100,2,2,2.7222808393627953e+30
MULTI_BOUND_G,100,2,3,1.3611404196813976e+30
MULTI_BOUND_G,100,2,4,6.805702098406988e+29
MULTI_BOUND_G,100,2,5,3.402851049203494e+29
MULTI_BOUND_G,100,2,6,1.701425524601747e+29
MULTI_BOUND_G,100,2,7,8.507127623008735e+28
MULTI_BOUND_G,100,2,8,4.253563811504368e+28
MULTI_BOUND_G,100,2,9,2.126781905752184e+28
MULTI_BOUND_G,100,2,10,1.063390952876092e+28
MULTI_BOUND_G,100,2,11,5.31695476438046e+27
MULTI_BOUND_G,100,2,12,2.65847738219023e+27
MULTI_BOUND_G,100,2,13,1.329238691095115e+27
MULTI_BOUND_G,100,2,14,6.646193455475574e+26
MULTI_BOUND_G,100,2,15,3.323096727737787e+26
MULTI_BOUND_G,100,2,16,1.6615483638688936e+26
MULTI_BOUND_G,100,2,17,8.307741819344468e+25
MULTI_BOUND_G,100,2,18,4.153870909672234e+25
MULTI_BOUND_G,100,2,19,2.076935454836117e+25
MULTI_BOUND_G,100,2,20,1.0384677274180585e+25
MULTI_BOUND_G,100,2,21,5.192338637090293e+24
MULTI_BOUND_G,100,2,22,2.5961693185451463e+24
MULTI_BOUND_G,100,2,23,1.2980846592725731e+24
MULTI_BOUND_G,100,2,24,6.490423296362866e+23
MULTI_BOUND_G,100,2,25,3.245211648181433e+23
MULTI_BOUND_G,100,2,26,1.6226058240907164e+23
MULTI_BOUND_G,100,2,27,8.113029120453582e+22
MULTI_BOUND_G,100,2,28,4.056514560226791e+22
MULTI_BOUND_G,100,2,29,2.0282572801133955e+22
MULTI_BOUND_G,100,2,30,1.0141286400566978e+22
MULTI_BOUND_G,100,2,31,5.070643200283489e+21
MULTI_BOUND_G,100,2,32,2.5353216001417444e+21
MULTI_BOUND_G,100,2,33,1.2676608000708722e+21
MULTI_BOUND_G,100,2,34,6.338304000354361e+20
MULTI_BOUND_G,100,2,35,3.1691520001771805e+20
MULTI_BOUND_G,100,2,36,1.5845760000885903e+20
MULTI_BOUND_G,100,2,37,7.922880000442951e+19
MULTI_BOUND_G,100,2,38,3.961440000221476e+19
MULTI_BOUND_G,100,2,39,1.980720000110738e+19
MULTI_BOUND_G,100,2,40,9.90360000055369e+18
MULTI_BOUND_G,100,2,41,4.951800000276845e+18
MULTI_BOUND_G,100,2,42,2.4759000001384223e+18
MULTI_BOUND_G,100,2,43,1.2379500000692111e+18
MULTI_BOUND_G,100,2,44,6.189750000346056e+17
MULTI_BOUND_G,100,2,45,3.094875000173028e+17
MULTI_BOUND_G,100,2,46,1.547437500086514e+17
MULTI_BOUND_G,100,2,47,7.737187500432573e+16
MULTI_BOUND_G,100,2,48,3.868593750216287e+16
MULTI_BOUND_G,100,2,49,1.934296875108144e+16
MULTI_BOUND_G,100,2,50,9671484375540736.0
MULTI_BOUND_G,100,2,51,4835742187770391.0
MULTI_BOUND_G,100,2,52,2417871093885204.0
MULTI_BOUND_G,100,2,53,1208935546942614.0
MULTI_BOUND_G,100,2,54,604467773471311.8
MULTI_BOUND_G,100,2,55,302233886735671.75
MULTI_BOUND_G,100,2,56,151116943367847.3
MULTI_BOUND_G,100,2,57,75558471683944.31
MULTI_BOUND_G,100,2,58,37779235841988.81
MULTI_BOUND_G,100,2,59,18889617921002.332
MULTI_BOUND_G,100,2,60,9444808960516.57
MULTI_BOUND_G,100,2,61,4722404480284.27
MULTI_BOUND_G,100,2,62,2361202240159.6445
MULTI_BOUND_G,100,2,63,1180601120091.482
MULTI_BOUND_G,100,2,64,590300560070.9065
MULTI_BOUND_G,100,2,65,295150280039.03485
MULTI_BOUND_G,100,2,66,147575140043.6643
MULTI_BOUND_G,100,2,67,73787570038.4195
MULTI_BOUND_G,100,2,68,36893785031.67981
MULTI_BOUND_G,100,2,69,18446892543.988144
MULTI_BOUND_G,100,2,70,9223446282.181412
MULTI_BOUND_G,100,2,71,4611723146.912725
MULTI_BOUND_G,100,2,72,2305861591.4392743
MULTI_BOUND_G,100,2,73,1152930807.4281802
MULTI_BOUND_G,100,2,74,576465432.378799
MULTI_BOUND_G,100,2,75,288232740.99814177
MULTI_BOUND_G,100,2,76,144116381.67297906
MULTI_BOUND_G,100,2,77,72058207.08618519
MULTI_BOUND_G,100,2,78,36029115.772803344
MULTI_BOUND_G,100,2,79,18014578.820979346
MULTI_BOUND_G,100,2,80,9007301.115477968
MULTI_BOUND_G,100,2,81,4503691.504260482
MULTI_BOUND_G,100,2,82,2251857.7240338903
MULTI_BOUND_G,100,2,83,1125947.7933396222
MULTI_BOUND_G,100,2,84,562991.625020741
MULTI_BOUND_G,100,2,85,281527.1755437318
MULTI_BOUND_G,100,2,86,140788.2112863533
MULTI_BOUND_G,100,2,87,70410.91391806348
MULTI_BOUND_G,100,2,88,35234.85419066195
MULTI_BOUND_G,100,2,89,17631.80725832312
MULTI_BOUND_G,100,2,90,8838.764597974183
MULTI_BOUND_G,100,2,91,4447.209291389628
MULTI_BOUND_G,100,2,92,4449.142813342975
MULTI_BOUND_G,100,2,93,4451.109017918512
MULTI_BOUND_G,100,2,94,4448.544663132635
MULTI_BOUND_G,100,2,95,4450.828900523394
MULTI_BOUND_G,100,2,96,4444.15827753635
MULTI_BOUND_G,100,2,97,4452.065301129638
MULTI_BOUND_G,100,2,98,4470.939982919742
MULTI_BOUND_G,100,2,99,4467.140127804058
MULTI_BOUND_G,100,2,100,4460.309949423425
MULTI_BOUND_G,100,2,101,4459.086894221002
MULTI_BOUND_G,100,2,102,4461.311935599049
MULTI_BOUND_G,100,2,103,4456.883920405489
MULTI_BOUND_G,100,2,104,4469.9865878396195
MULTI_BOUND_G,100,2,105,4461.454732312835
MULTI_BOUND_G,100,2,106,4470.107383678675
MULTI_BOUND_G,100,2,107,4473.711708916307
MULTI_BOUND_G,100,2,108,4467.479523267751
MULTI_BOUND_G,100,2,109,4473.912638785182
MULTI_BOUND_G,100,2,110,4460.917458544139
MULTI_BOUND_G,100,2,111,4481.548931754081
MULTI_BOUND_G,100,2,112,4481.060350723536
MULTI_BOUND_G,100,2,113,4471.810824416931
MULTI_BOUND_G,100,2,114,4484.71178723702
MULTI_BOUND_G,100,2,115,4480.129094495267
MULTI_BOUND_G,100,2,116,4471.46368876634
MULTI_BOUND_G,100,2,117,4469.11830041706
MULTI_BOUND_G,100,2,118,4468.3771786199595
MULTI_BOUND_G,100,2,119,4477.366133718955
MULTI_BOUND_G,100,2,120,4475.045721215842
MULTI_BOUND_G,100,2,121,4474.36118062675
MULTI_BOUND_G,100,2,122,4487.852636108298
MULTI_BOUND_G,100,2,123,4471.6308548920515
MULTI_BOUND_G,100,2,124,4467.5590507626
MULTI_BOUND_G,100,2,125,4487.459467429702
MULTI_BOUND_G,100,2,126,4474.62128308401
MULTI_BOUND_G,100,2,127,4470.674897819973
MULTI_BOUND_G,100,2,128,4478.669736147467
MULTI_BOUND_G,100,2,129,4474.892042134707
MULTI_BOUND_G,100,2,130,4495.696086380736
MULTI_BOUND_G,100,2,131,4493.161950343712
MULTI_BOUND_G,100,2,132,4483.214903552018
MULTI_BOUND_G,100,2,133,4487.216396650793
MULTI_BOUND_G,100,2,134,4481.418232989681
MULTI_BOUND_G,100,2,135,4495.551145931251
MULTI_BOUND_G,100,2,136,4491.508401860896
MULTI_BOUND_G,100,2,137,4485.421154966902
MULTI_BOUND_G,100,2,138,4488.009100697984
MULTI_BOUND_G,100,2,139,4488.736350910958
MULTI_BOUND_G,100,2,140,4493.144205405242
MULTI_BOUND_G,100,2,141,4494.528010755572
MULTI_BOUND_G,100,2,142,4492.55090223578
MULTI_BOUND_G,100,2,143,4502.835768380712
MULTI_BOUND_G,100,2,144,4501.170602593846
MULTI_BOUND_G,100,2,145,4498.042907731799
MULTI_BOUND_G,100,2,146,4493.617856912037
MULTI_BOUND_G,100,2,147,4501.048259837877
MULTI_BOUND_G,100,2,148,4505.401045426153
MULTI_BOUND_G,100,2,149,4490.3945808925055
MULTI_BOUND_G,100,2,150,4493.482792497185
MULTI_BOUND_G,100,2,151,4501.194682650777
MULTI_BOUND_G,100,3,0,3747.4181226446667
MULTI_BOUND_G,100,3,1,6.185324371452419e+30
MULTI_BOUND_G,100,3,2,3.0926621857262096e+30
MULTI_BOUND_G,100,3,3,1.5463310928631048e+30
MULTI_BOUND_G,100,3,4,7.731655464315524e+29
MULTI_BOUND_G,100,3,5,3.865827732157762e+29
MULTI_BOUND_G,100,3,6,1.932913866078881e+29
MULTI_BOUND_G,100,3,7,9.664569330394405e+28
MULTI_BOUND_G,100,3,8,4.832284665197202e+28
MULTI_BOUND_G,100,3,9,2.416142332598601e+28
MULTI_BOUND_G,100,3,10,1.2080711662993006e+28
MULTI_BOUND_G,100,3,11,6.040355831496503e+27
MULTI_BOUND_G,100,3,12,3.0201779157482515e+27
MULTI_BOUND_G,100,3,13,1.5100889578741258e+27
MULTI_BOUND_G,100,3,14,7.550444789370629e+26
MULTI_BOUND_G,100,3,15,3.7752223946853144e+26
MULTI_BOUND_G,100,3,16,1.8876111973426572e+26
MULTI_BOUND_G,100,3,17,9.438055986713286e+25
MULTI_BOUND_G,100,3,18,4.719027993356643e+25
MULTI_BOUND_G,100,3,19,2.3595139966783215e+25
MULTI_BOUND_G,100,3,20,1.1797569983391607e+25
MULTI_BOUND_G,100,3,21,5.898784991695804e+24
MULTI_BOUND_G,100,3,22,2.949392495847902e+24
MULTI_BOUND_G,100,3,23,1.474696247923951e+24
MULTI_BOUND_G,100,3,24,7.373481239619755e+23
MULTI_BOUND_G,100,3,25,3.6867406198098773e+23
MULTI_BOUND_G,100,3,26,1.8433703099049387e+23
MULTI_BOUND_G,100,3,27,9.216851549524693e+22
MULTI_BOUND_G,100,3,28,4.608425774762347e+22
MULTI_BOUND_G,100,3,29,2.3042128873811733e+22
MULTI_BOUND_G,100,3,30,1.1521064436905867e+22
MULTI_BOUND_G,100,3,31,5.760532218452933e+21
MULTI_BOUND_G,100,3,32,2.8802661092264667e+21
MULTI_BOUND_G,100,3,33,1.4401330546132333e+21
MULTI_BOUND_G,100,3,34,7.200665273066167e+20
MULTI_BOUND_G,100,3,35,3.6003326365330833e+20
MULTI_BOUND_G,100,3,36,1.8001663182665417e+20
MULTI_BOUND_G,100,3,37,9.000831591332708e+19
MULTI_BOUND_G,100,3,38,4.500415795666354e+19
MULTI_BOUND_G,100,3,39,2.250207897833177e+19
MULTI_BOUND_G,100,3,40,1.1251039489165885e+19
MULTI_BOUND_G,100,3,41,5.625519744582943e+18
MULTI_BOUND_G,100,3,42,2.8127598722914714e+18
MULTI_BOUND_G,100,3,43,1.4063799361457357e+18
MULTI_BOUND_G,100,3,44,7.031899680728678e+17
MULTI_BOUND_G,100,3,45,3.515949840364339e+17
MULTI_BOUND_G,100,3,46,1.7579749201821696e+17
MULTI_BOUND_G,100,3,47,8.78987460091085e+16
MULTI_BOUND_G,100,3,48,4.394937300455426e+16
MULTI_BOUND_G,100,3,49,2.1974686502277132e+16
MULTI_BOUND_G,100,3,50,1.0987343251138588e+16
MULTI_BOUND_G,100,3,51,5493671625569314.0
MULTI_BOUND_G,100,3,52,2746835812784669.0
MULTI_BOUND_G,100,3,53,1373417906392348.8
MULTI_BOUND_G,100,3,54,686708953196171.5
MULTI_BOUND_G,100,3,55,343354476598101.7
MULTI_BOUND_G,100,3,56,171677238299055.56
MULTI_BOUND_G,100,3,57,85838619149546.28
MULTI_BOUND_G,100,3,58,42919309574781.695
MULTI_BOUND_G,100,3,59,21459654787404.914
MULTI_BOUND_G,100,3,60,10729827393712.086
MULTI_BOUND_G,100,3,61,5364913696870.516
MULTI_BOUND_G,100,3,62,2682456848443.717
MULTI_BOUND_G,100,3,63,1341228424233.4043
MULTI_BOUND_G,100,3,64,670614212130.452
MULTI_BOUND_G,100,3,65,335307106071.00305
MULTI_BOUND_G,100,3,66,167653553047.54633
MULTI_BOUND_G,100,3,67,83826776535.0657
MULTI_BOUND_G,100,3,68,41913388277.27646
MULTI_BOUND_G,100,3,69,20956694165.57509
MULTI_BOUND_G,100,3,70,10478347084.788351
MULTI_BOUND_G,100,3,71,5239173550.15237
MULTI_BOUND_G,100,3,72,2619586803.8201904
MULTI_BOUND_G,100,3,73,1309793419.3277032
MULTI_BOUND_G,100,3,74,654896728.2363734
MULTI_BOUND_G,100,3,75,327448387.22294235
MULTI_BOUND_G,100,3,76,163724202.77946717
MULTI_BOUND_G,100,3,77,81862130.58341047
MULTI_BOUND_G,100,3,78,40931085.27198352
MULTI_BOUND_G,100,3,79,20465568.759527206
MULTI_BOUND_G,100,3,80,10232815.18593662
MULTI_BOUND_G,100,3,81,5116438.421273351
MULTI_BOUND_G,100,3,82,2558231.7743659345
MULTI_BOUND_G,100,3,83,1279140.9900605073
MULTI_BOUND_G,100,3,84,639598.8466153936
MULTI_BOUND_G,100,3,85,319812.2904210038
MULTI_BOUND_G,100,3,86,159933.37553952914
MULTI_BOUND_G,100,3,87,79979.09857688635
MULTI_BOUND_G,100,3,88,40023.986260515114
MULTI_BOUND_G,100,3,89,20027.39468789182
MULTI_BOUND_G,100,3,90,10027.285530792433
MULTI_BOUND_G,100,3,91,5035.092794661106
MULTI_BOUND_G,100,3,92,5039.950780423977
MULTI_BOUND_G,100,3,93,5045.2517181638195
MULTI_BOUND_G,100,3,94,5067.249632473164
MULTI_BOUND_G,100,3,95,5050.5288047325375
MULTI_BOUND_G,100,3,96,5065.042466287581
MULTI_BOUND_G,100,3,97,5071.614039119767
MULTI_BOUND_G,100,3,98,5071.814735685964
MULTI_BOUND_G,100,3,99,5067.5316594562355
MULTI_BOUND_G,100,3,100,5077.8640779820835
MULTI_BOUND_G,100,3,101,5077.467043363205
MULTI_BOUND_G,100,3,102,5084.924199872119
MULTI_BOUND_G,100,3,103,5085.468964519877
MULTI_BOUND_G,100,3,104,5082.971569482596
MULTI_BOUND_G,100,3,105,5092.165154792441
MULTI_BOUND_G,100,3,106,5086.867156158572
MULTI_BOUND_G,100,3,107,5089.142830441254
MULTI_BOUND_G,100,3,108,5085.034850819721
MULTI_BOUND_G,100,3,109,5091.120993009965
MULTI_BOUND_G,100,3,110,5086.534950056666
MULTI_BOUND_G,100,3,111,5087.185274712494
MULTI_BOUND_G,100,3,112,5085.342688195085
MULTI_BOUND_G,100,3,113,5080.784077966914
MULTI_BOUND_G,100,3,114,5088.74243690287
MULTI_BOUND_G,100,3,115,5095.189552931092
MULTI_BOUND_G,100,3,116,5091.339204910555
MULTI_BOUND_G,100,3,117,5094.831134179256
MULTI_BOUND_G,100,3,118,5095.862658581891
MULTI_BOUND_G,100,3,119,5095.585635355294
MULTI_BOUND_G,100,3,120,5102.861709295923
MULTI_BOUND_G,100,3,121,5095.672103541784
MULTI_BOUND_G,100,3,122,5105.148661359301
MULTI_BOUND_G,100,3,123,5105.892071980574
MULTI_BOUND_G,100,3,124,5107.438355346114
MULTI_BOUND_G,100,3,125,5095.083305937229
MULTI_BOUND_G,100,3,126,5110.7095820567665
MULTI_BOUND_G,100,3,127,5110.7617043337705
MULTI_BOUND_G,100,3,128,5105.272181757118
MULTI_BOUND_G,100,3,129,5096.817562802295
MULTI_BOUND_G,100,3,130,5103.271590767716
MULTI_BOUND_G,100,3,131,5115.370331709808
MULTI_BOUND_G,100,3,132,5119.940518299103
MULTI_BOUND_G,100,3,133,5108.427832084468
MULTI_BOUND_G,100,3,134,5112.849171676602
MULTI_BOUND_G,100,3,135,5120.963610855271
MULTI_BOUND_G,100,3,136,5111.035295665588
MULTI_BOUND_G,100,3,137,5113.946289872789
MULTI_BOUND_G,100,3,138,5123.950356586574
MULTI_BOUND_G,100,3,139,5112.159015070679
MULTI_BOUND_G,100,3,140,5116.541370028723
MULTI_BOUND_G,100,3,141,5110.396272215599
MULTI_BOUND_G,100,3,142,5116.147718742821
MULTI_BOUND_G,100,3,143,5111.4024813336255
MULTI_BOUND_G,100,3,144,5128.963631168629
MULTI_BOUND_G,100,3,145,5120.702607729114
MULTI_BOUND_G,100,3,146,5118.721842487768
MULTI_BOUND_G,100,3,147,5113.535316138419
MULTI_BOUND_G,100,3,148,5127.788523101282
MULTI_BOUND_G,100,3,149,5120.375834276983
MULTI_BOUND_G,100,3,150,5123.453262716988
MULTI_BOUND_G,100,3,151,5126.214531454611
MULTI_BOUND_G,100,4,0,3840.4638087792946
MULTI_BOUND_G,100,4,1,8.721167326325681e+30
MULTI_BOUND_G,100,4,2,4.3605836631628407e+30
MULTI_BOUND_G,100,4,3,2.1802918315814203e+30
MULTI_BOUND_G,100,4,4,1.0901459157907102e+30
MULTI_BOUND_G,100,4,5,5.450729578953551e+29
MULTI_BOUND_G,100,4,6,2.7253647894767754e+29
MULTI_BOUND_G,100,4,7,1.3626823947383877e+29
MULTI_BOUND_G,100,4,8,6.8134119736919385e+28
MULTI_BOUND_G,100,4,9,3.4067059868459693e+28
MULTI_BOUND_G,100,4,10,1.7033529934229846e+28
MULTI_BOUND_G,100,4,11,8.516764967114923e+27
MULTI_BOUND_G,100,4,12,4.2583824835574616e+27
MULTI_BOUND_G,100,4,13,2.1291912417787308e+27
MULTI_BOUND_G,100,4,14,1.0645956208893654e+27
MULTI_BOUND_G,100,4,15,5.322978104446827e+26
MULTI_BOUND_G,100,4,16,2.6614890522234135e+26
MULTI_BOUND_G,100,4,17,1.3307445261117067e+26
MULTI_BOUND_G,100,4,18,6.653722630558534e+25
MULTI_BOUND_G,100,4,19,3.326861315279267e+25
MULTI_BOUND_G,100,4,20,1.6634306576396334e+25
MULTI_BOUND_G,100,4,21,8.317153288198167e+24
MULTI_BOUND_G,100,4,22,4.1585766440990836e+24
MULTI_BOUND_G,100,4,23,2.0792883220495418e+24
MULTI_BOUND_G,100,4,24,1.0396441610247709e+24
MULTI_BOUND_G,100,4,25,5.1982208051238545e+23
MULTI_BOUND_G,100,4,26,2.5991104025619272e+23
MULTI_BOUND_G,100,4,27,1.2995552012809636e+23
MULTI_BOUND_G,100,4,28,6.497776006404818e+22
MULTI_BOUND_G,100,4,29,3.248888003202409e+22
MULTI_BOUND_G,100,4,30,1.6244440016012045e+22
MULTI_BOUND_G,100,4,31,8.122220008006023e+21
MULTI_BOUND_G,100,4,32,4.0611100040030113e+21
MULTI_BOUND_G,100,4,33,2.0305550020015056e+21
MULTI_BOUND_G,100,4,34,1.0152775010007528e+21
MULTI_BOUND_G,100,4,35,5.076387505003764e+20
MULTI_BOUND_G,100,4,36,2.538193752501882e+20
MULTI_BOUND_G,100,4,37,1.269096876250941e+20
MULTI_BOUND_G,100,4,38,6.345484381254705e+19
MULTI_BOUND_G,100,4,39,3.1727421906273526e+19
MULTI_BOUND_G,100,4,40,1.5863710953136763e+19
MULTI_BOUND_G,100,4,41,7.931855476568381e+18
MULTI_BOUND_G,100,4,42,3.9659277382841907e+18
MULTI_BOUND_G,100,4,43,1.9829638691420954e+18
MULTI_BOUND_G,100,4,44,9.914819345710477e+17
MULTI_BOUND_G,100,4,45,4.9574096728552384e+17
MULTI_BOUND_G,100,4,46,2.4787048364276192e+17
MULTI_BOUND_G,100,4,47,1.23935241821381e+17
MULTI_BOUND_G,100,4,48,6.19676209106905e+16
MULTI_BOUND_G,100,4,49,3.098381045534525e+16
MULTI_BOUND_G,100,4,50,1.5491905227672646e+16
MULTI_BOUND_G,100,4,51,7745952613836336.0
MULTI_BOUND_G,100,4,52,3872976306918189.0
MULTI_BOUND_G,100,4,53,1936488153459108.5
MULTI_BOUND_G,100,4,54,968244076729560.4
MULTI_BOUND_G,100,4,55,484122038364806.9
MULTI_BOUND_G,100,4,56,242061019182426.1
MULTI_BOUND_G,100,4,57,121030509591209.1
MULTI_BOUND_G,100,4,58,60515254795624.95
MULTI_BOUND_G,100,4,59,30257627397816.79
MULTI_BOUND_G,100,4,60,15128813698924.352
MULTI_BOUND_G,100,4,61,7564406849475.511
MULTI_BOUND_G,100,4,62,3782203424767.372
MULTI_BOUND_G,100,4,63,1891101712392.3843
MULTI_BOUND_G,100,4,64,945550856214.3584
MULTI_BOUND_G,100,4,65,472775428131.91846
MULTI_BOUND_G,100,4,66,236387714092.91946
MULTI_BOUND_G,100,4,67,118193857054.72429
MULTI_BOUND_G,100,4,68,59096928544.12825
MULTI_BOUND_G,100,4,69,29548464300.168343
MULTI_BOUND_G,100,4,70,14774232168.379372
MULTI_BOUND_G,100,4,71,7387116098.538823
MULTI_BOUND_G,100,4,72,3693558078.5989256
MULTI_BOUND_G,100,4,73,1846779061.9280572
MULTI_BOUND_G,100,4,74,923389553.1921892
MULTI_BOUND_G,100,4,75,461694788.4723562
MULTI_BOUND_G,100,4,76,230847405.5644002
MULTI_BOUND_G,100,4,77,115423728.34081036
MULTI_BOUND_G,100,4,78,57711889.65574108
MULTI_BOUND_G,100,4,79,28855962.529579245
MULTI_BOUND_G,100,4,80,14428010.56820083
MULTI_BOUND_G,100,4,81,7214027.981464326
MULTI_BOUND_G,100,4,82,3607044.255317535
MULTI_BOUND_G,100,4,83,1803546.6198164239
MULTI_BOUND_G,100,4,84,901791.7269472777
MULTI_BOUND_G,100,4,85,450916.2263360552
MULTI_BOUND_G,100,4,86,225480.0743762766
MULTI_BOUND_G,100,4,87,112773.29822938208
MULTI_BOUND_G,100,4,88,56407.932114867464
MULTI_BOUND_G,100,4,89,28235.505501409003
MULTI_BOUND_G,100,4,90,14131.06533987405
MULTI_BOUND_G,100,4,91,7097.512305959828
MULTI_BOUND_G,100,4,92,7113.897880842977
MULTI_BOUND_G,100,4,93,7099.883810433026
MULTI_BOUND_G,100,4,94,7110.028006403062
MULTI_BOUND_G,100,4,95,7111.655113913481
MULTI_BOUND_G,100,4,96,7111.696057292997
MULTI_BOUND_G,100,4,97,7098.935682590263
MULTI_BOUND_G,100,4,98,7128.729617325168
MULTI_BOUND_G,100,4,99,7120.014365283733
MULTI_BOUND_G,100,4,100,7109.557671582913
MULTI_BOUND_G,100,4,101,7113.98430715886
MULTI_BOUND_G,100,4,102,7134.719285189217
MULTI_BOUND_G,100,4,103,7139.106454105987
MULTI_BOUND_G,100,4,104,7131.088763304653
MULTI_BOUND_G,100,4,105,7114.267480408271
MULTI_BOUND_G,100,4,106,7120.192637975393
MULTI_BOUND_G,100,4,107,7123.459570095485
MULTI_BOUND_G,100,4,108,7121.272743189144
MULTI_BOUND_G,100,4,109,7121.203705947633
MULTI_BOUND_G,100,4,110,7125.9547928187985
MULTI_BOUND_G,100,4,111,7136.288002266734
MULTI_BOUND_G,100,4,112,7133.939867083298
MULTI_BOUND_G,100,4,113,7134.51175074303
MULTI_BOUND_G,100,4,114,7137.910799717377
MULTI_BOUND_G,100,4,115,7130.901419749899
MULTI_BOUND_G,100,4,116,7138.116596500662
MULTI_BOUND_G,100,4,117,7141.995697183552
MULTI_BOUND_G,100,4,118,7145.897614608042
MULTI_BOUND_G,100,4,119,7139.462138418918
MULTI_BOUND_G,100,4,120,7152.790047149793
MULTI_BOUND_G,100,4,121,7132.0430460920825
MULTI_BOUND_G,100,4,122,7137.475471478705
MULTI_BOUND_G,100,4,123,7140.884298226378
MULTI_BOUND_G,100,4,124,7135.463250377729
MULTI_BOUND_G,100,4,125,7139.770504484904
MULTI_BOUND_G,100,4,126,7138.040874971006
MULTI_BOUND_G,100,4,127,7138.539999890407
MULTI_BOUND_G,100,4,128,7148.997737686019
MULTI_BOUND_G,100,4,129,7147.179374556481
MULTI_BOUND_G,100,4,130,7149.039445627746
MULTI_BOUND_G,100,4,131,7158.682484003374
MULTI_BOUND_G,100,4,132,7149.562902596781
MULTI_BOUND_G,100,4,133,7139.37592411434
MULTI_BOUND_G,100,4,134,7139.507299141451
MULTI_BOUND_G,100,4,135,7156.699275906414
MULTI_BOUND_G,100,4,136,7153.512206998055
MULTI_BOUND_G,100,4,137,7152.973216137189
MULTI_BOUND_G,100,4,138,7158.586285811767
MULTI_BOUND_G,100,4,139,7142.063436706834
MULTI_BOUND_G,100,4,140,7161.29650761415
MULTI_BOUND_G,100,4,141,7152.936510068108
MULTI_BOUND_G,100,4,142,7152.807869464408
MULTI_BOUND_G,100,4,143,7145.038925565701
MULTI_BOUND_G,100,4,144,7169.844741721498
MULTI_BOUND_G,100,4,145,7156.36225698081
MULTI_BOUND_G,100,4,146,7152.417675775824
MULTI_BOUND_G,100,4,147,7161.842919194613
MULTI_BOUND_G,100,4,148,7158.497905982087
MULTI_BOUND_G,100,4,149,7155.955070406833
MULTI_BOUND_G,100,4,150,7165.112972238248
MULTI_BOUND_G,100,4,151,7168.345593108901
MULTI_BOUND_G,100,5,0,3499.955539333468
MULTI_BOUND_G,100,5,1,5.108903170134486e+30
MULTI_BOUND_G,100,5,2,2.554451585067243e+30
MULTI_BOUND_G,100,5,3,1.2772257925336216e+30
MULTI_BOUND_G,100,5,4,6.386128962668108e+29
MULTI_BOUND_G,100,5,5,3.193064481334054e+29
MULTI_BOUND_G,100,5,6,1.596532240667027e+29
MULTI_BOUND_G,100,5,7,7.982661203335135e+28
MULTI_BOUND_G,100,5,8,3.991330601667567e+28
MULTI_BOUND_G,100,5,9,1.9956653008337837e+28
MULTI_BOUND_G,100,5,10,9.978326504168918e+27
MULTI_BOUND_G,100,5,11,4.989163252084459e+27
MULTI_BOUND_G,100,5,12,2.4945816260422296e+27
MULTI_BOUND_G,100,5,13,1.2472908130211148e+27
MULTI_BOUND_G,100,5,14,6.236454065105574e+26
MULTI_BOUND_G,100,5,15,3.118227032552787e+26
MULTI_BOUND_G,100,5,16,1.5591135162763935e+26
MULTI_BOUND_G,100,5,17,7.795567581381967e+25
MULTI_BOUND_G,100,5,18,3.897783790690984e+25
MULTI_BOUND_G,100,5,19,1.948891895345492e+25
MULTI_BOUND_G,100,5,20,9.74445947672746e+24
MULTI_BOUND_G,100,5,21,4.87222973836373e+24
MULTI_BOUND_G,100,5,22,2.436114869181865e+24
MULTI_BOUND_G,100,5,23,1.2180574345909324e+24
MULTI_BOUND_G,100,5,24,6.090287172954662e+23
MULTI_BOUND_G,100,5,25,3.045143586477331e+23
MULTI_BOUND_G,100,5,26,1.5225717932386655e+23
MULTI_BOUND_G,100,5,27,7.612858966193328e+22
MULTI_BOUND_G,100,5,28,3.806429483096664e+22
MULTI_BOUND_G,100,5,29,1.903214741548332e+22
MULTI_BOUND_G,100,5,30,9.51607370774166e+21
MULTI_BOUND_G,100,5,31,4.75803685387083e+21
MULTI_BOUND_G,100,5,32,2.379018426935415e+21
MULTI_BOUND_G,100,5,33,1.1895092134677074e+21
MULTI_BOUND_G,100,5,34,5.947546067338537e+20
MULTI_BOUND_G,100,5,35,2.9737730336692686e+20
MULTI_BOUND_G,100,5,36,1.4868865168346343e+20
MULTI_BOUND_G,100,5,37,7.434432584173172e+19
MULTI_BOUND_G,100,5,38,3.717216292086586e+19
MULTI_BOUND_G,100,5,39,1.858608146043293e+19
MULTI_BOUND_G,100,5,40,9.293040730216464e+18
MULTI_BOUND_G,100,5,41,4.646520365108232e+18
MULTI_BOUND_G,100,5,42,2.323260182554116e+18
MULTI_BOUND_G,100,5,43,1.161630091277058e+18
MULTI_BOUND_G,100,5,44,5.80815045638529e+17
MULTI_BOUND_G,100,5,45,2.904075228192646e+17
MULTI_BOUND_G,100,5,46,1.4520376140963232e+17
MULTI_BOUND_G,100,5,47,7.260188070481616e+16
MULTI_BOUND_G,100,5,48,3.63009403524081e+16
MULTI_BOUND_G,100,5,49,1.815047017620407e+16
MULTI_BOUND_G,100,5,50,9075235088102036.0
MULTI_BOUND_G,100,5,51,4537617544051044.0
MULTI_BOUND_G,100,5,52,2268808772025543.0
MULTI_BOUND_G,100,5,53,1134404386012799.0
MULTI_BOUND_G,100,5,54,567202193006413.2
MULTI_BOUND_G,100,5,55,283601096503224.6
MULTI_BOUND_G,100,5,56,141800548251624.7
MULTI_BOUND_G,100,5,57,70900274125828.44
MULTI_BOUND_G,100,5,58,35450137062934.81
MULTI_BOUND_G,100,5,59,17725068531482.82
MULTI_BOUND_G,100,5,60,8862534265774.844
MULTI_BOUND_G,100,5,61,4431267132893.826
MULTI_BOUND_G,100,5,62,2215633566475.613
MULTI_BOUND_G,100,5,63,1107816783250.2593
MULTI_BOUND_G,100,5,64,553908391641.8748
MULTI_BOUND_G,100,5,65,276954195834.7992
MULTI_BOUND_G,100,5,66,138477097934.7085
MULTI_BOUND_G,100,5,67,69238548989.7646
MULTI_BOUND_G,100,5,68,34619274513.661514
MULTI_BOUND_G,100,5,69,17309637269.061844
MULTI_BOUND_G,100,5,70,8654818646.174618
MULTI_BOUND_G,100,5,71,4327409349.831947
MULTI_BOUND_G,100,5,72,2163704700.8907747
MULTI_BOUND_G,100,5,73,1081852359.4484982
MULTI_BOUND_G,100,5,74,540926189.0612065
MULTI_BOUND_G,100,5,75,270463125.3437994
MULTI_BOUND_G,100,5,76,135231582.98607597
MULTI_BOUND_G,100,5,77,67615807.985099
MULTI_BOUND_G,100,5,78,33807926.60220954
MULTI_BOUND_G,100,5,79,16903983.298124712
MULTI_BOUND_G,100,5,80,8452008.209192967
MULTI_BOUND_G,100,5,81,4226020.380658148
MULTI_BOUND_G,100,5,82,2113026.9647568646
MULTI_BOUND_G,100,5,83,1056548.3290182406
MULTI_BOUND_G,100,5,84,528289.384243862
MULTI_BOUND_G,100,5,85,264168.5110138032
MULTI_BOUND_G,100,5,86,132100.0222162088
MULTI_BOUND_G,100,5,87,66068.45875732684
MULTI_BOUND_G,100,5,88,33058.24071665092
MULTI_BOUND_G,100,5,89,16562.743513829177
MULTI_BOUND_G,100,5,90,8305.121117086073
MULTI_BOUND_G,100,5,91,4169.561897349535
MULTI_BOUND_G,100,5,92,4181.564901364276
MULTI_BOUND_G,100,5,93,4181.110665287055
MULTI_BOUND_G,100,5,94,4179.481979983755
MULTI_BOUND_G,100,5,95,4187.443820283748
MULTI_BOUND_G,100,5,96,4184.137254901628
MULTI_BOUND_G,100,5,97,4188.837868748956
MULTI_BOUND_G,100,5,98,4188.000756379151
MULTI_BOUND_G,100,5,99,4180.976111623238
MULTI_BOUND_G,100,5,100,4199.2462289422465
MULTI_BOUND_G,100,5,101,4196.550822605488
MULTI_BOUND_G,100,5,102,4191.654346670282
MULTI_BOUND_G,100,5,103,4209.0442634792535
MULTI_BOUND_G,100,5,104,4195.7841448043655
MULTI_BOUND_G,100,5,105,4202.37626653054
MULTI_BOUND_G,100,5,106,4197.272808796123
MULTI_BOUND_G,100,5,107,4202.525674302215
MULTI_BOUND_G,100,5,108,4210.196329244811
MULTI_BOUND_G,100,5,109,4193.573672121338
MULTI_BOUND_G,100,5,110,4200.355845810289
MULTI_BOUND_G,100,5,111,4184.18494167939
MULTI_BOUND_G,100,5,112,4202.541308250302
MULTI_BOUND_G,100,5,113,4193.423387252216
MULTI_BOUND_G,100,5,114,4202.428895949717
MULTI_BOUND_G,100,5,115,4209.271501439307
MULTI_BOUND_G,100,5,116,4206.7834991721065
MULTI_BOUND_G,100,5,117,4197.661478429156
MULTI_BOUND_G,100,5,118,4194.993820938365
MULTI_BOUND_G,100,5,119,4207.163106015088
MULTI_BOUND_G,100,5,120,4214.827830062568
MULTI_BOUND_G,100,5,121,4217.434966765263
MULTI_BOUND_G,100,5,122,4197.682902972443
MULTI_BOUND_G,100,5,123,4222.898747099107
MULTI_BOUND_G,100,5,124,4219.027379229171
MULTI_BOUND_G,100,5,125,4217.991633668262
MULTI_BOUND_G,100,5,126,4208.219888144493
MULTI_BOUND_G,100,5,127,4210.431682353884
MULTI_BOUND_G,100,5,128,4211.302209583138
MULTI_BOUND_G,100,5,129,4200.035656047552
MULTI_BOUND_G,100,5,130,4212.772932488715
MULTI_BOUND_G,100,5,131,4204.528535527896
MULTI_BOUND_G,100,5,132,4219.5351612985105
MULTI_BOUND_G,100,5,133,4221.463116966852
MULTI_BOUND_G,100,5,134,4214.6497976859955
MULTI_BOUND_G,100,5,135,4211.987647461918
MULTI_BOUND_G,100,5,136,4225.900979763186
MULTI_BOUND_G,100,5,137,4215.188234626292
MULTI_BOUND_G,100,5,138,4222.856953109859
MULTI_BOUND_G,100,5,139,4233.1093664396685
MULTI_BOUND_G,100,5,140,4224.090628511402
MULTI_BOUND_G,100,5,141,4218.453970765587
MULTI_BOUND_G,100,5,142,4228.341787136537
MULTI_BOUND_G,100,5,143,4220.085602898524
MULTI_BOUND_G,100,5,144,4215.400936988112
MULTI_BOUND_G,100,5,145,4225.032931095275
MULTI_BOUND_G,100,5,146,4218.938989196864
MULTI_BOUND_G,100,5,147,4226.359375022719
MULTI_BOUND_G,100,5,148,4233.321024048768
MULTI_BOUND_G,100,5,149,4228.69517646798
MULTI_BOUND_G,100,5,150,4228.686458653341
MULTI_BOUND_G,100,5,151,4235.4847026259395
MULTI_BOUND_G,100,6,0,3800.9798771683663
MULTI_BOUND_G,100,6,1,7.90039355633227e+30
MULTI_BOUND_G,100,6,2,3.950196778166135e+30
MULTI_BOUND_G,100,6,3,1.9750983890830675e+30
MULTI_BOUND_G,100,6,4,9.875491945415338e+29
MULTI_BOUND_G,100,6,5,4.937745972707669e+29
MULTI_BOUND_G,100,6,6,2.4688729863538344e+29
MULTI_BOUND_G,100,6,7,1.2344364931769172e+29
MULTI_BOUND_G,100,6,8,6.172182465884586e+28
MULTI_BOUND_G,100,6,9,3.086091232942293e+28
MULTI_BOUND_G,100,6,10,1.5430456164711465e+28
MULTI_BOUND_G,100,6,11,7.715228082355733e+27
MULTI_BOUND_G,100,6,12,3.8576140411778663e+27
MULTI_BOUND_G,100,6,13,1.9288070205889331e+27
MULTI_BOUND_G,100,6,14,9.644035102944666e+26
MULTI_BOUND_G,100,6,15,4.822017551472333e+26
MULTI_BOUND_G,100,6,16,2.4110087757361664e+26
MULTI_BOUND_G,100,6,17,1.2055043878680832e+26
MULTI_BOUND_G,100,6,18,6.027521939340416e+25
MULTI_BOUND_G,100,6,19,3.013760969670208e+25
MULTI_BOUND_G,100,6,20,1.506880484835104e+25
MULTI_BOUND_G,100,6,21,7.53440242417552e+24
MULTI_BOUND_G,100,6,22,3.76720121208776e+24
MULTI_BOUND_G,100,6,23,1.88360060604388e+24
MULTI_BOUND_G,100,6,24,9.4180030302194e+23
MULTI_BOUND_G,100,6,25,4.7090015151097e+23
MULTI_BOUND_G,100,6,26,2.35450075755485e+23
MULTI_BOUND_G,100,6,27,1.177250378777425e+23
MULTI_BOUND_G,100,6,28,5.886251893887125e+22
MULTI_BOUND_G,100,6,29,2.9431259469435625e+22
MULTI_BOUND_G,100,6,30,1.4715629734717813e+22
MULTI_BOUND_G,100,6,31,7.357814867358906e+21
MULTI_BOUND_G,100,6,32,3.678907433679453e+21
MULTI_BOUND_G,100,6,33,1.8394537168397266e+21
MULTI_BOUND_G,100,6,34,9.197268584198633e+20
MULTI_BOUND_G,100,6,35,4.5986342920993164e+20
MULTI_BOUND_G,100,6,36,2.2993171460496582e+20
MULTI_BOUND_G,100,6,37,1.1496585730248291e+20
MULTI_BOUND_G,100,6,38,5.7482928651241456e+19
MULTI_BOUND_G,100,6,39,2.8741464325620728e+19
MULTI_BOUND_G,100,6,40,1.4370732162810364e+19
MULTI_BOUND_G,100,6,41,7.185366081405182e+18
MULTI_BOUND_G,100,6,42,3.592683040702591e+18
MULTI_BOUND_G,100,6,43,1.7963415203512955e+18
MULTI_BOUND_G,100,6,44,8.981707601756477e+17
MULTI_BOUND_G,100,6,45,4.490853800878239e+17
MULTI_BOUND_G,100,6,46,2.2454269004391194e+17
MULTI_BOUND_G,100,6,47,1.12271345021956e+17
MULTI_BOUND_G,100,6,48,5.613567251097801e+16
MULTI_BOUND_G,100,6,49,2.8067836255489016e+16
MULTI_BOUND_G,100,6,50,1.4033918127744516e+16
MULTI_BOUND_G,100,6,51,7016959063872272.0
MULTI_BOUND_G,100,6,52,3508479531936143.0
MULTI_BOUND_G,100,6,53,1754239765968091.5
MULTI_BOUND_G,100,6,54,877119882984078.5
MULTI_BOUND_G,100,6,55,438559941492046.94
MULTI_BOUND_G,100,6,56,219279970746047.53
MULTI_BOUND_G,100,6,57,109639985373030.28
MULTI_BOUND_G,100,6,58,54819992686537.02
MULTI_BOUND_G,100,6,59,27409996343290.656
MULTI_BOUND_G,100,6,60,13704998171656.832
MULTI_BOUND_G,100,6,61,6852499085859.143
MULTI_BOUND_G,100,6,62,3426249542940.4004
MULTI_BOUND_G,100,6,63,1713124771485.353
MULTI_BOUND_G,100,6,64,856562385759.2517
MULTI_BOUND_G,100,6,65,428281192898.99805
MULTI_BOUND_G,100,6,66,214140596468.79904
MULTI_BOUND_G,100,6,67,107070298250.26212
MULTI_BOUND_G,100,6,68,53535149147.6293
MULTI_BOUND_G,100,6,69,26767574596.17189
MULTI_BOUND_G,100,6,70,13383787322.218039
MULTI_BOUND_G,100,6,71,6691893666.796556
MULTI_BOUND_G,100,6,72,3345946847.1303797
MULTI_BOUND_G,100,6,73,1672973439.203535
MULTI_BOUND_G,100,6,74,836486742.664583
MULTI_BOUND_G,100,6,75,418243390.13332367
MULTI_BOUND_G,100,6,76,209121715.15826464
MULTI_BOUND_G,100,6,77,104560869.75397757
MULTI_BOUND_G,100,6,78,52280452.05480562
MULTI_BOUND_G,100,6,79,26140245.788316645
MULTI_BOUND_G,100,6,80,13070142.81356737
MULTI_BOUND_G,100,6,81,6535090.850799032
MULTI_BOUND_G,100,6,82,3267560.07190815
MULTI_BOUND_G,100,6,83,1633822.2053639255
MULTI_BOUND_G,100,6,84,816927.0578811677
MULTI_BOUND_G,100,6,85,408480.8850738958
MULTI_BOUND_G,100,6,86,204272.23723366638
MULTI_BOUND_G,100,6,87,102157.00929252783
MULTI_BOUND_G,100,6,88,51118.40137707356
MULTI_BOUND_G,100,6,89,25578.46292395724
MULTI_BOUND_G,100,6,90,12808.940242179207
MULTI_BOUND_G,100,6,91,6428.694123663549
MULTI_BOUND_G,100,6,92,6425.227438633128
MULTI_BOUND_G,100,6,93,6440.278673697316
MULTI_BOUND_G,100,6,94,6441.485965779444
MULTI_BOUND_G,100,6,95,6440.851669359062
MULTI_BOUND_G,100,6,96,6453.0363931536795
MULTI_BOUND_G,100,6,97,6453.470935204248
MULTI_BOUND_G,100,6,98,6445.877166778293
MULTI_BOUND_G,100,6,99,6437.599104954559
MULTI_BOUND_G,100,6,100,6443.7853865347015
MULTI_BOUND_G,100,6,101,6450.535884498162
MULTI_BOUND_G,100,6,102,6454.646907859991
MULTI_BOUND_G,100,6,103,6439.1314181411935
MULTI_BOUND_G,100,6,104,6453.548270656012
MULTI_BOUND_G,100,6,105,6443.9798542253
MULTI_BOUND_G,100,6,106,6452.475016461695
MULTI_BOUND_G,100,6,107,6448.760727892377
MULTI_BOUND_G,100,6,108,6454.0575982226255
MULTI_BOUND_G,100,6,109,6456.543639343066
MULTI_BOUND_G,100,6,110,6456.189271578931
MULTI_BOUND_G,100,6,111,6458.284220999429
MULTI_BOUND_G,100,6,112,6469.455734107055
MULTI_BOUND_G,100,6,113,6473.585754750286
MULTI_BOUND_G,100,6,114,6466.560552030485
MULTI_BOUND_G,100,6,115,6468.609110185613
MULTI_BOUND_G,100,6,116,6463.801103046765
MULTI_BOUND_G,100,6,117,6460.7279234947655
MULTI_BOUND_G,100,6,118,6465.582785545972
MULTI_BOUND_G,100,6,119,6463.993219496357
MULTI_BOUND_G,100,6,120,6475.645517489126
MULTI_BOUND_G,100,6,121,6469.462955651683
MULTI_BOUND_G,100,6,122,6463.670220139926
MULTI_BOUND_G,100,6,123,6464.738993565434
MULTI_BOUND_G,100,6,124,6469.127913507158
MULTI_BOUND_G,100,6,125,6477.878370363856
MULTI_BOUND_G,100,6,126,6472.102152998306
MULTI_BOUND_G,100,6,127,6478.077510655449
MULTI_BOUND_G,100,6,128,6470.600217318246
MULTI_BOUND_G,100,6,129,6479.721368002547
MULTI_BOUND_G,100,6,130,6473.204709747548
MULTI_BOUND_G,100,6,131,6465.631157430616
MULTI_BOUND_G,100,6,132,6469.954925184047
MULTI_BOUND_G,100,6,133,6483.733097371258
MULTI_BOUND_G,100,6,134,6478.159081708398
MULTI_BOUND_G,100,6,135,6483.433011040922
MULTI_BOUND_G,100,6,136,6481.232948892013
MULTI_BOUND_G,100,6,137,6477.052731216107
MULTI_BOUND_G,100,6,138,6473.249020323635
MULTI_BOUND_G,100,6,139,6480.3172709540195
MULTI_BOUND_G,100,6,140,6479.740247073623
MULTI_BOUND_G,100,6,141,6490.525332889487
MULTI_BOUND_G,100,6,142,6475.13610551053
MULTI_BOUND_G,100,6,143,6487.668652265374
MULTI_BOUND_G,100,6,144,6491.980074518795
MULTI_BOUND_G,100,6,145,6479.457509243504
MULTI_BOUND_G,100,6,146,6487.524465308387
MULTI_BOUND_G,100,6,147,6498.72687945801
MULTI_BOUND_G,100,6,148,6486.958333851313
MULTI_BOUND_G,100,6,149,6480.232148254177
MULTI_BOUND_G,100,6,150,6490.44044689537
MULTI_BOUND_G,100,6,151,6490.816250330548
MULTI_BOUND_G,100,7,0,3669.699863670181
MULTI_BOUND_G,100,7,1,8.318155013698859e+30
MULTI_BOUND_G,100,7,2,4.1590775068494294e+30
MULTI_BOUND_G,100,7,3,2.0795387534247147e+30
MULTI_BOUND_G,100,7,4,1.0397693767123574e+30
MULTI_BOUND_G,100,7,5,5.198846883561787e+29
MULTI_BOUND_G,100,7,6,2.5994234417808934e+29
MULTI_BOUND_G,100,7,7,1.2997117208904467e+29
MULTI_BOUND_G,100,7,8,6.4985586044522335e+28
MULTI_BOUND_G,100,7,9,3.2492793022261167e+28
MULTI_BOUND_G,100,7,10,1.6246396511130584e+28
MULTI_BOUND_G,100,7,11,8.123198255565292e+27
MULTI_BOUND_G,100,7,12,4.061599127782646e+27
MULTI_BOUND_G,100,7,13,2.030799563891323e+27
MULTI_BOUND_G,100,7,14,1.0153997819456615e+27
MULTI_BOUND_G,100,7,15,5.0769989097283074e+26
MULTI_BOUND_G,100,7,16,2.5384994548641537e+26
MULTI_BOUND_G,100,7,17,1.2692497274320768e+26
MULTI_BOUND_G,100,7,18,6.346248637160384e+25
MULTI_BOUND_G,100,7,19,3.173124318580192e+25
MULTI_BOUND_G,100,7,20,1.586562159290096e+25
MULTI_BOUND_G,100,7,21,7.93281079645048e+24
MULTI_BOUND_G,100,7,22,3.96640539822524e+24
MULTI_BOUND_G,100,7,23,1.98320269911262e+24
MULTI_BOUND_G,100,7,24,9.9160134955631e+23
MULTI_BOUND_G,100,7,25,4.95800674778155e+23
MULTI_BOUND_G,100,7,26,2.479003373890775e+23
MULTI_BOUND_G,100,7,27,1.2395016869453875e+23
MULTI_BOUND_G,100,7,28,6.197508434726938e+22
MULTI_BOUND_G,100,7,29,3.098754217363469e+22
MULTI_BOUND_G,100,7,30,1.5493771086817344e+22
MULTI_BOUND_G,100,7,31,7.746885543408672e+21
MULTI_BOUND_G,100,7,32,3.873442771704336e+21
MULTI_BOUND_G,100,7,33,1.936721385852168e+21
MULTI_BOUND_G,100,7,34,9.68360692926084e+20
MULTI_BOUND_G,100,7,35,4.84180346463042e+20
MULTI_BOUND_G,100,7,36,2.42090173231521e+20
MULTI_BOUND_G,100,7,37,1.210450866157605e+20
MULTI_BOUND_G,100,7,38,6.052254330788025e+19
MULTI_BOUND_G,100,7,39,3.0261271653940126e+19
MULTI_BOUND_G,100,7,40,1.5130635826970063e+19
MULTI_BOUND_G,100,7,41,7.565317913485031e+18
MULTI_BOUND_G,100,7,42,3.7826589567425157e+18
MULTI_BOUND_G,100,7,43,1.8913294783712579e+18
MULTI_BOUND_G,100,7,44,9.456647391856289e+17
MULTI_BOUND_G,100,7,45,4.7283236959281446e+17
MULTI_BOUND_G,100,7,46,2.3641618479640723e+17
MULTI_BOUND_G,100,7,47,1.1820809239820363e+17
MULTI_BOUND_G,100,7,48,5.910404619910183e+16
MULTI_BOUND_G,100,7,49,2.955202309955093e+16
MULTI_BOUND_G,100,7,50,1.477601154977548e+16
MULTI_BOUND_G,100,7,51,7388005774887746.0
MULTI_BOUND_G,100,7,52,3694002887443889.0
MULTI_BOUND_G,100,7,53,1847001443721966.8
MULTI_BOUND_G,100,7,54,923500721861001.2
MULTI_BOUND_G,100,7,55,461750360930515.5
MULTI_BOUND_G,100,7,56,230875180465283.75
MULTI_BOUND_G,100,7,57,115437590232655.64
MULTI_BOUND_G,100,7,58,57718795116340.17
MULTI_BOUND_G,100,7,59,28859397558190.625
MULTI_BOUND_G,100,7,60,14429698779111.594
MULTI_BOUND_G,100,7,61,7214849389571.388
MULTI_BOUND_G,100,7,62,3607424694811.3857
MULTI_BOUND_G,100,7,63,1803712347426.961
MULTI_BOUND_G,100,7,64,901856173720.5684
MULTI_BOUND_G,100,7,65,450928086884.93054
MULTI_BOUND_G,100,7,66,225464043464.07416
MULTI_BOUND_G,100,7,67,112732021746.81662
MULTI_BOUND_G,100,7,68,56366010889.480545
MULTI_BOUND_G,100,7,69,28183005465.27973
MULTI_BOUND_G,100,7,70,14091502752.350285
MULTI_BOUND_G,100,7,71,7045751391.647778
MULTI_BOUND_G,100,7,72,3522875715.220799
MULTI_BOUND_G,100,7,73,1761437877.5182729
MULTI_BOUND_G,100,7,74,880718954.8257123
MULTI_BOUND_G,100,7,75,440359496.0844454
MULTI_BOUND_G,100,7,76,220179764.06938082
MULTI_BOUND_G,100,7,77,110089901.81382427
MULTI_BOUND_G,100,7,78,55044982.775231086
MULTI_BOUND_G,100,7,79,27522509.5426655
MULTI_BOUND_G,100,7,80,13761270.741547987
MULTI_BOUND_G,100,7,81,6880668.960240119
MULTI_BOUND_G,100,7,82,3440345.4437831016
MULTI_BOUND_G,100,7,83,1720202.2428552269
MULTI_BOUND_G,100,7,84,860114.068805923
MULTI_BOUND_G,100,7,85,430079.6484144379
MULTI_BOUND_G,100,7,86,215056.15557569757
MULTI_BOUND_G,100,7,87,107554.63570157907
MULTI_BOUND_G,100,7,88,53803.37821548605
MULTI_BOUND_G,100,7,89,26931.544973112257
MULTI_BOUND_G,100,7,90,13477.44239753834
MULTI_BOUND_G,100,7,91,6764.94495050235
MULTI_BOUND_G,100,7,92,6755.73445711848
MULTI_BOUND_G,100,7,93,6759.898744707198
MULTI_BOUND_G,100,7,94,6766.191316121242
MULTI_BOUND_G,100,7,95,6771.036999315196
MULTI_BOUND_G,100,7,96,6756.9190792786485
MULTI_BOUND_G,100,7,97,6752.702057582501
MULTI_BOUND_G,100,7,98,6775.56994741135
MULTI_BOUND_G,100,7,99,6764.8820518215525
MULTI_BOUND_G,100,7,100,6768.225683905439
MULTI_BOUND_G,100,7,101,6773.166868467365
MULTI_BOUND_G,100,7,102,6763.138675433125
MULTI_BOUND_G,100,7,103,6759.438884466065
MULTI_BOUND_G,100,7,104,6765.328337251403
MULTI_BOUND_G,100,7,105,6768.802689690447
MULTI_BOUND_G,100,7,106,6776.171136893918
MULTI_BOUND_G,100,7,107,6771.210025117102
MULTI_BOUND_G,100,7,108,6766.268455681295
MULTI_BOUND_G,100,7,109,6775.228663722248
MULTI_BOUND_G,100,7,110,6773.650689607874
MULTI_BOUND_G,100,7,111,6769.675562222751
MULTI_BOUND_G,100,7,112,6769.8912442140645
MULTI_BOUND_G,100,7,113,6764.8234087129595
MULTI_BOUND_G,100,7,114,6785.424615155183
MULTI_BOUND_G,100,7,115,6771.92157380623
MULTI_BOUND_G,100,7,116,6779.289070840203
MULTI_BOUND_G,100,7,117,6782.238706398399
MULTI_BOUND_G,100,7,118,6785.578978081974
MULTI_BOUND_G,100,7,119,6785.576522035137
MULTI_BOUND_G,100,7,120,6780.75336301542
MULTI_BOUND_G,100,7,121,6794.393069726686
MULTI_BOUND_G,100,7,122,6775.546215292306
MULTI_BOUND_G,100,7,123,6772.096822847114
MULTI_BOUND_G,100,7,124,6793.370873318765
MULTI_BOUND_G,100,7,125,6778.68460919103
MULTI_BOUND_G,100,7,126,6770.914177061773
MULTI_BOUND_G,100,7,127,6784.155019853353
MULTI_BOUND_G,100,7,128,6786.686617869127
MULTI_BOUND_G,100,7,129,6792.793007492739
MULTI_BOUND_G,100,7,130,6775.205751731886
MULTI_BOUND_G,100,7,131,6785.59206780274
MULTI_BOUND_G,100,7,132,6795.104387877778
MULTI_BOUND_G,100,7,133,6795.500934299736
MULTI_BOUND_G,100,7,134,6790.569792663098
MULTI_BOUND_G,100,7,135,6791.175473957357
MULTI_BOUND_G,100,7,136,6781.274909293278
MULTI_BOUND_G,100,7,137,6803.754957707993
MULTI_BOUND_G,100,7,138,6813.057336532492
MULTI_BOUND_G,100,7,139,6795.460124143289
MULTI_BOUND_G,100,7,140,6806.564042774688
MULTI_BOUND_G,100,7,141,6809.164556257082
MULTI_BOUND_G,100,7,142,6808.765508932495
MULTI_BOUND_G,100,7,143,6808.40477592587
MULTI_BOUND_G,100,7,144,6804.855522673798
MULTI_BOUND_G,100,7,145,6811.610669558851
MULTI_BOUND_G,100,7,146,6809.764587258303
MULTI_BOUND_G,100,7,147,6801.312961337551
MULTI_BOUND_G,100,7,148,6801.528555925341
MULTI_BOUND_G,100,7,149,6805.674819595116
MULTI_BOUND_G,100,7,150,6817.036351646307
MULTI_BOUND_G,100,7,151,6811.243124243901
MULTI_BOUND_G,100,8,0,3561.014227261593
MULTI_BOUND_G,100,8,1,9.747637570126775e+30
MULTI_BOUND_G,100,8,2,4.8738187850633877e+30
MULTI_BOUND_G,100,8,3,2.4369093925316938e+30
MULTI_BOUND_G,100,8,4,1.2184546962658469e+30
MULTI_BOUND_G,100,8,5,6.0922734813292346e+29
MULTI_BOUND_G,100,8,6,3.0461367406646173e+29
MULTI_BOUND_G,100,8,7,1.5230683703323087e+29
MULTI_BOUND_G,100,8,8,7.615341851661543e+28
MULTI_BOUND_G,100,8,9,3.8076709258307716e+28
MULTI_BOUND_G,100,8,10,1.9038354629153858e+28
MULTI_BOUND_G,100,8,11,9.519177314576929e+27
MULTI_BOUND_G,100,8,12,4.7595886572884645e+27
MULTI_BOUND_G,100,8,13,2.3797943286442323e+27
MULTI_BOUND_G,100,8,14,1.1898971643221161e+27
MULTI_BOUND_G,100,8,15,5.949485821610581e+26
MULTI_BOUND_G,100,8,16,2.9747429108052903e+26
MULTI_BOUND_G,100,8,17,1.4873714554026452e+26
MULTI_BOUND_G,100,8,18,7.436857277013226e+25
MULTI_BOUND_G,100,8,19,3.718428638506613e+25
MULTI_BOUND_G,100,8,20,1.8592143192533065e+25
MULTI_BOUND_G,100,8,21,9.296071596266532e+24
MULTI_BOUND_G,100,8,22,4.648035798133266e+24
MULTI_BOUND_G,100,8,23,2.324017899066633e+24
MULTI_BOUND_G,100,8,24,1.1620089495333165e+24
MULTI_BOUND_G,100,8,25,5.810044747666583e+23
MULTI_BOUND_G,100,8,26,2.9050223738332913e+23
MULTI_BOUND_G,100,8,27,1.4525111869166457e+23
MULTI_BOUND_G,100,8,28,7.262555934583228e+22
MULTI_BOUND_G,100,8,29,3.631277967291614e+22
MULTI_BOUND_G,100,8,30,1.815638983645807e+22
MULTI_BOUND_G,100,8,31,9.078194918229035e+21
MULTI_BOUND_G,100,8,32,4.5390974591145177e+21
MULTI_BOUND_G,100,8,33,2.2695487295572589e+21
MULTI_BOUND_G,100,8,34,1.1347743647786294e+21
MULTI_BOUND_G,100,8,35,5.673871823893147e+20
MULTI_BOUND_G,100,8,36,2.8369359119465736e+20
MULTI_BOUND_G,100,8,37,1.4184679559732868e+20
MULTI_BOUND_G,100,8,38,7.092339779866434e+19
MULTI_BOUND_G,100,8,39,3.546169889933217e+19
MULTI_BOUND_G,100,8,40,1.7730849449666085e+19
MULTI_BOUND_G,100,8,41,8.865424724833042e+18
MULTI_BOUND_G,100,8,42,4.432712362416521e+18
MULTI_BOUND_G,100,8,43,2.2163561812082606e+18
MULTI_BOUND_G,100,8,44,1.1081780906041303e+18
MULTI_BOUND_G,100,8,45,5.540890453020653e+17
MULTI_BOUND_G,100,8,46,2.7704452265103264e+17
MULTI_BOUND_G,100,8,47,1.3852226132551632e+17
MULTI_BOUND_G,100,8,48,6.926113066275818e+16
MULTI_BOUND_G,100,8,49,3.4630565331379096e+16
MULTI_BOUND_G,100,8,50,1.731528266568956e+16
MULTI_BOUND_G,100,8,51,8657641332844800.0
MULTI_BOUND_G,100,8,52,4328820666422421.0
MULTI_BOUND_G,100,8,53,2164410333211215.0
MULTI_BOUND_G,100,8,54,1082205166605628.5
MULTI_BOUND_G,100,8,55,541102583302816.5
MULTI_BOUND_G,100,8,56,270551291651427.34
MULTI_BOUND_G,100,8,57,135275645825732.62
MULTI_BOUND_G,100,8,58,67637822912880.84
MULTI_BOUND_G,100,8,59,33818911456458.28
MULTI_BOUND_G,100,8,60,16909455728247.262
MULTI_BOUND_G,100,8,61,8454727864152.262
MULTI_BOUND_G,100,8,62,4227363932080.628
MULTI_BOUND_G,100,8,63,2113681966059.1653
MULTI_BOUND_G,100,8,64,1056840983043.4204
MULTI_BOUND_G,100,8,65,528420491541.3015
MULTI_BOUND_G,100,8,66,264210245781.79492
MULTI_BOUND_G,100,8,67,132105122907.26483
MULTI_BOUND_G,100,8,68,66052561480.90764
MULTI_BOUND_G,100,8,69,33026280758.094284
MULTI_BOUND_G,100,8,70,16513140387.32877
MULTI_BOUND_G,100,8,71,8256570212.8549385
MULTI_BOUND_G,100,8,72,4128285125.2777896
MULTI_BOUND_G,100,8,73,2064142580.3365316
MULTI_BOUND_G,100,8,74,1032071309.5650426
MULTI_BOUND_G,100,8,75,516035670.1514933
MULTI_BOUND_G,100,8,76,258017846.84095192
MULTI_BOUND_G,100,8,77,129008942.2468231
MULTI_BOUND_G,100,8,78,64504492.7985566
MULTI_BOUND_G,100,8,79,32252257.413557123
MULTI_BOUND_G,100,8,80,16126163.666315306
MULTI_BOUND_G,100,8,81,8063112.002433226
MULTI_BOUND_G,100,8,82,4031564.7357024658
MULTI_BOUND_G,100,8,83,2015800.0393385196
MULTI_BOUND_G,100,8,84,1007923.9854718444
MULTI_BOUND_G,100,8,85,503976.5043049861
MULTI_BOUND_G,100,8,86,252004.62271296055
MULTI_BOUND_G,100,8,87,126029.21717391464
MULTI_BOUND_G,100,8,88,63038.90499110282
MULTI_BOUND_G,100,8,89,31540.083592154024
MULTI_BOUND_G,100,8,90,15812.63321938102
MULTI_BOUND_G,100,8,91,7920.880170500486
MULTI_BOUND_G,100,8,92,3991.419159585713
MULTI_BOUND_G,100,8,93,3975.038463270743
MULTI_BOUND_G,100,8,94,3998.7757195020827
MULTI_BOUND_G,100,8,95,3994.480289207325
MULTI_BOUND_G,100,8,96,3982.665959992648
MULTI_BOUND_G,100,8,97,3998.260010169464
MULTI_BOUND_G,100,8,98,3995.7953240922006
MULTI_BOUND_G,100,8,99,3996.8736212002955
MULTI_BOUND_G,100,8,100,3989.6446733242383
MULTI_BOUND_G,100,8,101,3999.000443013506
MULTI_BOUND_G,100,8,102,3989.0951202699484
MULTI_BOUND_G,100,8,103,3990.1889828415656
MULTI_BOUND_G,100,8,104,3996.252808667078
MULTI_BOUND_G,100,8,105,3995.229306318324
MULTI_BOUND_G,100,8,106,4007.752682320418
MULTI_BOUND_G,100,8,107,3997.0536602118636
MULTI_BOUND_G,100,8,108,3999.9829754426282
MULTI_BOUND_G,100,8,109,4002.7015276358197
MULTI_BOUND_G,100,8,110,4004.955151949113
MULTI_BOUND_G,100,8,111,4014.47410919432
MULTI_BOUND_G,100,8,112,4017.208671073958
MULTI_BOUND_G,100,8,113,4014.8883668303997
MULTI_BOUND_G,100,8,114,4010.84734754873
MULTI_BOUND_G,100,8,115,4004.2434776086243
MULTI_BOUND_G,100,8,116,4018.8926749071998
MULTI_BOUND_G,100,8,117,4002.699884029729
MULTI_BOUND_G,100,8,118,4021.6869480834594
MULTI_BOUND_G,100,8,119,4015.797676485553
MULTI_BOUND_G,100,8,120,4014.4354538909583
MULTI_BOUND_G,100,8,121,4017.729505776876
MULTI_BOUND_G,100,8,122,4019.1641131718256
MULTI_BOUND_G,100,8,123,4020.7898730443917
MULTI_BOUND_G,100,8,124,4025.929433579764
MULTI_BOUND_G,100,8,125,4021.512937521128
MULTI_BOUND_G,100,8,126,4026.182929935597
MULTI_BOUND_G,100,8,127,4014.9213432872593
MULTI_BOUND_G,100,8,128,4013.214001978048
MULTI_BOUND_G,100,8,129,4027.142472201288
MULTI_BOUND_G,100,8,130,4026.626038572471
MULTI_BOUND_G,100,8,131,4024.6285118320866
MULTI_BOUND_G,100,8,132,4031.559091439175
MULTI_BOUND_G,100,8,133,4013.11385764834
MULTI_BOUND_G,100,8,134,4016.311959478854
MULTI_BOUND_G,100,8,135,4023.8935273808556
MULTI_BOUND_G,100,8,136,4024.6515259303574
MULTI_BOUND_G,100,8,137,4022.503692783383
MULTI_BOUND_G,100,8,138,4037.4589061783154
MULTI_BOUND_G,100,8,139,4026.834937548343
MULTI_BOUND_G,100,8,140,4034.02882416146
MULTI_BOUND_G,100,8,141,4019.7114438957215
MULTI_BOUND_G,100,8,142,4027.9996155000636
MULTI_BOUND_G,100,8,143,4026.1822693760605
MULTI_BOUND_G,100,8,144,4027.1326586450755
MULTI_BOUND_G,100,8,145,4021.582799232463
MULTI_BOUND_G,100,8,146,4036.3651529561885
MULTI_BOUND_G,100,8,147,4041.6824824538116
MULTI_BOUND_G,100,8,148,4048.5236243297027
MULTI_BOUND_G,100,8,149,4035.4688406587265
MULTI_BOUND_G,100,8,150,4034.59479771696
MULTI_BOUND_G,100,9,0,3949.4306059332566
MULTI_BOUND_G,100,9,1,8.698300618902964e+30
MULTI_BOUND_G,100,9,2,4.349150309451482e+30
MULTI_BOUND_G,100,9,3,2.174575154725741e+30
MULTI_BOUND_G,100,9,4,1.0872875773628705e+30
MULTI_BOUND_G,100,9,5,5.4364378868143526e+29
MULTI_BOUND_G,100,9,6,2.7182189434071763e+29
MULTI_BOUND_G,100,9,7,1.3591094717035882e+29
MULTI_BOUND_G,100,9,8,6.795547358517941e+28
MULTI_BOUND_G,100,9,9,3.3977736792589704e+28
MULTI_BOUND_G,100,9,10,1.6988868396294852e+28
MULTI_BOUND_G,100,9,11,8.494434198147426e+27
MULTI_BOUND_G,100,9,12,4.247217099073713e+27
MULTI_BOUND_G,100,9,13,2.1236085495368565e+27
MULTI_BOUND_G,100,9,14,1.0618042747684282e+27
MULTI_BOUND_G,100,9,15,5.309021373842141e+26
MULTI_BOUND_G,100,9,16,2.6545106869210706e+26
MULTI_BOUND_G,100,9,17,1.3272553434605353e+26
MULTI_BOUND_G,100,9,18,6.6362767173026765e+25
MULTI_BOUND_G,100,9,19,3.3181383586513383e+25
MULTI_BOUND_G,100,9,20,1.6590691793256691e+25
MULTI_BOUND_G,100,9,21,8.295345896628346e+24
MULTI_BOUND_G,100,9,22,4.147672948314173e+24
MULTI_BOUND_G,100,9,23,2.0738364741570864e+24
MULTI_BOUND_G,100,9,24,1.0369182370785432e+24
MULTI_BOUND_G,100,9,25,5.184591185392716e+23
MULTI_BOUND_G,100,9,26,2.592295592696358e+23
MULTI_BOUND_G,100,9,27,1.296147796348179e+23
MULTI_BOUND_G,100,9,28,6.480738981740895e+22
MULTI_BOUND_G,100,9,29,3.2403694908704475e+22
MULTI_BOUND_G,100,9,30,1.6201847454352238e+22
MULTI_BOUND_G,100,9,31,8.100923727176119e+21
MULTI_BOUND_G,100,9,32,4.0504618635880594e+21
MULTI_BOUND_G,100,9,33,2.0252309317940297e+21
MULTI_BOUND_G,100,9,34,1.0126154658970149e+21
MULTI_BOUND_G,100,9,35,5.063077329485074e+20
MULTI_BOUND_G,100,9,36,2.531538664742537e+20
MULTI_BOUND_G,100,9,37,1.2657693323712686e+20
MULTI_BOUND_G,100,9,38,6.328846661856343e+19
MULTI_BOUND_G,100,9,39,3.1644233309281714e+19
MULTI_BOUND_G,100,9,40,1.5822116654640857e+19
MULTI_BOUND_G,100,9,41,7.911058327320429e+18
MULTI_BOUND_G,100,9,42,3.9555291636602143e+18
MULTI_BOUND_G,100,9,43,1.9777645818301071e+18
MULTI_BOUND_G,100,9,44,9.888822909150536e+17
MULTI_BOUND_G,100,9,45,4.944411454575269e+17
MULTI_BOUND_G,100,9,46,2.4722057272876346e+17
MULTI_BOUND_G,100,9,47,1.2361028636438173e+17
MULTI_BOUND_G,100,9,48,6.180514318219088e+16
MULTI_BOUND_G,100,9,49,3.0902571591095456e+16
MULTI_BOUND_G,100,9,50,1.5451285795547732e+16
MULTI_BOUND_G,100,9,51,7725642897773880.0
MULTI_BOUND_G,100,9,52,3862821448886956.0
MULTI_BOUND_G,100,9,53,1931410724443497.5
MULTI_BOUND_G,100,9,54,965705362221761.2
MULTI_BOUND_G,100,9,55,482852681110894.1
MULTI_BOUND_G,100,9,56,241426340555470.25
MULTI_BOUND_G,100,9,57,120713170277755.98
MULTI_BOUND_G,100,9,58,60356585138879.18
MULTI_BOUND_G,100,9,59,30178292569465.562
MULTI_BOUND_G,100,9,60,15089146284764.977
MULTI_BOUND_G,100,9,61,7544573142406.04
MULTI_BOUND_G,100,9,62,3772286571218.167
MULTI_BOUND_G,100,9,63,1886143285621.8374
MULTI_BOUND_G,100,9,64,943071642825.9893
MULTI_BOUND_G,100,9,65,471535821422.30884
MULTI_BOUND_G,100,9,66,235767910728.53973
MULTI_BOUND_G,100,9,67,117883955379.58334
MULTI_BOUND_G,100,9,68,58941977719.46181
MULTI_BOUND_G,100,9,69,29470988875.365887
MULTI_BOUND_G,100,9,70,14735494456.471842
MULTI_BOUND_G,100,9,71,7367747249.486799
MULTI_BOUND_G,100,9,72,3683873638.2055793
MULTI_BOUND_G,100,9,73,1841936836.4177303
MULTI_BOUND_G,100,9,74,920968438.6969023
MULTI_BOUND_G,100,9,75,460484244.96350193
MULTI_BOUND_G,100,9,76,230242154.49127236
MULTI_BOUND_G,100,9,77,115121086.1146555
MULTI_BOUND_G,100,9,78,57560565.369451225
MULTI_BOUND_G,100,9,79,28780289.583263665
MULTI_BOUND_G,100,9,80,14390168.114095211
MULTI_BOUND_G,100,9,81,7195112.9650831595
MULTI_BOUND_G,100,9,82,3597582.103581379
MULTI_BOUND_G,100,9,83,1798805.9940932635
MULTI_BOUND_G,100,9,84,899437.0806646056
MULTI_BOUND_G,100,9,85,449740.6049140418
MULTI_BOUND_G,100,9,86,224901.4003586215
MULTI_BOUND_G,100,9,87,112477.00123475975
MULTI_BOUND_G,100,9,88,56265.76280061371
MULTI_BOUND_G,100,9,89,28154.141726979404
MULTI_BOUND_G,100,9,90,14107.952444208262
MULTI_BOUND_G,100,9,91,7075.755744546533
MULTI_BOUND_G,100,9,92,7076.558208584502
MULTI_BOUND_G,100,9,93,7092.877511708252
MULTI_BOUND_G,100,9,94,7097.52046878656
MULTI_BOUND_G,100,9,95,7101.823784936181
MULTI_BOUND_G,100,9,96,7110.110724640972
MULTI_BOUND_G,100,9,97,7096.0308779847055
MULTI_BOUND_G,100,9,98,7093.456615749247
MULTI_BOUND_G,100,9,99,7112.411023700835
MULTI_BOUND_G,100,9,100,7110.462701575903
MULTI_BOUND_G,100,9,101,7108.561437132386
MULTI_BOUND_G,100,9,102,7124.9433198963
MULTI_BOUND_G,100,9,103,7117.651851560404
MULTI_BOUND_G,100,9,104,7112.520770981835
MULTI_BOUND_G,100,9,105,7116.714862410232
MULTI_BOUND_G,100,9,106,7127.5043264585
MULTI_BOUND_G,100,9,107,7125.413093223841
MULTI_BOUND_G,100,9,108,7113.311510723788
MULTI_BOUND_G,100,9,109,7115.274414538437
MULTI_BOUND_G,100,9,110,7124.026848580748
MULTI_BOUND_G,100,9,111,7119.989275385586
MULTI_BOUND_G,100,9,112,7128.538009727141
MULTI_BOUND_G,100,9,113,7121.659318502932
MULTI_BOUND_G,100,9,114,7122.879944784923
MULTI_BOUND_G,100,9,115,7122.62712293648
MULTI_BOUND_G,100,9,116,7136.555646195889
MULTI_BOUND_G,100,9,117,7120.5064042403465
MULTI_BOUND_G,100,9,118,7121.493104573547
MULTI_BOUND_G,100,9,119,7129.440251598971
MULTI_BOUND_G,100,9,120,7129.13111434406
MULTI_BOUND_G,100,9,121,7122.877953315157
MULTI_BOUND_G,100,9,122,7124.57958124891
MULTI_BOUND_G,100,9,123,7145.718495024474
MULTI_BOUND_G,100,9,124,7147.704855926328
MULTI_BOUND_G,100,9,125,7129.340362017096
MULTI_BOUND_G,100,9,126,7141.703588757521
MULTI_BOUND_G,100,9,127,7140.687616590547
MULTI_BOUND_G,100,9,128,7141.304517818675
MULTI_BOUND_G,100,9,129,7142.530433820507
MULTI_BOUND_G,100,9,130,7140.144630798263
MULTI_BOUND_G,100,9,131,7147.305997234949
MULTI_BOUND_G,100,9,132,7146.3708220727785
MULTI_BOUND_G,100,9,133,7145.066715298816
MULTI_BOUND_G,100,9,134,7153.125764563267
MULTI_BOUND_G,100,9,135,7150.862924989036
MULTI_BOUND_G,100,9,136,7142.2468834686315
MULTI_BOUND_G,100,9,137,7145.99369266745
MULTI_BOUND_G,100,9,138,7148.987668472906
MULTI_BOUND_G,100,9,139,7148.713128771029
MULTI_BOUND_G,100,9,140,7147.897165777895
MULTI_BOUND_G,100,9,141,7160.435501648191
MULTI_BOUND_G,100,9,142,7155.000549531807
MULTI_BOUND_G,100,9,143,7153.37465190318
MULTI_BOUND_G,100,9,144,7160.7262391523045
MULTI_BOUND_G,100,9,145,7148.095061728274
MULTI_BOUND_G,100,9,146,7162.710356495202
MULTI_BOUND_G,100,9,147,7158.9657209959405
MULTI_BOUND_G,100,9,148,7159.3416763049245
MULTI_BOUND_G,100,9,149,7165.353730510784
MULTI_BOUND_G,100,9,150,7159.129943926309
MULTI_BOUND_G,100,9,151,7168.023175627353
MULTI_BOUND_G,150,0,0,6251.818806318381
MULTI_BOUND_G,150,0,1,8.344454175235685e+45
MULTI_BOUND_G,150,0,2,4.1722270876178425e+45
MULTI_BOUND_G,150,0,3,2.0861135438089213e+45
MULTI_BOUND_G,150,0,4,1.0430567719044606e+45
MULTI_BOUND_G,150,0,5,5.215283859522303e+44
MULTI_BOUND_G,150,0,6,2.6076419297611516e+44
MULTI_BOUND_G,150,0,7,1.3038209648805758e+44
MULTI_BOUND_G,150,0,8,6.519104824402879e+43
MULTI_BOUND_G,150,0,9,3.2595524122014395e+43
MULTI_BOUND_G,150,0,10,1.6297762061007197e+43
MULTI_BOUND_G,150,0,11,8.148881030503599e+42
MULTI_BOUND_G,150,0,12,4.0744405152517994e+42
MULTI_BOUND_G,150,0,13,2.0372202576258997e+42
MULTI_BOUND_G,150,0,14,1.0186101288129498e+42
MULTI_BOUND_G,150,0,15,5.093050644064749e+41
MULTI_BOUND_G,150,0,16,2.5465253220323746e+41
MULTI_BOUND_G,150,0,17,1.2732626610161873e+41
MULTI_BOUND_G,150,0,18,6.3663133050809365e+40
MULTI_BOUND_G,150,0,19,3.1831566525404682e+40
MULTI_BOUND_G,150,0,20,1.5915783262702341e+40
MULTI_BOUND_G,150,0,21,7.957891631351171e+39
MULTI_BOUND_G,150,0,22,3.9789458156755853e+39
MULTI_BOUND_G,150,0,23,1.9894729078377927e+39
MULTI_BOUND_G,150,0,24,9.947364539188963e+38
MULTI_BOUND_G,150,0,25,4.973682269594482e+38
MULTI_BOUND_G,150,0,26,2.486841134797241e+38
MULTI_BOUND_G,150,0,27,1.2434205673986204e+38
MULTI_BOUND_G,150,0,28,6.217102836993102e+37
MULTI_BOUND_G,150,0,29,3.108551418496551e+37
MULTI_BOUND_G,150,0,30,1.5542757092482755e+37
MULTI_BOUND_G,150,0,31,7.771378546241378e+36
MULTI_BOUND_G,150,0,32,3.885689273120689e+36
MULTI_BOUND_G,150,0,33,1.9428446365603444e+36
MULTI_BOUND_G,150,0,34,9.714223182801722e+35
MULTI_BOUND_G,150,0,35,4.857111591400861e+35
MULTI_BOUND_G,150,0,36,2.4285557957004305e+35
MULTI_BOUND_G,150,0,37,1.2142778978502152e+35
MULTI_BOUND_G,150,0,38,6.071389489251076e+34
MULTI_BOUND_G,150,0,39,3.035694744625538e+34
MULTI_BOUND_G,150,0,40,1.517847372312769e+34
MULTI_BOUND_G,150,0,41,7.589236861563845e+33
MULTI_BOUND_G,150,0,42,3.7946184307819226e+33
MULTI_BOUND_G,150,0,43,1.8973092153909613e+33
MULTI_BOUND_G,150,0,44,9.486546076954807e+32
MULTI_BOUND_G,150,0,45,4.743273038477403e+32
MULTI_BOUND_G,150,0,46,2.3716365192387016e+32
MULTI_BOUND_G,150,0,47,1.1858182596193508e+32
MULTI_BOUND_G,150,0,48,5.929091298096754e+31
MULTI_BOUND_G,150,0,49,2.964545649048377e+31
MULTI_BOUND_G,150,0,50,1.4822728245241885e+31
MULTI_BOUND_G,150,0,51,7.411364122620943e+30
MULTI_BOUND_G,150,0,52,3.7056820613104713e+30
MULTI_BOUND_G,150,0,53,1.8528410306552357e+30
MULTI_BOUND_G,150,0,54,9.264205153276178e+29
MULTI_BOUND_G,150,0,55,4.632102576638089e+29
MULTI_BOUND_G,150,0,56,2.3160512883190446e+29
MULTI_BOUND_G,150,0,57,1.1580256441595223e+29
MULTI_BOUND_G,150,0,58,5.790128220797611e+28
MULTI_BOUND_G,150,0,59,2.8950641103988057e+28
MULTI_BOUND_G,150,0,60,1.4475320551994029e+28
MULTI_BOUND_G,150,0,61,7.237660275997014e+27
MULTI_BOUND_G,150,0,62,3.618830137998507e+27
MULTI_BOUND_G,150,0,63,1.8094150689992536e+27
MULTI_BOUND_G,150,0,64,9.047075344996268e+26
MULTI_BOUND_G,150,0,65,4.523537672498134e+26
MULTI_BOUND_G,150,0,66,2.261768836249067e+26
MULTI_BOUND_G,150,0,67,1.1308844181245335e+26
MULTI_BOUND_G,150,0,68,5.654422090622667e+25
MULTI_BOUND_G,150,0,69,2.8272110453113337e+25
MULTI_BOUND_G,150,0,70,1.4136055226556669e+25
MULTI_BOUND_G,150,0,71,7.068027613278334e+24
MULTI_BOUND_G,150,0,72,3.534013806639167e+24
MULTI_BOUND_G,150,0,73,1.7670069033195836e+24
MULTI_BOUND_G,150,0,74,8.835034516597918e+23
MULTI_BOUND_G,150,0,75,4.417517258298959e+23
MULTI_BOUND_G,150,0,76,2.2087586291494795e+23
MULTI_BOUND_G,150,0,77,1.1043793145747397e+23
MULTI_BOUND_G,150,0,78,5.521896572873699e+22
MULTI_BOUND_G,150,0,79,2.7609482864368493e+22
MULTI_BOUND_G,150,0,80,1.3804741432184247e+22
MULTI_BOUND_G,150,0,81,6.902370716092123e+21
MULTI_BOUND_G,150,0,82,3.4511853580460617e+21
MULTI_BOUND_G,150,0,83,1.7255926790230308e+21
MULTI_BOUND_G,150,0,84,8.627963395115154e+20
MULTI_BOUND_G,150,0,85,4.313981697557577e+20
MULTI_BOUND_G,150,0,86,2.1569908487787885e+20
MULTI_BOUND_G,150,0,87,1.0784954243893943e+20
MULTI_BOUND_G,150,0,88,5.392477121946971e+19
MULTI_BOUND_G,150,0,89,2.6962385609734857e+19
MULTI_BOUND_G,150,0,90,1.3481192804867428e+19
MULTI_BOUND_G,150,0,91,6.740596402433714e+18
MULTI_BOUND_G,150,0,92,3.370298201216857e+18
MULTI_BOUND_G,150,0,93,1.6851491006084285e+18
MULTI_BOUND_G,150,0,94,8.425745503042143e+17
MULTI_BOUND_G,150,0,95,4.212872751521072e+17
MULTI_BOUND_G,150,0,96,2.106436375760536e+17
MULTI_BOUND_G,150,0,97,1.0532181878802683e+17
MULTI_BOUND_G,150,0,98,5.266090939401343e+16
MULTI_BOUND_G,150,0,99,2.633045469700673e+16
MULTI_BOUND_G,150,0,100,1.3165227348503376e+16
MULTI_BOUND_G,150,0,101,6582613674251710.0
MULTI_BOUND_G,150,0,102,3291306837125874.5
MULTI_BOUND_G,150,0,103,1645653418562955.0
MULTI_BOUND_G,150,0,104,822826709281491.5
MULTI_BOUND_G,150,0,105,411413354640765.9
MULTI_BOUND_G,150,0,106,205706677320405.38
MULTI_BOUND_G,150,0,107,102853338660218.8
MULTI_BOUND_G,150,0,108,51426669330138.984
MULTI_BOUND_G,150,0,109,25713334665080.758
MULTI_BOUND_G,150,0,110,12856667332561.73
MULTI_BOUND_G,150,0,111,6428333666298.721
MULTI_BOUND_G,150,0,112,3214166833174.1826
MULTI_BOUND_G,150,0,113,1607083416604.1665
MULTI_BOUND_G,150,0,114,803541708321.9894
MULTI_BOUND_G,150,0,115,401770854182.38763
MULTI_BOUND_G,150,0,116,200885427101.25043
MULTI_BOUND_G,150,0,117,100442713578.27206
MULTI_BOUND_G,150,0,118,50221356816.36378
MULTI_BOUND_G,150,0,119,25110678426.982655
MULTI_BOUND_G,150,0,120,12555339237.008263
MULTI_BOUND_G,150,0,121,6277669638.816829
MULTI_BOUND_G,150,0,122,3138834839.398064
MULTI_BOUND_G,150,0,123,1569417446.8356435
MULTI_BOUND_G,150,0,124,784708741.0647602
MULTI_BOUND_G,150,0,125,392354393.52531004
MULTI_BOUND_G,150,0,126,196177228.499615
MULTI_BOUND_G,150,0,127,98088634.46401095
MULTI_BOUND_G,150,0,128,49044354.43750445
MULTI_BOUND_G,150,0,129,24522192.536408767
MULTI_BOUND_G,150,0,130,12261118.272061378
MULTI_BOUND_G,150,0,131,6130591.906539684
MULTI_BOUND_G,150,0,132,3065314.40240548
MULTI_BOUND_G,150,0,133,1532680.108916278
MULTI_BOUND_G,150,0,134,766367.7426920655
MULTI_BOUND_G,150,0,135,383209.27177470294
MULTI_BOUND_G,150,0,136,191635.97867936973
MULTI_BOUND_G,150,0,137,95841.07858151014
MULTI_BOUND_G,150,0,138,47947.605549379616
MULTI_BOUND_G,150,0,139,24007.253631725354
MULTI_BOUND_G,150,0,140,12023.064702479805
MULTI_BOUND_G,150,1,0,6175.282539655636
MULTI_BOUND_G,150,1,1,6.585752694197258e+45
MULTI_BOUND_G,150,1,2,3.292876347098629e+45
MULTI_BOUND_G,150,1,3,1.6464381735493144e+45
MULTI_BOUND_G,150,1,4,8.232190867746572e+44
MULTI_BOUND_G,150,1,5,4.116095433873286e+44
MULTI_BOUND_G,150,1,6,2.058047716936643e+44
MULTI_BOUND_G,150,1,7,1.0290238584683215e+44
MULTI_BOUND_G,150,1,8,5.145119292341608e+43
MULTI_BOUND_G,150,1,9,2.572559646170804e+43
MULTI_BOUND_G,150,1,10,1.286279823085402e+43
MULTI_BOUND_G,150,1,11,6.43139911542701e+42
MULTI_BOUND_G,150,1,12,3.215699557713505e+42
MULTI_BOUND_G,150,1,13,1.6078497788567524e+42
MULTI_BOUND_G,150,1,14,8.039248894283762e+41
MULTI_BOUND_G,150,1,15,4.019624447141881e+41
MULTI_BOUND_G,150,1,16,2.0098122235709404e+41
MULTI_BOUND_G,150,1,17,1.0049061117854702e+41
MULTI_BOUND_G,150,1,18,5.024530558927351e+40
MULTI_BOUND_G,150,1,19,2.5122652794636756e+40
MULTI_BOUND_G,150,1,20,1.2561326397318378e+40
MULTI_BOUND_G,150,1,21,6.280663198659189e+39
MULTI_BOUND_G,150,1,22,3.1403315993295944e+39
MULTI_BOUND_G,150,1,23,1.5701657996647972e+39
MULTI_BOUND_G,150,1,24,7.850828998323986e+38
MULTI_BOUND_G,150,1,25,3.925414499161993e+38
MULTI_BOUND_G,150,1,26,1.9627072495809965e+38
MULTI_BOUND_G,150,1,27,9.813536247904983e+37
MULTI_BOUND_G,150,1,28,4.906768123952491e+37
MULTI_BOUND_G,150,1,29,2.4533840619762457e+37
MULTI_BOUND_G,150,1,30,1.2266920309881228e+37
MULTI_BOUND_G,150,1,31,6.133460154940614e+36
MULTI_BOUND_G,150,1,32,3.066730077470307e+36
MULTI_BOUND_G,150,1,33,1.5333650387351535e+36
MULTI_BOUND_G,150,1,34,7.666825193675768e+35
MULTI_BOUND_G,150,1,35,3.833412596837884e+35
MULTI_BOUND_G,150,1,36,1.916706298418942e+35
MULTI_BOUND_G,150,1,37,9.58353149209471e+34
MULTI_BOUND_G,150,1,38,4.791765746047355e+34
MULTI_BOUND_G,150,1,39,2.3958828730236774e+34
MULTI_BOUND_G,150,1,40,1.1979414365118387e+34
MULTI_BOUND_G,150,1,41,5.989707182559193e+33
MULTI_BOUND_G,150,1,42,2.994853591279597e+33
MULTI_BOUND_G,150,1,43,1.4974267956397984e+33
MULTI_BOUND_G,150,1,44,7.487133978198992e+32
MULTI_BOUND_G,150,1,45,3.743566989099496e+32
MULTI_BOUND_G,150,1,46,1.871783494549748e+32
MULTI_BOUND_G,150,1,47,9.35891747274874e+31
MULTI_BOUND_G,150,1,48,4.67945873637437e+31
MULTI_BOUND_G,150,1,49,2.339729368187185e+31
MULTI_BOUND_G,150,1,50,1.1698646840935925e+31
MULTI_BOUND_G,150,1,51,5.849323420467962e+30
MULTI_BOUND_G,150,1,52,2.924661710233981e+30
MULTI_BOUND_G,150,1,53,1.4623308551169906e+30
MULTI_BOUND_G,150,1,54,7.311654275584953e+29
MULTI_BOUND_G,150,1,55,3.6558271377924765e+29
MULTI_BOUND_G,150,1,56,1.8279135688962382e+29
MULTI_BOUND_G,150,1,57,9.139567844481191e+28
MULTI_BOUND_G,150,1,58,4.569783922240596e+28
MULTI_BOUND_G,150,1,59,2.284891961120298e+28
MULTI_BOUND_G,150,1,60,1.142445980560149e+28
MULTI_BOUND_G,150,1,61,5.712229902800745e+27
MULTI_BOUND_G,150,1,62,2.856114951400372e+27
MULTI_BOUND_G,150,1,63,1.428057475700186e+27
MULTI_BOUND_G,150,1,64,7.14028737850093e+26
MULTI_BOUND_G,150,1,65,3.570143689250465e+26
MULTI_BOUND_G,150,1,66,1.7850718446252327e+26
MULTI_BOUND_G,150,1,67,8.925359223126163e+25
MULTI_BOUND_G,150,1,68,4.462679611563082e+25
MULTI_BOUND_G,150,1,69,2.231339805781541e+25
MULTI_BOUND_G,150,1,70,1.1156699028907704e+25
MULTI_BOUND_G,150,1,71,5.578349514453852e+24
MULTI_BOUND_G,150,1,72,2.789174757226926e+24
MULTI_BOUND_G,150,1,73,1.394587378613463e+24
MULTI_BOUND_G,150,1,74,6.972936893067315e+23
MULTI_BOUND_G,150,1,75,3.4864684465336575e+23
MULTI_BOUND_G,150,1,76,1.7432342232668288e+23
MULTI_BOUND_G,150,1,77,8.716171116334144e+22
MULTI_BOUND_G,150,1,78,4.358085558167072e+22
MULTI_BOUND_G,150,1,79,2.179042779083536e+22
MULTI_BOUND_G,150,1,80,1.089521389541768e+22
MULTI_BOUND_G,150,1,81,5.44760694770884e+21
MULTI_BOUND_G,150,1,82,2.72380347385442e+21
MULTI_BOUND_G,150,1,83,1.36190173692721e+21
MULTI_BOUND_G,150,1,84,6.80950868463605e+20
MULTI_BOUND_G,150,1,85,3.404754342318025e+20
MULTI_BOUND_G,150,1,86,1.7023771711590125e+20
MULTI_BOUND_G,150,1,87,8.511885855795062e+19
MULTI_BOUND_G,150,1,88,4.255942927897531e+19
MULTI_BOUND_G,150,1,89,2.1279714639487656e+19
MULTI_BOUND_G,150,1,90,1.0639857319743828e+19
MULTI_BOUND_G,150,1,91,5.319928659871914e+18
MULTI_BOUND_G,150,1,92,2.659964329935957e+18
MULTI_BOUND_G,150,1,93,1.3299821649679785e+18
MULTI_BOUND_G,150,1,94,6.649910824839892e+17
MULTI_BOUND_G,150,1,95,3.3249554124199475e+17
MULTI_BOUND_G,150,1,96,1.6624777062099738e+17
MULTI_BOUND_G,150,1,97,8.312388531049872e+16
MULTI_BOUND_G,150,1,98,4.156194265524938e+16
MULTI_BOUND_G,150,1,99,2.0780971327624708e+16
MULTI_BOUND_G,150,1,100,1.0390485663812388e+16
MULTI_BOUND_G,150,1,101,5195242831906212.0
MULTI_BOUND_G,150,1,102,2597621415953123.0
MULTI_BOUND_G,150,1,103,1298810707976576.8
MULTI_BOUND_G,150,1,104,649405353988315.0
MULTI_BOUND_G,150,1,105,324702676994188.06
MULTI_BOUND_G,150,1,106,162351338497120.28
MULTI_BOUND_G,150,1,107,81175669248579.81
MULTI_BOUND_G,150,1,108,40587834624322.92
MULTI_BOUND_G,150,1,109,20293917312191.695
MULTI_BOUND_G,150,1,110,10146958656134.781
MULTI_BOUND_G,150,1,111,5073479328100.666
MULTI_BOUND_G,150,1,112,2536739664062.7812
MULTI_BOUND_G,150,1,113,1268369832049.7263
MULTI_BOUND_G,150,1,114,634184916060.2681
MULTI_BOUND_G,150,1,115,317092458044.5724
MULTI_BOUND_G,150,1,116,158546229050.4511
MULTI_BOUND_G,150,1,117,79273114556.37749
MULTI_BOUND_G,150,1,118,39636557295.67615
MULTI_BOUND_G,150,1,119,19818278673.80989
MULTI_BOUND_G,150,1,120,9909139366.415165
MULTI_BOUND_G,150,1,121,4954569705.037606
MULTI_BOUND_G,150,1,122,2477284887.883814
MULTI_BOUND_G,150,1,123,1238642467.412047
MULTI_BOUND_G,150,1,124,619321254.6867721
MULTI_BOUND_G,150,1,125,309660653.9960215
MULTI_BOUND_G,150,1,126,154830359.9268973
MULTI_BOUND_G,150,1,127,77415206.96504882
MULTI_BOUND_G,150,1,128,38707640.50074857
MULTI_BOUND_G,150,1,129,19353857.75886794
MULTI_BOUND_G,150,1,130,9676952.016173702
MULTI_BOUND_G,150,1,131,4838504.166252963
MULTI_BOUND_G,150,1,132,2419278.28379073
MULTI_BOUND_G,150,1,133,1209661.631632974
MULTI_BOUND_G,150,1,134,604867.9235301835
MULTI_BOUND_G,150,1,135,302453.9238608686
MULTI_BOUND_G,150,1,136,151258.99770010565
MULTI_BOUND_G,150,1,137,75648.847417229
MULTI_BOUND_G,150,1,138,37869.61884413309
MULTI_BOUND_G,150,1,139,18954.783167384674
MULTI_BOUND_G,150,1,140,9501.228582499492
MULTI_BOUND_G,150,2,0,5869.5960416141725
MULTI_BOUND_G,150,2,1,5.916809413405263e+45
MULTI_BOUND_G,150,2,2,2.958404706702632e+45
MULTI_BOUND_G,150,2,3,1.479202353351316e+45
MULTI_BOUND_G,150,2,4,7.39601176675658e+44
MULTI_BOUND_G,150,2,5,3.69800588337829e+44
MULTI_BOUND_G,150,2,6,1.849002941689145e+44
MULTI_BOUND_G,150,2,7,9.245014708445724e+43
MULTI_BOUND_G,150,2,8,4.622507354222862e+43
MULTI_BOUND_G,150,2,9,2.311253677111431e+43
MULTI_BOUND_G,150,2,10,1.1556268385557155e+43
MULTI_BOUND_G,150,2,11,5.778134192778578e+42
MULTI_BOUND_G,150,2,12,2.889067096389289e+42
MULTI_BOUND_G,150,2,13,1.4445335481946444e+42
MULTI_BOUND_G,150,2,14,7.222667740973222e+41
MULTI_BOUND_G,150,2,15,3.611333870486611e+41
MULTI_BOUND_G,150,2,16,1.8056669352433055e+41
MULTI_BOUND_G,150,2,17,9.028334676216528e+40
MULTI_BOUND_G,150,2,18,4.514167338108264e+40
MULTI_BOUND_G,150,2,19,2.257083669054132e+40
MULTI_BOUND_G,150,2,20,1.128541834527066e+40
MULTI_BOUND_G,150,2,21,5.64270917263533e+39
MULTI_BOUND_G,150,2,22,2.821354586317665e+39
MULTI_BOUND_G,150,2,23,1.4106772931588324e+39
MULTI_BOUND_G,150,2,24,7.053386465794162e+38
MULTI_BOUND_G,150,2,25,3.526693232897081e+38
MULTI_BOUND_G,150,2,26,1.7633466164485405e+38
MULTI_BOUND_G,150,2,27,8.816733082242703e+37
MULTI_BOUND_G,150,2,28,4.408366541121351e+37
MULTI_BOUND_G,150,2,29,2.2041832705606757e+37
MULTI_BOUND_G,150,2,30,1.1020916352803378e+37
MULTI_BOUND_G,150,2,31,5.510458176401689e+36
MULTI_BOUND_G,150,2,32,2.7552290882008446e+36
MULTI_BOUND_G,150,2,33,1.3776145441004223e+36
MULTI_BOUND_G,150,2,34,6.888072720502111e+35
MULTI_BOUND_G,150,2,35,3.444036360251056e+35
MULTI_BOUND_G,150,2,36,1.722018180125528e+35
MULTI_BOUND_G,150,2,37,8.61009090062764e+34
MULTI_BOUND_G,150,2,38,4.30504545031382e+34
MULTI_BOUND_G,150,2,39,2.15252272515691e+34
MULTI_BOUND_G,150,2,40,1.076261362578455e+34
MULTI_BOUND_G,150,2,41,5.381306812892275e+33
MULTI_BOUND_G,150,2,42,2.690653406446137e+33
MULTI_BOUND_G,150,2,43,1.3453267032230686e+33
MULTI_BOUND_G,150,2,44,6.726633516115343e+32
MULTI_BOUND_G,150,2,45,3.3633167580576716e+32
MULTI_BOUND_G,150,2,46,1.6816583790288358e+32
MULTI_BOUND_G,150,2,47,8.408291895144179e+31
MULTI_BOUND_G,150,2,48,4.2041459475720895e+31
MULTI_BOUND_G,150,2,49,2.1020729737860448e+31
MULTI_BOUND_G,150,2,50,1.0510364868930224e+31
MULTI_BOUND_G,150,2,51,5.255182434465112e+30
MULTI_BOUND_G,150,2,52,2.627591217232556e+30
MULTI_BOUND_G,150,2,53,1.313795608616278e+30
MULTI_BOUND_G,150,2,54,6.56897804308139e+29
MULTI_BOUND_G,150,2,55,3.284489021540695e+29
MULTI_BOUND_G,150,2,56,1.6422445107703475e+29
MULTI_BOUND_G,150,2,57,8.211222553851737e+28
MULTI_BOUND_G,150,2,58,4.105611276925869e+28
MULTI_BOUND_G,150,2,59,2.0528056384629343e+28
MULTI_BOUND_G,150,2,60,1.0264028192314672e+28
MULTI_BOUND_G,150,2,61,5.132014096157336e+27
MULTI_BOUND_G,150,2,62,2.566007048078668e+27
MULTI_BOUND_G,150,2,63,1.283003524039334e+27
MULTI_BOUND_G,150,2,64,6.41501762019667e+26
MULTI_BOUND_G,150,2,65,3.207508810098335e+26
MULTI_BOUND_G,150,2,66,1.6037544050491674e+26
MULTI_BOUND_G,150,2,67,8.018772025245837e+25
MULTI_BOUND_G,150,2,68,4.009386012622919e+25
MULTI_BOUND_G,150,2,69,2.0046930063114593e+25
MULTI_BOUND_G,150,2,70,1.0023465031557297e+25
MULTI_BOUND_G,150,2,71,5.011732515778648e+24
MULTI_BOUND_G,150,2,72,2.505866257889324e+24
MULTI_BOUND_G,150,2,73,1.252933128944662e+24
MULTI_BOUND_G,150,2,74,6.26466564472331e+23
MULTI_BOUND_G,150,2,75,3.132332822361655e+23
MULTI_BOUND_G,150,2,76,1.5661664111808276e+23
MULTI_BOUND_G,150,2,77,7.830832055904138e+22
MULTI_BOUND_G,150,2,78,3.915416027952069e+22
MULTI_BOUND_G,150,2,79,1.9577080139760345e+22
MULTI_BOUND_G,150,2,80,9.788540069880172e+21
MULTI_BOUND_G,150,2,81,4.894270034940086e+21
MULTI_BOUND_G,150,2,82,2.447135017470043e+21
MULTI_BOUND_G,150,2,83,1.2235675087350215e+21
MULTI_BOUND_G,150,2,84,6.117837543675108e+20
MULTI_BOUND_G,150,2,85,3.058918771837554e+20
MULTI_BOUND_G,150,2,86,1.529459385918777e+20
MULTI_BOUND_G,150,2,87,7.647296929593885e+19
MULTI_BOUND_G,150,2,88,3.823648464796942e+19
MULTI_BOUND_G,150,2,89,1.911824232398471e+19
MULTI_BOUND_G,150,2,90,9.559121161992356e+18
MULTI_BOUND_G,150,2,91,4.779560580996178e+18
MULTI_BOUND_G,150,2,92,2.389780290498089e+18
MULTI_BOUND_G,150,2,93,1.1948901452490445e+18
MULTI_BOUND_G,150,2,94,5.974450726245222e+17
MULTI_BOUND_G,150,2,95,2.987225363122611e+17
MULTI_BOUND_G,150,2,96,1.4936126815613056e+17
MULTI_BOUND_G,150,2,97,7.468063407806531e+16
MULTI_BOUND_G,150,2,98,3.734031703903266e+16
MULTI_BOUND_G,150,2,99,1.867015851951636e+16
MULTI_BOUND_G,150,2,100,9335079259758196.0
MULTI_BOUND_G,150,2,101,4667539629879110.0
MULTI_BOUND_G,150,2,102,2333769814939574.0
MULTI_BOUND_G,150,2,103,1166884907469802.5
MULTI_BOUND_G,150,2,104,583442453734918.5
MULTI_BOUND_G,150,2,105,291721226867482.5
MULTI_BOUND_G,150,2,106,145860613433756.88
MULTI_BOUND_G,150,2,107,72930306716885.58
MULTI_BOUND_G,150,2,108,36465153358457.17
MULTI_BOUND_G,150,2,109,18232576679254.895
MULTI_BOUND_G,150,2,110,9116288339650.746
MULTI_BOUND_G,150,2,111,4558144169843.863
MULTI_BOUND_G,150,2,112,2279072084935.885
MULTI_BOUND_G,150,2,113,1139536042488.2893
MULTI_BOUND_G,150,2,114,569768021263.0486
MULTI_BOUND_G,150,2,115,284884010661.78253
MULTI_BOUND_G,150,2,116,142442005350.489
MULTI_BOUND_G,150,2,117,71221002699.21362
MULTI_BOUND_G,150,2,118,35610501361.37843
MULTI_BOUND_G,150,2,119,17805250699.60452
MULTI_BOUND_G,150,2,120,8902625366.385338
MULTI_BOUND_G,150,2,121,4451312715.084143
MULTI_BOUND_G,150,2,122,2225656377.9521885
MULTI_BOUND_G,150,2,123,1112828210.6668484
MULTI_BOUND_G,150,2,124,556414134.1038362
MULTI_BOUND_G,150,2,125,278207084.9517051
MULTI_BOUND_G,150,2,126,139103555.10391426
MULTI_BOUND_G,150,2,127,69551796.1190059
MULTI_BOUND_G,150,2,128,34775941.12949917
MULTI_BOUND_G,150,2,129,17388000.566054672
MULTI_BOUND_G,150,2,130,8694019.134825695
MULTI_BOUND_G,150,2,131,4347029.581841543
MULTI_BOUND_G,150,2,132,2173546.183684932
MULTI_BOUND_G,150,2,133,1086802.6285929366
MULTI_BOUND_G,150,2,134,543426.5191766652
MULTI_BOUND_G,150,2,135,271745.74027728185
MULTI_BOUND_G,150,2,136,135894.47635638074
MULTI_BOUND_G,150,2,137,67961.98792184985
MULTI_BOUND_G,150,2,138,34006.107880873475
MULTI_BOUND_G,150,2,139,17030.094661902658
MULTI_BOUND_G,150,2,140,8535.432404702548
MULTI_BOUND_G,150,3,0,6009.888529435191
MULTI_BOUND_G,150,3,1,5.873286983900324e+45
MULTI_BOUND_G,150,3,2,2.936643491950162e+45
MULTI_BOUND_G,150,3,3,1.468321745975081e+45
MULTI_BOUND_G,150,3,4,7.341608729875405e+44
MULTI_BOUND_G,150,3,5,3.670804364937703e+44
MULTI_BOUND_G,150,3,6,1.8354021824688513e+44
MULTI_BOUND_G,150,3,7,9.177010912344257e+43
MULTI_BOUND_G,150,3,8,4.588505456172128e+43
MULTI_BOUND_G,150,3,9,2.294252728086064e+43
MULTI_BOUND_G,150,3,10,1.147126364043032e+43
MULTI_BOUND_G,150,3,11,5.73563182021516e+42
MULTI_BOUND_G,150,3,12,2.86781591010758e+42
MULTI_BOUND_G,150,3,13,1.43390795505379e+42
MULTI_BOUND_G,150,3,14,7.16953977526895e+41
MULTI_BOUND_G,150,3,15,3.584769887634475e+41
MULTI_BOUND_G,150,3,16,1.7923849438172376e+41
MULTI_BOUND_G,150,3,17,8.961924719086188e+40
MULTI_BOUND_G,150,3,18,4.480962359543094e+40
MULTI_BOUND_G,150,3,19,2.240481179771547e+40
MULTI_BOUND_G,150,3,20,1.1202405898857735e+40
MULTI_BOUND_G,150,3,21,5.601202949428868e+39
MULTI_BOUND_G,150,3,22,2.800601474714434e+39
MULTI_BOUND_G,150,3,23,1.400300737357217e+39
MULTI_BOUND_G,150,3,24,7.001503686786085e+38
MULTI_BOUND_G,150,3,25,3.500751843393042e+38
MULTI_BOUND_G,150,3,26,1.750375921696521e+38
MULTI_BOUND_G,150,3,27,8.751879608482606e+37
MULTI_BOUND_G,150,3,28,4.375939804241303e+37
MULTI_BOUND_G,150,3,29,2.1879699021206514e+37
MULTI_BOUND_G,150,3,30,1.0939849510603257e+37
MULTI_BOUND_G,150,3,31,5.469924755301629e+36
MULTI_BOUND_G,150,3,32,2.734962377650814e+36
MULTI_BOUND_G,150,3,33,1.367481188825407e+36
MULTI_BOUND_G,150,3,34,6.837405944127036e+35
MULTI_BOUND_G,150,3,35,3.418702972063518e+35
MULTI_BOUND_G,150,3,36,1.709351486031759e+35
MULTI_BOUND_G,150,3,37,8.546757430158795e+34
MULTI_BOUND_G,150,3,38,4.273378715079397e+34
MULTI_BOUND_G,150,3,39,2.1366893575396986e+34
MULTI_BOUND_G,150,3,40,1.0683446787698493e+34
MULTI_BOUND_G,150,3,41,5.341723393849247e+33
MULTI_BOUND_G,150,3,42,2.6708616969246233e+33
MULTI_BOUND_G,150,3,43,1.3354308484623117e+33
MULTI_BOUND_G,150,3,44,6.677154242311558e+32
MULTI_BOUND_G,150,3,45,3.338577121155779e+32
MULTI_BOUND_G,150,3,46,1.6692885605778896e+32
MULTI_BOUND_G,150,3,47,8.346442802889448e+31
MULTI_BOUND_G,150,3,48,4.173221401444724e+31
MULTI_BOUND_G,150,3,49,2.086610700722362e+31
MULTI_BOUND_G,150,3,50,1.043305350361181e+31
MULTI_BOUND_G,150,3,51,5.216526751805905e+30
MULTI_BOUND_G,150,3,52,2.6082633759029524e+30
MULTI_BOUND_G,150,3,53,1.3041316879514762e+30
MULTI_BOUND_G,150,3,54,6.520658439757381e+29
MULTI_BOUND_G,150,3,55,3.2603292198786906e+29
MULTI_BOUND_G,150,3,56,1.6301646099393453e+29
MULTI_BOUND_G,150,3,57,8.150823049696726e+28
MULTI_BOUND_G,150,3,58,4.075411524848363e+28
MULTI_BOUND_G,150,3,59,2.0377057624241816e+28
MULTI_BOUND_G,150,3,60,1.0188528812120908e+28
MULTI_BOUND_G,150,3,61,5.094264406060454e+27
MULTI_BOUND_G,150,3,62,2.547132203030227e+27
MULTI_BOUND_G,150,3,63,1.2735661015151135e+27
MULTI_BOUND_G,150,3,64,6.367830507575567e+26
MULTI_BOUND_G,150,3,65,3.183915253787784e+26
MULTI_BOUND_G,150,3,66,1.591957626893892e+26
MULTI_BOUND_G,150,3,67,7.95978813446946e+25
MULTI_BOUND_G,150,3,68,3.97989406723473e+25
MULTI_BOUND_G,150,3,69,1.989947033617365e+25
MULTI_BOUND_G,150,3,70,9.949735168086824e+24
MULTI_BOUND_G,150,3,71,4.974867584043412e+24
MULTI_BOUND_G,150,3,72,2.487433792021706e+24
MULTI_BOUND_G,150,3,73,1.243716896010853e+24
MULTI_BOUND_G,150,3,74,6.218584480054265e+23
MULTI_BOUND_G,150,3,75,3.1092922400271326e+23
MULTI_BOUND_G,150,3,76,1.5546461200135663e+23
MULTI_BOUND_G,150,3,77,7.773230600067831e+22
MULTI_BOUND_G,150,3,78,3.886615300033916e+22
MULTI_BOUND_G,150,3,79,1.943307650016958e+22
MULTI_BOUND_G,150,3,80,9.71653825008479e+21
MULTI_BOUND_G,150,3,81,4.858269125042395e+21
MULTI_BOUND_G,150,3,82,2.4291345625211973e+21
MULTI_BOUND_G,150,3,83,1.2145672812605987e+21
MULTI_BOUND_G,150,3,84,6.072836406302993e+20
MULTI_BOUND_G,150,3,85,3.0364182031514966e+20
MULTI_BOUND_G,150,3,86,1.5182091015757483e+20
MULTI_BOUND_G,150,3,87,7.591045507878742e+19
MULTI_BOUND_G,150,3,88,3.795522753939371e+19
MULTI_BOUND_G,150,3,89,1.8977613769696854e+19
MULTI_BOUND_G,150,3,90,9.488806884848427e+18
MULTI_BOUND_G,150,3,91,4.744403442424214e+18
MULTI_BOUND_G,150,3,92,2.372201721212107e+18
MULTI_BOUND_G,150,3,93,1.1861008606060534e+18
MULTI_BOUND_G,150,3,94,5.930504303030267e+17
MULTI_BOUND_G,150,3,95,2.965252151515134e+17
MULTI_BOUND_G,150,3,96,1.4826260757575674e+17
MULTI_BOUND_G,150,3,97,7.413130378787838e+16
MULTI_BOUND_G,150,3,98,3.706565189393922e+16
MULTI_BOUND_G,150,3,99,1.8532825946969624e+16
MULTI_BOUND_G,150,3,100,9266412973484840.0
MULTI_BOUND_G,150,3,101,4633206486742434.0
MULTI_BOUND_G,150,3,102,2316603243371238.0
MULTI_BOUND_G,150,3,103,1158301621685643.5
MULTI_BOUND_G,150,3,104,579150810842838.6
MULTI_BOUND_G,150,3,105,289575405421435.4
MULTI_BOUND_G,150,3,106,144787702710740.75
MULTI_BOUND_G,150,3,107,72393851355384.88
MULTI_BOUND_G,150,3,108,36196925677724.5
MULTI_BOUND_G,150,3,109,18098462838884.086
MULTI_BOUND_G,150,3,110,9049231419450.871
MULTI_BOUND_G,150,3,111,4524615709760.287
MULTI_BOUND_G,150,3,112,2262307854897.384
MULTI_BOUND_G,150,3,113,1131153927469.6304
MULTI_BOUND_G,150,3,114,565576963755.4302
MULTI_BOUND_G,150,3,115,282788481906.9497
MULTI_BOUND_G,150,3,116,141394240962.99225
MULTI_BOUND_G,150,3,117,70697120517.53885
MULTI_BOUND_G,150,3,118,35348560272.7972
MULTI_BOUND_G,150,3,119,17674280169.247746
MULTI_BOUND_G,150,3,120,8837140105.159637
MULTI_BOUND_G,150,3,121,4418570082.349946
MULTI_BOUND_G,150,3,122,2209285060.185005
MULTI_BOUND_G,150,3,123,1104642549.161951
MULTI_BOUND_G,150,3,124,552321303.4243209
MULTI_BOUND_G,150,3,125,276160683.1062728
MULTI_BOUND_G,150,3,126,138080359.31393287
MULTI_BOUND_G,150,3,127,69040213.7834997
MULTI_BOUND_G,150,3,128,34520133.88683505
MULTI_BOUND_G,150,3,129,17260088.97138003
MULTI_BOUND_G,150,3,130,8630071.479449444
MULTI_BOUND_G,150,3,131,4315050.276288504
MULTI_BOUND_G,150,3,132,2157557.2558615133
MULTI_BOUND_G,150,3,133,1078807.3900836806
MULTI_BOUND_G,150,3,134,539421.5151641367
MULTI_BOUND_G,150,3,135,269742.8282277236
MULTI_BOUND_G,150,3,136,134887.0947074021
MULTI_BOUND_G,150,3,137,67486.00336502433
MULTI_BOUND_G,150,3,138,33769.66864438552
MULTI_BOUND_G,150,3,139,16901.228726447214
MULTI_BOUND_G,150,3,140,8485.974721906152
MULTI_BOUND_G,150,4,0,6216.954040583257
MULTI_BOUND_G,150,4,1,7.781854141582355e+45
MULTI_BOUND_G,150,4,2,3.890927070791177e+45
MULTI_BOUND_G,150,4,3,1.9454635353955886e+45
MULTI_BOUND_G,150,4,4,9.727317676977943e+44
MULTI_BOUND_G,150,4,5,4.863658838488972e+44
MULTI_BOUND_G,150,4,6,2.431829419244486e+44
MULTI_BOUND_G,150,4,7,1.215914709622243e+44
MULTI_BOUND_G,150,4,8,6.079573548111215e+43
MULTI_BOUND_G,150,4,9,3.0397867740556073e+43
MULTI_BOUND_G,150,4,10,1.5198933870278036e+43
MULTI_BOUND_G,150,4,11,7.599466935139018e+42
MULTI_BOUND_G,150,4,12,3.799733467569509e+42
MULTI_BOUND_G,150,4,13,1.8998667337847545e+42
MULTI_BOUND_G,150,4,14,9.499333668923773e+41
MULTI_BOUND_G,150,4,15,4.749666834461886e+41
MULTI_BOUND_G,150,4,16,2.374833417230943e+41
MULTI_BOUND_G,150,4,17,1.1874167086154716e+41
MULTI_BOUND_G,150,4,18,5.937083543077358e+40
MULTI_BOUND_G,150,4,19,2.968541771538679e+40
MULTI_BOUND_G,150,4,20,1.4842708857693395e+40
MULTI_BOUND_G,150,4,21,7.421354428846697e+39
MULTI_BOUND_G,150,4,22,3.710677214423349e+39
MULTI_BOUND_G,150,4,23,1.8553386072116744e+39
MULTI_BOUND_G,150,4,24,9.276693036058372e+38
MULTI_BOUND_G,150,4,25,4.638346518029186e+38
MULTI_BOUND_G,150,4,26,2.319173259014593e+38
MULTI_BOUND_G,150,4,27,1.1595866295072965e+38
MULTI_BOUND_G,150,4,28,5.797933147536482e+37
MULTI_BOUND_G,150,4,29,2.898966573768241e+37
MULTI_BOUND_G,150,4,30,1.4494832868841206e+37
MULTI_BOUND_G,150,4,31,7.247416434420603e+36
MULTI_BOUND_G,150,4,32,3.6237082172103015e+36
MULTI_BOUND_G,150,4,33,1.8118541086051507e+36
MULTI_BOUND_G,150,4,34,9.059270543025754e+35
MULTI_BOUND_G,150,4,35,4.529635271512877e+35
MULTI_BOUND_G,150,4,36,2.2648176357564384e+35
MULTI_BOUND_G,150,4,37,1.1324088178782192e+35
MULTI_BOUND_G,150,4,38,5.662044089391096e+34
MULTI_BOUND_G,150,4,39,2.831022044695548e+34
MULTI_BOUND_G,150,4,40,1.415511022347774e+34
MULTI_BOUND_G,150,4,41,7.07755511173887e+33
MULTI_BOUND_G,150,4,42,3.538777555869435e+33
MULTI_BOUND_G,150,4,43,1.7693887779347175e+33
MULTI_BOUND_G,150,4,44,8.846943889673588e+32
MULTI_BOUND_G,150,4,45,4.423471944836794e+32
MULTI_BOUND_G,150,4,46,2.211735972418397e+32
MULTI_BOUND_G,150,4,47,1.1058679862091984e+32
MULTI_BOUND_G,150,4,48,5.529339931045992e+31
MULTI_BOUND_G,150,4,49,2.764669965522996e+31
MULTI_BOUND_G,150,4,50,1.382334982761498e+31
MULTI_BOUND_G,150,4,51,6.91167491380749e+30
MULTI_BOUND_G,150,4,52,3.455837456903745e+30
MULTI_BOUND_G,150,4,53,1.7279187284518726e+30
MULTI_BOUND_G,150,4,54,8.639593642259363e+29
MULTI_BOUND_G,150,4,55,4.3197968211296814e+29
MULTI_BOUND_G,150,4,56,2.1598984105648407e+29
MULTI_BOUND_G,150,4,57,1.0799492052824204e+29
MULTI_BOUND_G,150,4,58,5.399746026412102e+28
MULTI_BOUND_G,150,4,59,2.699873013206051e+28
MULTI_BOUND_G,150,4,60,1.3499365066030254e+28
MULTI_BOUND_G,150,4,61,6.749682533015127e+27
MULTI_BOUND_G,150,4,62,3.3748412665075636e+27
MULTI_BOUND_G,150,4,63,1.6874206332537818e+27
MULTI_BOUND_G,150,4,64,8.437103166268909e+26
MULTI_BOUND_G,150,4,65,4.2185515831344545e+26
MULTI_BOUND_G,150,4,66,2.1092757915672273e+26
MULTI_BOUND_G,150,4,67,1.0546378957836136e+26
MULTI_BOUND_G,150,4,68,5.273189478918068e+25
MULTI_BOUND_G,150,4,69,2.636594739459034e+25
MULTI_BOUND_G,150,4,70,1.318297369729517e+25
MULTI_BOUND_G,150,4,71,6.591486848647585e+24
MULTI_BOUND_G,150,4,72,3.2957434243237926e+24
MULTI_BOUND_G,150,4,73,1.6478717121618963e+24
MULTI_BOUND_G,150,4,74,8.239358560809481e+23
MULTI_BOUND_G,150,4,75,4.119679280404741e+23
MULTI_BOUND_G,150,4,76,2.0598396402023704e+23
MULTI_BOUND_G,150,4,77,1.0299198201011852e+23
MULTI_BOUND_G,150,4,78,5.149599100505926e+22
MULTI_BOUND_G,150,4,79,2.574799550252963e+22
MULTI_BOUND_G,150,4,80,1.2873997751264815e+22
MULTI_BOUND_G,150,4,81,6.436998875632407e+21
MULTI_BOUND_G,150,4,82,3.2184994378162037e+21
MULTI_BOUND_G,150,4,83,1.6092497189081019e+21
MULTI_BOUND_G,150,4,84,8.046248594540509e+20
MULTI_BOUND_G,150,4,85,4.0231242972702546e+20
MULTI_BOUND_G,150,4,86,2.0115621486351273e+20
MULTI_BOUND_G,150,4,87,1.0057810743175637e+20
MULTI_BOUND_G,150,4,88,5.028905371587818e+19
MULTI_BOUND_G,150,4,89,2.514452685793909e+19
MULTI_BOUND_G,150,4,90,1.2572263428969546e+19
MULTI_BOUND_G,150,4,91,6.286131714484773e+18
MULTI_BOUND_G,150,4,92,3.1430658572423864e+18
MULTI_BOUND_G,150,4,93,1.5715329286211932e+18
MULTI_BOUND_G,150,4,94,7.857664643105966e+17
MULTI_BOUND_G,150,4,95,3.928832321552984e+17
MULTI_BOUND_G,150,4,96,1.964416160776492e+17
MULTI_BOUND_G,150,4,97,9.822080803882462e+16
MULTI_BOUND_G,150,4,98,4.911040401941234e+16
MULTI_BOUND_G,150,4,99,2.455520200970619e+16
MULTI_BOUND_G,150,4,100,1.227760100485312e+16
MULTI_BOUND_G,150,4,101,6138800502426574.0
MULTI_BOUND_G,150,4,102,3069400251213297.5
MULTI_BOUND_G,150,4,103,1534700125606671.0
MULTI_BOUND_G,150,4,104,767350062803353.5
MULTI_BOUND_G,150,4,105,383675031401688.5
MULTI_BOUND_G,150,4,106,191837515700873.5
MULTI_BOUND_G,150,4,107,95918757850447.88
MULTI_BOUND_G,150,4,108,47959378925243.266
MULTI_BOUND_G,150,4,109,23979689462633.195
MULTI_BOUND_G,150,4,110,11989844731331.352
MULTI_BOUND_G,150,4,111,5994922365679.67
MULTI_BOUND_G,150,4,112,2997461182869.005
MULTI_BOUND_G,150,4,113,1498730591450.4336
MULTI_BOUND_G,150,4,114,749365295744.1735
MULTI_BOUND_G,150,4,115,374682647891.7444
MULTI_BOUND_G,150,4,116,187341323966.79462
MULTI_BOUND_G,150,4,117,93670662005.16183
MULTI_BOUND_G,150,4,118,46835331019.99865
MULTI_BOUND_G,150,4,119,23417665537.566113
MULTI_BOUND_G,150,4,120,11708832795.469425
MULTI_BOUND_G,150,4,121,5854416410.319399
MULTI_BOUND_G,150,4,122,2927208225.7809706
MULTI_BOUND_G,150,4,123,1463604138.9076161
MULTI_BOUND_G,150,4,124,731802103.5216274
MULTI_BOUND_G,150,4,125,365901064.44311327
MULTI_BOUND_G,150,4,126,182950562.7343065
MULTI_BOUND_G,150,4,127,91475306.96099219
MULTI_BOUND_G,150,4,128,45737687.99593328
MULTI_BOUND_G,150,4,129,22868857.58755673
MULTI_BOUND_G,150,4,130,11434446.375112113
MULTI_BOUND_G,150,4,131,5717269.039143293
MULTI_BOUND_G,150,4,132,2858656.2471939577
MULTI_BOUND_G,150,4,133,1429347.82478482
MULTI_BOUND_G,150,4,134,714704.8790383819
MULTI_BOUND_G,150,4,135,357381.5398294061
MULTI_BOUND_G,150,4,136,178708.10304037223
MULTI_BOUND_G,150,4,137,89376.41717089989
MULTI_BOUND_G,150,4,138,44718.63502104678
MULTI_BOUND_G,150,4,139,22386.812806144964
MULTI_BOUND_G,150,4,140,11228.64794081014
MULTI_BOUND_G,150,5,0,6303.117910010215
MULTI_BOUND_G,150,5,1,6.584861989708198e+45
MULTI_BOUND_G,150,5,2,3.292430994854099e+45
MULTI_BOUND_G,150,5,3,1.6462154974270495e+45
MULTI_BOUND_G,150,5,4,8.231077487135248e+44
MULTI_BOUND_G,150,5,5,4.115538743567624e+44
MULTI_BOUND_G,150,5,6,2.057769371783812e+44
MULTI_BOUND_G,150,5,7,1.028884685891906e+44
MULTI_BOUND_G,150,5,8,5.14442342945953e+43
MULTI_BOUND_G,150,5,9,2.572211714729765e+43
MULTI_BOUND_G,150,5,10,1.2861058573648824e+43
MULTI_BOUND_G,150,5,11,6.430529286824412e+42
MULTI_BOUND_G,150,5,12,3.215264643412206e+42
MULTI_BOUND_G,150,5,13,1.607632321706103e+42
MULTI_BOUND_G,150,5,14,8.038161608530515e+41
MULTI_BOUND_G,150,5,15,4.0190808042652576e+41
MULTI_BOUND_G,150,5,16,2.0095404021326288e+41
MULTI_BOUND_G,150,5,17,1.0047702010663144e+41
MULTI_BOUND_G,150,5,18,5.023851005331572e+40
MULTI_BOUND_G,150,5,19,2.511925502665786e+40
MULTI_BOUND_G,150,5,20,1.255962751332893e+40
MULTI_BOUND_G,150,5,21,6.279813756664465e+39
MULTI_BOUND_G,150,5,22,3.1399068783322325e+39
MULTI_BOUND_G,150,5,23,1.5699534391661162e+39
MULTI_BOUND_G,150,5,24,7.849767195830581e+38
MULTI_BOUND_G,150,5,25,3.9248835979152906e+38
MULTI_BOUND_G,150,5,26,1.9624417989576453e+38
MULTI_BOUND_G,150,5,27,9.812208994788226e+37
MULTI_BOUND_G,150,5,28,4.906104497394113e+37
MULTI_BOUND_G,150,5,29,2.4530522486970566e+37
MULTI_BOUND_G,150,5,30,1.2265261243485283e+37
MULTI_BOUND_G,150,5,31,6.132630621742642e+36
MULTI_BOUND_G,150,5,32,3.066315310871321e+36
MULTI_BOUND_G,150,5,33,1.5331576554356604e+36
MULTI_BOUND_G,150,5,34,7.665788277178302e+35
MULTI_BOUND_G,150,5,35,3.832894138589151e+35
MULTI_BOUND_G,150,5,36,1.9164470692945755e+35
MULTI_BOUND_G,150,5,37,9.582235346472877e+34
MULTI_BOUND_G,150,5,38,4.791117673236439e+34
MULTI_BOUND_G,150,5,39,2.3955588366182194e+34
MULTI_BOUND_G,150,5,40,1.1977794183091097e+34
MULTI_BOUND_G,150,5,41,5.988897091545548e+33
MULTI_BOUND_G,150,5,42,2.994448545772774e+33
MULTI_BOUND_G,150,5,43,1.497224272886387e+33
MULTI_BOUND_G,150,5,44,7.486121364431935e+32
MULTI_BOUND_G,150,5,45,3.743060682215968e+32
MULTI_BOUND_G,150,5,46,1.871530341107984e+32
MULTI_BOUND_G,150,5,47,9.35765170553992e+31
MULTI_BOUND_G,150,5,48,4.67882585276996e+31
MULTI_BOUND_G,150,5,49,2.33941292638498e+31
MULTI_BOUND_G,150,5,50,1.16970646319249e+31
MULTI_BOUND_G,150,5,51,5.84853231596245e+30
MULTI_BOUND_G,150,5,52,2.924266157981225e+30
MULTI_BOUND_G,150,5,53,1.4621330789906124e+30
MULTI_BOUND_G,150,5,54,7.310665394953062e+29
MULTI_BOUND_G,150,5,55,3.655332697476531e+29
MULTI_BOUND_G,150,5,56,1.8276663487382655e+29
MULTI_BOUND_G,150,5,57,9.138331743691328e+28
MULTI_BOUND_G,150,5,58,4.569165871845664e+28
MULTI_BOUND_G,150,5,59,2.284582935922832e+28
MULTI_BOUND_G,150,5,60,1.142291467961416e+28
MULTI_BOUND_G,150,5,61,5.71145733980708e+27
MULTI_BOUND_G,150,5,62,2.85572866990354e+27
MULTI_BOUND_G,150,5,63,1.42786433495177e+27
MULTI_BOUND_G,150,5,64,7.13932167475885e+26
MULTI_BOUND_G,150,5,65,3.569660837379425e+26
MULTI_BOUND_G,150,5,66,1.7848304186897124e+26
MULTI_BOUND_G,150,5,67,8.924152093448562e+25
MULTI_BOUND_G,150,5,68,4.462076046724281e+25
MULTI_BOUND_G,150,5,69,2.2310380233621405e+25
MULTI_BOUND_G,150,5,70,1.1155190116810703e+25
MULTI_BOUND_G,150,5,71,5.577595058405351e+24
MULTI_BOUND_G,150,5,72,2.7887975292026756e+24
MULTI_BOUND_G,150,5,73,1.3943987646013378e+24
MULTI_BOUND_G,150,5,74,6.971993823006689e+23
MULTI_BOUND_G,150,5,75,3.4859969115033445e+23
MULTI_BOUND_G,150,5,76,1.7429984557516723e+23
MULTI_BOUND_G,150,5,77,8.714992278758361e+22
MULTI_BOUND_G,150,5,78,4.357496139379181e+22
MULTI_BOUND_G,150,5,79,2.1787480696895903e+22
MULTI_BOUND_G,150,5,80,1.0893740348447952e+22
MULTI_BOUND_G,150,5,81,5.446870174223976e+21
MULTI_BOUND_G,150,5,82,2.723435087111988e+21
MULTI_BOUND_G,150,5,83,1.361717543555994e+21
MULTI_BOUND_G,150,5,84,6.80858771777997e+20
MULTI_BOUND_G,150,5,85,3.404293858889985e+20
MULTI_BOUND_G,150,5,86,1.7021469294449925e+20
MULTI_BOUND_G,150,5,87,8.510734647224962e+19
MULTI_BOUND_G,150,5,88,4.255367323612481e+19
MULTI_BOUND_G,150,5,89,2.1276836618062406e+19
MULTI_BOUND_G,150,5,90,1.0638418309031203e+19
MULTI_BOUND_G,150,5,91,5.319209154515601e+18
MULTI_BOUND_G,150,5,92,2.6596045772578007e+18
MULTI_BOUND_G,150,5,93,1.3298022886289004e+18
MULTI_BOUND_G,150,5,94,6.649011443144502e+17
MULTI_BOUND_G,150,5,95,3.324505721572251e+17
MULTI_BOUND_G,150,5,96,1.6622528607861258e+17
MULTI_BOUND_G,150,5,97,8.31126430393063e+16
MULTI_BOUND_G,150,5,98,4.155632151965317e+16
MULTI_BOUND_G,150,5,99,2.077816075982659e+16
MULTI_BOUND_G,150,5,100,1.0389080379913318e+16
MULTI_BOUND_G,150,5,101,5194540189956676.0
MULTI_BOUND_G,150,5,102,2597270094978359.0
MULTI_BOUND_G,150,5,103,1298635047489192.5
MULTI_BOUND_G,150,5,104,649317523744629.9
MULTI_BOUND_G,150,5,105,324658761872332.4
MULTI_BOUND_G,150,5,106,162329380936182.0
MULTI_BOUND_G,150,5,107,81164690468116.78
MULTI_BOUND_G,150,5,108,40582345234076.88
MULTI_BOUND_G,150,5,109,20291172617060.9
MULTI_BOUND_G,150,5,110,10145586308555.326
MULTI_BOUND_G,150,5,111,5072793154293.773
MULTI_BOUND_G,150,5,112,2536396577159.036
MULTI_BOUND_G,150,5,113,1268198288604.584
MULTI_BOUND_G,150,5,114,634099144322.3796
MULTI_BOUND_G,150,5,115,317049572183.5492
MULTI_BOUND_G,150,5,116,158524786121.33984
MULTI_BOUND_G,150,5,117,79262393086.6657
MULTI_BOUND_G,150,5,118,39631196568.91754
MULTI_BOUND_G,150,5,119,19815598294.01599
MULTI_BOUND_G,150,5,120,9907799176.495153
MULTI_BOUND_G,150,5,121,4953899616.756877
MULTI_BOUND_G,150,5,122,2476949834.069438
MULTI_BOUND_G,150,5,123,1238474943.1879096
MULTI_BOUND_G,150,5,124,619237492.72188
MULTI_BOUND_G,150,5,125,309618765.38624525
MULTI_BOUND_G,150,5,126,154809403.95738
MULTI_BOUND_G,150,5,127,77404730.65042123
MULTI_BOUND_G,150,5,128,38702388.21963641
MULTI_BOUND_G,150,5,129,19351221.962133117
MULTI_BOUND_G,150,5,130,9675633.036294948
MULTI_BOUND_G,150,5,131,4837850.730535727
MULTI_BOUND_G,150,5,132,2418946.947610392
MULTI_BOUND_G,150,5,133,1209498.5556230885
MULTI_BOUND_G,150,5,134,604784.0067566008
MULTI_BOUND_G,150,5,135,302419.0519612784
MULTI_BOUND_G,150,5,136,151242.17894247826
MULTI_BOUND_G,150,5,137,75636.17709089768
MULTI_BOUND_G,150,5,138,37861.00064345513
MULTI_BOUND_G,150,5,139,18972.684312914742
MULTI_BOUND_G,150,5,140,9509.163268583303
MULTI_BOUND_G,150,6,0,6279.065817799274
MULTI_BOUND_G,150,6,1,7.254069905895317e+45
MULTI_BOUND_G,150,6,2,3.627034952947659e+45
MULTI_BOUND_G,150,6,3,1.8135174764738293e+45
MULTI_BOUND_G,150,6,4,9.067587382369147e+44
MULTI_BOUND_G,150,6,5,4.533793691184573e+44
MULTI_BOUND_G,150,6,6,2.2668968455922867e+44
MULTI_BOUND_G,150,6,7,1.1334484227961433e+44
MULTI_BOUND_G,150,6,8,5.667242113980717e+43
MULTI_BOUND_G,150,6,9,2.8336210569903584e+43
MULTI_BOUND_G,150,6,10,1.4168105284951792e+43
MULTI_BOUND_G,150,6,11,7.084052642475896e+42
MULTI_BOUND_G,150,6,12,3.542026321237948e+42
MULTI_BOUND_G,150,6,13,1.771013160618974e+42
MULTI_BOUND_G,150,6,14,8.85506580309487e+41
MULTI_BOUND_G,150,6,15,4.427532901547435e+41
MULTI_BOUND_G,150,6,16,2.2137664507737175e+41
MULTI_BOUND_G,150,6,17,1.1068832253868587e+41
MULTI_BOUND_G,150,6,18,5.534416126934294e+40
MULTI_BOUND_G,150,6,19,2.767208063467147e+40
MULTI_BOUND_G,150,6,20,1.3836040317335734e+40
MULTI_BOUND_G,150,6,21,6.918020158667867e+39
MULTI_BOUND_G,150,6,22,3.4590100793339335e+39
MULTI_BOUND_G,150,6,23,1.7295050396669668e+39
MULTI_BOUND_G,150,6,24,8.647525198334834e+38
MULTI_BOUND_G,150,6,25,4.323762599167417e+38
MULTI_BOUND_G,150,6,26,2.1618812995837085e+38
MULTI_BOUND_G,150,6,27,1.0809406497918542e+38
MULTI_BOUND_G,150,6,28,5.404703248959271e+37
MULTI_BOUND_G,150,6,29,2.7023516244796356e+37
MULTI_BOUND_G,150,6,30,1.3511758122398178e+37
MULTI_BOUND_G,150,6,31,6.755879061199089e+36
MULTI_BOUND_G,150,6,32,3.3779395305995445e+36
MULTI_BOUND_G,150,6,33,1.6889697652997722e+36
MULTI_BOUND_G,150,6,34,8.444848826498861e+35
MULTI_BOUND_G,150,6,35,4.2224244132494306e+35
MULTI_BOUND_G,150,6,36,2.1112122066247153e+35
MULTI_BOUND_G,150,6,37,1.0556061033123576e+35
MULTI_BOUND_G,150,6,38,5.278030516561788e+34
MULTI_BOUND_G,150,6,39,2.639015258280894e+34
MULTI_BOUND_G,150,6,40,1.319507629140447e+34
MULTI_BOUND_G,150,6,41,6.597538145702235e+33
MULTI_BOUND_G,150,6,42,3.2987690728511176e+33
MULTI_BOUND_G,150,6,43,1.6493845364255588e+33
MULTI_BOUND_G,150,6,44,8.246922682127794e+32
MULTI_BOUND_G,150,6,45,4.123461341063897e+32
MULTI_BOUND_G,150,6,46,2.0617306705319485e+32
MULTI_BOUND_G,150,6,47,1.0308653352659743e+32
MULTI_BOUND_G,150,6,48,5.154326676329871e+31
MULTI_BOUND_G,150,6,49,2.5771633381649357e+31
MULTI_BOUND_G,150,6,50,1.2885816690824678e+31
MULTI_BOUND_G,150,6,51,6.442908345412339e+30
MULTI_BOUND_G,150,6,52,3.2214541727061696e+30
MULTI_BOUND_G,150,6,53,1.6107270863530848e+30
MULTI_BOUND_G,150,6,54,8.053635431765424e+29
MULTI_BOUND_G,150,6,55,4.026817715882712e+29
MULTI_BOUND_G,150,6,56,2.013408857941356e+29
MULTI_BOUND_G,150,6,57,1.006704428970678e+29
MULTI_BOUND_G,150,6,58,5.03352214485339e+28
MULTI_BOUND_G,150,6,59,2.516761072426695e+28
MULTI_BOUND_G,150,6,60,1.2583805362133475e+28
MULTI_BOUND_G,150,6,61,6.291902681066737e+27
MULTI_BOUND_G,150,6,62,3.145951340533369e+27
MULTI_BOUND_G,150,6,63,1.5729756702666844e+27
MULTI_BOUND_G,150,6,64,7.864878351333422e+26
MULTI_BOUND_G,150,6,65,3.932439175666711e+26
MULTI_BOUND_G,150,6,66,1.9662195878333555e+26
MULTI_BOUND_G,150,6,67,9.831097939166777e+25
MULTI_BOUND_G,150,6,68,4.915548969583389e+25
MULTI_BOUND_G,150,6,69,2.4577744847916943e+25
MULTI_BOUND_G,150,6,70,1.2288872423958472e+25
MULTI_BOUND_G,150,6,71,6.144436211979236e+24
MULTI_BOUND_G,150,6,72,3.072218105989618e+24
MULTI_BOUND_G,150,6,73,1.536109052994809e+24
MULTI_BOUND_G,150,6,74,7.680545264974045e+23
MULTI_BOUND_G,150,6,75,3.8402726324870224e+23
MULTI_BOUND_G,150,6,76,1.9201363162435112e+23
MULTI_BOUND_G,150,6,77,9.600681581217556e+22
MULTI_BOUND_G,150,6,78,4.800340790608778e+22
MULTI_BOUND_G,150,6,79,2.400170395304389e+22
MULTI_BOUND_G,150,6,80,1.2000851976521945e+22
MULTI_BOUND_G,150,6,81,6.000425988260972e+21
MULTI_BOUND_G,150,6,82,3.000212994130486e+21
MULTI_BOUND_G,150,6,83,1.500106497065243e+21
MULTI_BOUND_G,150,6,84,7.500532485326216e+20
MULTI_BOUND_G,150,6,85,3.750266242663108e+20
MULTI_BOUND_G,150,6,86,1.875133121331554e+20
MULTI_BOUND_G,150,6,87,9.37566560665777e+19
MULTI_BOUND_G,150,6,88,4.687832803328885e+19
MULTI_BOUND_G,150,6,89,2.3439164016644424e+19
MULTI_BOUND_G,150,6,90,1.1719582008322212e+19
MULTI_BOUND_G,150,6,91,5.859791004161106e+18
MULTI_BOUND_G,150,6,92,2.929895502080553e+18
MULTI_BOUND_G,150,6,93,1.4649477510402765e+18
MULTI_BOUND_G,150,6,94,7.324738755201382e+17
MULTI_BOUND_G,150,6,95,3.662369377600692e+17
MULTI_BOUND_G,150,6,96,1.8311846888003462e+17
MULTI_BOUND_G,150,6,97,9.155923444001733e+16
MULTI_BOUND_G,150,6,98,4.5779617220008664e+16
MULTI_BOUND_G,150,6,99,2.2889808610004344e+16
MULTI_BOUND_G,150,6,100,1.1444904305002188e+16
MULTI_BOUND_G,150,6,101,5722452152501118.0
MULTI_BOUND_G,150,6,102,2861226076250582.5
MULTI_BOUND_G,150,6,103,1430613038125309.0
MULTI_BOUND_G,150,6,104,715306519062669.0
MULTI_BOUND_G,150,6,105,357653259531352.8
MULTI_BOUND_G,150,6,106,178826629765696.56
MULTI_BOUND_G,150,6,107,89413314882868.89
MULTI_BOUND_G,150,6,108,44706657441450.125
MULTI_BOUND_G,150,6,109,22353328720744.35
MULTI_BOUND_G,150,6,110,11176664360385.07
MULTI_BOUND_G,150,6,111,5588332180229.993
MULTI_BOUND_G,150,6,112,2794166090118.18
MULTI_BOUND_G,150,6,113,1397083045085.9607
MULTI_BOUND_G,150,6,114,698541522564.2141
MULTI_BOUND_G,150,6,115,349270761299.80206
MULTI_BOUND_G,150,6,116,174635380684.9605
MULTI_BOUND_G,150,6,117,87317690358.8121
MULTI_BOUND_G,150,6,118,43658845193.59833
MULTI_BOUND_G,150,6,119,21829422620.16471
MULTI_BOUND_G,150,6,120,10914711324.098137
MULTI_BOUND_G,150,6,121,5457355672.732792
MULTI_BOUND_G,150,6,122,2728677854.557029
MULTI_BOUND_G,150,6,123,1364338950.1803017
MULTI_BOUND_G,150,6,124,682169498.8740695
MULTI_BOUND_G,150,6,125,341084765.26776564
MULTI_BOUND_G,150,6,126,170542399.29960036
MULTI_BOUND_G,150,6,127,85271217.47751799
MULTI_BOUND_G,150,6,128,42635630.75400549
MULTI_BOUND_G,150,6,129,21317843.543143094
MULTI_BOUND_G,150,6,130,10658957.969183117
MULTI_BOUND_G,150,6,131,5329489.193817838
MULTI_BOUND_G,150,6,132,2664758.5830999776
MULTI_BOUND_G,150,6,133,1332390.0576972363
MULTI_BOUND_G,150,6,134,666218.6617825173
MULTI_BOUND_G,150,6,135,333126.82882455626
MULTI_BOUND_G,150,6,136,166601.67230789585
MULTI_BOUND_G,150,6,137,83316.75657633696
MULTI_BOUND_G,150,6,138,41705.605730467374
MULTI_BOUND_G,150,6,139,20872.574768059218
MULTI_BOUND_G,150,6,140,10451.640431775142
MULTI_BOUND_G,150,7,0,6274.254364030013
MULTI_BOUND_G,150,7,1,8.021626817629328e+45
MULTI_BOUND_G,150,7,2,4.010813408814664e+45
MULTI_BOUND_G,150,7,3,2.005406704407332e+45
MULTI_BOUND_G,150,7,4,1.002703352203666e+45
MULTI_BOUND_G,150,7,5,5.01351676101833e+44
MULTI_BOUND_G,150,7,6,2.506758380509165e+44
MULTI_BOUND_G,150,7,7,1.2533791902545825e+44
MULTI_BOUND_G,150,7,8,6.266895951272913e+43
MULTI_BOUND_G,150,7,9,3.1334479756364563e+43
MULTI_BOUND_G,150,7,10,1.5667239878182282e+43
MULTI_BOUND_G,150,7,11,7.833619939091141e+42
MULTI_BOUND_G,150,7,12,3.9168099695455704e+42
MULTI_BOUND_G,150,7,13,1.9584049847727852e+42
MULTI_BOUND_G,150,7,14,9.792024923863926e+41
MULTI_BOUND_G,150,7,15,4.896012461931963e+41
MULTI_BOUND_G,150,7,16,2.4480062309659815e+41
MULTI_BOUND_G,150,7,17,1.2240031154829907e+41
MULTI_BOUND_G,150,7,18,6.120015577414954e+40
MULTI_BOUND_G,150,7,19,3.060007788707477e+40
MULTI_BOUND_G,150,7,20,1.5300038943537384e+40
MULTI_BOUND_G,150,7,21,7.650019471768692e+39
MULTI_BOUND_G,150,7,22,3.825009735884346e+39
MULTI_BOUND_G,150,7,23,1.912504867942173e+39
MULTI_BOUND_G,150,7,24,9.562524339710865e+38
MULTI_BOUND_G,150,7,25,4.7812621698554326e+38
MULTI_BOUND_G,150,7,26,2.3906310849277163e+38
MULTI_BOUND_G,150,7,27,1.1953155424638582e+38
MULTI_BOUND_G,150,7,28,5.976577712319291e+37
MULTI_BOUND_G,150,7,29,2.9882888561596454e+37
MULTI_BOUND_G,150,7,30,1.4941444280798227e+37
MULTI_BOUND_G,150,7,31,7.470722140399113e+36
MULTI_BOUND_G,150,7,32,3.735361070199557e+36
MULTI_BOUND_G,150,7,33,1.8676805350997784e+36
MULTI_BOUND_G,150,7,34,9.338402675498892e+35
MULTI_BOUND_G,150,7,35,4.669201337749446e+35
MULTI_BOUND_G,150,7,36,2.334600668874723e+35
MULTI_BOUND_G,150,7,37,1.1673003344373615e+35
MULTI_BOUND_G,150,7,38,5.836501672186807e+34
MULTI_BOUND_G,150,7,39,2.9182508360934037e+34
MULTI_BOUND_G,150,7,40,1.4591254180467018e+34
MULTI_BOUND_G,150,7,41,7.295627090233509e+33
MULTI_BOUND_G,150,7,42,3.6478135451167546e+33
MULTI_BOUND_G,150,7,43,1.8239067725583773e+33
MULTI_BOUND_G,150,7,44,9.119533862791887e+32
MULTI_BOUND_G,150,7,45,4.559766931395943e+32
MULTI_BOUND_G,150,7,46,2.2798834656979716e+32
MULTI_BOUND_G,150,7,47,1.1399417328489858e+32
MULTI_BOUND_G,150,7,48,5.699708664244929e+31
MULTI_BOUND_G,150,7,49,2.8498543321224645e+31
MULTI_BOUND_G,150,7,50,1.4249271660612323e+31
MULTI_BOUND_G,150,7,51,7.124635830306161e+30
MULTI_BOUND_G,150,7,52,3.5623179151530807e+30
MULTI_BOUND_G,150,7,53,1.7811589575765403e+30
MULTI_BOUND_G,150,7,54,8.905794787882702e+29
MULTI_BOUND_G,150,7,55,4.452897393941351e+29
MULTI_BOUND_G,150,7,56,2.2264486969706754e+29
MULTI_BOUND_G,150,7,57,1.1132243484853377e+29
MULTI_BOUND_G,150,7,58,5.566121742426689e+28
MULTI_BOUND_G,150,7,59,2.7830608712133443e+28
MULTI_BOUND_G,150,7,60,1.3915304356066721e+28
MULTI_BOUND_G,150,7,61,6.957652178033361e+27
MULTI_BOUND_G,150,7,62,3.4788260890166804e+27
MULTI_BOUND_G,150,7,63,1.7394130445083402e+27
MULTI_BOUND_G,150,7,64,8.697065222541701e+26
MULTI_BOUND_G,150,7,65,4.3485326112708504e+26
MULTI_BOUND_G,150,7,66,2.1742663056354252e+26
MULTI_BOUND_G,150,7,67,1.0871331528177126e+26
MULTI_BOUND_G,150,7,68,5.435665764088563e+25
MULTI_BOUND_G,150,7,69,2.7178328820442815e+25
MULTI_BOUND_G,150,7,70,1.3589164410221408e+25
MULTI_BOUND_G,150,7,71,6.794582205110704e+24
MULTI_BOUND_G,150,7,72,3.397291102555352e+24
MULTI_BOUND_G,150,7,73,1.698645551277676e+24
MULTI_BOUND_G,150,7,74,8.49322775638838e+23
MULTI_BOUND_G,150,7,75,4.24661387819419e+23
MULTI_BOUND_G,150,7,76,2.123306939097095e+23
MULTI_BOUND_G,150,7,77,1.0616534695485475e+23
MULTI_BOUND_G,150,7,78,5.308267347742737e+22
MULTI_BOUND_G,150,7,79,2.6541336738713687e+22
MULTI_BOUND_G,150,7,80,1.3270668369356843e+22
MULTI_BOUND_G,150,7,81,6.635334184678422e+21
MULTI_BOUND_G,150,7,82,3.317667092339211e+21
MULTI_BOUND_G,150,7,83,1.6588335461696054e+21
MULTI_BOUND_G,150,7,84,8.294167730848027e+20
MULTI_BOUND_G,150,7,85,4.1470838654240136e+20
MULTI_BOUND_G,150,7,86,2.0735419327120068e+20
MULTI_BOUND_G,150,7,87,1.0367709663560034e+20
MULTI_BOUND_G,150,7,88,5.183854831780017e+19
MULTI_BOUND_G,150,7,89,2.5919274158900085e+19
MULTI_BOUND_G,150,7,90,1.2959637079450042e+19
MULTI_BOUND_G,150,7,91,6.479818539725021e+18
MULTI_BOUND_G,150,7,92,3.2399092698625106e+18
MULTI_BOUND_G,150,7,93,1.6199546349312553e+18
MULTI_BOUND_G,150,7,94,8.099773174656276e+17
MULTI_BOUND_G,150,7,95,4.049886587328138e+17
MULTI_BOUND_G,150,7,96,2.024943293664069e+17
MULTI_BOUND_G,150,7,97,1.0124716468320346e+17
MULTI_BOUND_G,150,7,98,5.062358234160177e+16
MULTI_BOUND_G,150,7,99,2.5311791170800896e+16
MULTI_BOUND_G,150,7,100,1.2655895585400466e+16
MULTI_BOUND_G,150,7,101,6327947792700255.0
MULTI_BOUND_G,150,7,102,3163973896350153.0
MULTI_BOUND_G,150,7,103,1581986948175090.5
MULTI_BOUND_G,150,7,104,790993474087559.5
MULTI_BOUND_G,150,7,105,395496737043811.4
MULTI_BOUND_G,150,7,106,197748368521928.25
MULTI_BOUND_G,150,7,107,98874184260988.44
MULTI_BOUND_G,150,7,108,49437092130520.57
MULTI_BOUND_G,150,7,109,24718546065273.062
MULTI_BOUND_G,150,7,110,12359273032667.73
MULTI_BOUND_G,150,7,111,6179636516358.3
MULTI_BOUND_G,150,7,112,3089818258198.4956
MULTI_BOUND_G,150,7,113,1544909129113.6204
MULTI_BOUND_G,150,7,114,772454564583.8562
MULTI_BOUND_G,150,7,115,386227282321.31836
MULTI_BOUND_G,150,7,116,193113641182.96332
MULTI_BOUND_G,150,7,117,96556820620.62663
MULTI_BOUND_G,150,7,118,48278410330.33706
MULTI_BOUND_G,150,7,119,24139205197.226097
MULTI_BOUND_G,150,7,120,12069602624.990349
MULTI_BOUND_G,150,7,121,6034801341.371903
MULTI_BOUND_G,150,7,122,3017400691.506914
MULTI_BOUND_G,150,7,123,1508700372.654047
MULTI_BOUND_G,150,7,124,754350210.193216
MULTI_BOUND_G,150,7,125,377175124.72201765
MULTI_BOUND_G,150,7,126,188587579.9825878
MULTI_BOUND_G,150,7,127,94293822.70910674
MULTI_BOUND_G,150,7,128,47146923.2887564
MULTI_BOUND_G,150,7,129,23573491.575485937
MULTI_BOUND_G,150,7,130,11786769.61603244
MULTI_BOUND_G,150,7,131,5893424.480404329
MULTI_BOUND_G,150,7,132,2946721.532779677
MULTI_BOUND_G,150,7,133,1473401.0483868446
MULTI_BOUND_G,150,7,134,736716.2820587738
MULTI_BOUND_G,150,7,135,368387.8420897082
MULTI_BOUND_G,150,7,136,184224.0730347298
MULTI_BOUND_G,150,7,137,92143.80358817951
MULTI_BOUND_G,150,7,138,46088.499319940245
MULTI_BOUND_G,150,7,139,23086.386875320335
MULTI_BOUND_G,150,7,140,11574.892481528059
MULTI_BOUND_G,150,8,0,5901.96891759134
MULTI_BOUND_G,150,8,1,9.033035448673645e+45
MULTI_BOUND_G,150,8,2,4.5165177243368224e+45
MULTI_BOUND_G,150,8,3,2.2582588621684112e+45
MULTI_BOUND_G,150,8,4,1.1291294310842056e+45
MULTI_BOUND_G,150,8,5,5.645647155421028e+44
MULTI_BOUND_G,150,8,6,2.822823577710514e+44
MULTI_BOUND_G,150,8,7,1.411411788855257e+44
MULTI_BOUND_G,150,8,8,7.057058944276285e+43
MULTI_BOUND_G,150,8,9,3.5285294721381425e+43
MULTI_BOUND_G,150,8,10,1.7642647360690713e+43
MULTI_BOUND_G,150,8,11,8.821323680345356e+42
MULTI_BOUND_G,150,8,12,4.410661840172678e+42
MULTI_BOUND_G,150,8,13,2.205330920086339e+42
MULTI_BOUND_G,150,8,14,1.1026654600431695e+42
MULTI_BOUND_G,150,8,15,5.513327300215848e+41
MULTI_BOUND_G,150,8,16,2.756663650107924e+41
MULTI_BOUND_G,150,8,17,1.378331825053962e+41
MULTI_BOUND_G,150,8,18,6.89165912526981e+40
MULTI_BOUND_G,150,8,19,3.445829562634905e+40
MULTI_BOUND_G,150,8,20,1.7229147813174524e+40
MULTI_BOUND_G,150,8,21,8.614573906587262e+39
MULTI_BOUND_G,150,8,22,4.307286953293631e+39
MULTI_BOUND_G,150,8,23,2.1536434766468155e+39
MULTI_BOUND_G,150,8,24,1.0768217383234078e+39
MULTI_BOUND_G,150,8,25,5.384108691617039e+38
MULTI_BOUND_G,150,8,26,2.6920543458085194e+38
MULTI_BOUND_G,150,8,27,1.3460271729042597e+38
MULTI_BOUND_G,150,8,28,6.730135864521298e+37
MULTI_BOUND_G,150,8,29,3.365067932260649e+37
MULTI_BOUND_G,150,8,30,1.6825339661303246e+37
MULTI_BOUND_G,150,8,31,8.412669830651623e+36
MULTI_BOUND_G,150,8,32,4.2063349153258115e+36
MULTI_BOUND_G,150,8,33,2.1031674576629058e+36
MULTI_BOUND_G,150,8,34,1.0515837288314529e+36
MULTI_BOUND_G,150,8,35,5.2579186441572644e+35
MULTI_BOUND_G,150,8,36,2.6289593220786322e+35
MULTI_BOUND_G,150,8,37,1.3144796610393161e+35
MULTI_BOUND_G,150,8,38,6.5723983051965805e+34
MULTI_BOUND_G,150,8,39,3.2861991525982903e+34
MULTI_BOUND_G,150,8,40,1.6430995762991451e+34
MULTI_BOUND_G,150,8,41,8.215497881495726e+33
MULTI_BOUND_G,150,8,42,4.107748940747863e+33
MULTI_BOUND_G,150,8,43,2.0538744703739314e+33
MULTI_BOUND_G,150,8,44,1.0269372351869657e+33
MULTI_BOUND_G,150,8,45,5.1346861759348285e+32
MULTI_BOUND_G,150,8,46,2.5673430879674143e+32
MULTI_BOUND_G,150,8,47,1.2836715439837071e+32
MULTI_BOUND_G,150,8,48,6.418357719918536e+31
MULTI_BOUND_G,150,8,49,3.209178859959268e+31
MULTI_BOUND_G,150,8,50,1.604589429979634e+31
MULTI_BOUND_G,150,8,51,8.02294714989817e+30
MULTI_BOUND_G,150,8,52,4.011473574949085e+30
MULTI_BOUND_G,150,8,53,2.0057367874745424e+30
MULTI_BOUND_G,150,8,54,1.0028683937372712e+30
MULTI_BOUND_G,150,8,55,5.014341968686356e+29
MULTI_BOUND_G,150,8,56,2.507170984343178e+29
MULTI_BOUND_G,150,8,57,1.253585492171589e+29
MULTI_BOUND_G,150,8,58,6.267927460857945e+28
MULTI_BOUND_G,150,8,59,3.1339637304289725e+28
MULTI_BOUND_G,150,8,60,1.5669818652144862e+28
MULTI_BOUND_G,150,8,61,7.834909326072431e+27
MULTI_BOUND_G,150,8,62,3.9174546630362156e+27
MULTI_BOUND_G,150,8,63,1.9587273315181078e+27
MULTI_BOUND_G,150,8,64,9.793636657590539e+26
MULTI_BOUND_G,150,8,65,4.8968183287952695e+26
MULTI_BOUND_G,150,8,66,2.4484091643976348e+26
MULTI_BOUND_G,150,8,67,1.2242045821988174e+26
MULTI_BOUND_G,150,8,68,6.121022910994087e+25
MULTI_BOUND_G,150,8,69,3.0605114554970434e+25
MULTI_BOUND_G,150,8,70,1.5302557277485217e+25
MULTI_BOUND_G,150,8,71,7.651278638742609e+24
MULTI_BOUND_G,150,8,72,3.8256393193713043e+24
MULTI_BOUND_G,150,8,73,1.9128196596856522e+24
MULTI_BOUND_G,150,8,74,9.564098298428261e+23
MULTI_BOUND_G,150,8,75,4.7820491492141304e+23
MULTI_BOUND_G,150,8,76,2.3910245746070652e+23
MULTI_BOUND_G,150,8,77,1.1955122873035326e+23
MULTI_BOUND_G,150,8,78,5.977561436517663e+22
MULTI_BOUND_G,150,8,79,2.9887807182588315e+22
MULTI_BOUND_G,150,8,80,1.4943903591294157e+22
MULTI_BOUND_G,150,8,81,7.471951795647079e+21
MULTI_BOUND_G,150,8,82,3.7359758978235394e+21
MULTI_BOUND_G,150,8,83,1.8679879489117697e+21
MULTI_BOUND_G,150,8,84,9.339939744558848e+20
MULTI_BOUND_G,150,8,85,4.669969872279424e+20
MULTI_BOUND_G,150,8,86,2.334984936139712e+20
MULTI_BOUND_G,150,8,87,1.167492468069856e+20
MULTI_BOUND_G,150,8,88,5.83746234034928e+19
MULTI_BOUND_G,150,8,89,2.91873117017464e+19
MULTI_BOUND_G,150,8,90,1.45936558508732e+19
MULTI_BOUND_G,150,8,91,7.2968279254366e+18
MULTI_BOUND_G,150,8,92,3.6484139627183e+18
MULTI_BOUND_G,150,8,93,1.82420698135915e+18
MULTI_BOUND_G,150,8,94,9.12103490679575e+17
MULTI_BOUND_G,150,8,95,4.5605174533978765e+17
MULTI_BOUND_G,150,8,96,2.2802587266989382e+17
MULTI_BOUND_G,150,8,97,1.1401293633494694e+17
MULTI_BOUND_G,150,8,98,5.700646816747349e+16
MULTI_BOUND_G,150,8,99,2.8503234083736776e+16
MULTI_BOUND_G,150,8,100,1.42516170418684e+16
MULTI_BOUND_G,150,8,101,7125808520934227.0
MULTI_BOUND_G,150,8,102,3562904260467133.0
MULTI_BOUND_G,150,8,103,1781452130233587.5
MULTI_BOUND_G,150,8,104,890726065116819.8
MULTI_BOUND_G,150,8,105,445363032558430.25
MULTI_BOUND_G,150,8,106,222681516279242.0
MULTI_BOUND_G,150,8,107,111340758139639.73
MULTI_BOUND_G,150,8,108,55670379069841.61
MULTI_BOUND_G,150,8,109,27835189534957.25
MULTI_BOUND_G,150,8,110,13917594767498.213
MULTI_BOUND_G,150,8,111,6958797383771.893
MULTI_BOUND_G,150,8,112,3479398691906.673
MULTI_BOUND_G,150,8,113,1739699345972.4453
MULTI_BOUND_G,150,8,114,869849673022.3884
MULTI_BOUND_G,150,8,115,434924836540.6034
MULTI_BOUND_G,150,8,116,217462418296.4881
MULTI_BOUND_G,150,8,117,108731209182.3682
MULTI_BOUND_G,150,8,118,54365604603.91385
MULTI_BOUND_G,150,8,119,27182802325.97635
MULTI_BOUND_G,150,8,120,13591401193.19229
MULTI_BOUND_G,150,8,121,6795700622.854137
MULTI_BOUND_G,150,8,122,3397850326.166044
MULTI_BOUND_G,150,8,123,1698925209.521498
MULTI_BOUND_G,150,8,124,849462628.7699478
MULTI_BOUND_G,150,8,125,424731336.6109409
MULTI_BOUND_G,150,8,126,212365687.90317762
MULTI_BOUND_G,150,8,127,106182886.01558524
MULTI_BOUND_G,150,8,128,53091462.5898418
MULTI_BOUND_G,150,8,129,26545762.46806233
MULTI_BOUND_G,150,8,130,13272914.829506258
MULTI_BOUND_G,150,8,131,6636479.781206854
MULTI_BOUND_G,150,8,132,3318269.0438072393
MULTI_BOUND_G,150,8,133,1659164.0043875321
MULTI_BOUND_G,150,8,134,829615.3071086393
MULTI_BOUND_G,150,8,135,414829.0221367403
MULTI_BOUND_G,150,8,136,207441.92162220675
MULTI_BOUND_G,150,8,137,103737.53167985698
MULTI_BOUND_G,150,8,138,51896.95367544395
MULTI_BOUND_G,150,8,139,25983.01132539323
MULTI_BOUND_G,150,8,140,13018.925810461733
MULTI_BOUND_G,150,9,0,5763.588350866687
MULTI_BOUND_G,150,9,1,9.020470824041193e+45
MULTI_BOUND_G,150,9,2,4.5102354120205966e+45
MULTI_BOUND_G,150,9,3,2.2551177060102983e+45
MULTI_BOUND_G,150,9,4,1.1275588530051492e+45
MULTI_BOUND_G,150,9,5,5.637794265025746e+44
MULTI_BOUND_G,150,9,6,2.818897132512873e+44
MULTI_BOUND_G,150,9,7,1.4094485662564364e+44
MULTI_BOUND_G,150,9,8,7.047242831282182e+43
MULTI_BOUND_G,150,9,9,3.523621415641091e+43
MULTI_BOUND_G,150,9,10,1.7618107078205456e+43
MULTI_BOUND_G,150,9,11,8.809053539102728e+42
MULTI_BOUND_G,150,9,12,4.404526769551364e+42
MULTI_BOUND_G,150,9,13,2.202263384775682e+42
MULTI_BOUND_G,150,9,14,1.101131692387841e+42
MULTI_BOUND_G,150,9,15,5.505658461939205e+41
MULTI_BOUND_G,150,9,16,2.7528292309696024e+41
MULTI_BOUND_G,150,9,17,1.3764146154848012e+41
MULTI_BOUND_G,150,9,18,6.882073077424006e+40
MULTI_BOUND_G,150,9,19,3.441036538712003e+40
MULTI_BOUND_G,150,9,20,1.7205182693560015e+40
MULTI_BOUND_G,150,9,21,8.602591346780008e+39
MULTI_BOUND_G,150,9,22,4.301295673390004e+39
MULTI_BOUND_G,150,9,23,2.150647836695002e+39
MULTI_BOUND_G,150,9,24,1.075323918347501e+39
MULTI_BOUND_G,150,9,25,5.376619591737505e+38
MULTI_BOUND_G,150,9,26,2.6883097958687524e+38
MULTI_BOUND_G,150,9,27,1.3441548979343762e+38
MULTI_BOUND_G,150,9,28,6.720774489671881e+37
MULTI_BOUND_G,150,9,29,3.3603872448359405e+37
MULTI_BOUND_G,150,9,30,1.6801936224179702e+37
MULTI_BOUND_G,150,9,31,8.400968112089851e+36
MULTI_BOUND_G,150,9,32,4.2004840560449256e+36
MULTI_BOUND_G,150,9,33,2.1002420280224628e+36
MULTI_BOUND_G,150,9,34,1.0501210140112314e+36
MULTI_BOUND_G,150,9,35,5.250605070056157e+35
MULTI_BOUND_G,150,9,36,2.6253025350280785e+35
MULTI_BOUND_G,150,9,37,1.3126512675140392e+35
MULTI_BOUND_G,150,9,38,6.563256337570196e+34
MULTI_BOUND_G,150,9,39,3.281628168785098e+34
MULTI_BOUND_G,150,9,40,1.640814084392549e+34
MULTI_BOUND_G,150,9,41,8.204070421962745e+33
MULTI_BOUND_G,150,9,42,4.1020352109813726e+33
MULTI_BOUND_G,150,9,43,2.0510176054906863e+33
MULTI_BOUND_G,150,9,44,1.0255088027453432e+33
MULTI_BOUND_G,150,9,45,5.127544013726716e+32
MULTI_BOUND_G,150,9,46,2.563772006863358e+32
MULTI_BOUND_G,150,9,47,1.281886003431679e+32
MULTI_BOUND_G,150,9,48,6.409430017158395e+31
MULTI_BOUND_G,150,9,49,3.2047150085791974e+31
MULTI_BOUND_G,150,9,50,1.6023575042895987e+31
MULTI_BOUND_G,150,9,51,8.011787521447993e+30
MULTI_BOUND_G,150,9,52,4.0058937607239967e+30
MULTI_BOUND_G,150,9,53,2.0029468803619984e+30
MULTI_BOUND_G,150,9,54,1.0014734401809992e+30
MULTI_BOUND_G,150,9,55,5.007367200904996e+29
MULTI_BOUND_G,150,9,56,2.503683600452498e+29
MULTI_BOUND_G,150,9,57,1.251841800226249e+29
MULTI_BOUND_G,150,9,58,6.259209001131245e+28
MULTI_BOUND_G,150,9,59,3.1296045005656224e+28
MULTI_BOUND_G,150,9,60,1.5648022502828112e+28
MULTI_BOUND_G,150,9,61,7.824011251414056e+27
MULTI_BOUND_G,150,9,62,3.912005625707028e+27
MULTI_BOUND_G,150,9,63,1.956002812853514e+27
MULTI_BOUND_G,150,9,64,9.78001406426757e+26
MULTI_BOUND_G,150,9,65,4.890007032133785e+26
MULTI_BOUND_G,150,9,66,2.4450035160668925e+26
MULTI_BOUND_G,150,9,67,1.2225017580334463e+26
MULTI_BOUND_G,150,9,68,6.112508790167231e+25
MULTI_BOUND_G,150,9,69,3.0562543950836157e+25
MULTI_BOUND_G,150,9,70,1.5281271975418078e+25
MULTI_BOUND_G,150,9,71,7.640635987709039e+24
MULTI_BOUND_G,150,9,72,3.8203179938545196e+24
MULTI_BOUND_G,150,9,73,1.9101589969272598e+24
MULTI_BOUND_G,150,9,74,9.550794984636299e+23
MULTI_BOUND_G,150,9,75,4.7753974923181495e+23
MULTI_BOUND_G,150,9,76,2.3876987461590747e+23
MULTI_BOUND_G,150,9,77,1.1938493730795374e+23
MULTI_BOUND_G,150,9,78,5.969246865397687e+22
MULTI_BOUND_G,150,9,79,2.9846234326988434e+22
MULTI_BOUND_G,150,9,80,1.4923117163494217e+22
MULTI_BOUND_G,150,9,81,7.461558581747109e+21
MULTI_BOUND_G,150,9,82,3.7307792908735543e+21
MULTI_BOUND_G,150,9,83,1.8653896454367771e+21
MULTI_BOUND_G,150,9,84,9.326948227183886e+20
MULTI_BOUND_G,150,9,85,4.663474113591943e+20
MULTI_BOUND_G,150,9,86,2.3317370567959714e+20
MULTI_BOUND_G,150,9,87,1.1658685283979857e+20
MULTI_BOUND_G,150,9,88,5.8293426419899286e+19
MULTI_BOUND_G,150,9,89,2.9146713209949643e+19
MULTI_BOUND_G,150,9,90,1.4573356604974821e+19
MULTI_BOUND_G,150,9,91,7.286678302487411e+18
MULTI_BOUND_G,150,9,92,3.6433391512437053e+18
MULTI_BOUND_G,150,9,93,1.8216695756218527e+18
MULTI_BOUND_G,150,9,94,9.108347878109263e+17
MULTI_BOUND_G,150,9,95,4.5541739390546323e+17
MULTI_BOUND_G,150,9,96,2.2770869695273165e+17
MULTI_BOUND_G,150,9,97,1.1385434847636582e+17
MULTI_BOUND_G,150,9,98,5.692717423818295e+16
MULTI_BOUND_G,150,9,99,2.846358711909149e+16
MULTI_BOUND_G,150,9,100,1.4231793559545768e+16
MULTI_BOUND_G,150,9,101,7115896779772899.0
MULTI_BOUND_G,150,9,102,3557948389886472.0
MULTI_BOUND_G,150,9,103,1778974194943252.0
MULTI_BOUND_G,150,9,104,889487097471656.2
MULTI_BOUND_G,150,9,105,444743548735846.06
MULTI_BOUND_G,150,9,106,222371774367936.06
MULTI_BOUND_G,150,9,107,111185887183995.9
MULTI_BOUND_G,150,9,108,55592943592011.91
MULTI_BOUND_G,150,9,109,27796471796031.1
MULTI_BOUND_G,150,9,110,13898235898028.45
MULTI_BOUND_G,150,9,111,6949117949035.412
MULTI_BOUND_G,150,9,112,3474558974535.6465
MULTI_BOUND_G,150,9,113,1737279487287.6807
MULTI_BOUND_G,150,9,114,868639743663.4929
MULTI_BOUND_G,150,9,115,434319871856.32153
MULTI_BOUND_G,150,9,116,217159935941.39307
MULTI_BOUND_G,150,9,117,108579967991.1354
MULTI_BOUND_G,150,9,118,54289984026.78017
MULTI_BOUND_G,150,9,119,27144992030.519836
MULTI_BOUND_G,150,9,120,13572496040.702347
MULTI_BOUND_G,150,9,121,6786248041.299466
MULTI_BOUND_G,150,9,122,3393124046.803863
MULTI_BOUND_G,150,9,123,1696562049.6951983
MULTI_BOUND_G,150,9,124,848281046.565584
MULTI_BOUND_G,150,9,125,424140539.98288864
MULTI_BOUND_G,150,9,126,212070289.98778278
MULTI_BOUND_G,150,9,127,106035175.30126286
MULTI_BOUND_G,150,9,128,53017607.621856794
MULTI_BOUND_G,150,9,129,26508827.001910962
MULTI_BOUND_G,150,9,130,13254440.010147015
MULTI_BOUND_G,150,9,131,6627241.293855834
MULTI_BOUND_G,150,9,132,3313646.006942069
MULTI_BOUND_G,150,9,133,1656840.609996788
MULTI_BOUND_G,150,9,134,828448.0781405558
MULTI_BOUND_G,150,9,135,414248.35455966566
MULTI_BOUND_G,150,9,136,207160.27997810597
MULTI_BOUND_G,150,9,137,103599.23834947398
MULTI_BOUND_G,150,9,138,51840.41661894563
MULTI_BOUND_G,150,9,139,25949.951610390428
MULTI_BOUND_G,150,9,140,12994.402215498283
MULTI_BOUND_G,200,0,0,8424.80254899654
MULTI_BOUND_G,200,0,1,7.155373288222613e+60
MULTI_BOUND_G,200,0,2,3.5776866441113064e+60
MULTI_BOUND_G,200,0,3,1.7888433220556532e+60
MULTI_BOUND_G,200,0,4,8.944216610278266e+59
MULTI_BOUND_G,200,0,5,4.472108305139133e+59
MULTI_BOUND_G,200,0,6,2.2360541525695665e+59
MULTI_BOUND_G,200,0,7,1.1180270762847833e+59
MULTI_BOUND_G,200,0,8,5.590135381423916e+58
MULTI_BOUND_G,200,0,9,2.795067690711958e+58
MULTI_BOUND_G,200,0,10,1.397533845355979e+58
MULTI_BOUND_G,200,0,11,6.987669226779895e+57
MULTI_BOUND_G,200,0,12,3.493834613389948e+57
MULTI_BOUND_G,200,0,13,1.746917306694974e+57
MULTI_BOUND_G,200,0,14,8.73458653347487e+56
MULTI_BOUND_G,200,0,15,4.367293266737435e+56
MULTI_BOUND_G,200,0,16,2.1836466333687173e+56
MULTI_BOUND_G,200,0,17,1.0918233166843586e+56
MULTI_BOUND_G,200,0,18,5.459116583421793e+55
MULTI_BOUND_G,200,0,19,2.7295582917108966e+55
MULTI_BOUND_G,200,0,20,1.3647791458554483e+55
MULTI_BOUND_G,200,0,21,6.823895729277242e+54
MULTI_BOUND_G,200,0,22,3.411947864638621e+54
MULTI_BOUND_G,200,0,23,1.7059739323193104e+54
MULTI_BOUND_G,200,0,24,8.529869661596552e+53
MULTI_BOUND_G,200,0,25,4.264934830798276e+53
MULTI_BOUND_G,200,0,26,2.132467415399138e+53
MULTI_BOUND_G,200,0,27,1.066233707699569e+53
MULTI_BOUND_G,200,0,28,5.331168538497845e+52
MULTI_BOUND_G,200,0,29,2.6655842692489225e+52
MULTI_BOUND_G,200,0,30,1.3327921346244612e+52
MULTI_BOUND_G,200,0,31,6.663960673122306e+51
MULTI_BOUND_G,200,0,32,3.331980336561153e+51
MULTI_BOUND_G,200,0,33,1.6659901682805765e+51
MULTI_BOUND_G,200,0,34,8.329950841402883e+50
MULTI_BOUND_G,200,0,35,4.164975420701441e+50
MULTI_BOUND_G,200,0,36,2.0824877103507207e+50
MULTI_BOUND_G,200,0,37,1.0412438551753603e+50
MULTI_BOUND_G,200,0,38,5.206219275876802e+49
MULTI_BOUND_G,200,0,39,2.603109637938401e+49
MULTI_BOUND_G,200,0,40,1.3015548189692004e+49
MULTI_BOUND_G,200,0,41,6.507774094846002e+48
MULTI_BOUND_G,200,0,42,3.253887047423001e+48
MULTI_BOUND_G,200,0,43,1.6269435237115005e+48
MULTI_BOUND_G,200,0,44,8.134717618557503e+47
MULTI_BOUND_G,200,0,45,4.067358809278751e+47
MULTI_BOUND_G,200,0,46,2.0336794046393757e+47
MULTI_BOUND_G,200,0,47,1.0168397023196878e+47
MULTI_BOUND_G,200,0,48,5.084198511598439e+46
MULTI_BOUND_G,200,0,49,2.5420992557992196e+46
MULTI_BOUND_G,200,0,50,1.2710496278996098e+46
MULTI_BOUND_G,200,0,51,6.355248139498049e+45
MULTI_BOUND_G,200,0,52,3.1776240697490245e+45
MULTI_BOUND_G,200,0,53,1.5888120348745122e+45
MULTI_BOUND_G,200,0,54,7.944060174372561e+44
MULTI_BOUND_G,200,0,55,3.9720300871862806e+44
MULTI_BOUND_G,200,0,56,1.9860150435931403e+44
MULTI_BOUND_G,200,0,57,9.930075217965701e+43
MULTI_BOUND_G,200,0,58,4.965037608982851e+43
MULTI_BOUND_G,200,0,59,2.4825188044914254e+43
MULTI_BOUND_G,200,0,60,1.2412594022457127e+43
MULTI_BOUND_G,200,0,61,6.206297011228563e+42
MULTI_BOUND_G,200,0,62,3.103148505614282e+42
MULTI_BOUND_G,200,0,63,1.551574252807141e+42
MULTI_BOUND_G,200,0,64,7.757871264035704e+41
MULTI_BOUND_G,200,0,65,3.878935632017852e+41
MULTI_BOUND_G,200,0,66,1.939467816008926e+41
MULTI_BOUND_G,200,0,67,9.69733908004463e+40
MULTI_BOUND_G,200,0,68,4.848669540022315e+40
MULTI_BOUND_G,200,0,69,2.4243347700111576e+40
MULTI_BOUND_G,200,0,70,1.2121673850055788e+40
MULTI_BOUND_G,200,0,71,6.060836925027894e+39
MULTI_BOUND_G,200,0,72,3.030418462513947e+39
MULTI_BOUND_G,200,0,73,1.5152092312569735e+39
MULTI_BOUND_G,200,0,74,7.576046156284867e+38
MULTI_BOUND_G,200,0,75,3.788023078142434e+38
MULTI_BOUND_G,200,0,76,1.894011539071217e+38
MULTI_BOUND_G,200,0,77,9.470057695356084e+37
MULTI_BOUND_G,200,0,78,4.735028847678042e+37
MULTI_BOUND_G,200,0,79,2.367514423839021e+37
MULTI_BOUND_G,200,0,80,1.1837572119195105e+37
MULTI_BOUND_G,200,0,81,5.918786059597553e+36
MULTI_BOUND_G,200,0,82,2.9593930297987764e+36
MULTI_BOUND_G,200,0,83,1.4796965148993882e+36
MULTI_BOUND_G,200,0,84,7.398482574496941e+35
MULTI_BOUND_G,200,0,85,3.6992412872484704e+35
MULTI_BOUND_G,200,0,86,1.8496206436242352e+35
MULTI_BOUND_G,200,0,87,9.248103218121176e+34
MULTI_BOUND_G,200,0,88,4.624051609060588e+34
MULTI_BOUND_G,200,0,89,2.312025804530294e+34
MULTI_BOUND_G,200,0,90,1.156012902265147e+34
MULTI_BOUND_G,200,0,91,5.780064511325735e+33
MULTI_BOUND_G,200,0,92,2.8900322556628675e+33
MULTI_BOUND_G,200,0,93,1.4450161278314338e+33
MULTI_BOUND_G,200,0,94,7.225080639157169e+32
MULTI_BOUND_G,200,0,95,3.6125403195785844e+32
MULTI_BOUND_G,200,0,96,1.8062701597892922e+32
MULTI_BOUND_G,200,0,97,9.031350798946461e+31
MULTI_BOUND_G,200,0,98,4.5156753994732305e+31
MULTI_BOUND_G,200,0,99,2.2578376997366153e+31
MULTI_BOUND_G,200,0,100,1.1289188498683076e+31
MULTI_BOUND_G,200,0,101,5.644594249341538e+30
MULTI_BOUND_G,200,0,102,2.822297124670769e+30
MULTI_BOUND_G,200,0,103,1.4111485623353845e+30
MULTI_BOUND_G,200,0,104,7.055742811676923e+29
MULTI_BOUND_G,200,0,105,3.527871405838461e+29
MULTI_BOUND_G,200,0,106,1.7639357029192307e+29
MULTI_BOUND_G,200,0,107,8.819678514596153e+28
MULTI_BOUND_G,200,0,108,4.409839257298077e+28
MULTI_BOUND_G,200,0,109,2.2049196286490383e+28
MULTI_BOUND_G,200,0,110,1.1024598143245192e+28
MULTI_BOUND_G,200,0,111,5.512299071622596e+27
MULTI_BOUND_G,200,0,112,2.756149535811298e+27
MULTI_BOUND_G,200,0,113,1.378074767905649e+27
MULTI_BOUND_G,200,0,114,6.890373839528245e+26
MULTI_BOUND_G,200,0,115,3.4451869197641224e+26
MULTI_BOUND_G,200,0,116,1.7225934598820612e+26
MULTI_BOUND_G,200,0,117,8.612967299410306e+25
MULTI_BOUND_G,200,0,118,4.306483649705153e+25
MULTI_BOUND_G,200,0,119,2.1532418248525765e+25
MULTI_BOUND_G,200,0,120,1.0766209124262883e+25
MULTI_BOUND_G,200,0,121,5.383104562131441e+24
MULTI_BOUND_G,200,0,122,2.6915522810657206e+24
MULTI_BOUND_G,200,0,123,1.3457761405328603e+24
MULTI_BOUND_G,200,0,124,6.728880702664302e+23
MULTI_BOUND_G,200,0,125,3.364440351332151e+23
MULTI_BOUND_G,200,0,126,1.6822201756660754e+23
MULTI_BOUND_G,200,0,127,8.411100878330377e+22
MULTI_BOUND_G,200,0,128,4.2055504391651885e+22
MULTI_BOUND_G,200,0,129,2.1027752195825942e+22
MULTI_BOUND_G,200,0,130,1.0513876097912971e+22
MULTI_BOUND_G,200,0,131,5.256938048956486e+21
MULTI_BOUND_G,200,0,132,2.628469024478243e+21
MULTI_BOUND_G,200,0,133,1.3142345122391214e+21
MULTI_BOUND_G,200,0,134,6.571172561195607e+20
MULTI_BOUND_G,200,0,135,3.2855862805978035e+20
MULTI_BOUND_G,200,0,136,1.6427931402989017e+20
MULTI_BOUND_G,200,0,137,8.213965701494509e+19
MULTI_BOUND_G,200,0,138,4.106982850747254e+19
MULTI_BOUND_G,200,0,139,2.053491425373627e+19
MULTI_BOUND_G,200,0,140,1.0267457126868136e+19
MULTI_BOUND_G,200,1,0,8311.360299752674
MULTI_BOUND_G,200,1,1,8.07783706988984e+60
MULTI_BOUND_G,200,1,2,4.03891853494492e+60
MULTI_BOUND_G,200,1,3,2.01945926747246e+60
MULTI_BOUND_G,200,1,4,1.00972963373623e+60
MULTI_BOUND_G,200,1,5,5.04864816868115e+59
MULTI_BOUND_G,200,1,6,2.524324084340575e+59
MULTI_BOUND_G,200,1,7,1.2621620421702874e+59
MULTI_BOUND_G,200,1,8,6.310810210851437e+58
MULTI_BOUND_G,200,1,9,3.1554051054257185e+58
MULTI_BOUND_G,200,1,10,1.5777025527128593e+58
MULTI_BOUND_G,200,1,11,7.888512763564296e+57
MULTI_BOUND_G,200,1,12,3.944256381782148e+57
MULTI_BOUND_G,200,1,13,1.972128190891074e+57
MULTI_BOUND_G,200,1,14,9.86064095445537e+56
MULTI_BOUND_G,200,1,15,4.930320477227685e+56
MULTI_BOUND_G,200,1,16,2.4651602386138426e+56
MULTI_BOUND_G,200,1,17,1.2325801193069213e+56
MULTI_BOUND_G,200,1,18,6.162900596534606e+55
MULTI_BOUND_G,200,1,19,3.081450298267303e+55
MULTI_BOUND_G,200,1,20,1.5407251491336516e+55
MULTI_BOUND_G,200,1,21,7.703625745668258e+54
MULTI_BOUND_G,200,1,22,3.851812872834129e+54
MULTI_BOUND_G,200,1,23,1.9259064364170645e+54
MULTI_BOUND_G,200,1,24,9.629532182085323e+53
MULTI_BOUND_G,200,1,25,4.814766091042661e+53
MULTI_BOUND_G,200,1,26,2.4073830455213307e+53
MULTI_BOUND_G,200,1,27,1.2036915227606653e+53
MULTI_BOUND_G,200,1,28,6.018457613803327e+52
MULTI_BOUND_G,200,1,29,3.0092288069016633e+52
MULTI_BOUND_G,200,1,30,1.5046144034508317e+52
MULTI_BOUND_G,200,1,31,7.523072017254158e+51
MULTI_BOUND_G,200,1,32,3.761536008627079e+51
MULTI_BOUND_G,200,1,33,1.8807680043135396e+51
MULTI_BOUND_G,200,1,34,9.403840021567698e+50
MULTI_BOUND_G,200,1,35,4.701920010783849e+50
MULTI_BOUND_G,200,1,36,2.3509600053919245e+50
MULTI_BOUND_G,200,1,37,1.1754800026959622e+50
MULTI_BOUND_G,200,1,38,5.877400013479811e+49
MULTI_BOUND_G,200,1,39,2.9387000067399056e+49
MULTI_BOUND_G,200,1,40,1.4693500033699528e+49
MULTI_BOUND_G,200,1,41,7.346750016849764e+48
MULTI_BOUND_G,200,1,42,3.673375008424882e+48
MULTI_BOUND_G,200,1,43,1.836687504212441e+48
MULTI_BOUND_G,200,1,44,9.183437521062205e+47
MULTI_BOUND_G,200,1,45,4.5917187605311025e+47
MULTI_BOUND_G,200,1,46,2.2958593802655512e+47
MULTI_BOUND_G,200,1,47,1.1479296901327756e+47
MULTI_BOUND_G,200,1,48,5.739648450663878e+46
MULTI_BOUND_G,200,1,49,2.869824225331939e+46
MULTI_BOUND_G,200,1,50,1.4349121126659695e+46
MULTI_BOUND_G,200,1,51,7.174560563329848e+45
MULTI_BOUND_G,200,1,52,3.587280281664924e+45
MULTI_BOUND_G,200,1,53,1.793640140832462e+45
MULTI_BOUND_G,200,1,54,8.96820070416231e+44
MULTI_BOUND_G,200,1,55,4.484100352081155e+44
MULTI_BOUND_G,200,1,56,2.2420501760405774e+44
MULTI_BOUND_G,200,1,57,1.1210250880202887e+44
MULTI_BOUND_G,200,1,58,5.605125440101443e+43
MULTI_BOUND_G,200,1,59,2.8025627200507217e+43
MULTI_BOUND_G,200,1,60,1.4012813600253609e+43
MULTI_BOUND_G,200,1,61,7.006406800126804e+42
MULTI_BOUND_G,200,1,62,3.503203400063402e+42
MULTI_BOUND_G,200,1,63,1.751601700031701e+42
MULTI_BOUND_G,200,1,64,8.758008500158505e+41
MULTI_BOUND_G,200,1,65,4.379004250079253e+41
MULTI_BOUND_G,200,1,66,2.1895021250396264e+41
MULTI_BOUND_G,200,1,67,1.0947510625198132e+41
MULTI_BOUND_G,200,1,68,5.473755312599066e+40
MULTI_BOUND_G,200,1,69,2.736877656299533e+40
MULTI_BOUND_G,200,1,70,1.3684388281497665e+40
MULTI_BOUND_G,200,1,71,6.842194140748832e+39
MULTI_BOUND_G,200,1,72,3.421097070374416e+39
MULTI_BOUND_G,200,1,73,1.710548535187208e+39
MULTI_BOUND_G,200,1,74,8.55274267593604e+38
MULTI_BOUND_G,200,1,75,4.27637133796802e+38
MULTI_BOUND_G,200,1,76,2.13818566898401e+38
MULTI_BOUND_G,200,1,77,1.069092834492005e+38
MULTI_BOUND_G,200,1,78,5.345464172460025e+37
MULTI_BOUND_G,200,1,79,2.6727320862300126e+37
MULTI_BOUND_G,200,1,80,1.3363660431150063e+37
MULTI_BOUND_G,200,1,81,6.681830215575032e+36
MULTI_BOUND_G,200,1,82,3.340915107787516e+36
MULTI_BOUND_G,200,1,83,1.670457553893758e+36
MULTI_BOUND_G,200,1,84,8.35228776946879e+35
MULTI_BOUND_G,200,1,85,4.176143884734395e+35
MULTI_BOUND_G,200,1,86,2.0880719423671974e+35
MULTI_BOUND_G,200,1,87,1.0440359711835987e+35
MULTI_BOUND_G,200,1,88,5.220179855917993e+34
MULTI_BOUND_G,200,1,89,2.6100899279589967e+34
MULTI_BOUND_G,200,1,90,1.3050449639794984e+34
MULTI_BOUND_G,200,1,91,6.525224819897492e+33
MULTI_BOUND_G,200,1,92,3.262612409948746e+33
MULTI_BOUND_G,200,1,93,1.631306204974373e+33
MULTI_BOUND_G,200,1,94,8.156531024871865e+32
MULTI_BOUND_G,200,1,95,4.0782655124359324e+32
MULTI_BOUND_G,200,1,96,2.0391327562179662e+32
MULTI_BOUND_G,200,1,97,1.0195663781089831e+32
MULTI_BOUND_G,200,1,98,5.0978318905449155e+31
MULTI_BOUND_G,200,1,99,2.5489159452724577e+31
MULTI_BOUND_G,200,1,100,1.2744579726362289e+31
MULTI_BOUND_G,200,1,101,6.372289863181144e+30
MULTI_BOUND_G,200,1,102,3.186144931590572e+30
MULTI_BOUND_G,200,1,103,1.593072465795286e+30
MULTI_BOUND_G,200,1,104,7.96536232897643e+29
MULTI_BOUND_G,200,1,105,3.982681164488215e+29
MULTI_BOUND_G,200,1,106,1.9913405822441076e+29
MULTI_BOUND_G,200,1,107,9.956702911220538e+28
MULTI_BOUND_G,200,1,108,4.978351455610269e+28
MULTI_BOUND_G,200,1,109,2.4891757278051345e+28
MULTI_BOUND_G,200,1,110,1.2445878639025673e+28
MULTI_BOUND_G,200,1,111,6.222939319512836e+27
MULTI_BOUND_G,200,1,112,3.111469659756418e+27
MULTI_BOUND_G,200,1,113,1.555734829878209e+27
MULTI_BOUND_G,200,1,114,7.778674149391045e+26
MULTI_BOUND_G,200,1,115,3.889337074695523e+26
MULTI_BOUND_G,200,1,116,1.9446685373477613e+26
MULTI_BOUND_G,200,1,117,9.723342686738807e+25
MULTI_BOUND_G,200,1,118,4.861671343369403e+25
MULTI_BOUND_G,200,1,119,2.4308356716847017e+25
MULTI_BOUND_G,200,1,120,1.2154178358423508e+25
MULTI_BOUND_G,200,1,121,6.077089179211754e+24
MULTI_BOUND_G,200,1,122,3.038544589605877e+24
MULTI_BOUND_G,200,1,123,1.5192722948029385e+24
MULTI_BOUND_G,200,1,124,7.596361474014693e+23
MULTI_BOUND_G,200,1,125,3.7981807370073463e+23
MULTI_BOUND_G,200,1,126,1.8990903685036732e+23
MULTI_BOUND_G,200,1,127,9.495451842518366e+22
MULTI_BOUND_G,200,1,128,4.747725921259183e+22
MULTI_BOUND_G,200,1,129,2.3738629606295915e+22
MULTI_BOUND_G,200,1,130,1.1869314803147957e+22
MULTI_BOUND_G,200,1,131,5.934657401573979e+21
MULTI_BOUND_G,200,1,132,2.9673287007869893e+21
MULTI_BOUND_G,200,1,133,1.4836643503934947e+21
MULTI_BOUND_G,200,1,134,7.418321751967473e+20
MULTI_BOUND_G,200,1,135,3.7091608759837367e+20
MULTI_BOUND_G,200,1,136,1.8545804379918683e+20
MULTI_BOUND_G,200,1,137,9.272902189959342e+19
MULTI_BOUND_G,200,1,138,4.636451094979671e+19
MULTI_BOUND_G,200,1,139,2.3182255474898354e+19
MULTI_BOUND_G,200,1,140,1.1591127737449177e+19
MULTI_BOUND_G,200,2,0,8445.186032915562
MULTI_BOUND_G,200,2,1,9.161591257893535e+60
MULTI_BOUND_G,200,2,2,4.5807956289467676e+60
MULTI_BOUND_G,200,2,3,2.2903978144733838e+60
MULTI_BOUND_G,200,2,4,1.1451989072366919e+60
MULTI_BOUND_G,200,2,5,5.7259945361834595e+59
MULTI_BOUND_G,200,2,6,2.8629972680917298e+59
MULTI_BOUND_G,200,2,7,1.4314986340458649e+59
MULTI_BOUND_G,200,2,8,7.157493170229324e+58
MULTI_BOUND_G,200,2,9,3.578746585114662e+58
MULTI_BOUND_G,200,2,10,1.789373292557331e+58
MULTI_BOUND_G,200,2,11,8.946866462786655e+57
MULTI_BOUND_G,200,2,12,4.473433231393328e+57
MULTI_BOUND_G,200,2,13,2.236716615696664e+57
MULTI_BOUND_G,200,2,14,1.118358307848332e+57
MULTI_BOUND_G,200,2,15,5.59179153924166e+56
MULTI_BOUND_G,200,2,16,2.79589576962083e+56
MULTI_BOUND_G,200,2,17,1.397947884810415e+56
MULTI_BOUND_G,200,2,18,6.989739424052075e+55
MULTI_BOUND_G,200,2,19,3.4948697120260373e+55
MULTI_BOUND_G,200,2,20,1.7474348560130186e+55
MULTI_BOUND_G,200,2,21,8.737174280065093e+54
MULTI_BOUND_G,200,2,22,4.3685871400325466e+54
MULTI_BOUND_G,200,2,23,2.1842935700162733e+54
MULTI_BOUND_G,200,2,24,1.0921467850081367e+54
MULTI_BOUND_G,200,2,25,5.460733925040683e+53
MULTI_BOUND_G,200,2,26,2.7303669625203416e+53
MULTI_BOUND_G,200,2,27,1.3651834812601708e+53
MULTI_BOUND_G,200,2,28,6.825917406300854e+52
MULTI_BOUND_G,200,2,29,3.412958703150427e+52
MULTI_BOUND_G,200,2,30,1.7064793515752135e+52
MULTI_BOUND_G,200,2,31,8.532396757876068e+51
MULTI_BOUND_G,200,2,32,4.266198378938034e+51
MULTI_BOUND_G,200,2,33,2.133099189469017e+51
MULTI_BOUND_G,200,2,34,1.0665495947345085e+51
MULTI_BOUND_G,200,2,35,5.332747973672542e+50
MULTI_BOUND_G,200,2,36,2.666373986836271e+50
MULTI_BOUND_G,200,2,37,1.3331869934181356e+50
MULTI_BOUND_G,200,2,38,6.665934967090678e+49
MULTI_BOUND_G,200,2,39,3.332967483545339e+49
MULTI_BOUND_G,200,2,40,1.6664837417726695e+49
MULTI_BOUND_G,200,2,41,8.332418708863347e+48
MULTI_BOUND_G,200,2,42,4.1662093544316736e+48
MULTI_BOUND_G,200,2,43,2.0831046772158368e+48
MULTI_BOUND_G,200,2,44,1.0415523386079184e+48
MULTI_BOUND_G,200,2,45,5.207761693039592e+47
MULTI_BOUND_G,200,2,46,2.603880846519796e+47
MULTI_BOUND_G,200,2,47,1.301940423259898e+47
MULTI_BOUND_G,200,2,48,6.50970211629949e+46
MULTI_BOUND_G,200,2,49,3.254851058149745e+46
MULTI_BOUND_G,200,2,50,1.6274255290748725e+46
MULTI_BOUND_G,200,2,51,8.137127645374363e+45
MULTI_BOUND_G,200,2,52,4.068563822687181e+45
MULTI_BOUND_G,200,2,53,2.0342819113435906e+45
MULTI_BOUND_G,200,2,54,1.0171409556717953e+45
MULTI_BOUND_G,200,2,55,5.085704778358977e+44
MULTI_BOUND_G,200,2,56,2.5428523891794883e+44
MULTI_BOUND_G,200,2,57,1.2714261945897442e+44
MULTI_BOUND_G,200,2,58,6.357130972948721e+43
MULTI_BOUND_G,200,2,59,3.1785654864743604e+43
MULTI_BOUND_G,200,2,60,1.5892827432371802e+43
MULTI_BOUND_G,200,2,61,7.946413716185901e+42
MULTI_BOUND_G,200,2,62,3.9732068580929505e+42
MULTI_BOUND_G,200,2,63,1.9866034290464752e+42
MULTI_BOUND_G,200,2,64,9.933017145232376e+41
MULTI_BOUND_G,200,2,65,4.966508572616188e+41
MULTI_BOUND_G,200,2,66,2.483254286308094e+41
MULTI_BOUND_G,200,2,67,1.241627143154047e+41
MULTI_BOUND_G,200,2,68,6.208135715770235e+40
MULTI_BOUND_G,200,2,69,3.1040678578851176e+40
MULTI_BOUND_G,200,2,70,1.5520339289425588e+40
MULTI_BOUND_G,200,2,71,7.760169644712794e+39
MULTI_BOUND_G,200,2,72,3.880084822356397e+39
MULTI_BOUND_G,200,2,73,1.9400424111781985e+39
MULTI_BOUND_G,200,2,74,9.700212055890992e+38
MULTI_BOUND_G,200,2,75,4.850106027945496e+38
MULTI_BOUND_G,200,2,76,2.425053013972748e+38
MULTI_BOUND_G,200,2,77,1.212526506986374e+38
MULTI_BOUND_G,200,2,78,6.06263253493187e+37
MULTI_BOUND_G,200,2,79,3.031316267465935e+37
MULTI_BOUND_G,200,2,80,1.5156581337329676e+37
MULTI_BOUND_G,200,2,81,7.578290668664838e+36
MULTI_BOUND_G,200,2,82,3.789145334332419e+36
MULTI_BOUND_G,200,2,83,1.8945726671662094e+36
MULTI_BOUND_G,200,2,84,9.472863335831047e+35
MULTI_BOUND_G,200,2,85,4.7364316679155236e+35
MULTI_BOUND_G,200,2,86,2.3682158339577618e+35
MULTI_BOUND_G,200,2,87,1.1841079169788809e+35
MULTI_BOUND_G,200,2,88,5.9205395848944045e+34
MULTI_BOUND_G,200,2,89,2.9602697924472023e+34
MULTI_BOUND_G,200,2,90,1.4801348962236011e+34
MULTI_BOUND_G,200,2,91,7.400674481118006e+33
MULTI_BOUND_G,200,2,92,3.700337240559003e+33
MULTI_BOUND_G,200,2,93,1.8501686202795014e+33
MULTI_BOUND_G,200,2,94,9.250843101397507e+32
MULTI_BOUND_G,200,2,95,4.6254215506987535e+32
MULTI_BOUND_G,200,2,96,2.3127107753493768e+32
MULTI_BOUND_G,200,2,97,1.1563553876746884e+32
MULTI_BOUND_G,200,2,98,5.781776938373442e+31
MULTI_BOUND_G,200,2,99,2.890888469186721e+31
MULTI_BOUND_G,200,2,100,1.4454442345933605e+31
MULTI_BOUND_G,200,2,101,7.227221172966802e+30
MULTI_BOUND_G,200,2,102,3.613610586483401e+30
MULTI_BOUND_G,200,2,103,1.8068052932417006e+30
MULTI_BOUND_G,200,2,104,9.034026466208503e+29
MULTI_BOUND_G,200,2,105,4.5170132331042515e+29
MULTI_BOUND_G,200,2,106,2.2585066165521258e+29
MULTI_BOUND_G,200,2,107,1.1292533082760629e+29
MULTI_BOUND_G,200,2,108,5.646266541380314e+28
MULTI_BOUND_G,200,2,109,2.823133270690157e+28
MULTI_BOUND_G,200,2,110,1.4115666353450786e+28
MULTI_BOUND_G,200,2,111,7.057833176725393e+27
MULTI_BOUND_G,200,2,112,3.5289165883626965e+27
MULTI_BOUND_G,200,2,113,1.7644582941813482e+27
MULTI_BOUND_G,200,2,114,8.822291470906741e+26
MULTI_BOUND_G,200,2,115,4.4111457354533706e+26
MULTI_BOUND_G,200,2,116,2.2055728677266853e+26
MULTI_BOUND_G,200,2,117,1.1027864338633427e+26
MULTI_BOUND_G,200,2,118,5.513932169316713e+25
MULTI_BOUND_G,200,2,119,2.7569660846583566e+25
MULTI_BOUND_G,200,2,120,1.3784830423291783e+25
MULTI_BOUND_G,200,2,121,6.892415211645892e+24
MULTI_BOUND_G,200,2,122,3.446207605822946e+24
MULTI_BOUND_G,200,2,123,1.723103802911473e+24
MULTI_BOUND_G,200,2,124,8.615519014557364e+23
MULTI_BOUND_G,200,2,125,4.307759507278682e+23
MULTI_BOUND_G,200,2,126,2.153879753639341e+23
MULTI_BOUND_G,200,2,127,1.0769398768196706e+23
MULTI_BOUND_G,200,2,128,5.384699384098353e+22
MULTI_BOUND_G,200,2,129,2.6923496920491764e+22
MULTI_BOUND_G,200,2,130,1.3461748460245882e+22
MULTI_BOUND_G,200,2,131,6.730874230122941e+21
MULTI_BOUND_G,200,2,132,3.3654371150614705e+21
MULTI_BOUND_G,200,2,133,1.6827185575307352e+21
MULTI_BOUND_G,200,2,134,8.413592787653676e+20
MULTI_BOUND_G,200,2,135,4.206796393826838e+20
MULTI_BOUND_G,200,2,136,2.103398196913419e+20
MULTI_BOUND_G,200,2,137,1.0516990984567095e+20
MULTI_BOUND_G,200,2,138,5.258495492283548e+19
MULTI_BOUND_G,200,2,139,2.629247746141774e+19
MULTI_BOUND_G,200,2,140,1.314623873070887e+19
MULTI_BOUND_G,200,3,0,8470.467678722429
MULTI_BOUND_G,200,3,1,5.216285915368486e+60
MULTI_BOUND_G,200,3,2,2.608142957684243e+60
MULTI_BOUND_G,200,3,3,1.3040714788421215e+60
MULTI_BOUND_G,200,3,4,6.520357394210607e+59
MULTI_BOUND_G,200,3,5,3.2601786971053037e+59
MULTI_BOUND_G,200,3,6,1.6300893485526518e+59
MULTI_BOUND_G,200,3,7,8.150446742763259e+58
MULTI_BOUND_G,200,3,8,4.0752233713816296e+58
MULTI_BOUND_G,200,3,9,2.0376116856908148e+58
MULTI_BOUND_G,200,3,10,1.0188058428454074e+58
MULTI_BOUND_G,200,3,11,5.094029214227037e+57
MULTI_BOUND_G,200,3,12,2.5470146071135185e+57
MULTI_BOUND_G,200,3,13,1.2735073035567593e+57
MULTI_BOUND_G,200,3,14,6.367536517783796e+56
MULTI_BOUND_G,200,3,15,3.183768258891898e+56
MULTI_BOUND_G,200,3,16,1.591884129445949e+56
MULTI_BOUND_G,200,3,17,7.959420647229745e+55
MULTI_BOUND_G,200,3,18,3.9797103236148727e+55
MULTI_BOUND_G,200,3,19,1.9898551618074363e+55
MULTI_BOUND_G,200,3,20,9.949275809037182e+54
MULTI_BOUND_G,200,3,21,4.974637904518591e+54
MULTI_BOUND_G,200,3,22,2.4873189522592954e+54
MULTI_BOUND_G,200,3,23,1.2436594761296477e+54
MULTI_BOUND_G,200,3,24,6.2182973806482385e+53
MULTI_BOUND_G,200,3,25,3.1091486903241193e+53
MULTI_BOUND_G,200,3,26,1.5545743451620596e+53
MULTI_BOUND_G,200,3,27,7.772871725810298e+52
MULTI_BOUND_G,200,3,28,3.886435862905149e+52
MULTI_BOUND_G,200,3,29,1.9432179314525745e+52
MULTI_BOUND_G,200,3,30,9.716089657262873e+51
MULTI_BOUND_G,200,3,31,4.8580448286314364e+51
MULTI_BOUND_G,200,3,32,2.4290224143157182e+51
MULTI_BOUND_G,200,3,33,1.2145112071578591e+51
MULTI_BOUND_G,200,3,34,6.0725560357892955e+50
MULTI_BOUND_G,200,3,35,3.0362780178946477e+50
MULTI_BOUND_G,200,3,36,1.5181390089473239e+50
MULTI_BOUND_G,200,3,37,7.590695044736619e+49
MULTI_BOUND_G,200,3,38,3.7953475223683097e+49
MULTI_BOUND_G,200,3,39,1.8976737611841548e+49
MULTI_BOUND_G,200,3,40,9.488368805920774e+48
MULTI_BOUND_G,200,3,41,4.744184402960387e+48
MULTI_BOUND_G,200,3,42,2.3720922014801935e+48
MULTI_BOUND_G,200,3,43,1.1860461007400968e+48
MULTI_BOUND_G,200,3,44,5.930230503700484e+47
MULTI_BOUND_G,200,3,45,2.965115251850242e+47
MULTI_BOUND_G,200,3,46,1.482557625925121e+47
MULTI_BOUND_G,200,3,47,7.412788129625605e+46
MULTI_BOUND_G,200,3,48,3.7063940648128024e+46
MULTI_BOUND_G,200,3,49,1.8531970324064012e+46
MULTI_BOUND_G,200,3,50,9.265985162032006e+45
MULTI_BOUND_G,200,3,51,4.632992581016003e+45
MULTI_BOUND_G,200,3,52,2.3164962905080015e+45
MULTI_BOUND_G,200,3,53,1.1582481452540007e+45
MULTI_BOUND_G,200,3,54,5.791240726270004e+44
MULTI_BOUND_G,200,3,55,2.895620363135002e+44
MULTI_BOUND_G,200,3,56,1.447810181567501e+44
MULTI_BOUND_G,200,3,57,7.239050907837505e+43
MULTI_BOUND_G,200,3,58,3.6195254539187523e+43
MULTI_BOUND_G,200,3,59,1.8097627269593762e+43
MULTI_BOUND_G,200,3,60,9.048813634796881e+42
MULTI_BOUND_G,200,3,61,4.5244068173984404e+42
MULTI_BOUND_G,200,3,62,2.2622034086992202e+42
MULTI_BOUND_G,200,3,63,1.1311017043496101e+42
MULTI_BOUND_G,200,3,64,5.6555085217480505e+41
MULTI_BOUND_G,200,3,65,2.8277542608740253e+41
MULTI_BOUND_G,200,3,66,1.4138771304370126e+41
MULTI_BOUND_G,200,3,67,7.069385652185063e+40
MULTI_BOUND_G,200,3,68,3.5346928260925316e+40
MULTI_BOUND_G,200,3,69,1.7673464130462658e+40
MULTI_BOUND_G,200,3,70,8.836732065231329e+39
MULTI_BOUND_G,200,3,71,4.4183660326156645e+39
MULTI_BOUND_G,200,3,72,2.2091830163078322e+39
MULTI_BOUND_G,200,3,73,1.1045915081539161e+39
MULTI_BOUND_G,200,3,74,5.5229575407695806e+38
MULTI_BOUND_G,200,3,75,2.7614787703847903e+38
MULTI_BOUND_G,200,3,76,1.3807393851923952e+38
MULTI_BOUND_G,200,3,77,6.903696925961976e+37
MULTI_BOUND_G,200,3,78,3.451848462980988e+37
MULTI_BOUND_G,200,3,79,1.725924231490494e+37
MULTI_BOUND_G,200,3,80,8.62962115745247e+36
MULTI_BOUND_G,200,3,81,4.314810578726235e+36
MULTI_BOUND_G,200,3,82,2.1574052893631174e+36
MULTI_BOUND_G,200,3,83,1.0787026446815587e+36
MULTI_BOUND_G,200,3,84,5.3935132234077936e+35
MULTI_BOUND_G,200,3,85,2.6967566117038968e+35
MULTI_BOUND_G,200,3,86,1.3483783058519484e+35
MULTI_BOUND_G,200,3,87,6.741891529259742e+34
MULTI_BOUND_G,200,3,88,3.370945764629871e+34
MULTI_BOUND_G,200,3,89,1.6854728823149355e+34
MULTI_BOUND_G,200,3,90,8.427364411574677e+33
MULTI_BOUND_G,200,3,91,4.213682205787339e+33
MULTI_BOUND_G,200,3,92,2.1068411028936694e+33
MULTI_BOUND_G,200,3,93,1.0534205514468347e+33
MULTI_BOUND_G,200,3,94,5.2671027572341734e+32
MULTI_BOUND_G,200,3,95,2.6335513786170867e+32
MULTI_BOUND_G,200,3,96,1.3167756893085433e+32
MULTI_BOUND_G,200,3,97,6.583878446542717e+31
MULTI_BOUND_G,200,3,98,3.2919392232713584e+31
MULTI_BOUND_G,200,3,99,1.6459696116356792e+31
MULTI_BOUND_G,200,3,100,8.229848058178396e+30
MULTI_BOUND_G,200,3,101,4.114924029089198e+30
MULTI_BOUND_G,200,3,102,2.057462014544599e+30
MULTI_BOUND_G,200,3,103,1.0287310072722995e+30
MULTI_BOUND_G,200,3,104,5.1436550363614975e+29
MULTI_BOUND_G,200,3,105,2.5718275181807487e+29
MULTI_BOUND_G,200,3,106,1.2859137590903744e+29
MULTI_BOUND_G,200,3,107,6.429568795451872e+28
MULTI_BOUND_G,200,3,108,3.214784397725936e+28
MULTI_BOUND_G,200,3,109,1.607392198862968e+28
MULTI_BOUND_G,200,3,110,8.03696099431484e+27
MULTI_BOUND_G,200,3,111,4.01848049715742e+27
MULTI_BOUND_G,200,3,112,2.00924024857871e+27
MULTI_BOUND_G,200,3,113,1.004620124289355e+27
MULTI_BOUND_G,200,3,114,5.023100621446775e+26
MULTI_BOUND_G,200,3,115,2.5115503107233874e+26
MULTI_BOUND_G,200,3,116,1.2557751553616937e+26
MULTI_BOUND_G,200,3,117,6.278875776808469e+25
MULTI_BOUND_G,200,3,118,3.1394378884042343e+25
MULTI_BOUND_G,200,3,119,1.5697189442021171e+25
MULTI_BOUND_G,200,3,120,7.848594721010586e+24
MULTI_BOUND_G,200,3,121,3.924297360505293e+24
MULTI_BOUND_G,200,3,122,1.9621486802526464e+24
MULTI_BOUND_G,200,3,123,9.810743401263232e+23
MULTI_BOUND_G,200,3,124,4.905371700631616e+23
MULTI_BOUND_G,200,3,125,2.452685850315808e+23
MULTI_BOUND_G,200,3,126,1.226342925157904e+23
MULTI_BOUND_G,200,3,127,6.13171462578952e+22
MULTI_BOUND_G,200,3,128,3.06585731289476e+22
MULTI_BOUND_G,200,3,129,1.53292865644738e+22
MULTI_BOUND_G,200,3,130,7.6646432822369e+21
MULTI_BOUND_G,200,3,131,3.83232164111845e+21
MULTI_BOUND_G,200,3,132,1.916160820559225e+21
MULTI_BOUND_G,200,3,133,9.580804102796125e+20
MULTI_BOUND_G,200,3,134,4.7904020513980626e+20
MULTI_BOUND_G,200,3,135,2.3952010256990313e+20
MULTI_BOUND_G,200,3,136,1.1976005128495156e+20
MULTI_BOUND_G,200,3,137,5.988002564247578e+19
MULTI_BOUND_G,200,3,138,2.994001282123789e+19
MULTI_BOUND_G,200,3,139,1.4970006410618946e+19
MULTI_BOUND_G,200,3,140,7.485003205309473e+18
MULTI_BOUND_G,200,4,0,8281.611842073806
MULTI_BOUND_G,200,4,1,7.720896525586898e+60
MULTI_BOUND_G,200,4,2,3.860448262793449e+60
MULTI_BOUND_G,200,4,3,1.9302241313967245e+60
MULTI_BOUND_G,200,4,4,9.651120656983623e+59
MULTI_BOUND_G,200,4,5,4.825560328491811e+59
MULTI_BOUND_G,200,4,6,2.4127801642459057e+59
MULTI_BOUND_G,200,4,7,1.2063900821229528e+59
MULTI_BOUND_G,200,4,8,6.031950410614764e+58
MULTI_BOUND_G,200,4,9,3.015975205307382e+58
MULTI_BOUND_G,200,4,10,1.507987602653691e+58
MULTI_BOUND_G,200,4,11,7.539938013268455e+57
MULTI_BOUND_G,200,4,12,3.7699690066342276e+57
MULTI_BOUND_G,200,4,13,1.8849845033171138e+57
MULTI_BOUND_G,200,4,14,9.424922516585569e+56
MULTI_BOUND_G,200,4,15,4.7124612582927845e+56
MULTI_BOUND_G,200,4,16,2.3562306291463922e+56
MULTI_BOUND_G,200,4,17,1.1781153145731961e+56
MULTI_BOUND_G,200,4,18,5.890576572865981e+55
MULTI_BOUND_G,200,4,19,2.9452882864329903e+55
MULTI_BOUND_G,200,4,20,1.4726441432164952e+55
MULTI_BOUND_G,200,4,21,7.363220716082476e+54
MULTI_BOUND_G,200,4,22,3.681610358041238e+54
MULTI_BOUND_G,200,4,23,1.840805179020619e+54
MULTI_BOUND_G,200,4,24,9.204025895103095e+53
MULTI_BOUND_G,200,4,25,4.602012947551547e+53
MULTI_BOUND_G,200,4,26,2.3010064737757737e+53
MULTI_BOUND_G,200,4,27,1.1505032368878868e+53
MULTI_BOUND_G,200,4,28,5.752516184439434e+52
MULTI_BOUND_G,200,4,29,2.876258092219717e+52
MULTI_BOUND_G,200,4,30,1.4381290461098585e+52
MULTI_BOUND_G,200,4,31,7.190645230549293e+51
MULTI_BOUND_G,200,4,32,3.5953226152746464e+51
MULTI_BOUND_G,200,4,33,1.7976613076373232e+51
MULTI_BOUND_G,200,4,34,8.988306538186616e+50
MULTI_BOUND_G,200,4,35,4.494153269093308e+50
MULTI_BOUND_G,200,4,36,2.247076634546654e+50
MULTI_BOUND_G,200,4,37,1.123538317273327e+50
MULTI_BOUND_G,200,4,38,5.617691586366635e+49
MULTI_BOUND_G,200,4,39,2.8088457931833175e+49
MULTI_BOUND_G,200,4,40,1.4044228965916587e+49
MULTI_BOUND_G,200,4,41,7.022114482958294e+48
MULTI_BOUND_G,200,4,42,3.511057241479147e+48
MULTI_BOUND_G,200,4,43,1.7555286207395734e+48
MULTI_BOUND_G,200,4,44,8.777643103697867e+47
MULTI_BOUND_G,200,4,45,4.3888215518489336e+47
MULTI_BOUND_G,200,4,46,2.1944107759244668e+47
MULTI_BOUND_G,200,4,47,1.0972053879622334e+47
MULTI_BOUND_G,200,4,48,5.486026939811167e+46
MULTI_BOUND_G,200,4,49,2.7430134699055835e+46
MULTI_BOUND_G,200,4,50,1.3715067349527917e+46
MULTI_BOUND_G,200,4,51,6.857533674763959e+45
MULTI_BOUND_G,200,4,52,3.4287668373819793e+45
MULTI_BOUND_G,200,4,53,1.7143834186909897e+45
MULTI_BOUND_G,200,4,54,8.571917093454948e+44
MULTI_BOUND_G,200,4,55,4.285958546727474e+44
MULTI_BOUND_G,200,4,56,2.142979273363737e+44
MULTI_BOUND_G,200,4,57,1.0714896366818685e+44
MULTI_BOUND_G,200,4,58,5.357448183409343e+43
MULTI_BOUND_G,200,4,59,2.6787240917046714e+43
MULTI_BOUND_G,200,4,60,1.3393620458523357e+43
MULTI_BOUND_G,200,4,61,6.696810229261678e+42
MULTI_BOUND_G,200,4,62,3.348405114630839e+42
MULTI_BOUND_G,200,4,63,1.6742025573154196e+42
MULTI_BOUND_G,200,4,64,8.371012786577098e+41
MULTI_BOUND_G,200,4,65,4.185506393288549e+41
MULTI_BOUND_G,200,4,66,2.0927531966442745e+41
MULTI_BOUND_G,200,4,67,1.0463765983221372e+41
MULTI_BOUND_G,200,4,68,5.231882991610686e+40
MULTI_BOUND_G,200,4,69,2.615941495805343e+40
MULTI_BOUND_G,200,4,70,1.3079707479026716e+40
MULTI_BOUND_G,200,4,71,6.539853739513358e+39
MULTI_BOUND_G,200,4,72,3.269926869756679e+39
MULTI_BOUND_G,200,4,73,1.6349634348783395e+39
MULTI_BOUND_G,200,4,74,8.174817174391697e+38
MULTI_BOUND_G,200,4,75,4.087408587195849e+38
MULTI_BOUND_G,200,4,76,2.0437042935979243e+38
MULTI_BOUND_G,200,4,77,1.0218521467989622e+38
MULTI_BOUND_G,200,4,78,5.109260733994811e+37
MULTI_BOUND_G,200,4,79,2.5546303669974054e+37
MULTI_BOUND_G,200,4,80,1.2773151834987027e+37
MULTI_BOUND_G,200,4,81,6.386575917493513e+36
MULTI_BOUND_G,200,4,82,3.193287958746757e+36
MULTI_BOUND_G,200,4,83,1.5966439793733784e+36
MULTI_BOUND_G,200,4,84,7.983219896866892e+35
MULTI_BOUND_G,200,4,85,3.991609948433446e+35
MULTI_BOUND_G,200,4,86,1.995804974216723e+35
MULTI_BOUND_G,200,4,87,9.979024871083615e+34
MULTI_BOUND_G,200,4,88,4.989512435541807e+34
MULTI_BOUND_G,200,4,89,2.4947562177709037e+34
MULTI_BOUND_G,200,4,90,1.2473781088854519e+34
MULTI_BOUND_G,200,4,91,6.236890544427259e+33
MULTI_BOUND_G,200,4,92,3.1184452722136296e+33
MULTI_BOUND_G,200,4,93,1.5592226361068148e+33
MULTI_BOUND_G,200,4,94,7.796113180534074e+32
MULTI_BOUND_G,200,4,95,3.898056590267037e+32
MULTI_BOUND_G,200,4,96,1.9490282951335185e+32
MULTI_BOUND_G,200,4,97,9.745141475667593e+31
MULTI_BOUND_G,200,4,98,4.872570737833796e+31
MULTI_BOUND_G,200,4,99,2.436285368916898e+31
MULTI_BOUND_G,200,4,100,1.218142684458449e+31
MULTI_BOUND_G,200,4,101,6.090713422292245e+30
MULTI_BOUND_G,200,4,102,3.0453567111461227e+30
MULTI_BOUND_G,200,4,103,1.5226783555730613e+30
MULTI_BOUND_G,200,4,104,7.613391777865307e+29
MULTI_BOUND_G,200,4,105,3.8066958889326534e+29
MULTI_BOUND_G,200,4,106,1.9033479444663267e+29
MULTI_BOUND_G,200,4,107,9.516739722331633e+28
MULTI_BOUND_G,200,4,108,4.758369861165817e+28
MULTI_BOUND_G,200,4,109,2.3791849305829083e+28
MULTI_BOUND_G,200,4,110,1.1895924652914542e+28
MULTI_BOUND_G,200,4,111,5.947962326457271e+27
MULTI_BOUND_G,200,4,112,2.9739811632286354e+27
MULTI_BOUND_G,200,4,113,1.4869905816143177e+27
MULTI_BOUND_G,200,4,114,7.434952908071589e+26
MULTI_BOUND_G,200,4,115,3.717476454035794e+26
MULTI_BOUND_G,200,4,116,1.858738227017897e+26
MULTI_BOUND_G,200,4,117,9.293691135089486e+25
MULTI_BOUND_G,200,4,118,4.646845567544743e+25
MULTI_BOUND_G,200,4,119,2.3234227837723714e+25
MULTI_BOUND_G,200,4,120,1.1617113918861857e+25
MULTI_BOUND_G,200,4,121,5.808556959430929e+24
MULTI_BOUND_G,200,4,122,2.9042784797154643e+24
MULTI_BOUND_G,200,4,123,1.4521392398577321e+24
MULTI_BOUND_G,200,4,124,7.260696199288661e+23
MULTI_BOUND_G,200,4,125,3.6303480996443304e+23
MULTI_BOUND_G,200,4,126,1.8151740498221652e+23
MULTI_BOUND_G,200,4,127,9.075870249110826e+22
MULTI_BOUND_G,200,4,128,4.537935124555413e+22
MULTI_BOUND_G,200,4,129,2.2689675622777065e+22
MULTI_BOUND_G,200,4,130,1.1344837811388532e+22
MULTI_BOUND_G,200,4,131,5.672418905694266e+21
MULTI_BOUND_G,200,4,132,2.836209452847133e+21
MULTI_BOUND_G,200,4,133,1.4181047264235665e+21
MULTI_BOUND_G,200,4,134,7.090523632117833e+20
MULTI_BOUND_G,200,4,135,3.5452618160589164e+20
MULTI_BOUND_G,200,4,136,1.7726309080294582e+20
MULTI_BOUND_G,200,4,137,8.863154540147291e+19
MULTI_BOUND_G,200,4,138,4.4315772700736455e+19
MULTI_BOUND_G,200,4,139,2.2157886350368227e+19
MULTI_BOUND_G,200,4,140,1.1078943175184114e+19
MULTI_BOUND_G,200,5,0,8398.16897178807
MULTI_BOUND_G,200,5,1,5.9934068731269266e+60
MULTI_BOUND_G,200,5,2,2.9967034365634633e+60
MULTI_BOUND_G,200,5,3,1.4983517182817317e+60
MULTI_BOUND_G,200,5,4,7.491758591408658e+59
MULTI_BOUND_G,200,5,5,3.745879295704329e+59
MULTI_BOUND_G,200,5,6,1.8729396478521646e+59
MULTI_BOUND_G,200,5,7,9.364698239260823e+58
MULTI_BOUND_G,200,5,8,4.6823491196304114e+58
MULTI_BOUND_G,200,5,9,2.3411745598152057e+58
MULTI_BOUND_G,200,5,10,1.1705872799076029e+58
MULTI_BOUND_G,200,5,11,5.852936399538014e+57
MULTI_BOUND_G,200,5,12,2.926468199769007e+57
MULTI_BOUND_G,200,5,13,1.4632340998845036e+57
MULTI_BOUND_G,200,5,14,7.316170499422518e+56
MULTI_BOUND_G,200,5,15,3.658085249711259e+56
MULTI_BOUND_G,200,5,16,1.8290426248556295e+56
MULTI_BOUND_G,200,5,17,9.145213124278147e+55
MULTI_BOUND_G,200,5,18,4.5726065621390736e+55
MULTI_BOUND_G,200,5,19,2.2863032810695368e+55
MULTI_BOUND_G,200,5,20,1.1431516405347684e+55
MULTI_BOUND_G,200,5,21,5.715758202673842e+54
MULTI_BOUND_G,200,5,22,2.857879101336921e+54
MULTI_BOUND_G,200,5,23,1.4289395506684605e+54
MULTI_BOUND_G,200,5,24,7.1446977533423026e+53
MULTI_BOUND_G,200,5,25,3.5723488766711513e+53
MULTI_BOUND_G,200,5,26,1.7861744383355756e+53
MULTI_BOUND_G,200,5,27,8.930872191677878e+52
MULTI_BOUND_G,200,5,28,4.465436095838939e+52
MULTI_BOUND_G,200,5,29,2.2327180479194696e+52
MULTI_BOUND_G,200,5,30,1.1163590239597348e+52
MULTI_BOUND_G,200,5,31,5.581795119798674e+51
MULTI_BOUND_G,200,5,32,2.790897559899337e+51
MULTI_BOUND_G,200,5,33,1.3954487799496685e+51
MULTI_BOUND_G,200,5,34,6.977243899748342e+50
MULTI_BOUND_G,200,5,35,3.488621949874171e+50
MULTI_BOUND_G,200,5,36,1.7443109749370856e+50
MULTI_BOUND_G,200,5,37,8.721554874685428e+49
MULTI_BOUND_G,200,5,38,4.360777437342714e+49
MULTI_BOUND_G,200,5,39,2.180388718671357e+49
MULTI_BOUND_G,200,5,40,1.0901943593356785e+49
MULTI_BOUND_G,200,5,41,5.4509717966783925e+48
MULTI_BOUND_G,200,5,42,2.7254858983391962e+48
MULTI_BOUND_G,200,5,43,1.3627429491695981e+48
MULTI_BOUND_G,200,5,44,6.8137147458479906e+47
MULTI_BOUND_G,200,5,45,3.4068573729239953e+47
MULTI_BOUND_G,200,5,46,1.7034286864619976e+47
MULTI_BOUND_G,200,5,47,8.517143432309988e+46
MULTI_BOUND_G,200,5,48,4.258571716154994e+46
MULTI_BOUND_G,200,5,49,2.129285858077497e+46
MULTI_BOUND_G,200,5,50,1.0646429290387485e+46
MULTI_BOUND_G,200,5,51,5.3232146451937426e+45
MULTI_BOUND_G,200,5,52,2.6616073225968713e+45
MULTI_BOUND_G,200,5,53,1.3308036612984357e+45
MULTI_BOUND_G,200,5,54,6.654018306492178e+44
MULTI_BOUND_G,200,5,55,3.327009153246089e+44
MULTI_BOUND_G,200,5,56,1.6635045766230446e+44
MULTI_BOUND_G,200,5,57,8.317522883115223e+43
MULTI_BOUND_G,200,5,58,4.1587614415576114e+43
MULTI_BOUND_G,200,5,59,2.0793807207788057e+43
MULTI_BOUND_G,200,5,60,1.0396903603894029e+43
MULTI_BOUND_G,200,5,61,5.198451801947014e+42
MULTI_BOUND_G,200,5,62,2.599225900973507e+42
MULTI_BOUND_G,200,5,63,1.2996129504867536e+42
MULTI_BOUND_G,200,5,64,6.498064752433768e+41
MULTI_BOUND_G,200,5,65,3.249032376216884e+41
MULTI_BOUND_G,200,5,66,1.624516188108442e+41
MULTI_BOUND_G,200,5,67,8.12258094054221e+40
MULTI_BOUND_G,200,5,68,4.061290470271105e+40
MULTI_BOUND_G,200,5,69,2.0306452351355525e+40
MULTI_BOUND_G,200,5,70,1.0153226175677762e+40
MULTI_BOUND_G,200,5,71,5.076613087838881e+39
MULTI_BOUND_G,200,5,72,2.5383065439194406e+39
MULTI_BOUND_G,200,5,73,1.2691532719597203e+39
MULTI_BOUND_G,200,5,74,6.3457663597986014e+38
MULTI_BOUND_G,200,5,75,3.1728831798993007e+38
MULTI_BOUND_G,200,5,76,1.5864415899496504e+38
MULTI_BOUND_G,200,5,77,7.932207949748252e+37
MULTI_BOUND_G,200,5,78,3.966103974874126e+37
MULTI_BOUND_G,200,5,79,1.983051987437063e+37
MULTI_BOUND_G,200,5,80,9.915259937185315e+36
MULTI_BOUND_G,200,5,81,4.9576299685926574e+36
MULTI_BOUND_G,200,5,82,2.4788149842963287e+36
MULTI_BOUND_G,200,5,83,1.2394074921481643e+36
MULTI_BOUND_G,200,5,84,6.197037460740822e+35
MULTI_BOUND_G,200,5,85,3.098518730370411e+35
MULTI_BOUND_G,200,5,86,1.5492593651852054e+35
MULTI_BOUND_G,200,5,87,7.746296825926027e+34
MULTI_BOUND_G,200,5,88,3.8731484129630136e+34
MULTI_BOUND_G,200,5,89,1.9365742064815068e+34
MULTI_BOUND_G,200,5,90,9.682871032407534e+33
MULTI_BOUND_G,200,5,91,4.841435516203767e+33
MULTI_BOUND_G,200,5,92,2.4207177581018835e+33
MULTI_BOUND_G,200,5,93,1.2103588790509417e+33
MULTI_BOUND_G,200,5,94,6.051794395254709e+32
MULTI_BOUND_G,200,5,95,3.0258971976273544e+32
MULTI_BOUND_G,200,5,96,1.5129485988136772e+32
MULTI_BOUND_G,200,5,97,7.564742994068386e+31
MULTI_BOUND_G,200,5,98,3.782371497034193e+31
MULTI_BOUND_G,200,5,99,1.8911857485170965e+31
MULTI_BOUND_G,200,5,100,9.455928742585482e+30
MULTI_BOUND_G,200,5,101,4.727964371292741e+30
MULTI_BOUND_G,200,5,102,2.3639821856463706e+30
MULTI_BOUND_G,200,5,103,1.1819910928231853e+30
MULTI_BOUND_G,200,5,104,5.9099554641159265e+29
MULTI_BOUND_G,200,5,105,2.9549777320579632e+29
MULTI_BOUND_G,200,5,106,1.4774888660289816e+29
MULTI_BOUND_G,200,5,107,7.387444330144908e+28
MULTI_BOUND_G,200,5,108,3.693722165072454e+28
MULTI_BOUND_G,200,5,109,1.846861082536227e+28
MULTI_BOUND_G,200,5,110,9.234305412681135e+27
MULTI_BOUND_G,200,5,111,4.6171527063405676e+27
MULTI_BOUND_G,200,5,112,2.3085763531702838e+27
MULTI_BOUND_G,200,5,113,1.1542881765851419e+27
MULTI_BOUND_G,200,5,114,5.7714408829257094e+26
MULTI_BOUND_G,200,5,115,2.8857204414628547e+26
MULTI_BOUND_G,200,5,116,1.4428602207314274e+26
MULTI_BOUND_G,200,5,117,7.214301103657137e+25
MULTI_BOUND_G,200,5,118,3.6071505518285684e+25
MULTI_BOUND_G,200,5,119,1.8035752759142842e+25
MULTI_BOUND_G,200,5,120,9.017876379571421e+24
MULTI_BOUND_G,200,5,121,4.5089381897857105e+24
MULTI_BOUND_G,200,5,122,2.2544690948928553e+24
MULTI_BOUND_G,200,5,123,1.1272345474464276e+24
MULTI_BOUND_G,200,5,124,5.636172737232138e+23
MULTI_BOUND_G,200,5,125,2.818086368616069e+23
MULTI_BOUND_G,200,5,126,1.4090431843080345e+23
MULTI_BOUND_G,200,5,127,7.045215921540173e+22
MULTI_BOUND_G,200,5,128,3.5226079607700863e+22
MULTI_BOUND_G,200,5,129,1.7613039803850432e+22
MULTI_BOUND_G,200,5,130,8.806519901925216e+21
MULTI_BOUND_G,200,5,131,4.403259950962608e+21
MULTI_BOUND_G,200,5,132,2.201629975481304e+21
MULTI_BOUND_G,200,5,133,1.100814987740652e+21
MULTI_BOUND_G,200,5,134,5.50407493870326e+20
MULTI_BOUND_G,200,5,135,2.75203746935163e+20
MULTI_BOUND_G,200,5,136,1.376018734675815e+20
MULTI_BOUND_G,200,5,137,6.880093673379075e+19
MULTI_BOUND_G,200,5,138,3.4400468366895374e+19
MULTI_BOUND_G,200,5,139,1.7200234183447687e+19
MULTI_BOUND_G,200,5,140,8.600117091723844e+18
MULTI_BOUND_G,200,6,0,7981.459135991788
MULTI_BOUND_G,200,6,1,8.91355746401175e+60
MULTI_BOUND_G,200,6,2,4.456778732005875e+60
MULTI_BOUND_G,200,6,3,2.2283893660029375e+60
MULTI_BOUND_G,200,6,4,1.1141946830014687e+60
MULTI_BOUND_G,200,6,5,5.570973415007344e+59
MULTI_BOUND_G,200,6,6,2.785486707503672e+59
MULTI_BOUND_G,200,6,7,1.392743353751836e+59
MULTI_BOUND_G,200,6,8,6.96371676875918e+58
MULTI_BOUND_G,200,6,9,3.48185838437959e+58
MULTI_BOUND_G,200,6,10,1.740929192189795e+58
MULTI_BOUND_G,200,6,11,8.704645960948974e+57
MULTI_BOUND_G,200,6,12,4.352322980474487e+57
MULTI_BOUND_G,200,6,13,2.1761614902372436e+57
MULTI_BOUND_G,200,6,14,1.0880807451186218e+57
MULTI_BOUND_G,200,6,15,5.440403725593109e+56
MULTI_BOUND_G,200,6,16,2.7202018627965545e+56
MULTI_BOUND_G,200,6,17,1.3601009313982773e+56
MULTI_BOUND_G,200,6,18,6.800504656991386e+55
MULTI_BOUND_G,200,6,19,3.400252328495693e+55
MULTI_BOUND_G,200,6,20,1.7001261642478466e+55
MULTI_BOUND_G,200,6,21,8.500630821239233e+54
MULTI_BOUND_G,200,6,22,4.2503154106196164e+54
MULTI_BOUND_G,200,6,23,2.1251577053098082e+54
MULTI_BOUND_G,200,6,24,1.0625788526549041e+54
MULTI_BOUND_G,200,6,25,5.3128942632745206e+53
MULTI_BOUND_G,200,6,26,2.6564471316372603e+53
MULTI_BOUND_G,200,6,27,1.3282235658186301e+53
MULTI_BOUND_G,200,6,28,6.641117829093151e+52
MULTI_BOUND_G,200,6,29,3.3205589145465753e+52
MULTI_BOUND_G,200,6,30,1.6602794572732877e+52
MULTI_BOUND_G,200,6,31,8.301397286366438e+51
MULTI_BOUND_G,200,6,32,4.150698643183219e+51
MULTI_BOUND_G,200,6,33,2.0753493215916096e+51
MULTI_BOUND_G,200,6,34,1.0376746607958048e+51
MULTI_BOUND_G,200,6,35,5.188373303979024e+50
MULTI_BOUND_G,200,6,36,2.594186651989512e+50
MULTI_BOUND_G,200,6,37,1.297093325994756e+50
MULTI_BOUND_G,200,6,38,6.48546662997378e+49
MULTI_BOUND_G,200,6,39,3.24273331498689e+49
MULTI_BOUND_G,200,6,40,1.621366657493445e+49
MULTI_BOUND_G,200,6,41,8.106833287467225e+48
MULTI_BOUND_G,200,6,42,4.0534166437336125e+48
MULTI_BOUND_G,200,6,43,2.0267083218668062e+48
MULTI_BOUND_G,200,6,44,1.0133541609334031e+48
MULTI_BOUND_G,200,6,45,5.066770804667016e+47
MULTI_BOUND_G,200,6,46,2.533385402333508e+47
MULTI_BOUND_G,200,6,47,1.266692701166754e+47
MULTI_BOUND_G,200,6,48,6.33346350583377e+46
MULTI_BOUND_G,200,6,49,3.166731752916885e+46
MULTI_BOUND_G,200,6,50,1.5833658764584424e+46
MULTI_BOUND_G,200,6,51,7.916829382292212e+45
MULTI_BOUND_G,200,6,52,3.958414691146106e+45
MULTI_BOUND_G,200,6,53,1.979207345573053e+45
MULTI_BOUND_G,200,6,54,9.896036727865265e+44
MULTI_BOUND_G,200,6,55,4.9480183639326324e+44
MULTI_BOUND_G,200,6,56,2.4740091819663162e+44
MULTI_BOUND_G,200,6,57,1.2370045909831581e+44
MULTI_BOUND_G,200,6,58,6.185022954915791e+43
MULTI_BOUND_G,200,6,59,3.0925114774578953e+43
MULTI_BOUND_G,200,6,60,1.5462557387289476e+43
MULTI_BOUND_G,200,6,61,7.731278693644738e+42
MULTI_BOUND_G,200,6,62,3.865639346822369e+42
MULTI_BOUND_G,200,6,63,1.9328196734111845e+42
MULTI_BOUND_G,200,6,64,9.664098367055923e+41
MULTI_BOUND_G,200,6,65,4.832049183527961e+41
MULTI_BOUND_G,200,6,66,2.4160245917639807e+41
MULTI_BOUND_G,200,6,67,1.2080122958819903e+41
MULTI_BOUND_G,200,6,68,6.040061479409952e+40
MULTI_BOUND_G,200,6,69,3.020030739704976e+40
MULTI_BOUND_G,200,6,70,1.510015369852488e+40
MULTI_BOUND_G,200,6,71,7.55007684926244e+39
MULTI_BOUND_G,200,6,72,3.77503842463122e+39
MULTI_BOUND_G,200,6,73,1.88751921231561e+39
MULTI_BOUND_G,200,6,74,9.43759606157805e+38
MULTI_BOUND_G,200,6,75,4.718798030789025e+38
MULTI_BOUND_G,200,6,76,2.3593990153945124e+38
MULTI_BOUND_G,200,6,77,1.1796995076972562e+38
MULTI_BOUND_G,200,6,78,5.898497538486281e+37
MULTI_BOUND_G,200,6,79,2.9492487692431405e+37
MULTI_BOUND_G,200,6,80,1.4746243846215702e+37
MULTI_BOUND_G,200,6,81,7.373121923107851e+36
MULTI_BOUND_G,200,6,82,3.6865609615539256e+36
MULTI_BOUND_G,200,6,83,1.8432804807769628e+36
MULTI_BOUND_G,200,6,84,9.216402403884814e+35
MULTI_BOUND_G,200,6,85,4.608201201942407e+35
MULTI_BOUND_G,200,6,86,2.3041006009712035e+35
MULTI_BOUND_G,200,6,87,1.1520503004856017e+35
MULTI_BOUND_G,200,6,88,5.760251502428009e+34
MULTI_BOUND_G,200,6,89,2.8801257512140044e+34
MULTI_BOUND_G,200,6,90,1.4400628756070022e+34
MULTI_BOUND_G,200,6,91,7.200314378035011e+33
MULTI_BOUND_G,200,6,92,3.6001571890175055e+33
MULTI_BOUND_G,200,6,93,1.8000785945087527e+33
MULTI_BOUND_G,200,6,94,9.000392972543764e+32
MULTI_BOUND_G,200,6,95,4.500196486271882e+32
MULTI_BOUND_G,200,6,96,2.250098243135941e+32
MULTI_BOUND_G,200,6,97,1.1250491215679705e+32
MULTI_BOUND_G,200,6,98,5.625245607839852e+31
MULTI_BOUND_G,200,6,99,2.812622803919926e+31
MULTI_BOUND_G,200,6,100,1.406311401959963e+31
MULTI_BOUND_G,200,6,101,7.031557009799815e+30
MULTI_BOUND_G,200,6,102,3.5157785048999077e+30
MULTI_BOUND_G,200,6,103,1.7578892524499538e+30
MULTI_BOUND_G,200,6,104,8.789446262249769e+29
MULTI_BOUND_G,200,6,105,4.3947231311248846e+29
MULTI_BOUND_G,200,6,106,2.1973615655624423e+29
MULTI_BOUND_G,200,6,107,1.0986807827812212e+29
MULTI_BOUND_G,200,6,108,5.493403913906106e+28
MULTI_BOUND_G,200,6,109,2.746701956953053e+28
MULTI_BOUND_G,200,6,110,1.3733509784765264e+28
MULTI_BOUND_G,200,6,111,6.866754892382632e+27
MULTI_BOUND_G,200,6,112,3.433377446191316e+27
MULTI_BOUND_G,200,6,113,1.716688723095658e+27
MULTI_BOUND_G,200,6,114,8.58344361547829e+26
MULTI_BOUND_G,200,6,115,4.291721807739145e+26
MULTI_BOUND_G,200,6,116,2.1458609038695726e+26
MULTI_BOUND_G,200,6,117,1.0729304519347863e+26
MULTI_BOUND_G,200,6,118,5.364652259673931e+25
MULTI_BOUND_G,200,6,119,2.6823261298369657e+25
MULTI_BOUND_G,200,6,120,1.3411630649184828e+25
MULTI_BOUND_G,200,6,121,6.705815324592414e+24
MULTI_BOUND_G,200,6,122,3.352907662296207e+24
MULTI_BOUND_G,200,6,123,1.6764538311481036e+24
MULTI_BOUND_G,200,6,124,8.382269155740518e+23
MULTI_BOUND_G,200,6,125,4.191134577870259e+23
MULTI_BOUND_G,200,6,126,2.0955672889351295e+23
MULTI_BOUND_G,200,6,127,1.0477836444675647e+23
MULTI_BOUND_G,200,6,128,5.238918222337824e+22
MULTI_BOUND_G,200,6,129,2.619459111168912e+22
MULTI_BOUND_G,200,6,130,1.309729555584456e+22
MULTI_BOUND_G,200,6,131,6.54864777792228e+21
MULTI_BOUND_G,200,6,132,3.27432388896114e+21
MULTI_BOUND_G,200,6,133,1.63716194448057e+21
MULTI_BOUND_G,200,6,134,8.18580972240285e+20
MULTI_BOUND_G,200,6,135,4.092904861201425e+20
MULTI_BOUND_G,200,6,136,2.0464524306007124e+20
MULTI_BOUND_G,200,6,137,1.0232262153003562e+20
MULTI_BOUND_G,200,6,138,5.116131076501781e+19
MULTI_BOUND_G,200,6,139,2.5580655382508904e+19
MULTI_BOUND_G,200,6,140,1.2790327691254452e+19
MULTI_BOUND_G,200,7,0,8198.630572462014
MULTI_BOUND_G,200,7,1,6.977568716099732e+60
MULTI_BOUND_G,200,7,2,3.488784358049866e+60
MULTI_BOUND_G,200,7,3,1.744392179024933e+60
MULTI_BOUND_G,200,7,4,8.721960895124665e+59
MULTI_BOUND_G,200,7,5,4.3609804475623325e+59
MULTI_BOUND_G,200,7,6,2.1804902237811663e+59
MULTI_BOUND_G,200,7,7,1.0902451118905831e+59
MULTI_BOUND_G,200,7,8,5.451225559452916e+58
MULTI_BOUND_G,200,7,9,2.725612779726458e+58
MULTI_BOUND_G,200,7,10,1.362806389863229e+58
MULTI_BOUND_G,200,7,11,6.814031949316145e+57
MULTI_BOUND_G,200,7,12,3.407015974658072e+57
MULTI_BOUND_G,200,7,13,1.703507987329036e+57
MULTI_BOUND_G,200,7,14,8.51753993664518e+56
MULTI_BOUND_G,200,7,15,4.25876996832259e+56
MULTI_BOUND_G,200,7,16,2.129384984161295e+56
MULTI_BOUND_G,200,7,17,1.0646924920806476e+56
MULTI_BOUND_G,200,7,18,5.323462460403238e+55
MULTI_BOUND_G,200,7,19,2.661731230201619e+55
MULTI_BOUND_G,200,7,20,1.3308656151008095e+55
MULTI_BOUND_G,200,7,21,6.654328075504047e+54
MULTI_BOUND_G,200,7,22,3.327164037752024e+54
MULTI_BOUND_G,200,7,23,1.663582018876012e+54
MULTI_BOUND_G,200,7,24,8.31791009438006e+53
MULTI_BOUND_G,200,7,25,4.15895504719003e+53
MULTI_BOUND_G,200,7,26,2.079477523595015e+53
MULTI_BOUND_G,200,7,27,1.0397387617975074e+53
MULTI_BOUND_G,200,7,28,5.198693808987537e+52
MULTI_BOUND_G,200,7,29,2.5993469044937685e+52
MULTI_BOUND_G,200,7,30,1.2996734522468843e+52
MULTI_BOUND_G,200,7,31,6.498367261234421e+51
MULTI_BOUND_G,200,7,32,3.2491836306172107e+51
MULTI_BOUND_G,200,7,33,1.6245918153086053e+51
MULTI_BOUND_G,200,7,34,8.122959076543027e+50
MULTI_BOUND_G,200,7,35,4.061479538271513e+50
MULTI_BOUND_G,200,7,36,2.0307397691357567e+50
MULTI_BOUND_G,200,7,37,1.0153698845678783e+50
MULTI_BOUND_G,200,7,38,5.076849422839392e+49
MULTI_BOUND_G,200,7,39,2.538424711419696e+49
MULTI_BOUND_G,200,7,40,1.269212355709848e+49
MULTI_BOUND_G,200,7,41,6.34606177854924e+48
MULTI_BOUND_G,200,7,42,3.17303088927462e+48
MULTI_BOUND_G,200,7,43,1.58651544463731e+48
MULTI_BOUND_G,200,7,44,7.93257722318655e+47
MULTI_BOUND_G,200,7,45,3.966288611593275e+47
MULTI_BOUND_G,200,7,46,1.9831443057966374e+47
MULTI_BOUND_G,200,7,47,9.915721528983187e+46
MULTI_BOUND_G,200,7,48,4.957860764491593e+46
MULTI_BOUND_G,200,7,49,2.4789303822457967e+46
MULTI_BOUND_G,200,7,50,1.2394651911228984e+46
MULTI_BOUND_G,200,7,51,6.197325955614492e+45
MULTI_BOUND_G,200,7,52,3.098662977807246e+45
MULTI_BOUND_G,200,7,53,1.549331488903623e+45
MULTI_BOUND_G,200,7,54,7.746657444518115e+44
MULTI_BOUND_G,200,7,55,3.873328722259057e+44
MULTI_BOUND_G,200,7,56,1.9366643611295287e+44
MULTI_BOUND_G,200,7,57,9.683321805647643e+43
MULTI_BOUND_G,200,7,58,4.841660902823822e+43
MULTI_BOUND_G,200,7,59,2.420830451411911e+43
MULTI_BOUND_G,200,7,60,1.2104152257059554e+43
MULTI_BOUND_G,200,7,61,6.052076128529777e+42
MULTI_BOUND_G,200,7,62,3.0260380642648886e+42
MULTI_BOUND_G,200,7,63,1.5130190321324443e+42
MULTI_BOUND_G,200,7,64,7.565095160662221e+41
MULTI_BOUND_G,200,7,65,3.782547580331111e+41
MULTI_BOUND_G,200,7,66,1.8912737901655553e+41
MULTI_BOUND_G,200,7,67,9.456368950827777e+40
MULTI_BOUND_G,200,7,68,4.728184475413888e+40
MULTI_BOUND_G,200,7,69,2.364092237706944e+40
MULTI_BOUND_G,200,7,70,1.182046118853472e+40
MULTI_BOUND_G,200,7,71,5.91023059426736e+39
MULTI_BOUND_G,200,7,72,2.95511529713368e+39
MULTI_BOUND_G,200,7,73,1.47755764856684e+39
MULTI_BOUND_G,200,7,74,7.3877882428342e+38
MULTI_BOUND_G,200,7,75,3.6938941214171e+38
MULTI_BOUND_G,200,7,76,1.84694706070855e+38
MULTI_BOUND_G,200,7,77,9.23473530354275e+37
MULTI_BOUND_G,200,7,78,4.617367651771375e+37
MULTI_BOUND_G,200,7,79,2.3086838258856877e+37
MULTI_BOUND_G,200,7,80,1.1543419129428438e+37
MULTI_BOUND_G,200,7,81,5.771709564714219e+36
MULTI_BOUND_G,200,7,82,2.8858547823571096e+36
MULTI_BOUND_G,200,7,83,1.4429273911785548e+36
MULTI_BOUND_G,200,7,84,7.214636955892774e+35
MULTI_BOUND_G,200,7,85,3.607318477946387e+35
MULTI_BOUND_G,200,7,86,1.8036592389731935e+35
MULTI_BOUND_G,200,7,87,9.018296194865967e+34
MULTI_BOUND_G,200,7,88,4.509148097432984e+34
MULTI_BOUND_G,200,7,89,2.254574048716492e+34
MULTI_BOUND_G,200,7,90,1.127287024358246e+34
MULTI_BOUND_G,200,7,91,5.63643512179123e+33
MULTI_BOUND_G,200,7,92,2.818217560895615e+33
MULTI_BOUND_G,200,7,93,1.4091087804478074e+33
MULTI_BOUND_G,200,7,94,7.045543902239037e+32
MULTI_BOUND_G,200,7,95,3.5227719511195186e+32
MULTI_BOUND_G,200,7,96,1.7613859755597593e+32
MULTI_BOUND_G,200,7,97,8.806929877798796e+31
MULTI_BOUND_G,200,7,98,4.403464938899398e+31
MULTI_BOUND_G,200,7,99,2.201732469449699e+31
MULTI_BOUND_G,200,7,100,1.1008662347248495e+31
MULTI_BOUND_G,200,7,101,5.504331173624248e+30
MULTI_BOUND_G,200,7,102,2.752165586812124e+30
MULTI_BOUND_G,200,7,103,1.376082793406062e+30
MULTI_BOUND_G,200,7,104,6.88041396703031e+29
MULTI_BOUND_G,200,7,105,3.440206983515155e+29
MULTI_BOUND_G,200,7,106,1.7201034917575774e+29
MULTI_BOUND_G,200,7,107,8.600517458787887e+28
MULTI_BOUND_G,200,7,108,4.3002587293939435e+28
MULTI_BOUND_G,200,7,109,2.1501293646969718e+28
MULTI_BOUND_G,200,7,110,1.0750646823484859e+28
MULTI_BOUND_G,200,7,111,5.375323411742429e+27
MULTI_BOUND_G,200,7,112,2.6876617058712147e+27
MULTI_BOUND_G,200,7,113,1.3438308529356074e+27
MULTI_BOUND_G,200,7,114,6.719154264678037e+26
MULTI_BOUND_G,200,7,115,3.3595771323390184e+26
MULTI_BOUND_G,200,7,116,1.6797885661695092e+26
MULTI_BOUND_G,200,7,117,8.398942830847546e+25
MULTI_BOUND_G,200,7,118,4.199471415423773e+25
MULTI_BOUND_G,200,7,119,2.0997357077118865e+25
MULTI_BOUND_G,200,7,120,1.0498678538559432e+25
MULTI_BOUND_G,200,7,121,5.249339269279716e+24
MULTI_BOUND_G,200,7,122,2.624669634639858e+24
MULTI_BOUND_G,200,7,123,1.312334817319929e+24
MULTI_BOUND_G,200,7,124,6.561674086599645e+23
MULTI_BOUND_G,200,7,125,3.2808370432998227e+23
MULTI_BOUND_G,200,7,126,1.6404185216499113e+23
MULTI_BOUND_G,200,7,127,8.202092608249557e+22
MULTI_BOUND_G,200,7,128,4.101046304124778e+22
MULTI_BOUND_G,200,7,129,2.050523152062389e+22
MULTI_BOUND_G,200,7,130,1.0252615760311946e+22
MULTI_BOUND_G,200,7,131,5.126307880155973e+21
MULTI_BOUND_G,200,7,132,2.5631539400779864e+21
MULTI_BOUND_G,200,7,133,1.2815769700389932e+21
MULTI_BOUND_G,200,7,134,6.407884850194966e+20
MULTI_BOUND_G,200,7,135,3.203942425097483e+20
MULTI_BOUND_G,200,7,136,1.6019712125487415e+20
MULTI_BOUND_G,200,7,137,8.009856062743708e+19
MULTI_BOUND_G,200,7,138,4.004928031371854e+19
MULTI_BOUND_G,200,7,139,2.002464015685927e+19
MULTI_BOUND_G,200,7,140,1.0012320078429635e+19
MULTI_BOUND_G,200,8,0,8375.942453868376
MULTI_BOUND_G,200,8,1,9.28627735959135e+60
MULTI_BOUND_G,200,8,2,4.643138679795675e+60
MULTI_BOUND_G,200,8,3,2.3215693398978375e+60
MULTI_BOUND_G,200,8,4,1.1607846699489188e+60
MULTI_BOUND_G,200,8,5,5.803923349744594e+59
MULTI_BOUND_G,200,8,6,2.901961674872297e+59
MULTI_BOUND_G,200,8,7,1.4509808374361485e+59
MULTI_BOUND_G,200,8,8,7.254904187180742e+58
MULTI_BOUND_G,200,8,9,3.627452093590371e+58
MULTI_BOUND_G,200,8,10,1.8137260467951856e+58
MULTI_BOUND_G,200,8,11,9.068630233975928e+57
MULTI_BOUND_G,200,8,12,4.534315116987964e+57
MULTI_BOUND_G,200,8,13,2.267157558493982e+57
MULTI_BOUND_G,200,8,14,1.133578779246991e+57
MULTI_BOUND_G,200,8,15,5.667893896234955e+56
MULTI_BOUND_G,200,8,16,2.8339469481174775e+56
MULTI_BOUND_G,200,8,17,1.4169734740587387e+56
MULTI_BOUND_G,200,8,18,7.084867370293694e+55
MULTI_BOUND_G,200,8,19,3.542433685146847e+55
MULTI_BOUND_G,200,8,20,1.7712168425734234e+55
MULTI_BOUND_G,200,8,21,8.856084212867117e+54
MULTI_BOUND_G,200,8,22,4.4280421064335585e+54
MULTI_BOUND_G,200,8,23,2.2140210532167793e+54
MULTI_BOUND_G,200,8,24,1.1070105266083896e+54
MULTI_BOUND_G,200,8,25,5.535052633041948e+53
MULTI_BOUND_G,200,8,26,2.767526316520974e+53
MULTI_BOUND_G,200,8,27,1.383763158260487e+53
MULTI_BOUND_G,200,8,28,6.918815791302435e+52
MULTI_BOUND_G,200,8,29,3.4594078956512176e+52
MULTI_BOUND_G,200,8,30,1.7297039478256088e+52
MULTI_BOUND_G,200,8,31,8.648519739128044e+51
MULTI_BOUND_G,200,8,32,4.324259869564022e+51
MULTI_BOUND_G,200,8,33,2.162129934782011e+51
MULTI_BOUND_G,200,8,34,1.0810649673910055e+51
MULTI_BOUND_G,200,8,35,5.4053248369550275e+50
MULTI_BOUND_G,200,8,36,2.7026624184775137e+50
MULTI_BOUND_G,200,8,37,1.3513312092387569e+50
MULTI_BOUND_G,200,8,38,6.756656046193784e+49
MULTI_BOUND_G,200,8,39,3.378328023096892e+49
MULTI_BOUND_G,200,8,40,1.689164011548446e+49
MULTI_BOUND_G,200,8,41,8.44582005774223e+48
MULTI_BOUND_G,200,8,42,4.222910028871115e+48
MULTI_BOUND_G,200,8,43,2.1114550144355576e+48
MULTI_BOUND_G,200,8,44,1.0557275072177788e+48
MULTI_BOUND_G,200,8,45,5.278637536088894e+47
MULTI_BOUND_G,200,8,46,2.639318768044447e+47
MULTI_BOUND_G,200,8,47,1.3196593840222235e+47
MULTI_BOUND_G,200,8,48,6.598296920111118e+46
MULTI_BOUND_G,200,8,49,3.299148460055559e+46
MULTI_BOUND_G,200,8,50,1.6495742300277794e+46
MULTI_BOUND_G,200,8,51,8.247871150138897e+45
MULTI_BOUND_G,200,8,52,4.1239355750694485e+45
MULTI_BOUND_G,200,8,53,2.0619677875347242e+45
MULTI_BOUND_G,200,8,54,1.0309838937673621e+45
MULTI_BOUND_G,200,8,55,5.1549194688368106e+44
MULTI_BOUND_G,200,8,56,2.5774597344184053e+44
MULTI_BOUND_G,200,8,57,1.2887298672092026e+44
MULTI_BOUND_G,200,8,58,6.443649336046013e+43
MULTI_BOUND_G,200,8,59,3.2218246680230066e+43
MULTI_BOUND_G,200,8,60,1.6109123340115033e+43
MULTI_BOUND_G,200,8,61,8.054561670057517e+42
MULTI_BOUND_G,200,8,62,4.027280835028758e+42
MULTI_BOUND_G,200,8,63,2.013640417514379e+42
MULTI_BOUND_G,200,8,64,1.0068202087571896e+42
MULTI_BOUND_G,200,8,65,5.034101043785948e+41
MULTI_BOUND_G,200,8,66,2.517050521892974e+41
MULTI_BOUND_G,200,8,67,1.258525260946487e+41
MULTI_BOUND_G,200,8,68,6.292626304732435e+40
MULTI_BOUND_G,200,8,69,3.1463131523662174e+40
MULTI_BOUND_G,200,8,70,1.5731565761831087e+40
MULTI_BOUND_G,200,8,71,7.865782880915543e+39
MULTI_BOUND_G,200,8,72,3.932891440457772e+39
MULTI_BOUND_G,200,8,73,1.966445720228886e+39
MULTI_BOUND_G,200,8,74,9.83222860114443e+38
MULTI_BOUND_G,200,8,75,4.916114300572215e+38
MULTI_BOUND_G,200,8,76,2.4580571502861073e+38
MULTI_BOUND_G,200,8,77,1.2290285751430537e+38
MULTI_BOUND_G,200,8,78,6.145142875715268e+37
MULTI_BOUND_G,200,8,79,3.072571437857634e+37
MULTI_BOUND_G,200,8,80,1.536285718928817e+37
MULTI_BOUND_G,200,8,81,7.681428594644085e+36
MULTI_BOUND_G,200,8,82,3.840714297322043e+36
MULTI_BOUND_G,200,8,83,1.9203571486610214e+36
MULTI_BOUND_G,200,8,84,9.601785743305107e+35
MULTI_BOUND_G,200,8,85,4.8008928716525534e+35
MULTI_BOUND_G,200,8,86,2.4004464358262767e+35
MULTI_BOUND_G,200,8,87,1.2002232179131383e+35
MULTI_BOUND_G,200,8,88,6.001116089565692e+34
MULTI_BOUND_G,200,8,89,3.000558044782846e+34
MULTI_BOUND_G,200,8,90,1.500279022391423e+34
MULTI_BOUND_G,200,8,91,7.501395111957115e+33
MULTI_BOUND_G,200,8,92,3.7506975559785573e+33
MULTI_BOUND_G,200,8,93,1.8753487779892787e+33
MULTI_BOUND_G,200,8,94,9.376743889946393e+32
MULTI_BOUND_G,200,8,95,4.688371944973197e+32
MULTI_BOUND_G,200,8,96,2.3441859724865983e+32
MULTI_BOUND_G,200,8,97,1.1720929862432992e+32
MULTI_BOUND_G,200,8,98,5.860464931216496e+31
MULTI_BOUND_G,200,8,99,2.930232465608248e+31
MULTI_BOUND_G,200,8,100,1.465116232804124e+31
MULTI_BOUND_G,200,8,101,7.32558116402062e+30
MULTI_BOUND_G,200,8,102,3.66279058201031e+30
MULTI_BOUND_G,200,8,103,1.831395291005155e+30
MULTI_BOUND_G,200,8,104,9.156976455025775e+29
MULTI_BOUND_G,200,8,105,4.5784882275128874e+29
MULTI_BOUND_G,200,8,106,2.2892441137564437e+29
MULTI_BOUND_G,200,8,107,1.1446220568782218e+29
MULTI_BOUND_G,200,8,108,5.723110284391109e+28
MULTI_BOUND_G,200,8,109,2.8615551421955546e+28
MULTI_BOUND_G,200,8,110,1.4307775710977773e+28
MULTI_BOUND_G,200,8,111,7.153887855488887e+27
MULTI_BOUND_G,200,8,112,3.576943927744443e+27
MULTI_BOUND_G,200,8,113,1.7884719638722216e+27
MULTI_BOUND_G,200,8,114,8.942359819361108e+26
MULTI_BOUND_G,200,8,115,4.471179909680554e+26
MULTI_BOUND_G,200,8,116,2.235589954840277e+26
MULTI_BOUND_G,200,8,117,1.1177949774201385e+26
MULTI_BOUND_G,200,8,118,5.588974887100693e+25
MULTI_BOUND_G,200,8,119,2.7944874435503463e+25
MULTI_BOUND_G,200,8,120,1.3972437217751732e+25
MULTI_BOUND_G,200,8,121,6.986218608875866e+24
MULTI_BOUND_G,200,8,122,3.493109304437933e+24
MULTI_BOUND_G,200,8,123,1.7465546522189664e+24
MULTI_BOUND_G,200,8,124,8.732773261094832e+23
MULTI_BOUND_G,200,8,125,4.366386630547416e+23
MULTI_BOUND_G,200,8,126,2.183193315273708e+23
MULTI_BOUND_G,200,8,127,1.091596657636854e+23
MULTI_BOUND_G,200,8,128,5.45798328818427e+22
MULTI_BOUND_G,200,8,129,2.728991644092135e+22
MULTI_BOUND_G,200,8,130,1.3644958220460675e+22
MULTI_BOUND_G,200,8,131,6.822479110230338e+21
MULTI_BOUND_G,200,8,132,3.411239555115169e+21
MULTI_BOUND_G,200,8,133,1.7056197775575844e+21
MULTI_BOUND_G,200,8,134,8.528098887787922e+20
MULTI_BOUND_G,200,8,135,4.264049443893961e+20
MULTI_BOUND_G,200,8,136,2.1320247219469805e+20
MULTI_BOUND_G,200,8,137,1.0660123609734903e+20
MULTI_BOUND_G,200,8,138,5.330061804867451e+19
MULTI_BOUND_G,200,8,139,2.6650309024337256e+19
MULTI_BOUND_G,200,8,140,1.3325154512168628e+19
MULTI_BOUND_G,200,9,0,8417.154528144816
MULTI_BOUND_G,200,9,1,7.223884176479271e+60
MULTI_BOUND_G,200,9,2,3.6119420882396354e+60
MULTI_BOUND_G,200,9,3,1.8059710441198177e+60
MULTI_BOUND_G,200,9,4,9.029855220599089e+59
MULTI_BOUND_G,200,9,5,4.514927610299544e+59
MULTI_BOUND_G,200,9,6,2.257463805149772e+59
MULTI_BOUND_G,200,9,7,1.128731902574886e+59
MULTI_BOUND_G,200,9,8,5.64365951287443e+58
MULTI_BOUND_G,200,9,9,2.821829756437215e+58
MULTI_BOUND_G,200,9,10,1.4109148782186076e+58
MULTI_BOUND_G,200,9,11,7.054574391093038e+57
MULTI_BOUND_G,200,9,12,3.527287195546519e+57
MULTI_BOUND_G,200,9,13,1.7636435977732595e+57
MULTI_BOUND_G,200,9,14,8.818217988866297e+56
MULTI_BOUND_G,200,9,15,4.409108994433149e+56
MULTI_BOUND_G,200,9,16,2.2045544972165743e+56
MULTI_BOUND_G,200,9,17,1.1022772486082872e+56
MULTI_BOUND_G,200,9,18,5.511386243041436e+55
MULTI_BOUND_G,200,9,19,2.755693121520718e+55
MULTI_BOUND_G,200,9,20,1.377846560760359e+55
MULTI_BOUND_G,200,9,21,6.889232803801795e+54
MULTI_BOUND_G,200,9,22,3.4446164019008974e+54
MULTI_BOUND_G,200,9,23,1.7223082009504487e+54
MULTI_BOUND_G,200,9,24,8.611541004752244e+53
MULTI_BOUND_G,200,9,25,4.305770502376122e+53
MULTI_BOUND_G,200,9,26,2.152885251188061e+53
MULTI_BOUND_G,200,9,27,1.0764426255940304e+53
MULTI_BOUND_G,200,9,28,5.382213127970152e+52
MULTI_BOUND_G,200,9,29,2.691106563985076e+52
MULTI_BOUND_G,200,9,30,1.345553281992538e+52
MULTI_BOUND_G,200,9,31,6.72776640996269e+51
MULTI_BOUND_G,200,9,32,3.363883204981345e+51
MULTI_BOUND_G,200,9,33,1.6819416024906726e+51
MULTI_BOUND_G,200,9,34,8.409708012453363e+50
MULTI_BOUND_G,200,9,35,4.204854006226681e+50
MULTI_BOUND_G,200,9,36,2.1024270031133407e+50
MULTI_BOUND_G,200,9,37,1.0512135015566704e+50
MULTI_BOUND_G,200,9,38,5.256067507783352e+49
MULTI_BOUND_G,200,9,39,2.628033753891676e+49
MULTI_BOUND_G,200,9,40,1.314016876945838e+49
MULTI_BOUND_G,200,9,41,6.57008438472919e+48
MULTI_BOUND_G,200,9,42,3.285042192364595e+48
MULTI_BOUND_G,200,9,43,1.6425210961822974e+48
MULTI_BOUND_G,200,9,44,8.212605480911487e+47
MULTI_BOUND_G,200,9,45,4.1063027404557436e+47
MULTI_BOUND_G,200,9,46,2.0531513702278718e+47
MULTI_BOUND_G,200,9,47,1.0265756851139359e+47
MULTI_BOUND_G,200,9,48,5.132878425569679e+46
MULTI_BOUND_G,200,9,49,2.5664392127848397e+46
MULTI_BOUND_G,200,9,50,1.2832196063924199e+46
MULTI_BOUND_G,200,9,51,6.416098031962099e+45
MULTI_BOUND_G,200,9,52,3.2080490159810497e+45
MULTI_BOUND_G,200,9,53,1.6040245079905248e+45
MULTI_BOUND_G,200,9,54,8.020122539952624e+44
MULTI_BOUND_G,200,9,55,4.010061269976312e+44
MULTI_BOUND_G,200,9,56,2.005030634988156e+44
MULTI_BOUND_G,200,9,57,1.002515317494078e+44
MULTI_BOUND_G,200,9,58,5.01257658747039e+43
MULTI_BOUND_G,200,9,59,2.506288293735195e+43
MULTI_BOUND_G,200,9,60,1.2531441468675975e+43
MULTI_BOUND_G,200,9,61,6.265720734337988e+42
MULTI_BOUND_G,200,9,62,3.132860367168994e+42
MULTI_BOUND_G,200,9,63,1.566430183584497e+42
MULTI_BOUND_G,200,9,64,7.832150917922485e+41
MULTI_BOUND_G,200,9,65,3.916075458961242e+41
MULTI_BOUND_G,200,9,66,1.958037729480621e+41
MULTI_BOUND_G,200,9,67,9.790188647403106e+40
MULTI_BOUND_G,200,9,68,4.895094323701553e+40
MULTI_BOUND_G,200,9,69,2.4475471618507764e+40
MULTI_BOUND_G,200,9,70,1.2237735809253882e+40
MULTI_BOUND_G,200,9,71,6.118867904626941e+39
MULTI_BOUND_G,200,9,72,3.0594339523134705e+39
MULTI_BOUND_G,200,9,73,1.5297169761567353e+39
MULTI_BOUND_G,200,9,74,7.648584880783676e+38
MULTI_BOUND_G,200,9,75,3.824292440391838e+38
MULTI_BOUND_G,200,9,76,1.912146220195919e+38
MULTI_BOUND_G,200,9,77,9.560731100979595e+37
MULTI_BOUND_G,200,9,78,4.780365550489798e+37
MULTI_BOUND_G,200,9,79,2.390182775244899e+37
MULTI_BOUND_G,200,9,80,1.1950913876224494e+37
MULTI_BOUND_G,200,9,81,5.975456938112247e+36
MULTI_BOUND_G,200,9,82,2.9877284690561235e+36
MULTI_BOUND_G,200,9,83,1.4938642345280618e+36
MULTI_BOUND_G,200,9,84,7.469321172640309e+35
MULTI_BOUND_G,200,9,85,3.7346605863201544e+35
MULTI_BOUND_G,200,9,86,1.8673302931600772e+35
MULTI_BOUND_G,200,9,87,9.336651465800386e+34
MULTI_BOUND_G,200,9,88,4.668325732900193e+34
MULTI_BOUND_G,200,9,89,2.3341628664500965e+34
MULTI_BOUND_G,200,9,90,1.1670814332250483e+34
MULTI_BOUND_G,200,9,91,5.835407166125241e+33
MULTI_BOUND_G,200,9,92,2.9177035830626207e+33
MULTI_BOUND_G,200,9,93,1.4588517915313103e+33
MULTI_BOUND_G,200,9,94,7.294258957656552e+32
MULTI_BOUND_G,200,9,95,3.647129478828276e+32
MULTI_BOUND_G,200,9,96,1.823564739414138e+32
MULTI_BOUND_G,200,9,97,9.11782369707069e+31
MULTI_BOUND_G,200,9,98,4.558911848535345e+31
MULTI_BOUND_G,200,9,99,2.2794559242676724e+31
MULTI_BOUND_G,200,9,100,1.1397279621338362e+31
MULTI_BOUND_G,200,9,101,5.698639810669181e+30
MULTI_BOUND_G,200,9,102,2.8493199053345905e+30
MULTI_BOUND_G,200,9,103,1.4246599526672952e+30
MULTI_BOUND_G,200,9,104,7.123299763336476e+29
MULTI_BOUND_G,200,9,105,3.561649881668238e+29
MULTI_BOUND_G,200,9,106,1.780824940834119e+29
MULTI_BOUND_G,200,9,107,8.904124704170595e+28
MULTI_BOUND_G,200,9,108,4.452062352085298e+28
MULTI_BOUND_G,200,9,109,2.226031176042649e+28
MULTI_BOUND_G,200,9,110,1.1130155880213244e+28
MULTI_BOUND_G,200,9,111,5.565077940106622e+27
MULTI_BOUND_G,200,9,112,2.782538970053311e+27
MULTI_BOUND_G,200,9,113,1.3912694850266555e+27
MULTI_BOUND_G,200,9,114,6.956347425133278e+26
MULTI_BOUND_G,200,9,115,3.478173712566639e+26
MULTI_BOUND_G,200,9,116,1.7390868562833194e+26
MULTI_BOUND_G,200,9,117,8.695434281416597e+25
MULTI_BOUND_G,200,9,118,4.3477171407082985e+25
MULTI_BOUND_G,200,9,119,2.1738585703541492e+25
MULTI_BOUND_G,200,9,120,1.0869292851770746e+25
MULTI_BOUND_G,200,9,121,5.434646425885373e+24
MULTI_BOUND_G,200,9,122,2.7173232129426865e+24
MULTI_BOUND_G,200,9,123,1.3586616064713433e+24
MULTI_BOUND_G,200,9,124,6.793308032356716e+23
MULTI_BOUND_G,200,9,125,3.396654016178358e+23
MULTI_BOUND_G,200,9,126,1.698327008089179e+23
MULTI_BOUND_G,200,9,127,8.491635040445895e+22
MULTI_BOUND_G,200,9,128,4.245817520222948e+22
MULTI_BOUND_G,200,9,129,2.122908760111474e+22
MULTI_BOUND_G,200,9,130,1.061454380055737e+22
MULTI_BOUND_G,200,9,131,5.307271900278685e+21
MULTI_BOUND_G,200,9,132,2.6536359501393423e+21
MULTI_BOUND_G,200,9,133,1.3268179750696712e+21
MULTI_BOUND_G,200,9,134,6.634089875348356e+20
MULTI_BOUND_G,200,9,135,3.317044937674178e+20
MULTI_BOUND_G,200,9,136,1.658522468837089e+20
MULTI_BOUND_G,200,9,137,8.292612344185445e+19
MULTI_BOUND_G,200,9,138,4.146306172092722e+19
MULTI_BOUND_G,200,9,139,2.073153086046361e+19
MULTI_BOUND_G,200,9,140,1.0365765430231806e+19
MULTI_BOUND_G,250,0,0,10910.6921179573
MULTI_BOUND_G,250,0,1,7.703640102133912e+75
MULTI_BOUND_G,250,0,2,3.851820051066956e+75
MULTI_BOUND_G,250,0,3,1.925910025533478e+75
MULTI_BOUND_G,250,0,4,9.62955012766739e+74
MULTI_BOUND_G,250,0,5,4.814775063833695e+74
MULTI_BOUND_G,250,0,6,2.4073875319168475e+74
MULTI_BOUND_G,250,0,7,1.2036937659584237e+74
MULTI_BOUND_G,250,0,8,6.018468829792119e+73
MULTI_BOUND_G,250,0,9,3.0092344148960593e+73
MULTI_BOUND_G,250,0,10,1.5046172074480297e+73
MULTI_BOUND_G,250,0,11,7.523086037240148e+72
MULTI_BOUND_G,250,0,12,3.761543018620074e+72
MULTI_BOUND_G,250,0,13,1.880771509310037e+72
MULTI_BOUND_G,250,0,14,9.403857546550185e+71
MULTI_BOUND_G,250,0,15,4.701928773275093e+71
MULTI_BOUND_G,250,0,16,2.3509643866375464e+71
MULTI_BOUND_G,250,0,17,1.1754821933187732e+71
MULTI_BOUND_G,250,0,18,5.877410966593866e+70
MULTI_BOUND_G,250,0,19,2.938705483296933e+70
MULTI_BOUND_G,250,0,20,1.4693527416484665e+70
MULTI_BOUND_G,250,0,21,7.346763708242332e+69
MULTI_BOUND_G,250,0,22,3.673381854121166e+69
MULTI_BOUND_G,250,0,23,1.836690927060583e+69
MULTI_BOUND_G,250,0,24,9.183454635302915e+68
MULTI_BOUND_G,250,0,25,4.591727317651458e+68
MULTI_BOUND_G,250,0,26,2.295863658825729e+68
MULTI_BOUND_G,250,0,27,1.1479318294128644e+68
MULTI_BOUND_G,250,0,28,5.739659147064322e+67
MULTI_BOUND_G,250,0,29,2.869829573532161e+67
MULTI_BOUND_G,250,0,30,1.4349147867660805e+67
MULTI_BOUND_G,250,0,31,7.174573933830403e+66
MULTI_BOUND_G,250,0,32,3.587286966915201e+66
MULTI_BOUND_G,250,0,33,1.7936434834576007e+66
MULTI_BOUND_G,250,0,34,8.968217417288003e+65
MULTI_BOUND_G,250,0,35,4.484108708644002e+65
MULTI_BOUND_G,250,0,36,2.242054354322001e+65
MULTI_BOUND_G,250,0,37,1.1210271771610004e+65
MULTI_BOUND_G,250,0,38,5.605135885805002e+64
MULTI_BOUND_G,250,0,39,2.802567942902501e+64
MULTI_BOUND_G,250,0,40,1.4012839714512505e+64
MULTI_BOUND_G,250,0,41,7.006419857256253e+63
MULTI_BOUND_G,250,0,42,3.503209928628126e+63
MULTI_BOUND_G,250,0,43,1.751604964314063e+63
MULTI_BOUND_G,250,0,44,8.758024821570316e+62
MULTI_BOUND_G,250,0,45,4.379012410785158e+62
MULTI_BOUND_G,250,0,46,2.189506205392579e+62
MULTI_BOUND_G,250,0,47,1.0947531026962895e+62
MULTI_BOUND_G,250,0,48,5.473765513481447e+61
MULTI_BOUND_G,250,0,49,2.7368827567407237e+61
MULTI_BOUND_G,250,0,50,1.3684413783703618e+61
MULTI_BOUND_G,250,0,51,6.842206891851809e+60
MULTI_BOUND_G,250,0,52,3.4211034459259046e+60
MULTI_BOUND_G,250,0,53,1.7105517229629523e+60
MULTI_BOUND_G,250,0,54,8.552758614814762e+59
MULTI_BOUND_G,250,0,55,4.276379307407381e+59
MULTI_BOUND_G,250,0,56,2.1381896537036904e+59
MULTI_BOUND_G,250,0,57,1.0690948268518452e+59
MULTI_BOUND_G,250,0,58,5.345474134259226e+58
MULTI_BOUND_G,250,0,59,2.672737067129613e+58
MULTI_BOUND_G,250,0,60,1.3363685335648065e+58
MULTI_BOUND_G,250,0,61,6.681842667824032e+57
MULTI_BOUND_G,250,0,62,3.340921333912016e+57
MULTI_BOUND_G,250,0,63,1.670460666956008e+57
MULTI_BOUND_G,250,0,64,8.35230333478004e+56
MULTI_BOUND_G,250,0,65,4.17615166739002e+56
MULTI_BOUND_G,250,0,66,2.08807583369501e+56
MULTI_BOUND_G,250,0,67,1.044037916847505e+56
MULTI_BOUND_G,250,0,68,5.220189584237525e+55
MULTI_BOUND_G,250,0,69,2.6100947921187627e+55
MULTI_BOUND_G,250,0,70,1.3050473960593813e+55
MULTI_BOUND_G,250,0,71,6.525236980296907e+54
MULTI_BOUND_G,250,0,72,3.2626184901484533e+54
MULTI_BOUND_G,250,0,73,1.6313092450742267e+54
MULTI_BOUND_G,250,0,74,8.156546225371133e+53
MULTI_BOUND_G,250,0,75,4.078273112685567e+53
MULTI_BOUND_G,250,0,76,2.0391365563427833e+53
MULTI_BOUND_G,250,0,77,1.0195682781713917e+53
MULTI_BOUND_G,250,0,78,5.097841390856958e+52
MULTI_BOUND_G,250,0,79,2.548920695428479e+52
MULTI_BOUND_G,250,0,80,1.2744603477142396e+52
MULTI_BOUND_G,250,0,81,6.372301738571198e+51
MULTI_BOUND_G,250,0,82,3.186150869285599e+51
MULTI_BOUND_G,250,0,83,1.5930754346427995e+51
MULTI_BOUND_G,250,0,84,7.965377173213997e+50
MULTI_BOUND_G,250,0,85,3.982688586606999e+50
MULTI_BOUND_G,250,0,86,1.9913442933034994e+50
MULTI_BOUND_G,250,0,87,9.956721466517497e+49
MULTI_BOUND_G,250,0,88,4.978360733258748e+49
MULTI_BOUND_G,250,0,89,2.489180366629374e+49
MULTI_BOUND_G,250,0,90,1.244590183314687e+49
MULTI_BOUND_G,250,0,91,6.222950916573435e+48
MULTI_BOUND_G,250,0,92,3.111475458286718e+48
MULTI_BOUND_G,250,0,93,1.555737729143359e+48
MULTI_BOUND_G,250,0,94,7.778688645716794e+47
MULTI_BOUND_G,250,0,95,3.889344322858397e+47
MULTI_BOUND_G,250,0,96,1.9446721614291986e+47
MULTI_BOUND_G,250,0,97,9.723360807145993e+46
MULTI_BOUND_G,250,0,98,4.861680403572996e+46
MULTI_BOUND_G,250,0,99,2.430840201786498e+46
MULTI_BOUND_G,250,0,100,1.215420100893249e+46
MULTI_BOUND_G,250,0,101,6.077100504466246e+45
MULTI_BOUND_G,250,0,102,3.038550252233123e+45
MULTI_BOUND_G,250,0,103,1.5192751261165614e+45
MULTI_BOUND_G,250,0,104,7.596375630582807e+44
MULTI_BOUND_G,250,0,105,3.7981878152914035e+44
MULTI_BOUND_G,250,0,106,1.8990939076457017e+44
MULTI_BOUND_G,250,0,107,9.495469538228509e+43
MULTI_BOUND_G,250,0,108,4.747734769114254e+43
MULTI_BOUND_G,250,0,109,2.373867384557127e+43
MULTI_BOUND_G,250,0,110,1.1869336922785636e+43
MULTI_BOUND_G,250,0,111,5.934668461392818e+42
MULTI_BOUND_G,250,0,112,2.967334230696409e+42
MULTI_BOUND_G,250,0,113,1.4836671153482045e+42
MULTI_BOUND_G,250,0,114,7.418335576741022e+41
MULTI_BOUND_G,250,0,115,3.709167788370511e+41
MULTI_BOUND_G,250,0,116,1.8545838941852556e+41
MULTI_BOUND_G,250,0,117,9.272919470926278e+40
MULTI_BOUND_G,250,0,118,4.636459735463139e+40
MULTI_BOUND_G,250,0,119,2.3182298677315695e+40
MULTI_BOUND_G,250,0,120,1.1591149338657848e+40
MULTI_BOUND_G,250,0,121,5.795574669328924e+39
MULTI_BOUND_G,250,0,122,2.897787334664462e+39
MULTI_BOUND_G,250,0,123,1.448893667332231e+39
MULTI_BOUND_G,250,0,124,7.244468336661155e+38
MULTI_BOUND_G,250,0,125,3.622234168330577e+38
MULTI_BOUND_G,250,0,126,1.8111170841652887e+38
MULTI_BOUND_G,250,0,127,9.055585420826443e+37
MULTI_BOUND_G,250,0,128,4.527792710413222e+37
MULTI_BOUND_G,250,0,129,2.263896355206611e+37
MULTI_BOUND_G,250,0,130,1.1319481776033054e+37
MULTI_BOUND_G,250,0,131,5.659740888016527e+36
MULTI_BOUND_G,250,0,132,2.8298704440082636e+36
MULTI_BOUND_G,250,0,133,1.4149352220041318e+36
MULTI_BOUND_G,250,0,134,7.074676110020659e+35
MULTI_BOUND_G,250,0,135,3.5373380550103295e+35
MULTI_BOUND_G,250,0,136,1.7686690275051647e+35
MULTI_BOUND_G,250,0,137,8.843345137525824e+34
MULTI_BOUND_G,250,0,138,4.421672568762912e+34
MULTI_BOUND_G,250,0,139,2.210836284381456e+34
MULTI_BOUND_G,250,0,140,1.105418142190728e+34
MULTI_BOUND_G,250,1,0,10798.34393065348
MULTI_BOUND_G,250,1,1,6.670303375254075e+75
MULTI_BOUND_G,250,1,2,3.3351516876270376e+75
MULTI_BOUND_G,250,1,3,1.6675758438135188e+75
MULTI_BOUND_G,250,1,4,8.337879219067594e+74
MULTI_BOUND_G,250,1,5,4.168939609533797e+74
MULTI_BOUND_G,250,1,6,2.0844698047668985e+74
MULTI_BOUND_G,250,1,7,1.0422349023834492e+74
MULTI_BOUND_G,250,1,8,5.211174511917246e+73
MULTI_BOUND_G,250,1,9,2.605587255958623e+73
MULTI_BOUND_G,250,1,10,1.3027936279793116e+73
MULTI_BOUND_G,250,1,11,6.513968139896558e+72
MULTI_BOUND_G,250,1,12,3.256984069948279e+72
MULTI_BOUND_G,250,1,13,1.6284920349741394e+72
MULTI_BOUND_G,250,1,14,8.142460174870697e+71
MULTI_BOUND_G,250,1,15,4.0712300874353486e+71
MULTI_BOUND_G,250,1,16,2.0356150437176743e+71
MULTI_BOUND_G,250,1,17,1.0178075218588372e+71
MULTI_BOUND_G,250,1,18,5.089037609294186e+70
MULTI_BOUND_G,250,1,19,2.544518804647093e+70
MULTI_BOUND_G,250,1,20,1.2722594023235464e+70
MULTI_BOUND_G,250,1,21,6.361297011617732e+69
MULTI_BOUND_G,250,1,22,3.180648505808866e+69
MULTI_BOUND_G,250,1,23,1.590324252904433e+69
MULTI_BOUND_G,250,1,24,7.951621264522165e+68
MULTI_BOUND_G,250,1,25,3.9758106322610826e+68
MULTI_BOUND_G,250,1,26,1.9879053161305413e+68
MULTI_BOUND_G,250,1,27,9.939526580652707e+67
MULTI_BOUND_G,250,1,28,4.969763290326353e+67
MULTI_BOUND_G,250,1,29,2.4848816451631766e+67
MULTI_BOUND_G,250,1,30,1.2424408225815883e+67
MULTI_BOUND_G,250,1,31,6.2122041129079416e+66
MULTI_BOUND_G,250,1,32,3.1061020564539708e+66
MULTI_BOUND_G,250,1,33,1.5530510282269854e+66
MULTI_BOUND_G,250,1,34,7.765255141134927e+65
MULTI_BOUND_G,250,1,35,3.8826275705674635e+65
MULTI_BOUND_G,250,1,36,1.9413137852837318e+65
MULTI_BOUND_G,250,1,37,9.706568926418659e+64
MULTI_BOUND_G,250,1,38,4.8532844632093294e+64
MULTI_BOUND_G,250,1,39,2.4266422316046647e+64
MULTI_BOUND_G,250,1,40,1.2133211158023323e+64
MULTI_BOUND_G,250,1,41,6.066605579011662e+63
MULTI_BOUND_G,250,1,42,3.033302789505831e+63
MULTI_BOUND_G,250,1,43,1.5166513947529154e+63
MULTI_BOUND_G,250,1,44,7.583256973764577e+62
MULTI_BOUND_G,250,1,45,3.7916284868822886e+62
MULTI_BOUND_G,250,1,46,1.8958142434411443e+62
MULTI_BOUND_G,250,1,47,9.479071217205721e+61
MULTI_BOUND_G,250,1,48,4.739535608602861e+61
MULTI_BOUND_G,250,1,49,2.3697678043014304e+61
MULTI_BOUND_G,250,1,50,1.1848839021507152e+61
MULTI_BOUND_G,250,1,51,5.924419510753576e+60
MULTI_BOUND_G,250,1,52,2.962209755376788e+60
MULTI_BOUND_G,250,1,53,1.481104877688394e+60
MULTI_BOUND_G,250,1,54,7.40552438844197e+59
MULTI_BOUND_G,250,1,55,3.702762194220985e+59
MULTI_BOUND_G,250,1,56,1.8513810971104925e+59
MULTI_BOUND_G,250,1,57,9.256905485552462e+58
MULTI_BOUND_G,250,1,58,4.628452742776231e+58
MULTI_BOUND_G,250,1,59,2.3142263713881156e+58
MULTI_BOUND_G,250,1,60,1.1571131856940578e+58
MULTI_BOUND_G,250,1,61,5.785565928470289e+57
MULTI_BOUND_G,250,1,62,2.8927829642351445e+57
MULTI_BOUND_G,250,1,63,1.4463914821175722e+57
MULTI_BOUND_G,250,1,64,7.231957410587861e+56
MULTI_BOUND_G,250,1,65,3.6159787052939306e+56
MULTI_BOUND_G,250,1,66,1.8079893526469653e+56
MULTI_BOUND_G,250,1,67,9.039946763234827e+55
MULTI_BOUND_G,250,1,68,4.519973381617413e+55
MULTI_BOUND_G,250,1,69,2.2599866908087066e+55
MULTI_BOUND_G,250,1,70,1.1299933454043533e+55
MULTI_BOUND_G,250,1,71,5.6499667270217666e+54
MULTI_BOUND_G,250,1,72,2.8249833635108833e+54
MULTI_BOUND_G,250,1,73,1.4124916817554416e+54
MULTI_BOUND_G,250,1,74,7.062458408777208e+53
MULTI_BOUND_G,250,1,75,3.531229204388604e+53
MULTI_BOUND_G,250,1,76,1.765614602194302e+53
MULTI_BOUND_G,250,1,77,8.82807301097151e+52
MULTI_BOUND_G,250,1,78,4.414036505485755e+52
MULTI_BOUND_G,250,1,79,2.2070182527428776e+52
MULTI_BOUND_G,250,1,80,1.1035091263714388e+52
MULTI_BOUND_G,250,1,81,5.517545631857194e+51
MULTI_BOUND_G,250,1,82,2.758772815928597e+51
MULTI_BOUND_G,250,1,83,1.3793864079642985e+51
MULTI_BOUND_G,250,1,84,6.896932039821492e+50
MULTI_BOUND_G,250,1,85,3.448466019910746e+50
MULTI_BOUND_G,250,1,86,1.724233009955373e+50
MULTI_BOUND_G,250,1,87,8.621165049776866e+49
MULTI_BOUND_G,250,1,88,4.310582524888433e+49
MULTI_BOUND_G,250,1,89,2.1552912624442164e+49
MULTI_BOUND_G,250,1,90,1.0776456312221082e+49
MULTI_BOUND_G,250,1,91,5.388228156110541e+48
MULTI_BOUND_G,250,1,92,2.6941140780552705e+48
MULTI_BOUND_G,250,1,93,1.3470570390276352e+48
MULTI_BOUND_G,250,1,94,6.735285195138176e+47
MULTI_BOUND_G,250,1,95,3.367642597569088e+47
MULTI_BOUND_G,250,1,96,1.683821298784544e+47
MULTI_BOUND_G,250,1,97,8.41910649392272e+46
MULTI_BOUND_G,250,1,98,4.20955324696136e+46
MULTI_BOUND_G,250,1,99,2.10477662348068e+46
MULTI_BOUND_G,250,1,100,1.05238831174034e+46
MULTI_BOUND_G,250,1,101,5.2619415587017e+45
MULTI_BOUND_G,250,1,102,2.63097077935085e+45
MULTI_BOUND_G,250,1,103,1.315485389675425e+45
MULTI_BOUND_G,250,1,104,6.577426948377125e+44
MULTI_BOUND_G,250,1,105,3.2887134741885626e+44
MULTI_BOUND_G,250,1,106,1.6443567370942813e+44
MULTI_BOUND_G,250,1,107,8.221783685471406e+43
MULTI_BOUND_G,250,1,108,4.110891842735703e+43
MULTI_BOUND_G,250,1,109,2.0554459213678516e+43
MULTI_BOUND_G,250,1,110,1.0277229606839258e+43
MULTI_BOUND_G,250,1,111,5.138614803419629e+42
MULTI_BOUND_G,250,1,112,2.5693074017098145e+42
MULTI_BOUND_G,250,1,113,1.2846537008549073e+42
MULTI_BOUND_G,250,1,114,6.423268504274536e+41
MULTI_BOUND_G,250,1,115,3.211634252137268e+41
MULTI_BOUND_G,250,1,116,1.605817126068634e+41
MULTI_BOUND_G,250,1,117,8.02908563034317e+40
MULTI_BOUND_G,250,1,118,4.014542815171585e+40
MULTI_BOUND_G,250,1,119,2.0072714075857926e+40
MULTI_BOUND_G,250,1,120,1.0036357037928963e+40
MULTI_BOUND_G,250,1,121,5.0181785189644815e+39
MULTI_BOUND_G,250,1,122,2.5090892594822407e+39
MULTI_BOUND_G,250,1,123,1.2545446297411204e+39
MULTI_BOUND_G,250,1,124,6.272723148705602e+38
MULTI_BOUND_G,250,1,125,3.136361574352801e+38
MULTI_BOUND_G,250,1,126,1.5681807871764005e+38
MULTI_BOUND_G,250,1,127,7.840903935882002e+37
MULTI_BOUND_G,250,1,128,3.920451967941001e+37
MULTI_BOUND_G,250,1,129,1.9602259839705006e+37
MULTI_BOUND_G,250,1,130,9.801129919852503e+36
MULTI_BOUND_G,250,1,131,4.9005649599262515e+36
MULTI_BOUND_G,250,1,132,2.4502824799631257e+36
MULTI_BOUND_G,250,1,133,1.2251412399815629e+36
MULTI_BOUND_G,250,1,134,6.125706199907814e+35
MULTI_BOUND_G,250,1,135,3.062853099953907e+35
MULTI_BOUND_G,250,1,136,1.5314265499769536e+35
MULTI_BOUND_G,250,1,137,7.657132749884768e+34
MULTI_BOUND_G,250,1,138,3.828566374942384e+34
MULTI_BOUND_G,250,1,139,1.914283187471192e+34
MULTI_BOUND_G,250,1,140,9.57141593735596e+33
MULTI_BOUND_G,250,2,0,10645.401934095868
MULTI_BOUND_G,250,2,1,7.827253409100857e+75
MULTI_BOUND_G,250,2,2,3.913626704550429e+75
MULTI_BOUND_G,250,2,3,1.9568133522752143e+75
MULTI_BOUND_G,250,2,4,9.784066761376072e+74
MULTI_BOUND_G,250,2,5,4.892033380688036e+74
MULTI_BOUND_G,250,2,6,2.446016690344018e+74
MULTI_BOUND_G,250,2,7,1.223008345172009e+74
MULTI_BOUND_G,250,2,8,6.115041725860045e+73
MULTI_BOUND_G,250,2,9,3.0575208629300224e+73
MULTI_BOUND_G,250,2,10,1.5287604314650112e+73
MULTI_BOUND_G,250,2,11,7.643802157325056e+72
MULTI_BOUND_G,250,2,12,3.821901078662528e+72
MULTI_BOUND_G,250,2,13,1.910950539331264e+72
MULTI_BOUND_G,250,2,14,9.55475269665632e+71
MULTI_BOUND_G,250,2,15,4.77737634832816e+71
MULTI_BOUND_G,250,2,16,2.38868817416408e+71
MULTI_BOUND_G,250,2,17,1.19434408708204e+71
MULTI_BOUND_G,250,2,18,5.9717204354102e+70
MULTI_BOUND_G,250,2,19,2.9858602177051e+70
MULTI_BOUND_G,250,2,20,1.49293010885255e+70
MULTI_BOUND_G,250,2,21,7.46465054426275e+69
MULTI_BOUND_G,250,2,22,3.732325272131375e+69
MULTI_BOUND_G,250,2,23,1.8661626360656875e+69
MULTI_BOUND_G,250,2,24,9.330813180328437e+68
MULTI_BOUND_G,250,2,25,4.665406590164219e+68
MULTI_BOUND_G,250,2,26,2.3327032950821094e+68
MULTI_BOUND_G,250,2,27,1.1663516475410547e+68
MULTI_BOUND_G,250,2,28,5.831758237705273e+67
MULTI_BOUND_G,250,2,29,2.9158791188526367e+67
MULTI_BOUND_G,250,2,30,1.4579395594263183e+67
MULTI_BOUND_G,250,2,31,7.289697797131592e+66
MULTI_BOUND_G,250,2,32,3.644848898565796e+66
MULTI_BOUND_G,250,2,33,1.822424449282898e+66
MULTI_BOUND_G,250,2,34,9.11212224641449e+65
MULTI_BOUND_G,250,2,35,4.556061123207245e+65
MULTI_BOUND_G,250,2,36,2.2780305616036224e+65
MULTI_BOUND_G,250,2,37,1.1390152808018112e+65
MULTI_BOUND_G,250,2,38,5.695076404009056e+64
MULTI_BOUND_G,250,2,39,2.847538202004528e+64
MULTI_BOUND_G,250,2,40,1.423769101002264e+64
MULTI_BOUND_G,250,2,41,7.11884550501132e+63
MULTI_BOUND_G,250,2,42,3.55942275250566e+63
MULTI_BOUND_G,250,2,43,1.77971137625283e+63
MULTI_BOUND_G,250,2,44,8.89855688126415e+62
MULTI_BOUND_G,250,2,45,4.449278440632075e+62
MULTI_BOUND_G,250,2,46,2.2246392203160375e+62
MULTI_BOUND_G,250,2,47,1.1123196101580188e+62
MULTI_BOUND_G,250,2,48,5.561598050790094e+61
MULTI_BOUND_G,250,2,49,2.780799025395047e+61
MULTI_BOUND_G,250,2,50,1.3903995126975234e+61
MULTI_BOUND_G,250,2,51,6.951997563487617e+60
MULTI_BOUND_G,250,2,52,3.4759987817438086e+60
MULTI_BOUND_G,250,2,53,1.7379993908719043e+60
MULTI_BOUND_G,250,2,54,8.689996954359522e+59
MULTI_BOUND_G,250,2,55,4.344998477179761e+59
MULTI_BOUND_G,250,2,56,2.1724992385898804e+59
MULTI_BOUND_G,250,2,57,1.0862496192949402e+59
MULTI_BOUND_G,250,2,58,5.431248096474701e+58
MULTI_BOUND_G,250,2,59,2.7156240482373505e+58
MULTI_BOUND_G,250,2,60,1.3578120241186752e+58
MULTI_BOUND_G,250,2,61,6.789060120593376e+57
MULTI_BOUND_G,250,2,62,3.394530060296688e+57
MULTI_BOUND_G,250,2,63,1.697265030148344e+57
MULTI_BOUND_G,250,2,64,8.48632515074172e+56
MULTI_BOUND_G,250,2,65,4.24316257537086e+56
MULTI_BOUND_G,250,2,66,2.12158128768543e+56
MULTI_BOUND_G,250,2,67,1.060790643842715e+56
MULTI_BOUND_G,250,2,68,5.303953219213575e+55
MULTI_BOUND_G,250,2,69,2.6519766096067876e+55
MULTI_BOUND_G,250,2,70,1.3259883048033938e+55
MULTI_BOUND_G,250,2,71,6.629941524016969e+54
MULTI_BOUND_G,250,2,72,3.3149707620084845e+54
MULTI_BOUND_G,250,2,73,1.6574853810042422e+54
MULTI_BOUND_G,250,2,74,8.287426905021211e+53
MULTI_BOUND_G,250,2,75,4.143713452510606e+53
MULTI_BOUND_G,250,2,76,2.071856726255303e+53
MULTI_BOUND_G,250,2,77,1.0359283631276514e+53
MULTI_BOUND_G,250,2,78,5.179641815638257e+52
MULTI_BOUND_G,250,2,79,2.5898209078191285e+52
MULTI_BOUND_G,250,2,80,1.2949104539095642e+52
MULTI_BOUND_G,250,2,81,6.474552269547821e+51
MULTI_BOUND_G,250,2,82,3.2372761347739106e+51
MULTI_BOUND_G,250,2,83,1.6186380673869553e+51
MULTI_BOUND_G,250,2,84,8.093190336934777e+50
MULTI_BOUND_G,250,2,85,4.046595168467388e+50
MULTI_BOUND_G,250,2,86,2.023297584233694e+50
MULTI_BOUND_G,250,2,87,1.011648792116847e+50
MULTI_BOUND_G,250,2,88,5.058243960584235e+49
MULTI_BOUND_G,250,2,89,2.5291219802921177e+49
MULTI_BOUND_G,250,2,90,1.2645609901460588e+49
MULTI_BOUND_G,250,2,91,6.322804950730294e+48
MULTI_BOUND_G,250,2,92,3.161402475365147e+48
MULTI_BOUND_G,250,2,93,1.5807012376825735e+48
MULTI_BOUND_G,250,2,94,7.903506188412868e+47
MULTI_BOUND_G,250,2,95,3.951753094206434e+47
MULTI_BOUND_G,250,2,96,1.975876547103217e+47
MULTI_BOUND_G,250,2,97,9.879382735516085e+46
MULTI_BOUND_G,250,2,98,4.939691367758042e+46
MULTI_BOUND_G,250,2,99,2.469845683879021e+46
MULTI_BOUND_G,250,2,100,1.2349228419395106e+46
MULTI_BOUND_G,250,2,101,6.174614209697553e+45
MULTI_BOUND_G,250,2,102,3.0873071048487765e+45
MULTI_BOUND_G,250,2,103,1.5436535524243882e+45
MULTI_BOUND_G,250,2,104,7.718267762121941e+44
MULTI_BOUND_G,250,2,105,3.8591338810609706e+44
MULTI_BOUND_G,250,2,106,1.9295669405304853e+44
MULTI_BOUND_G,250,2,107,9.647834702652426e+43
MULTI_BOUND_G,250,2,108,4.823917351326213e+43
MULTI_BOUND_G,250,2,109,2.4119586756631066e+43
MULTI_BOUND_G,250,2,110,1.2059793378315533e+43
MULTI_BOUND_G,250,2,111,6.029896689157767e+42
MULTI_BOUND_G,250,2,112,3.014948344578883e+42
MULTI_BOUND_G,250,2,113,1.5074741722894416e+42
MULTI_BOUND_G,250,2,114,7.537370861447208e+41
MULTI_BOUND_G,250,2,115,3.768685430723604e+41
MULTI_BOUND_G,250,2,116,1.884342715361802e+41
MULTI_BOUND_G,250,2,117,9.42171357680901e+40
MULTI_BOUND_G,250,2,118,4.710856788404505e+40
MULTI_BOUND_G,250,2,119,2.3554283942022525e+40
MULTI_BOUND_G,250,2,120,1.1777141971011263e+40
MULTI_BOUND_G,250,2,121,5.888570985505631e+39
MULTI_BOUND_G,250,2,122,2.9442854927528157e+39
MULTI_BOUND_G,250,2,123,1.4721427463764078e+39
MULTI_BOUND_G,250,2,124,7.360713731882039e+38
MULTI_BOUND_G,250,2,125,3.6803568659410196e+38
MULTI_BOUND_G,250,2,126,1.8401784329705098e+38
MULTI_BOUND_G,250,2,127,9.200892164852549e+37
MULTI_BOUND_G,250,2,128,4.6004460824262745e+37
MULTI_BOUND_G,250,2,129,2.3002230412131373e+37
MULTI_BOUND_G,250,2,130,1.1501115206065686e+37
MULTI_BOUND_G,250,2,131,5.750557603032843e+36
MULTI_BOUND_G,250,2,132,2.8752788015164216e+36
MULTI_BOUND_G,250,2,133,1.4376394007582108e+36
MULTI_BOUND_G,250,2,134,7.188197003791054e+35
MULTI_BOUND_G,250,2,135,3.594098501895527e+35
MULTI_BOUND_G,250,2,136,1.7970492509477635e+35
MULTI_BOUND_G,250,2,137,8.985246254738817e+34
MULTI_BOUND_G,250,2,138,4.492623127369409e+34
MULTI_BOUND_G,250,2,139,2.2463115636847043e+34
MULTI_BOUND_G,250,2,140,1.1231557818423522e+34
MULTI_BOUND_G,250,3,0,10206.728530176748
MULTI_BOUND_G,250,3,1,1.0810728491150935e+76
MULTI_BOUND_G,250,3,2,5.405364245575468e+75
MULTI_BOUND_G,250,3,3,2.702682122787734e+75
MULTI_BOUND_G,250,3,4,1.351341061393867e+75
MULTI_BOUND_G,250,3,5,6.756705306969335e+74
MULTI_BOUND_G,250,3,6,3.3783526534846673e+74
MULTI_BOUND_G,250,3,7,1.6891763267423337e+74
MULTI_BOUND_G,250,3,8,8.445881633711668e+73
MULTI_BOUND_G,250,3,9,4.222940816855834e+73
MULTI_BOUND_G,250,3,10,2.111470408427917e+73
MULTI_BOUND_G,250,3,11,1.0557352042139585e+73
MULTI_BOUND_G,250,3,12,5.278676021069793e+72
MULTI_BOUND_G,250,3,13,2.6393380105348964e+72
MULTI_BOUND_G,250,3,14,1.3196690052674482e+72
MULTI_BOUND_G,250,3,15,6.598345026337241e+71
MULTI_BOUND_G,250,3,16,3.2991725131686204e+71
MULTI_BOUND_G,250,3,17,1.6495862565843102e+71
MULTI_BOUND_G,250,3,18,8.247931282921551e+70
MULTI_BOUND_G,250,3,19,4.1239656414607756e+70
MULTI_BOUND_G,250,3,20,2.0619828207303878e+70
MULTI_BOUND_G,250,3,21,1.0309914103651939e+70
MULTI_BOUND_G,250,3,22,5.1549570518259694e+69
MULTI_BOUND_G,250,3,23,2.5774785259129847e+69
MULTI_BOUND_G,250,3,24,1.2887392629564924e+69
MULTI_BOUND_G,250,3,25,6.443696314782462e+68
MULTI_BOUND_G,250,3,26,3.221848157391231e+68
MULTI_BOUND_G,250,3,27,1.6109240786956155e+68
MULTI_BOUND_G,250,3,28,8.054620393478077e+67
MULTI_BOUND_G,250,3,29,4.0273101967390386e+67
MULTI_BOUND_G,250,3,30,2.0136550983695193e+67
MULTI_BOUND_G,250,3,31,1.0068275491847597e+67
MULTI_BOUND_G,250,3,32,5.034137745923798e+66
MULTI_BOUND_G,250,3,33,2.517068872961899e+66
MULTI_BOUND_G,250,3,34,1.2585344364809496e+66
MULTI_BOUND_G,250,3,35,6.292672182404748e+65
MULTI_BOUND_G,250,3,36,3.146336091202374e+65
MULTI_BOUND_G,250,3,37,1.573168045601187e+65
MULTI_BOUND_G,250,3,38,7.865840228005935e+64
MULTI_BOUND_G,250,3,39,3.9329201140029674e+64
MULTI_BOUND_G,250,3,40,1.9664600570014837e+64
MULTI_BOUND_G,250,3,41,9.832300285007419e+63
MULTI_BOUND_G,250,3,42,4.916150142503709e+63
MULTI_BOUND_G,250,3,43,2.4580750712518546e+63
MULTI_BOUND_G,250,3,44,1.2290375356259273e+63
MULTI_BOUND_G,250,3,45,6.145187678129637e+62
MULTI_BOUND_G,250,3,46,3.0725938390648183e+62
MULTI_BOUND_G,250,3,47,1.5362969195324091e+62
MULTI_BOUND_G,250,3,48,7.681484597662046e+61
MULTI_BOUND_G,250,3,49,3.840742298831023e+61
MULTI_BOUND_G,250,3,50,1.9203711494155114e+61
MULTI_BOUND_G,250,3,51,9.601855747077557e+60
MULTI_BOUND_G,250,3,52,4.8009278735387786e+60
MULTI_BOUND_G,250,3,53,2.4004639367693893e+60
MULTI_BOUND_G,250,3,54,1.2002319683846946e+60
MULTI_BOUND_G,250,3,55,6.001159841923473e+59
MULTI_BOUND_G,250,3,56,3.0005799209617366e+59
MULTI_BOUND_G,250,3,57,1.5002899604808683e+59
MULTI_BOUND_G,250,3,58,7.501449802404342e+58
MULTI_BOUND_G,250,3,59,3.750724901202171e+58
MULTI_BOUND_G,250,3,60,1.8753624506010854e+58
MULTI_BOUND_G,250,3,61,9.376812253005427e+57
MULTI_BOUND_G,250,3,62,4.6884061265027135e+57
MULTI_BOUND_G,250,3,63,2.3442030632513567e+57
MULTI_BOUND_G,250,3,64,1.1721015316256784e+57
MULTI_BOUND_G,250,3,65,5.860507658128392e+56
MULTI_BOUND_G,250,3,66,2.930253829064196e+56
MULTI_BOUND_G,250,3,67,1.465126914532098e+56
MULTI_BOUND_G,250,3,68,7.32563457266049e+55
MULTI_BOUND_G,250,3,69,3.662817286330245e+55
MULTI_BOUND_G,250,3,70,1.8314086431651224e+55
MULTI_BOUND_G,250,3,71,9.157043215825612e+54
MULTI_BOUND_G,250,3,72,4.578521607912806e+54
MULTI_BOUND_G,250,3,73,2.289260803956403e+54
MULTI_BOUND_G,250,3,74,1.1446304019782015e+54
MULTI_BOUND_G,250,3,75,5.723152009891008e+53
MULTI_BOUND_G,250,3,76,2.861576004945504e+53
MULTI_BOUND_G,250,3,77,1.430788002472752e+53
MULTI_BOUND_G,250,3,78,7.15394001236376e+52
MULTI_BOUND_G,250,3,79,3.57697000618188e+52
MULTI_BOUND_G,250,3,80,1.78848500309094e+52
MULTI_BOUND_G,250,3,81,8.9424250154547e+51
MULTI_BOUND_G,250,3,82,4.47121250772735e+51
MULTI_BOUND_G,250,3,83,2.235606253863675e+51
MULTI_BOUND_G,250,3,84,1.1178031269318374e+51
MULTI_BOUND_G,250,3,85,5.589015634659187e+50
MULTI_BOUND_G,250,3,86,2.7945078173295936e+50
MULTI_BOUND_G,250,3,87,1.3972539086647968e+50
MULTI_BOUND_G,250,3,88,6.986269543323984e+49
MULTI_BOUND_G,250,3,89,3.493134771661992e+49
MULTI_BOUND_G,250,3,90,1.746567385830996e+49
MULTI_BOUND_G,250,3,91,8.73283692915498e+48
MULTI_BOUND_G,250,3,92,4.36641846457749e+48
MULTI_BOUND_G,250,3,93,2.183209232288745e+48
MULTI_BOUND_G,250,3,94,1.0916046161443725e+48
MULTI_BOUND_G,250,3,95,5.4580230807218624e+47
MULTI_BOUND_G,250,3,96,2.7290115403609312e+47
MULTI_BOUND_G,250,3,97,1.3645057701804656e+47
MULTI_BOUND_G,250,3,98,6.822528850902328e+46
MULTI_BOUND_G,250,3,99,3.411264425451164e+46
MULTI_BOUND_G,250,3,100,1.705632212725582e+46
MULTI_BOUND_G,250,3,101,8.52816106362791e+45
MULTI_BOUND_G,250,3,102,4.264080531813955e+45
MULTI_BOUND_G,250,3,103,2.1320402659069775e+45
MULTI_BOUND_G,250,3,104,1.0660201329534888e+45
MULTI_BOUND_G,250,3,105,5.330100664767444e+44
MULTI_BOUND_G,250,3,106,2.665050332383722e+44
MULTI_BOUND_G,250,3,107,1.332525166191861e+44
MULTI_BOUND_G,250,3,108,6.662625830959305e+43
MULTI_BOUND_G,250,3,109,3.3313129154796524e+43
MULTI_BOUND_G,250,3,110,1.6656564577398262e+43
MULTI_BOUND_G,250,3,111,8.328282288699131e+42
MULTI_BOUND_G,250,3,112,4.1641411443495655e+42
MULTI_BOUND_G,250,3,113,2.0820705721747827e+42
MULTI_BOUND_G,250,3,114,1.0410352860873914e+42
MULTI_BOUND_G,250,3,115,5.205176430436957e+41
MULTI_BOUND_G,250,3,116,2.6025882152184784e+41
MULTI_BOUND_G,250,3,117,1.3012941076092392e+41
MULTI_BOUND_G,250,3,118,6.506470538046196e+40
MULTI_BOUND_G,250,3,119,3.253235269023098e+40
MULTI_BOUND_G,250,3,120,1.626617634511549e+40
MULTI_BOUND_G,250,3,121,8.133088172557745e+39
MULTI_BOUND_G,250,3,122,4.0665440862788725e+39
MULTI_BOUND_G,250,3,123,2.0332720431394363e+39
MULTI_BOUND_G,250,3,124,1.0166360215697181e+39
MULTI_BOUND_G,250,3,125,5.083180107848591e+38
MULTI_BOUND_G,250,3,126,2.5415900539242953e+38
MULTI_BOUND_G,250,3,127,1.2707950269621477e+38
MULTI_BOUND_G,250,3,128,6.353975134810738e+37
MULTI_BOUND_G,250,3,129,3.176987567405369e+37
MULTI_BOUND_G,250,3,130,1.5884937837026846e+37
MULTI_BOUND_G,250,3,131,7.942468918513423e+36
MULTI_BOUND_G,250,3,132,3.9712344592567115e+36
MULTI_BOUND_G,250,3,133,1.9856172296283557e+36
MULTI_BOUND_G,250,3,134,9.928086148141779e+35
MULTI_BOUND_G,250,3,135,4.964043074070889e+35
MULTI_BOUND_G,250,3,136,2.4820215370354447e+35
MULTI_BOUND_G,250,3,137,1.2410107685177223e+35
MULTI_BOUND_G,250,3,138,6.205053842588612e+34
MULTI_BOUND_G,250,3,139,3.102526921294306e+34
MULTI_BOUND_G,250,3,140,1.551263460647153e+34
MULTI_BOUND_G,250,4,0,10970.402332259488
MULTI_BOUND_G,250,4,1,9.717753733088735e+75
MULTI_BOUND_G,250,4,2,4.858876866544367e+75
MULTI_BOUND_G,250,4,3,2.4294384332721837e+75
MULTI_BOUND_G,250,4,4,1.2147192166360918e+75
MULTI_BOUND_G,250,4,5,6.073596083180459e+74
MULTI_BOUND_G,250,4,6,3.0367980415902296e+74
MULTI_BOUND_G,250,4,7,1.5183990207951148e+74
MULTI_BOUND_G,250,4,8,7.591995103975574e+73
MULTI_BOUND_G,250,4,9,3.795997551987787e+73
MULTI_BOUND_G,250,4,10,1.8979987759938935e+73
MULTI_BOUND_G,250,4,11,9.489993879969468e+72
MULTI_BOUND_G,250,4,12,4.744996939984734e+72
MULTI_BOUND_G,250,4,13,2.372498469992367e+72
MULTI_BOUND_G,250,4,14,1.1862492349961834e+72
MULTI_BOUND_G,250,4,15,5.931246174980917e+71
MULTI_BOUND_G,250,4,16,2.9656230874904586e+71
MULTI_BOUND_G,250,4,17,1.4828115437452293e+71
MULTI_BOUND_G,250,4,18,7.414057718726147e+70
MULTI_BOUND_G,250,4,19,3.707028859363073e+70
MULTI_BOUND_G,250,4,20,1.8535144296815366e+70
MULTI_BOUND_G,250,4,21,9.267572148407683e+69
MULTI_BOUND_G,250,4,22,4.6337860742038416e+69
MULTI_BOUND_G,250,4,23,2.3168930371019208e+69
MULTI_BOUND_G,250,4,24,1.1584465185509604e+69
MULTI_BOUND_G,250,4,25,5.792232592754802e+68
MULTI_BOUND_G,250,4,26,2.896116296377401e+68
MULTI_BOUND_G,250,4,27,1.4480581481887005e+68
MULTI_BOUND_G,250,4,28,7.240290740943502e+67
MULTI_BOUND_G,250,4,29,3.620145370471751e+67
MULTI_BOUND_G,250,4,30,1.8100726852358756e+67
MULTI_BOUND_G,250,4,31,9.050363426179378e+66
MULTI_BOUND_G,250,4,32,4.525181713089689e+66
MULTI_BOUND_G,250,4,33,2.2625908565448445e+66
MULTI_BOUND_G,250,4,34,1.1312954282724223e+66
MULTI_BOUND_G,250,4,35,5.656477141362111e+65
MULTI_BOUND_G,250,4,36,2.8282385706810557e+65
MULTI_BOUND_G,250,4,37,1.4141192853405278e+65
MULTI_BOUND_G,250,4,38,7.070596426702639e+64
MULTI_BOUND_G,250,4,39,3.5352982133513196e+64
MULTI_BOUND_G,250,4,40,1.7676491066756598e+64
MULTI_BOUND_G,250,4,41,8.838245533378299e+63
MULTI_BOUND_G,250,4,42,4.4191227666891495e+63
MULTI_BOUND_G,250,4,43,2.2095613833445747e+63
MULTI_BOUND_G,250,4,44,1.1047806916722874e+63
MULTI_BOUND_G,250,4,45,5.523903458361437e+62
MULTI_BOUND_G,250,4,46,2.7619517291807184e+62
MULTI_BOUND_G,250,4,47,1.3809758645903592e+62
MULTI_BOUND_G,250,4,48,6.904879322951796e+61
MULTI_BOUND_G,250,4,49,3.452439661475898e+61
MULTI_BOUND_G,250,4,50,1.726219830737949e+61
MULTI_BOUND_G,250,4,51,8.631099153689745e+60
MULTI_BOUND_G,250,4,52,4.3155495768448725e+60
MULTI_BOUND_G,250,4,53,2.1577747884224363e+60
MULTI_BOUND_G,250,4,54,1.0788873942112181e+60
MULTI_BOUND_G,250,4,55,5.394436971056091e+59
MULTI_BOUND_G,250,4,56,2.6972184855280453e+59
MULTI_BOUND_G,250,4,57,1.3486092427640227e+59
MULTI_BOUND_G,250,4,58,6.743046213820113e+58
MULTI_BOUND_G,250,4,59,3.3715231069100567e+58
MULTI_BOUND_G,250,4,60,1.6857615534550283e+58
MULTI_BOUND_G,250,4,61,8.428807767275142e+57
MULTI_BOUND_G,250,4,62,4.214403883637571e+57
MULTI_BOUND_G,250,4,63,2.1072019418187854e+57
MULTI_BOUND_G,250,4,64,1.0536009709093927e+57
MULTI_BOUND_G,250,4,65,5.2680048545469635e+56
MULTI_BOUND_G,250,4,66,2.6340024272734818e+56
MULTI_BOUND_G,250,4,67,1.3170012136367409e+56
MULTI_BOUND_G,250,4,68,6.585006068183704e+55
MULTI_BOUND_G,250,4,69,3.292503034091852e+55
MULTI_BOUND_G,250,4,70,1.646251517045926e+55
MULTI_BOUND_G,250,4,71,8.23125758522963e+54
MULTI_BOUND_G,250,4,72,4.115628792614815e+54
MULTI_BOUND_G,250,4,73,2.0578143963074076e+54
MULTI_BOUND_G,250,4,74,1.0289071981537038e+54
MULTI_BOUND_G,250,4,75,5.144535990768519e+53
MULTI_BOUND_G,250,4,76,2.5722679953842595e+53
MULTI_BOUND_G,250,4,77,1.2861339976921298e+53
MULTI_BOUND_G,250,4,78,6.430669988460649e+52
MULTI_BOUND_G,250,4,79,3.2153349942303244e+52
MULTI_BOUND_G,250,4,80,1.6076674971151622e+52
MULTI_BOUND_G,250,4,81,8.038337485575811e+51
MULTI_BOUND_G,250,4,82,4.0191687427879055e+51
MULTI_BOUND_G,250,4,83,2.0095843713939528e+51
MULTI_BOUND_G,250,4,84,1.0047921856969764e+51
MULTI_BOUND_G,250,4,85,5.023960928484882e+50
MULTI_BOUND_G,250,4,86,2.511980464242441e+50
MULTI_BOUND_G,250,4,87,1.2559902321212205e+50
MULTI_BOUND_G,250,4,88,6.279951160606102e+49
MULTI_BOUND_G,250,4,89,3.139975580303051e+49
MULTI_BOUND_G,250,4,90,1.5699877901515256e+49
MULTI_BOUND_G,250,4,91,7.849938950757628e+48
MULTI_BOUND_G,250,4,92,3.924969475378814e+48
MULTI_BOUND_G,250,4,93,1.962484737689407e+48
MULTI_BOUND_G,250,4,94,9.812423688447035e+47
MULTI_BOUND_G,250,4,95,4.9062118442235175e+47
MULTI_BOUND_G,250,4,96,2.4531059221117587e+47
MULTI_BOUND_G,250,4,97,1.2265529610558794e+47
MULTI_BOUND_G,250,4,98,6.132764805279397e+46
MULTI_BOUND_G,250,4,99,3.0663824026396984e+46
MULTI_BOUND_G,250,4,100,1.5331912013198492e+46
MULTI_BOUND_G,250,4,101,7.665956006599246e+45
MULTI_BOUND_G,250,4,102,3.832978003299623e+45
MULTI_BOUND_G,250,4,103,1.9164890016498115e+45
MULTI_BOUND_G,250,4,104,9.582445008249058e+44
MULTI_BOUND_G,250,4,105,4.791222504124529e+44
MULTI_BOUND_G,250,4,106,2.3956112520622644e+44
MULTI_BOUND_G,250,4,107,1.1978056260311322e+44
MULTI_BOUND_G,250,4,108,5.989028130155661e+43
MULTI_BOUND_G,250,4,109,2.9945140650778305e+43
MULTI_BOUND_G,250,4,110,1.4972570325389152e+43
MULTI_BOUND_G,250,4,111,7.486285162694576e+42
MULTI_BOUND_G,250,4,112,3.743142581347288e+42
MULTI_BOUND_G,250,4,113,1.871571290673644e+42
MULTI_BOUND_G,250,4,114,9.35785645336822e+41
MULTI_BOUND_G,250,4,115,4.67892822668411e+41
MULTI_BOUND_G,250,4,116,2.339464113342055e+41
MULTI_BOUND_G,250,4,117,1.1697320566710275e+41
MULTI_BOUND_G,250,4,118,5.848660283355138e+40
MULTI_BOUND_G,250,4,119,2.924330141677569e+40
MULTI_BOUND_G,250,4,120,1.4621650708387844e+40
MULTI_BOUND_G,250,4,121,7.310825354193922e+39
MULTI_BOUND_G,250,4,122,3.655412677096961e+39
MULTI_BOUND_G,250,4,123,1.8277063385484805e+39
MULTI_BOUND_G,250,4,124,9.138531692742403e+38
MULTI_BOUND_G,250,4,125,4.569265846371201e+38
MULTI_BOUND_G,250,4,126,2.2846329231856007e+38
MULTI_BOUND_G,250,4,127,1.1423164615928003e+38
MULTI_BOUND_G,250,4,128,5.711582307964002e+37
MULTI_BOUND_G,250,4,129,2.855791153982001e+37
MULTI_BOUND_G,250,4,130,1.4278955769910004e+37
MULTI_BOUND_G,250,4,131,7.139477884955002e+36
MULTI_BOUND_G,250,4,132,3.569738942477501e+36
MULTI_BOUND_G,250,4,133,1.7848694712387505e+36
MULTI_BOUND_G,250,4,134,8.924347356193753e+35
MULTI_BOUND_G,250,4,135,4.462173678096876e+35
MULTI_BOUND_G,250,4,136,2.231086839048438e+35
MULTI_BOUND_G,250,4,137,1.115543419524219e+35
MULTI_BOUND_G,250,4,138,5.577717097621095e+34
MULTI_BOUND_G,250,4,139,2.7888585488105477e+34
MULTI_BOUND_G,250,4,140,1.3944292744052738e+34
MULTI_BOUND_G,250,5,0,11026.759763552976
MULTI_BOUND_G,250,5,1,1.1982036175412582e+76
MULTI_BOUND_G,250,5,2,5.991018087706291e+75
MULTI_BOUND_G,250,5,3,2.9955090438531455e+75
MULTI_BOUND_G,250,5,4,1.4977545219265727e+75
MULTI_BOUND_G,250,5,5,7.488772609632864e+74
MULTI_BOUND_G,250,5,6,3.744386304816432e+74
MULTI_BOUND_G,250,5,7,1.872193152408216e+74
MULTI_BOUND_G,250,5,8,9.36096576204108e+73
MULTI_BOUND_G,250,5,9,4.68048288102054e+73
MULTI_BOUND_G,250,5,10,2.34024144051027e+73
MULTI_BOUND_G,250,5,11,1.170120720255135e+73
MULTI_BOUND_G,250,5,12,5.850603601275675e+72
MULTI_BOUND_G,250,5,13,2.9253018006378374e+72
MULTI_BOUND_G,250,5,14,1.4626509003189187e+72
MULTI_BOUND_G,250,5,15,7.313254501594593e+71
MULTI_BOUND_G,250,5,16,3.6566272507972967e+71
MULTI_BOUND_G,250,5,17,1.8283136253986484e+71
MULTI_BOUND_G,250,5,18,9.141568126993242e+70
MULTI_BOUND_G,250,5,19,4.570784063496621e+70
MULTI_BOUND_G,250,5,20,2.2853920317483105e+70
MULTI_BOUND_G,250,5,21,1.1426960158741552e+70
MULTI_BOUND_G,250,5,22,5.713480079370776e+69
MULTI_BOUND_G,250,5,23,2.856740039685388e+69
MULTI_BOUND_G,250,5,24,1.428370019842694e+69
MULTI_BOUND_G,250,5,25,7.14185009921347e+68
MULTI_BOUND_G,250,5,26,3.570925049606735e+68
MULTI_BOUND_G,250,5,27,1.7854625248033675e+68
MULTI_BOUND_G,250,5,28,8.927312624016838e+67
MULTI_BOUND_G,250,5,29,4.463656312008419e+67
MULTI_BOUND_G,250,5,30,2.2318281560042094e+67
MULTI_BOUND_G,250,5,31,1.1159140780021047e+67
MULTI_BOUND_G,250,5,32,5.5795703900105236e+66
MULTI_BOUND_G,250,5,33,2.7897851950052618e+66
MULTI_BOUND_G,250,5,34,1.3948925975026309e+66
MULTI_BOUND_G,250,5,35,6.974462987513154e+65
MULTI_BOUND_G,250,5,36,3.487231493756577e+65
MULTI_BOUND_G,250,5,37,1.7436157468782886e+65
MULTI_BOUND_G,250,5,38,8.718078734391443e+64
MULTI_BOUND_G,250,5,39,4.3590393671957215e+64
MULTI_BOUND_G,250,5,40,2.1795196835978608e+64
MULTI_BOUND_G,250,5,41,1.0897598417989304e+64
MULTI_BOUND_G,250,5,42,5.448799208994652e+63
MULTI_BOUND_G,250,5,43,2.724399604497326e+63
MULTI_BOUND_G,250,5,44,1.362199802248663e+63
MULTI_BOUND_G,250,5,45,6.810999011243315e+62
MULTI_BOUND_G,250,5,46,3.4054995056216574e+62
MULTI_BOUND_G,250,5,47,1.7027497528108287e+62
MULTI_BOUND_G,250,5,48,8.513748764054144e+61
MULTI_BOUND_G,250,5,49,4.256874382027072e+61
MULTI_BOUND_G,250,5,50,2.128437191013536e+61
MULTI_BOUND_G,250,5,51,1.064218595506768e+61
MULTI_BOUND_G,250,5,52,5.32109297753384e+60
MULTI_BOUND_G,250,5,53,2.66054648876692e+60
MULTI_BOUND_G,250,5,54,1.33027324438346e+60
MULTI_BOUND_G,250,5,55,6.6513662219173e+59
MULTI_BOUND_G,250,5,56,3.32568311095865e+59
MULTI_BOUND_G,250,5,57,1.662841555479325e+59
MULTI_BOUND_G,250,5,58,8.314207777396625e+58
MULTI_BOUND_G,250,5,59,4.1571038886983123e+58
MULTI_BOUND_G,250,5,60,2.0785519443491562e+58
MULTI_BOUND_G,250,5,61,1.0392759721745781e+58
MULTI_BOUND_G,250,5,62,5.1963798608728904e+57
MULTI_BOUND_G,250,5,63,2.5981899304364452e+57
MULTI_BOUND_G,250,5,64,1.2990949652182226e+57
MULTI_BOUND_G,250,5,65,6.495474826091113e+56
MULTI_BOUND_G,250,5,66,3.2477374130455565e+56
MULTI_BOUND_G,250,5,67,1.6238687065227782e+56
MULTI_BOUND_G,250,5,68,8.119343532613891e+55
MULTI_BOUND_G,250,5,69,4.0596717663069456e+55
MULTI_BOUND_G,250,5,70,2.0298358831534728e+55
MULTI_BOUND_G,250,5,71,1.0149179415767364e+55
MULTI_BOUND_G,250,5,72,5.074589707883682e+54
MULTI_BOUND_G,250,5,73,2.537294853941841e+54
MULTI_BOUND_G,250,5,74,1.2686474269709205e+54
MULTI_BOUND_G,250,5,75,6.3432371348546025e+53
MULTI_BOUND_G,250,5,76,3.1716185674273013e+53
MULTI_BOUND_G,250,5,77,1.5858092837136506e+53
MULTI_BOUND_G,250,5,78,7.929046418568253e+52
MULTI_BOUND_G,250,5,79,3.9645232092841266e+52
MULTI_BOUND_G,250,5,80,1.9822616046420633e+52
MULTI_BOUND_G,250,5,81,9.911308023210316e+51
MULTI_BOUND_G,250,5,82,4.955654011605158e+51
MULTI_BOUND_G,250,5,83,2.477827005802579e+51
MULTI_BOUND_G,250,5,84,1.2389135029012896e+51
MULTI_BOUND_G,250,5,85,6.194567514506448e+50
MULTI_BOUND_G,250,5,86,3.097283757253224e+50
MULTI_BOUND_G,250,5,87,1.548641878626612e+50
MULTI_BOUND_G,250,5,88,7.74320939313306e+49
MULTI_BOUND_G,250,5,89,3.87160469656653e+49
MULTI_BOUND_G,250,5,90,1.935802348283265e+49
MULTI_BOUND_G,250,5,91,9.679011741416325e+48
MULTI_BOUND_G,250,5,92,4.8395058707081623e+48
MULTI_BOUND_G,250,5,93,2.4197529353540812e+48
MULTI_BOUND_G,250,5,94,1.2098764676770406e+48
MULTI_BOUND_G,250,5,95,6.049382338385203e+47
MULTI_BOUND_G,250,5,96,3.0246911691926015e+47
MULTI_BOUND_G,250,5,97,1.5123455845963007e+47
MULTI_BOUND_G,250,5,98,7.561727922981504e+46
MULTI_BOUND_G,250,5,99,3.780863961490752e+46
MULTI_BOUND_G,250,5,100,1.890431980745376e+46
MULTI_BOUND_G,250,5,101,9.45215990372688e+45
MULTI_BOUND_G,250,5,102,4.72607995186344e+45
MULTI_BOUND_G,250,5,103,2.36303997593172e+45
MULTI_BOUND_G,250,5,104,1.18151998796586e+45
MULTI_BOUND_G,250,5,105,5.9075999398293e+44
MULTI_BOUND_G,250,5,106,2.95379996991465e+44
MULTI_BOUND_G,250,5,107,1.476899984957325e+44
MULTI_BOUND_G,250,5,108,7.384499924786625e+43
MULTI_BOUND_G,250,5,109,3.6922499623933123e+43
MULTI_BOUND_G,250,5,110,1.8461249811966562e+43
MULTI_BOUND_G,250,5,111,9.230624905983281e+42
MULTI_BOUND_G,250,5,112,4.6153124529916404e+42
MULTI_BOUND_G,250,5,113,2.3076562264958202e+42
MULTI_BOUND_G,250,5,114,1.1538281132479101e+42
MULTI_BOUND_G,250,5,115,5.7691405662395505e+41
MULTI_BOUND_G,250,5,116,2.8845702831197753e+41
MULTI_BOUND_G,250,5,117,1.4422851415598876e+41
MULTI_BOUND_G,250,5,118,7.211425707799438e+40
MULTI_BOUND_G,250,5,119,3.605712853899719e+40
MULTI_BOUND_G,250,5,120,1.8028564269498595e+40
MULTI_BOUND_G,250,5,121,9.014282134749298e+39
MULTI_BOUND_G,250,5,122,4.507141067374649e+39
MULTI_BOUND_G,250,5,123,2.2535705336873244e+39
MULTI_BOUND_G,250,5,124,1.1267852668436622e+39
MULTI_BOUND_G,250,5,125,5.633926334218311e+38
MULTI_BOUND_G,250,5,126,2.8169631671091555e+38
MULTI_BOUND_G,250,5,127,1.4084815835545778e+38
MULTI_BOUND_G,250,5,128,7.042407917772889e+37
MULTI_BOUND_G,250,5,129,3.5212039588864444e+37
MULTI_BOUND_G,250,5,130,1.7606019794432222e+37
MULTI_BOUND_G,250,5,131,8.803009897216111e+36
MULTI_BOUND_G,250,5,132,4.4015049486080555e+36
MULTI_BOUND_G,250,5,133,2.2007524743040278e+36
MULTI_BOUND_G,250,5,134,1.1003762371520139e+36
MULTI_BOUND_G,250,5,135,5.5018811857600694e+35
MULTI_BOUND_G,250,5,136,2.7509405928800347e+35
MULTI_BOUND_G,250,5,137,1.3754702964400173e+35
MULTI_BOUND_G,250,5,138,6.877351482200087e+34
MULTI_BOUND_G,250,5,139,3.4386757411000434e+34
MULTI_BOUND_G,250,5,140,1.7193378705500217e+34
MULTI_BOUND_G,250,6,0,10456.992937817713
MULTI_BOUND_G,250,6,1,8.361765740663846e+75
MULTI_BOUND_G,250,6,2,4.180882870331923e+75
MULTI_BOUND_G,250,6,3,2.0904414351659615e+75
MULTI_BOUND_G,250,6,4,1.0452207175829808e+75
MULTI_BOUND_G,250,6,5,5.226103587914904e+74
MULTI_BOUND_G,250,6,6,2.613051793957452e+74
MULTI_BOUND_G,250,6,7,1.306525896978726e+74
MULTI_BOUND_G,250,6,8,6.53262948489363e+73
MULTI_BOUND_G,250,6,9,3.266314742446815e+73
MULTI_BOUND_G,250,6,10,1.6331573712234075e+73
MULTI_BOUND_G,250,6,11,8.165786856117037e+72
MULTI_BOUND_G,250,6,12,4.082893428058519e+72
MULTI_BOUND_G,250,6,13,2.0414467140292593e+72
MULTI_BOUND_G,250,6,14,1.0207233570146297e+72
MULTI_BOUND_G,250,6,15,5.103616785073148e+71
MULTI_BOUND_G,250,6,16,2.551808392536574e+71
MULTI_BOUND_G,250,6,17,1.275904196268287e+71
MULTI_BOUND_G,250,6,18,6.379520981341435e+70
MULTI_BOUND_G,250,6,19,3.1897604906707177e+70
MULTI_BOUND_G,250,6,20,1.5948802453353588e+70
MULTI_BOUND_G,250,6,21,7.974401226676794e+69
MULTI_BOUND_G,250,6,22,3.987200613338397e+69
MULTI_BOUND_G,250,6,23,1.9936003066691986e+69
MULTI_BOUND_G,250,6,24,9.968001533345993e+68
MULTI_BOUND_G,250,6,25,4.984000766672996e+68
MULTI_BOUND_G,250,6,26,2.492000383336498e+68
MULTI_BOUND_G,250,6,27,1.246000191668249e+68
MULTI_BOUND_G,250,6,28,6.230000958341245e+67
MULTI_BOUND_G,250,6,29,3.115000479170623e+67
MULTI_BOUND_G,250,6,30,1.5575002395853114e+67
MULTI_BOUND_G,250,6,31,7.787501197926557e+66
MULTI_BOUND_G,250,6,32,3.8937505989632784e+66
MULTI_BOUND_G,250,6,33,1.9468752994816392e+66
MULTI_BOUND_G,250,6,34,9.734376497408196e+65
MULTI_BOUND_G,250,6,35,4.867188248704098e+65
MULTI_BOUND_G,250,6,36,2.433594124352049e+65
MULTI_BOUND_G,250,6,37,1.2167970621760245e+65
MULTI_BOUND_G,250,6,38,6.083985310880123e+64
MULTI_BOUND_G,250,6,39,3.041992655440061e+64
MULTI_BOUND_G,250,6,40,1.5209963277200306e+64
MULTI_BOUND_G,250,6,41,7.604981638600153e+63
MULTI_BOUND_G,250,6,42,3.8024908193000766e+63
MULTI_BOUND_G,250,6,43,1.9012454096500383e+63
MULTI_BOUND_G,250,6,44,9.506227048250191e+62
MULTI_BOUND_G,250,6,45,4.753113524125096e+62
MULTI_BOUND_G,250,6,46,2.376556762062548e+62
MULTI_BOUND_G,250,6,47,1.188278381031274e+62
MULTI_BOUND_G,250,6,48,5.94139190515637e+61
MULTI_BOUND_G,250,6,49,2.970695952578185e+61
MULTI_BOUND_G,250,6,50,1.4853479762890924e+61
MULTI_BOUND_G,250,6,51,7.426739881445462e+60
MULTI_BOUND_G,250,6,52,3.713369940722731e+60
MULTI_BOUND_G,250,6,53,1.8566849703613655e+60
MULTI_BOUND_G,250,6,54,9.283424851806828e+59
MULTI_BOUND_G,250,6,55,4.641712425903414e+59
MULTI_BOUND_G,250,6,56,2.320856212951707e+59
MULTI_BOUND_G,250,6,57,1.1604281064758534e+59
MULTI_BOUND_G,250,6,58,5.802140532379267e+58
MULTI_BOUND_G,250,6,59,2.9010702661896336e+58
MULTI_BOUND_G,250,6,60,1.4505351330948168e+58
MULTI_BOUND_G,250,6,61,7.252675665474084e+57
MULTI_BOUND_G,250,6,62,3.626337832737042e+57
MULTI_BOUND_G,250,6,63,1.813168916368521e+57
MULTI_BOUND_G,250,6,64,9.065844581842605e+56
MULTI_BOUND_G,250,6,65,4.5329222909213025e+56
MULTI_BOUND_G,250,6,66,2.2664611454606513e+56
MULTI_BOUND_G,250,6,67,1.1332305727303256e+56
MULTI_BOUND_G,250,6,68,5.666152863651628e+55
MULTI_BOUND_G,250,6,69,2.833076431825814e+55
MULTI_BOUND_G,250,6,70,1.416538215912907e+55
MULTI_BOUND_G,250,6,71,7.082691079564535e+54
MULTI_BOUND_G,250,6,72,3.5413455397822676e+54
MULTI_BOUND_G,250,6,73,1.7706727698911338e+54
MULTI_BOUND_G,250,6,74,8.853363849455669e+53
MULTI_BOUND_G,250,6,75,4.4266819247278345e+53
MULTI_BOUND_G,250,6,76,2.2133409623639173e+53
MULTI_BOUND_G,250,6,77,1.1066704811819586e+53
MULTI_BOUND_G,250,6,78,5.533352405909793e+52
MULTI_BOUND_G,250,6,79,2.7666762029548966e+52
MULTI_BOUND_G,250,6,80,1.3833381014774483e+52
MULTI_BOUND_G,250,6,81,6.916690507387241e+51
MULTI_BOUND_G,250,6,82,3.458345253693621e+51
MULTI_BOUND_G,250,6,83,1.7291726268468104e+51
MULTI_BOUND_G,250,6,84,8.645863134234052e+50
MULTI_BOUND_G,250,6,85,4.322931567117026e+50
MULTI_BOUND_G,250,6,86,2.161465783558513e+50
MULTI_BOUND_G,250,6,87,1.0807328917792565e+50
MULTI_BOUND_G,250,6,88,5.403664458896282e+49
MULTI_BOUND_G,250,6,89,2.701832229448141e+49
MULTI_BOUND_G,250,6,90,1.3509161147240706e+49
MULTI_BOUND_G,250,6,91,6.754580573620353e+48
MULTI_BOUND_G,250,6,92,3.3772902868101765e+48
MULTI_BOUND_G,250,6,93,1.6886451434050882e+48
MULTI_BOUND_G,250,6,94,8.443225717025441e+47
MULTI_BOUND_G,250,6,95,4.2216128585127206e+47
MULTI_BOUND_G,250,6,96,2.1108064292563603e+47
MULTI_BOUND_G,250,6,97,1.0554032146281801e+47
MULTI_BOUND_G,250,6,98,5.277016073140901e+46
MULTI_BOUND_G,250,6,99,2.6385080365704504e+46
MULTI_BOUND_G,250,6,100,1.3192540182852252e+46
MULTI_BOUND_G,250,6,101,6.596270091426126e+45
MULTI_BOUND_G,250,6,102,3.298135045713063e+45
MULTI_BOUND_G,250,6,103,1.6490675228565315e+45
MULTI_BOUND_G,250,6,104,8.245337614282657e+44
MULTI_BOUND_G,250,6,105,4.122668807141329e+44
MULTI_BOUND_G,250,6,106,2.0613344035706644e+44
MULTI_BOUND_G,250,6,107,1.0306672017853322e+44
MULTI_BOUND_G,250,6,108,5.153336008926661e+43
MULTI_BOUND_G,250,6,109,2.5766680044633304e+43
MULTI_BOUND_G,250,6,110,1.2883340022316652e+43
MULTI_BOUND_G,250,6,111,6.441670011158326e+42
MULTI_BOUND_G,250,6,112,3.220835005579163e+42
MULTI_BOUND_G,250,6,113,1.6104175027895815e+42
MULTI_BOUND_G,250,6,114,8.052087513947908e+41
MULTI_BOUND_G,250,6,115,4.026043756973954e+41
MULTI_BOUND_G,250,6,116,2.013021878486977e+41
MULTI_BOUND_G,250,6,117,1.0065109392434885e+41
MULTI_BOUND_G,250,6,118,5.032554696217442e+40
MULTI_BOUND_G,250,6,119,2.516277348108721e+40
MULTI_BOUND_G,250,6,120,1.2581386740543606e+40
MULTI_BOUND_G,250,6,121,6.290693370271803e+39
MULTI_BOUND_G,250,6,122,3.1453466851359014e+39
MULTI_BOUND_G,250,6,123,1.5726733425679507e+39
MULTI_BOUND_G,250,6,124,7.863366712839754e+38
MULTI_BOUND_G,250,6,125,3.931683356419877e+38
MULTI_BOUND_G,250,6,126,1.9658416782099384e+38
MULTI_BOUND_G,250,6,127,9.829208391049692e+37
MULTI_BOUND_G,250,6,128,4.914604195524846e+37
MULTI_BOUND_G,250,6,129,2.457302097762423e+37
MULTI_BOUND_G,250,6,130,1.2286510488812115e+37
MULTI_BOUND_G,250,6,131,6.143255244406057e+36
MULTI_BOUND_G,250,6,132,3.071627622203029e+36
MULTI_BOUND_G,250,6,133,1.5358138111015144e+36
MULTI_BOUND_G,250,6,134,7.679069055507572e+35
MULTI_BOUND_G,250,6,135,3.839534527753786e+35
MULTI_BOUND_G,250,6,136,1.919767263876893e+35
MULTI_BOUND_G,250,6,137,9.598836319384465e+34
MULTI_BOUND_G,250,6,138,4.799418159692232e+34
MULTI_BOUND_G,250,6,139,2.399709079846116e+34
MULTI_BOUND_G,250,6,140,1.199854539923058e+34
MULTI_BOUND_G,250,7,0,10721.321932379442
MULTI_BOUND_G,250,7,1,8.438237976234292e+75
MULTI_BOUND_G,250,7,2,4.219118988117146e+75
MULTI_BOUND_G,250,7,3,2.109559494058573e+75
MULTI_BOUND_G,250,7,4,1.0547797470292865e+75
MULTI_BOUND_G,250,7,5,5.273898735146432e+74
MULTI_BOUND_G,250,7,6,2.636949367573216e+74
MULTI_BOUND_G,250,7,7,1.318474683786608e+74
MULTI_BOUND_G,250,7,8,6.59237341893304e+73
MULTI_BOUND_G,250,7,9,3.29618670946652e+73
MULTI_BOUND_G,250,7,10,1.64809335473326e+73
MULTI_BOUND_G,250,7,11,8.2404667736663e+72
MULTI_BOUND_G,250,7,12,4.12023338683315e+72
MULTI_BOUND_G,250,7,13,2.060116693416575e+72
MULTI_BOUND_G,250,7,14,1.0300583467082876e+72
MULTI_BOUND_G,250,7,15,5.150291733541438e+71
MULTI_BOUND_G,250,7,16,2.575145866770719e+71
MULTI_BOUND_G,250,7,17,1.2875729333853595e+71
MULTI_BOUND_G,250,7,18,6.437864666926797e+70
MULTI_BOUND_G,250,7,19,3.218932333463399e+70
MULTI_BOUND_G,250,7,20,1.6094661667316993e+70
MULTI_BOUND_G,250,7,21,8.047330833658497e+69
MULTI_BOUND_G,250,7,22,4.023665416829248e+69
MULTI_BOUND_G,250,7,23,2.011832708414624e+69
MULTI_BOUND_G,250,7,24,1.005916354207312e+69
MULTI_BOUND_G,250,7,25,5.02958177103656e+68
MULTI_BOUND_G,250,7,26,2.51479088551828e+68
MULTI_BOUND_G,250,7,27,1.25739544275914e+68
MULTI_BOUND_G,250,7,28,6.2869772137957e+67
MULTI_BOUND_G,250,7,29,3.14348860689785e+67
MULTI_BOUND_G,250,7,30,1.571744303448925e+67
MULTI_BOUND_G,250,7,31,7.858721517244626e+66
MULTI_BOUND_G,250,7,32,3.929360758622313e+66
MULTI_BOUND_G,250,7,33,1.9646803793111564e+66
MULTI_BOUND_G,250,7,34,9.823401896555782e+65
MULTI_BOUND_G,250,7,35,4.911700948277891e+65
MULTI_BOUND_G,250,7,36,2.4558504741389455e+65
MULTI_BOUND_G,250,7,37,1.2279252370694728e+65
MULTI_BOUND_G,250,7,38,6.139626185347364e+64
MULTI_BOUND_G,250,7,39,3.069813092673682e+64
MULTI_BOUND_G,250,7,40,1.534906546336841e+64
MULTI_BOUND_G,250,7,41,7.674532731684205e+63
MULTI_BOUND_G,250,7,42,3.8372663658421024e+63
MULTI_BOUND_G,250,7,43,1.9186331829210512e+63
MULTI_BOUND_G,250,7,44,9.593165914605256e+62
MULTI_BOUND_G,250,7,45,4.796582957302628e+62
MULTI_BOUND_G,250,7,46,2.398291478651314e+62
MULTI_BOUND_G,250,7,47,1.199145739325657e+62
MULTI_BOUND_G,250,7,48,5.995728696628285e+61
MULTI_BOUND_G,250,7,49,2.9978643483141425e+61
MULTI_BOUND_G,250,7,50,1.4989321741570713e+61
MULTI_BOUND_G,250,7,51,7.494660870785356e+60
MULTI_BOUND_G,250,7,52,3.747330435392678e+60
MULTI_BOUND_G,250,7,53,1.873665217696339e+60
MULTI_BOUND_G,250,7,54,9.368326088481695e+59
MULTI_BOUND_G,250,7,55,4.684163044240848e+59
MULTI_BOUND_G,250,7,56,2.342081522120424e+59
MULTI_BOUND_G,250,7,57,1.171040761060212e+59
MULTI_BOUND_G,250,7,58,5.85520380530106e+58
MULTI_BOUND_G,250,7,59,2.92760190265053e+58
MULTI_BOUND_G,250,7,60,1.463800951325265e+58
MULTI_BOUND_G,250,7,61,7.319004756626324e+57
MULTI_BOUND_G,250,7,62,3.659502378313162e+57
MULTI_BOUND_G,250,7,63,1.829751189156581e+57
MULTI_BOUND_G,250,7,64,9.148755945782906e+56
MULTI_BOUND_G,250,7,65,4.574377972891453e+56
MULTI_BOUND_G,250,7,66,2.2871889864457264e+56
MULTI_BOUND_G,250,7,67,1.1435944932228632e+56
MULTI_BOUND_G,250,7,68,5.717972466114316e+55
MULTI_BOUND_G,250,7,69,2.858986233057158e+55
MULTI_BOUND_G,250,7,70,1.429493116528579e+55
MULTI_BOUND_G,250,7,71,7.147465582642895e+54
MULTI_BOUND_G,250,7,72,3.5737327913214475e+54
MULTI_BOUND_G,250,7,73,1.7868663956607237e+54
MULTI_BOUND_G,250,7,74,8.934331978303619e+53
MULTI_BOUND_G,250,7,75,4.467165989151809e+53
MULTI_BOUND_G,250,7,76,2.2335829945759047e+53
MULTI_BOUND_G,250,7,77,1.1167914972879523e+53
MULTI_BOUND_G,250,7,78,5.583957486439762e+52
MULTI_BOUND_G,250,7,79,2.791978743219881e+52
MULTI_BOUND_G,250,7,80,1.3959893716099404e+52
MULTI_BOUND_G,250,7,81,6.979946858049702e+51
MULTI_BOUND_G,250,7,82,3.489973429024851e+51
MULTI_BOUND_G,250,7,83,1.7449867145124255e+51
MULTI_BOUND_G,250,7,84,8.724933572562128e+50
MULTI_BOUND_G,250,7,85,4.362466786281064e+50
MULTI_BOUND_G,250,7,86,2.181233393140532e+50
MULTI_BOUND_G,250,7,87,1.090616696570266e+50
MULTI_BOUND_G,250,7,88,5.45308348285133e+49
MULTI_BOUND_G,250,7,89,2.726541741425665e+49
MULTI_BOUND_G,250,7,90,1.3632708707128325e+49
MULTI_BOUND_G,250,7,91,6.816354353564162e+48
MULTI_BOUND_G,250,7,92,3.408177176782081e+48
MULTI_BOUND_G,250,7,93,1.7040885883910406e+48
MULTI_BOUND_G,250,7,94,8.520442941955203e+47
MULTI_BOUND_G,250,7,95,4.2602214709776014e+47
MULTI_BOUND_G,250,7,96,2.1301107354888007e+47
MULTI_BOUND_G,250,7,97,1.0650553677444004e+47
MULTI_BOUND_G,250,7,98,5.325276838722002e+46
MULTI_BOUND_G,250,7,99,2.662638419361001e+46
MULTI_BOUND_G,250,7,100,1.3313192096805004e+46
MULTI_BOUND_G,250,7,101,6.656596048402502e+45
MULTI_BOUND_G,250,7,102,3.328298024201251e+45
MULTI_BOUND_G,250,7,103,1.6641490121006255e+45
MULTI_BOUND_G,250,7,104,8.320745060503128e+44
MULTI_BOUND_G,250,7,105,4.160372530251564e+44
MULTI_BOUND_G,250,7,106,2.080186265125782e+44
MULTI_BOUND_G,250,7,107,1.040093132562891e+44
MULTI_BOUND_G,250,7,108,5.200465662814455e+43
MULTI_BOUND_G,250,7,109,2.6002328314072274e+43
MULTI_BOUND_G,250,7,110,1.3001164157036137e+43
MULTI_BOUND_G,250,7,111,6.500582078518069e+42
MULTI_BOUND_G,250,7,112,3.250291039259034e+42
MULTI_BOUND_G,250,7,113,1.625145519629517e+42
MULTI_BOUND_G,250,7,114,8.125727598147586e+41
MULTI_BOUND_G,250,7,115,4.062863799073793e+41
MULTI_BOUND_G,250,7,116,2.0314318995368964e+41
MULTI_BOUND_G,250,7,117,1.0157159497684482e+41
MULTI_BOUND_G,250,7,118,5.078579748842241e+40
MULTI_BOUND_G,250,7,119,2.5392898744211205e+40
MULTI_BOUND_G,250,7,120,1.2696449372105603e+40
MULTI_BOUND_G,250,7,121,6.348224686052801e+39
MULTI_BOUND_G,250,7,122,3.1741123430264007e+39
MULTI_BOUND_G,250,7,123,1.5870561715132003e+39
MULTI_BOUND_G,250,7,124,7.935280857566002e+38
MULTI_BOUND_G,250,7,125,3.967640428783001e+38
MULTI_BOUND_G,250,7,126,1.9838202143915004e+38
MULTI_BOUND_G,250,7,127,9.919101071957502e+37
MULTI_BOUND_G,250,7,128,4.959550535978751e+37
MULTI_BOUND_G,250,7,129,2.4797752679893755e+37
MULTI_BOUND_G,250,7,130,1.2398876339946878e+37
MULTI_BOUND_G,250,7,131,6.199438169973439e+36
MULTI_BOUND_G,250,7,132,3.0997190849867194e+36
MULTI_BOUND_G,250,7,133,1.5498595424933597e+36
MULTI_BOUND_G,250,7,134,7.749297712466798e+35
MULTI_BOUND_G,250,7,135,3.874648856233399e+35
MULTI_BOUND_G,250,7,136,1.9373244281166996e+35
MULTI_BOUND_G,250,7,137,9.686622140583498e+34
MULTI_BOUND_G,250,7,138,4.843311070291749e+34
MULTI_BOUND_G,250,7,139,2.4216555351458745e+34
MULTI_BOUND_G,250,7,140,1.2108277675729373e+34
MULTI_BOUND_G,250,8,0,10906.46321905558
MULTI_BOUND_G,250,8,1,7.186086446807934e+75
MULTI_BOUND_G,250,8,2,3.593043223403967e+75
MULTI_BOUND_G,250,8,3,1.7965216117019835e+75
MULTI_BOUND_G,250,8,4,8.982608058509918e+74
MULTI_BOUND_G,250,8,5,4.491304029254959e+74
MULTI_BOUND_G,250,8,6,2.2456520146274794e+74
MULTI_BOUND_G,250,8,7,1.1228260073137397e+74
MULTI_BOUND_G,250,8,8,5.6141300365686984e+73
MULTI_BOUND_G,250,8,9,2.8070650182843492e+73
MULTI_BOUND_G,250,8,10,1.4035325091421746e+73
MULTI_BOUND_G,250,8,11,7.017662545710873e+72
MULTI_BOUND_G,250,8,12,3.5088312728554365e+72
MULTI_BOUND_G,250,8,13,1.7544156364277183e+72
MULTI_BOUND_G,250,8,14,8.772078182138591e+71
MULTI_BOUND_G,250,8,15,4.3860390910692957e+71
MULTI_BOUND_G,250,8,16,2.1930195455346478e+71
MULTI_BOUND_G,250,8,17,1.0965097727673239e+71
MULTI_BOUND_G,250,8,18,5.4825488638366196e+70
MULTI_BOUND_G,250,8,19,2.7412744319183098e+70
MULTI_BOUND_G,250,8,20,1.3706372159591549e+70
MULTI_BOUND_G,250,8,21,6.8531860797957745e+69
MULTI_BOUND_G,250,8,22,3.4265930398978872e+69
MULTI_BOUND_G,250,8,23,1.7132965199489436e+69
MULTI_BOUND_G,250,8,24,8.566482599744718e+68
MULTI_BOUND_G,250,8,25,4.283241299872359e+68
MULTI_BOUND_G,250,8,26,2.1416206499361795e+68
MULTI_BOUND_G,250,8,27,1.0708103249680898e+68
MULTI_BOUND_G,250,8,28,5.354051624840449e+67
MULTI_BOUND_G,250,8,29,2.6770258124202244e+67
MULTI_BOUND_G,250,8,30,1.3385129062101122e+67
MULTI_BOUND_G,250,8,31,6.692564531050561e+66
MULTI_BOUND_G,250,8,32,3.3462822655252805e+66
MULTI_BOUND_G,250,8,33,1.6731411327626403e+66
MULTI_BOUND_G,250,8,34,8.365705663813201e+65
MULTI_BOUND_G,250,8,35,4.1828528319066006e+65
MULTI_BOUND_G,250,8,36,2.0914264159533003e+65
MULTI_BOUND_G,250,8,37,1.0457132079766502e+65
MULTI_BOUND_G,250,8,38,5.228566039883251e+64
MULTI_BOUND_G,250,8,39,2.6142830199416254e+64
MULTI_BOUND_G,250,8,40,1.3071415099708127e+64
MULTI_BOUND_G,250,8,41,6.5357075498540635e+63
MULTI_BOUND_G,250,8,42,3.2678537749270317e+63
MULTI_BOUND_G,250,8,43,1.6339268874635159e+63
MULTI_BOUND_G,250,8,44,8.169634437317579e+62
MULTI_BOUND_G,250,8,45,4.0848172186587897e+62
MULTI_BOUND_G,250,8,46,2.0424086093293948e+62
MULTI_BOUND_G,250,8,47,1.0212043046646974e+62
MULTI_BOUND_G,250,8,48,5.106021523323487e+61
MULTI_BOUND_G,250,8,49,2.5530107616617435e+61
MULTI_BOUND_G,250,8,50,1.2765053808308718e+61
MULTI_BOUND_G,250,8,51,6.382526904154359e+60
MULTI_BOUND_G,250,8,52,3.1912634520771794e+60
MULTI_BOUND_G,250,8,53,1.5956317260385897e+60
MULTI_BOUND_G,250,8,54,7.978158630192949e+59
MULTI_BOUND_G,250,8,55,3.9890793150964743e+59
MULTI_BOUND_G,250,8,56,1.9945396575482371e+59
MULTI_BOUND_G,250,8,57,9.972698287741186e+58
MULTI_BOUND_G,250,8,58,4.986349143870593e+58
MULTI_BOUND_G,250,8,59,2.4931745719352964e+58
MULTI_BOUND_G,250,8,60,1.2465872859676482e+58
MULTI_BOUND_G,250,8,61,6.232936429838241e+57
MULTI_BOUND_G,250,8,62,3.1164682149191205e+57
MULTI_BOUND_G,250,8,63,1.5582341074595603e+57
MULTI_BOUND_G,250,8,64,7.791170537297801e+56
MULTI_BOUND_G,250,8,65,3.8955852686489007e+56
MULTI_BOUND_G,250,8,66,1.9477926343244503e+56
MULTI_BOUND_G,250,8,67,9.738963171622252e+55
MULTI_BOUND_G,250,8,68,4.869481585811126e+55
MULTI_BOUND_G,250,8,69,2.434740792905563e+55
MULTI_BOUND_G,250,8,70,1.2173703964527815e+55
MULTI_BOUND_G,250,8,71,6.086851982263907e+54
MULTI_BOUND_G,250,8,72,3.0434259911319537e+54
MULTI_BOUND_G,250,8,73,1.5217129955659768e+54
MULTI_BOUND_G,250,8,74,7.608564977829884e+53
MULTI_BOUND_G,250,8,75,3.804282488914942e+53
MULTI_BOUND_G,250,8,76,1.902141244457471e+53
MULTI_BOUND_G,250,8,77,9.510706222287355e+52
MULTI_BOUND_G,250,8,78,4.7553531111436776e+52
MULTI_BOUND_G,250,8,79,2.3776765555718388e+52
MULTI_BOUND_G,250,8,80,1.1888382777859194e+52
MULTI_BOUND_G,250,8,81,5.944191388929597e+51
MULTI_BOUND_G,250,8,82,2.9720956944647985e+51
MULTI_BOUND_G,250,8,83,1.4860478472323992e+51
MULTI_BOUND_G,250,8,84,7.430239236161996e+50
MULTI_BOUND_G,250,8,85,3.715119618080998e+50
MULTI_BOUND_G,250,8,86,1.857559809040499e+50
MULTI_BOUND_G,250,8,87,9.287799045202495e+49
MULTI_BOUND_G,250,8,88,4.6438995226012476e+49
MULTI_BOUND_G,250,8,89,2.3219497613006238e+49
MULTI_BOUND_G,250,8,90,1.1609748806503119e+49
MULTI_BOUND_G,250,8,91,5.8048744032515596e+48
MULTI_BOUND_G,250,8,92,2.9024372016257798e+48
MULTI_BOUND_G,250,8,93,1.4512186008128899e+48
MULTI_BOUND_G,250,8,94,7.2560930040644494e+47
MULTI_BOUND_G,250,8,95,3.6280465020322247e+47
MULTI_BOUND_G,250,8,96,1.8140232510161124e+47
MULTI_BOUND_G,250,8,97,9.070116255080562e+46
MULTI_BOUND_G,250,8,98,4.535058127540281e+46
MULTI_BOUND_G,250,8,99,2.2675290637701405e+46
MULTI_BOUND_G,250,8,100,1.1337645318850702e+46
MULTI_BOUND_G,250,8,101,5.668822659425351e+45
MULTI_BOUND_G,250,8,102,2.8344113297126756e+45
MULTI_BOUND_G,250,8,103,1.4172056648563378e+45
MULTI_BOUND_G,250,8,104,7.086028324281689e+44
MULTI_BOUND_G,250,8,105,3.5430141621408445e+44
MULTI_BOUND_G,250,8,106,1.7715070810704222e+44
MULTI_BOUND_G,250,8,107,8.857535405352111e+43
MULTI_BOUND_G,250,8,108,4.4287677026760556e+43
MULTI_BOUND_G,250,8,109,2.2143838513380278e+43
MULTI_BOUND_G,250,8,110,1.1071919256690139e+43
MULTI_BOUND_G,250,8,111,5.5359596283450695e+42
MULTI_BOUND_G,250,8,112,2.7679798141725347e+42
MULTI_BOUND_G,250,8,113,1.3839899070862674e+42
MULTI_BOUND_G,250,8,114,6.919949535431337e+41
MULTI_BOUND_G,250,8,115,3.4599747677156684e+41
MULTI_BOUND_G,250,8,116,1.7299873838578342e+41
MULTI_BOUND_G,250,8,117,8.649936919289171e+40
MULTI_BOUND_G,250,8,118,4.3249684596445855e+40
MULTI_BOUND_G,250,8,119,2.1624842298222928e+40
MULTI_BOUND_G,250,8,120,1.0812421149111464e+40
MULTI_BOUND_G,250,8,121,5.406210574555732e+39
MULTI_BOUND_G,250,8,122,2.703105287277866e+39
MULTI_BOUND_G,250,8,123,1.351552643638933e+39
MULTI_BOUND_G,250,8,124,6.757763218194665e+38
MULTI_BOUND_G,250,8,125,3.3788816090973324e+38
MULTI_BOUND_G,250,8,126,1.6894408045486662e+38
MULTI_BOUND_G,250,8,127,8.447204022743331e+37
MULTI_BOUND_G,250,8,128,4.2236020113716655e+37
MULTI_BOUND_G,250,8,129,2.1118010056858328e+37
MULTI_BOUND_G,250,8,130,1.0559005028429164e+37
MULTI_BOUND_G,250,8,131,5.279502514214582e+36
MULTI_BOUND_G,250,8,132,2.639751257107291e+36
MULTI_BOUND_G,250,8,133,1.3198756285536455e+36
MULTI_BOUND_G,250,8,134,6.5993781427682274e+35
MULTI_BOUND_G,250,8,135,3.2996890713841137e+35
MULTI_BOUND_G,250,8,136,1.6498445356920569e+35
MULTI_BOUND_G,250,8,137,8.249222678460284e+34
MULTI_BOUND_G,250,8,138,4.124611339230142e+34
MULTI_BOUND_G,250,8,139,2.062305669615071e+34
MULTI_BOUND_G,250,8,140,1.0311528348075355e+34
MULTI_BOUND_G,250,9,0,10640.359340536923
MULTI_BOUND_G,250,9,1,7.598276684130754e+75
MULTI_BOUND_G,250,9,2,3.799138342065377e+75
MULTI_BOUND_G,250,9,3,1.8995691710326886e+75
MULTI_BOUND_G,250,9,4,9.497845855163443e+74
MULTI_BOUND_G,250,9,5,4.748922927581721e+74
MULTI_BOUND_G,250,9,6,2.3744614637908607e+74
MULTI_BOUND_G,250,9,7,1.1872307318954303e+74
MULTI_BOUND_G,250,9,8,5.936153659477152e+73
MULTI_BOUND_G,250,9,9,2.968076829738576e+73
MULTI_BOUND_G,250,9,10,1.484038414869288e+73
MULTI_BOUND_G,250,9,11,7.42019207434644e+72
MULTI_BOUND_G,250,9,12,3.71009603717322e+72
MULTI_BOUND_G,250,9,13,1.85504801858661e+72
MULTI_BOUND_G,250,9,14,9.27524009293305e+71
MULTI_BOUND_G,250,9,15,4.637620046466525e+71
MULTI_BOUND_G,250,9,16,2.3188100232332624e+71
MULTI_BOUND_G,250,9,17,1.1594050116166312e+71
MULTI_BOUND_G,250,9,18,5.797025058083156e+70
MULTI_BOUND_G,250,9,19,2.898512529041578e+70
MULTI_BOUND_G,250,9,20,1.449256264520789e+70
MULTI_BOUND_G,250,9,21,7.246281322603945e+69
MULTI_BOUND_G,250,9,22,3.6231406613019725e+69
MULTI_BOUND_G,250,9,23,1.8115703306509862e+69
MULTI_BOUND_G,250,9,24,9.057851653254931e+68
MULTI_BOUND_G,250,9,25,4.528925826627466e+68
MULTI_BOUND_G,250,9,26,2.264462913313733e+68
MULTI_BOUND_G,250,9,27,1.1322314566568664e+68
MULTI_BOUND_G,250,9,28,5.661157283284332e+67
MULTI_BOUND_G,250,9,29,2.830578641642166e+67
MULTI_BOUND_G,250,9,30,1.415289320821083e+67
MULTI_BOUND_G,250,9,31,7.076446604105415e+66
MULTI_BOUND_G,250,9,32,3.5382233020527075e+66
MULTI_BOUND_G,250,9,33,1.7691116510263538e+66
MULTI_BOUND_G,250,9,34,8.845558255131769e+65
MULTI_BOUND_G,250,9,35,4.422779127565884e+65
MULTI_BOUND_G,250,9,36,2.211389563782942e+65
MULTI_BOUND_G,250,9,37,1.105694781891471e+65
MULTI_BOUND_G,250,9,38,5.528473909457355e+64
MULTI_BOUND_G,250,9,39,2.764236954728678e+64
MULTI_BOUND_G,250,9,40,1.382118477364339e+64
MULTI_BOUND_G,250,9,41,6.910592386821694e+63
MULTI_BOUND_G,250,9,42,3.455296193410847e+63
MULTI_BOUND_G,250,9,43,1.7276480967054236e+63
MULTI_BOUND_G,250,9,44,8.638240483527118e+62
MULTI_BOUND_G,250,9,45,4.319120241763559e+62
MULTI_BOUND_G,250,9,46,2.1595601208817795e+62
MULTI_BOUND_G,250,9,47,1.0797800604408897e+62
MULTI_BOUND_G,250,9,48,5.398900302204449e+61
MULTI_BOUND_G,250,9,49,2.6994501511022244e+61
MULTI_BOUND_G,250,9,50,1.3497250755511122e+61
MULTI_BOUND_G,250,9,51,6.748625377755561e+60
MULTI_BOUND_G,250,9,52,3.3743126888777805e+60
MULTI_BOUND_G,250,9,53,1.6871563444388902e+60
MULTI_BOUND_G,250,9,54,8.435781722194451e+59
MULTI_BOUND_G,250,9,55,4.217890861097226e+59
MULTI_BOUND_G,250,9,56,2.108945430548613e+59
MULTI_BOUND_G,250,9,57,1.0544727152743064e+59
MULTI_BOUND_G,250,9,58,5.272363576371532e+58
MULTI_BOUND_G,250,9,59,2.636181788185766e+58
MULTI_BOUND_G,250,9,60,1.318090894092883e+58
MULTI_BOUND_G,250,9,61,6.590454470464415e+57
MULTI_BOUND_G,250,9,62,3.2952272352322075e+57
MULTI_BOUND_G,250,9,63,1.6476136176161037e+57
MULTI_BOUND_G,250,9,64,8.238068088080519e+56
MULTI_BOUND_G,250,9,65,4.119034044040259e+56
MULTI_BOUND_G,250,9,66,2.0595170220201297e+56
MULTI_BOUND_G,250,9,67,1.0297585110100648e+56
MULTI_BOUND_G,250,9,68,5.148792555050324e+55
MULTI_BOUND_G,250,9,69,2.574396277525162e+55
MULTI_BOUND_G,250,9,70,1.287198138762581e+55
MULTI_BOUND_G,250,9,71,6.435990693812905e+54
MULTI_BOUND_G,250,9,72,3.2179953469064526e+54
MULTI_BOUND_G,250,9,73,1.6089976734532263e+54
MULTI_BOUND_G,250,9,74,8.044988367266132e+53
MULTI_BOUND_G,250,9,75,4.022494183633066e+53
MULTI_BOUND_G,250,9,76,2.011247091816533e+53
MULTI_BOUND_G,250,9,77,1.0056235459082664e+53
MULTI_BOUND_G,250,9,78,5.028117729541332e+52
MULTI_BOUND_G,250,9,79,2.514058864770666e+52
MULTI_BOUND_G,250,9,80,1.257029432385333e+52
MULTI_BOUND_G,250,9,81,6.285147161926665e+51
MULTI_BOUND_G,250,9,82,3.1425735809633326e+51
MULTI_BOUND_G,250,9,83,1.5712867904816663e+51
MULTI_BOUND_G,250,9,84,7.856433952408332e+50
MULTI_BOUND_G,250,9,85,3.928216976204166e+50
MULTI_BOUND_G,250,9,86,1.964108488102083e+50
MULTI_BOUND_G,250,9,87,9.820542440510414e+49
MULTI_BOUND_G,250,9,88,4.910271220255207e+49
MULTI_BOUND_G,250,9,89,2.4551356101276036e+49
MULTI_BOUND_G,250,9,90,1.2275678050638018e+49
MULTI_BOUND_G,250,9,91,6.137839025319009e+48
MULTI_BOUND_G,250,9,92,3.0689195126595045e+48
MULTI_BOUND_G,250,9,93,1.5344597563297523e+48
MULTI_BOUND_G,250,9,94,7.672298781648761e+47
MULTI_BOUND_G,250,9,95,3.836149390824381e+47
MULTI_BOUND_G,250,9,96,1.9180746954121903e+47
MULTI_BOUND_G,250,9,97,9.590373477060952e+46
MULTI_BOUND_G,250,9,98,4.795186738530476e+46
MULTI_BOUND_G,250,9,99,2.397593369265238e+46
MULTI_BOUND_G,250,9,100,1.198796684632619e+46
MULTI_BOUND_G,250,9,101,5.993983423163095e+45
MULTI_BOUND_G,250,9,102,2.9969917115815474e+45
MULTI_BOUND_G,250,9,103,1.4984958557907737e+45
MULTI_BOUND_G,250,9,104,7.492479278953868e+44
MULTI_BOUND_G,250,9,105,3.746239639476934e+44
MULTI_BOUND_G,250,9,106,1.873119819738467e+44
MULTI_BOUND_G,250,9,107,9.365599098692336e+43
MULTI_BOUND_G,250,9,108,4.682799549346168e+43
MULTI_BOUND_G,250,9,109,2.341399774673084e+43
MULTI_BOUND_G,250,9,110,1.170699887336542e+43
MULTI_BOUND_G,250,9,111,5.85349943668271e+42
MULTI_BOUND_G,250,9,112,2.926749718341355e+42
MULTI_BOUND_G,250,9,113,1.4633748591706774e+42
MULTI_BOUND_G,250,9,114,7.316874295853387e+41
MULTI_BOUND_G,250,9,115,3.6584371479266936e+41
MULTI_BOUND_G,250,9,116,1.8292185739633468e+41
MULTI_BOUND_G,250,9,117,9.146092869816734e+40
MULTI_BOUND_G,250,9,118,4.573046434908367e+40
MULTI_BOUND_G,250,9,119,2.2865232174541835e+40
MULTI_BOUND_G,250,9,120,1.1432616087270917e+40
MULTI_BOUND_G,250,9,121,5.716308043635459e+39
MULTI_BOUND_G,250,9,122,2.8581540218177294e+39
MULTI_BOUND_G,250,9,123,1.4290770109088647e+39
MULTI_BOUND_G,250,9,124,7.145385054544323e+38
MULTI_BOUND_G,250,9,125,3.572692527272162e+38
MULTI_BOUND_G,250,9,126,1.786346263636081e+38
MULTI_BOUND_G,250,9,127,8.931731318180404e+37
MULTI_BOUND_G,250,9,128,4.465865659090202e+37
MULTI_BOUND_G,250,9,129,2.232932829545101e+37
MULTI_BOUND_G,250,9,130,1.1164664147725505e+37
MULTI_BOUND_G,250,9,131,5.582332073862753e+36
MULTI_BOUND_G,250,9,132,2.7911660369313763e+36
MULTI_BOUND_G,250,9,133,1.3955830184656882e+36
MULTI_BOUND_G,250,9,134,6.977915092328441e+35
MULTI_BOUND_G,250,9,135,3.4889575461642204e+35
MULTI_BOUND_G,250,9,136,1.7444787730821102e+35
MULTI_BOUND_G,250,9,137,8.722393865410551e+34
MULTI_BOUND_G,250,9,138,4.3611969327052755e+34
MULTI_BOUND_G,250,9,139,2.1805984663526378e+34
MULTI_BOUND_G,250,9,140,1.0902992331763189e+34
MULTI_BOUND_G,300,0,0,12711.908825618215
MULTI_BOUND_G,300,0,1,5.292870931253684e+90
MULTI_BOUND_G,300,0,2,2.646435465626842e+90
MULTI_BOUND_G,300,0,3,1.323217732813421e+90
MULTI_BOUND_G,300,0,4,6.616088664067105e+89
MULTI_BOUND_G,300,0,5,3.3080443320335525e+89
MULTI_BOUND_G,300,0,6,1.6540221660167762e+89
MULTI_BOUND_G,300,0,7,8.270110830083881e+88
MULTI_BOUND_G,300,0,8,4.1350554150419406e+88
MULTI_BOUND_G,300,0,9,2.0675277075209703e+88
MULTI_BOUND_G,300,0,10,1.0337638537604852e+88
MULTI_BOUND_G,300,0,11,5.168819268802426e+87
MULTI_BOUND_G,300,0,12,2.584409634401213e+87
MULTI_BOUND_G,300,0,13,1.2922048172006064e+87
MULTI_BOUND_G,300,0,14,6.461024086003032e+86
MULTI_BOUND_G,300,0,15,3.230512043001516e+86
MULTI_BOUND_G,300,0,16,1.615256021500758e+86
MULTI_BOUND_G,300,0,17,8.07628010750379e+85
MULTI_BOUND_G,300,0,18,4.038140053751895e+85
MULTI_BOUND_G,300,0,19,2.0190700268759476e+85
MULTI_BOUND_G,300,0,20,1.0095350134379738e+85
MULTI_BOUND_G,300,0,21,5.047675067189869e+84
MULTI_BOUND_G,300,0,22,2.5238375335949345e+84
MULTI_BOUND_G,300,0,23,1.2619187667974672e+84
MULTI_BOUND_G,300,0,24,6.309593833987336e+83
MULTI_BOUND_G,300,0,25,3.154796916993668e+83
MULTI_BOUND_G,300,0,26,1.577398458496834e+83
MULTI_BOUND_G,300,0,27,7.88699229248417e+82
MULTI_BOUND_G,300,0,28,3.943496146242085e+82
MULTI_BOUND_G,300,0,29,1.9717480731210425e+82
MULTI_BOUND_G,300,0,30,9.858740365605213e+81
MULTI_BOUND_G,300,0,31,4.929370182802606e+81
MULTI_BOUND_G,300,0,32,2.464685091401303e+81
MULTI_BOUND_G,300,0,33,1.2323425457006516e+81
MULTI_BOUND_G,300,0,34,6.161712728503258e+80
MULTI_BOUND_G,300,0,35,3.080856364251629e+80
MULTI_BOUND_G,300,0,36,1.5404281821258145e+80
MULTI_BOUND_G,300,0,37,7.702140910629072e+79
MULTI_BOUND_G,300,0,38,3.851070455314536e+79
MULTI_BOUND_G,300,0,39,1.925535227657268e+79
MULTI_BOUND_G,300,0,40,9.62767613828634e+78
MULTI_BOUND_G,300,0,41,4.81383806914317e+78
MULTI_BOUND_G,300,0,42,2.406919034571585e+78
MULTI_BOUND_G,300,0,43,1.2034595172857926e+78
MULTI_BOUND_G,300,0,44,6.017297586428963e+77
MULTI_BOUND_G,300,0,45,3.0086487932144814e+77
MULTI_BOUND_G,300,0,46,1.5043243966072407e+77
MULTI_BOUND_G,300,0,47,7.521621983036204e+76
MULTI_BOUND_G,300,0,48,3.760810991518102e+76
MULTI_BOUND_G,300,0,49,1.880405495759051e+76
MULTI_BOUND_G,300,0,50,9.402027478795254e+75
MULTI_BOUND_G,300,0,51,4.701013739397627e+75
MULTI_BOUND_G,300,0,52,2.3505068696988136e+75
MULTI_BOUND_G,300,0,53,1.1752534348494068e+75
MULTI_BOUND_G,300,0,54,5.876267174247034e+74
MULTI_BOUND_G,300,0,55,2.938133587123517e+74
MULTI_BOUND_G,300,0,56,1.4690667935617585e+74
MULTI_BOUND_G,300,0,57,7.345333967808793e+73
MULTI_BOUND_G,300,0,58,3.672666983904396e+73
MULTI_BOUND_G,300,0,59,1.836333491952198e+73
MULTI_BOUND_G,300,0,60,9.18166745976099e+72
MULTI_BOUND_G,300,0,61,4.590833729880495e+72
MULTI_BOUND_G,300,0,62,2.2954168649402477e+72
MULTI_BOUND_G,300,0,63,1.1477084324701238e+72
MULTI_BOUND_G,300,0,64,5.738542162350619e+71
MULTI_BOUND_G,300,0,65,2.8692710811753096e+71
MULTI_BOUND_G,300,0,66,1.4346355405876548e+71
MULTI_BOUND_G,300,0,67,7.173177702938274e+70
MULTI_BOUND_G,300,0,68,3.586588851469137e+70
MULTI_BOUND_G,300,0,69,1.7932944257345685e+70
MULTI_BOUND_G,300,0,70,8.966472128672842e+69
MULTI_BOUND_G,300,0,71,4.483236064336421e+69
MULTI_BOUND_G,300,0,72,2.2416180321682106e+69
MULTI_BOUND_G,300,0,73,1.1208090160841053e+69
MULTI_BOUND_G,300,0,74,5.604045080420527e+68
MULTI_BOUND_G,300,0,75,2.8020225402102633e+68
MULTI_BOUND_G,300,0,76,1.4010112701051316e+68
MULTI_BOUND_G,300,0,77,7.005056350525658e+67
MULTI_BOUND_G,300,0,78,3.502528175262829e+67
MULTI_BOUND_G,300,0,79,1.7512640876314145e+67
MULTI_BOUND_G,300,0,80,8.756320438157073e+66
MULTI_BOUND_G,300,0,81,4.378160219078536e+66
MULTI_BOUND_G,300,0,82,2.189080109539268e+66
MULTI_BOUND_G,300,0,83,1.094540054769634e+66
MULTI_BOUND_G,300,0,84,5.47270027384817e+65
MULTI_BOUND_G,300,0,85,2.736350136924085e+65
MULTI_BOUND_G,300,0,86,1.3681750684620426e+65
MULTI_BOUND_G,300,0,87,6.840875342310213e+64
MULTI_BOUND_G,300,0,88,3.4204376711551065e+64
MULTI_BOUND_G,300,0,89,1.7102188355775533e+64
MULTI_BOUND_G,300,0,90,8.551094177887766e+63
MULTI_BOUND_G,300,0,91,4.275547088943883e+63
MULTI_BOUND_G,300,0,92,2.1377735444719416e+63
MULTI_BOUND_G,300,0,93,1.0688867722359708e+63
MULTI_BOUND_G,300,0,94,5.344433861179854e+62
MULTI_BOUND_G,300,0,95,2.672216930589927e+62
MULTI_BOUND_G,300,0,96,1.3361084652949635e+62
MULTI_BOUND_G,300,0,97,6.680542326474817e+61
MULTI_BOUND_G,300,0,98,3.340271163237409e+61
MULTI_BOUND_G,300,0,99,1.6701355816187044e+61
MULTI_BOUND_G,300,0,100,8.350677908093522e+60
MULTI_BOUND_G,300,0,101,4.175338954046761e+60
MULTI_BOUND_G,300,0,102,2.0876694770233804e+60
MULTI_BOUND_G,300,0,103,1.0438347385116902e+60
MULTI_BOUND_G,300,0,104,5.219173692558451e+59
MULTI_BOUND_G,300,0,105,2.6095868462792256e+59
MULTI_BOUND_G,300,0,106,1.3047934231396128e+59
MULTI_BOUND_G,300,0,107,6.523967115698064e+58
MULTI_BOUND_G,300,0,108,3.261983557849032e+58
MULTI_BOUND_G,300,0,109,1.630991778924516e+58
MULTI_BOUND_G,300,0,110,8.15495889462258e+57
MULTI_BOUND_G,300,0,111,4.07747944731129e+57
MULTI_BOUND_G,300,0,112,2.038739723655645e+57
MULTI_BOUND_G,300,0,113,1.0193698618278225e+57
MULTI_BOUND_G,300,0,114,5.096849309139112e+56
MULTI_BOUND_G,300,0,115,2.548424654569556e+56
MULTI_BOUND_G,300,0,116,1.274212327284778e+56
MULTI_BOUND_G,300,0,117,6.37106163642389e+55
MULTI_BOUND_G,300,0,118,3.185530818211945e+55
MULTI_BOUND_G,300,0,119,1.5927654091059726e+55
MULTI_BOUND_G,300,0,120,7.963827045529863e+54
MULTI_BOUND_G,300,0,121,3.9819135227649316e+54
MULTI_BOUND_G,300,0,122,1.9909567613824658e+54
MULTI_BOUND_G,300,0,123,9.954783806912329e+53
MULTI_BOUND_G,300,0,124,4.9773919034561645e+53
MULTI_BOUND_G,300,0,125,2.4886959517280822e+53
MULTI_BOUND_G,300,0,126,1.2443479758640411e+53
MULTI_BOUND_G,300,0,127,6.221739879320206e+52
MULTI_BOUND_G,300,0,128,3.110869939660103e+52
MULTI_BOUND_G,300,0,129,1.5554349698300514e+52
MULTI_BOUND_G,300,0,130,7.777174849150257e+51
MULTI_BOUND_G,300,0,131,3.8885874245751285e+51
MULTI_BOUND_G,300,0,132,1.9442937122875642e+51
MULTI_BOUND_G,300,0,133,9.721468561437821e+50
MULTI_BOUND_G,300,0,134,4.860734280718911e+50
MULTI_BOUND_G,300,0,135,2.4303671403594553e+50
MULTI_BOUND_G,300,0,136,1.2151835701797277e+50
MULTI_BOUND_G,300,0,137,6.075917850898638e+49
MULTI_BOUND_G,300,0,138,3.037958925449319e+49
MULTI_BOUND_G,300,0,139,1.5189794627246596e+49
MULTI_BOUND_G,300,0,140,7.594897313623298e+48
MULTI_BOUND_G,300,1,0,12903.802357907884
MULTI_BOUND_G,300,1,1,8.911873358030641e+90
MULTI_BOUND_G,300,1,2,4.4559366790153205e+90
MULTI_BOUND_G,300,1,3,2.2279683395076602e+90
MULTI_BOUND_G,300,1,4,1.1139841697538301e+90
MULTI_BOUND_G,300,1,5,5.569920848769151e+89
MULTI_BOUND_G,300,1,6,2.7849604243845753e+89
MULTI_BOUND_G,300,1,7,1.3924802121922876e+89
MULTI_BOUND_G,300,1,8,6.962401060961438e+88
MULTI_BOUND_G,300,1,9,3.481200530480719e+88
MULTI_BOUND_G,300,1,10,1.7406002652403596e+88
MULTI_BOUND_G,300,1,11,8.703001326201798e+87
MULTI_BOUND_G,300,1,12,4.351500663100899e+87
MULTI_BOUND_G,300,1,13,2.1757503315504494e+87
MULTI_BOUND_G,300,1,14,1.0878751657752247e+87
MULTI_BOUND_G,300,1,15,5.439375828876124e+86
MULTI_BOUND_G,300,1,16,2.719687914438062e+86
MULTI_BOUND_G,300,1,17,1.359843957219031e+86
MULTI_BOUND_G,300,1,18,6.799219786095154e+85
MULTI_BOUND_G,300,1,19,3.399609893047577e+85
MULTI_BOUND_G,300,1,20,1.6998049465237886e+85
MULTI_BOUND_G,300,1,21,8.499024732618943e+84
MULTI_BOUND_G,300,1,22,4.2495123663094716e+84
MULTI_BOUND_G,300,1,23,2.1247561831547358e+84
MULTI_BOUND_G,300,1,24,1.0623780915773679e+84
MULTI_BOUND_G,300,1,25,5.311890457886839e+83
MULTI_BOUND_G,300,1,26,2.6559452289434197e+83
MULTI_BOUND_G,300,1,27,1.3279726144717099e+83
MULTI_BOUND_G,300,1,28,6.639863072358549e+82
MULTI_BOUND_G,300,1,29,3.3199315361792747e+82
MULTI_BOUND_G,300,1,30,1.6599657680896373e+82
MULTI_BOUND_G,300,1,31,8.299828840448187e+81
MULTI_BOUND_G,300,1,32,4.149914420224093e+81
MULTI_BOUND_G,300,1,33,2.0749572101120467e+81
MULTI_BOUND_G,300,1,34,1.0374786050560233e+81
MULTI_BOUND_G,300,1,35,5.187393025280117e+80
MULTI_BOUND_G,300,1,36,2.5936965126400583e+80
MULTI_BOUND_G,300,1,37,1.2968482563200292e+80
MULTI_BOUND_G,300,1,38,6.484241281600146e+79
MULTI_BOUND_G,300,1,39,3.242120640800073e+79
MULTI_BOUND_G,300,1,40,1.6210603204000365e+79
MULTI_BOUND_G,300,1,41,8.105301602000182e+78
MULTI_BOUND_G,300,1,42,4.052650801000091e+78
MULTI_BOUND_G,300,1,43,2.0263254005000456e+78
MULTI_BOUND_G,300,1,44,1.0131627002500228e+78
MULTI_BOUND_G,300,1,45,5.065813501250114e+77
MULTI_BOUND_G,300,1,46,2.532906750625057e+77
MULTI_BOUND_G,300,1,47,1.2664533753125285e+77
MULTI_BOUND_G,300,1,48,6.332266876562642e+76
MULTI_BOUND_G,300,1,49,3.166133438281321e+76
MULTI_BOUND_G,300,1,50,1.5830667191406606e+76
MULTI_BOUND_G,300,1,51,7.915333595703303e+75
MULTI_BOUND_G,300,1,52,3.9576667978516515e+75
MULTI_BOUND_G,300,1,53,1.9788333989258257e+75
MULTI_BOUND_G,300,1,54,9.894166994629129e+74
MULTI_BOUND_G,300,1,55,4.947083497314564e+74
MULTI_BOUND_G,300,1,56,2.473541748657282e+74
MULTI_BOUND_G,300,1,57,1.236770874328641e+74
MULTI_BOUND_G,300,1,58,6.183854371643205e+73
MULTI_BOUND_G,300,1,59,3.091927185821603e+73
MULTI_BOUND_G,300,1,60,1.5459635929108014e+73
MULTI_BOUND_G,300,1,61,7.729817964554007e+72
MULTI_BOUND_G,300,1,62,3.8649089822770034e+72
MULTI_BOUND_G,300,1,63,1.9324544911385017e+72
MULTI_BOUND_G,300,1,64,9.662272455692509e+71
MULTI_BOUND_G,300,1,65,4.831136227846254e+71
MULTI_BOUND_G,300,1,66,2.415568113923127e+71
MULTI_BOUND_G,300,1,67,1.2077840569615636e+71
MULTI_BOUND_G,300,1,68,6.038920284807818e+70
MULTI_BOUND_G,300,1,69,3.019460142403909e+70
MULTI_BOUND_G,300,1,70,1.5097300712019545e+70
MULTI_BOUND_G,300,1,71,7.548650356009772e+69
MULTI_BOUND_G,300,1,72,3.774325178004886e+69
MULTI_BOUND_G,300,1,73,1.887162589002443e+69
MULTI_BOUND_G,300,1,74,9.435812945012215e+68
MULTI_BOUND_G,300,1,75,4.717906472506108e+68
MULTI_BOUND_G,300,1,76,2.358953236253054e+68
MULTI_BOUND_G,300,1,77,1.179476618126527e+68
MULTI_BOUND_G,300,1,78,5.897383090632635e+67
MULTI_BOUND_G,300,1,79,2.9486915453163173e+67
MULTI_BOUND_G,300,1,80,1.4743457726581587e+67
MULTI_BOUND_G,300,1,81,7.371728863290793e+66
MULTI_BOUND_G,300,1,82,3.685864431645397e+66
MULTI_BOUND_G,300,1,83,1.8429322158226983e+66
MULTI_BOUND_G,300,1,84,9.214661079113492e+65
MULTI_BOUND_G,300,1,85,4.607330539556746e+65
MULTI_BOUND_G,300,1,86,2.303665269778373e+65
MULTI_BOUND_G,300,1,87,1.1518326348891864e+65
MULTI_BOUND_G,300,1,88,5.759163174445932e+64
MULTI_BOUND_G,300,1,89,2.879581587222966e+64
MULTI_BOUND_G,300,1,90,1.439790793611483e+64
MULTI_BOUND_G,300,1,91,7.198953968057415e+63
MULTI_BOUND_G,300,1,92,3.599476984028708e+63
MULTI_BOUND_G,300,1,93,1.799738492014354e+63
MULTI_BOUND_G,300,1,94,8.99869246007177e+62
MULTI_BOUND_G,300,1,95,4.499346230035885e+62
MULTI_BOUND_G,300,1,96,2.2496731150179423e+62
MULTI_BOUND_G,300,1,97,1.1248365575089711e+62
MULTI_BOUND_G,300,1,98,5.624182787544856e+61
MULTI_BOUND_G,300,1,99,2.812091393772428e+61
MULTI_BOUND_G,300,1,100,1.406045696886214e+61
MULTI_BOUND_G,300,1,101,7.03022848443107e+60
MULTI_BOUND_G,300,1,102,3.515114242215535e+60
MULTI_BOUND_G,300,1,103,1.7575571211077674e+60
MULTI_BOUND_G,300,1,104,8.787785605538837e+59
MULTI_BOUND_G,300,1,105,4.3938928027694185e+59
MULTI_BOUND_G,300,1,106,2.1969464013847093e+59
MULTI_BOUND_G,300,1,107,1.0984732006923546e+59
MULTI_BOUND_G,300,1,108,5.492366003461773e+58
MULTI_BOUND_G,300,1,109,2.7461830017308866e+58
MULTI_BOUND_G,300,1,110,1.3730915008654433e+58
MULTI_BOUND_G,300,1,111,6.865457504327216e+57
MULTI_BOUND_G,300,1,112,3.432728752163608e+57
MULTI_BOUND_G,300,1,113,1.716364376081804e+57
MULTI_BOUND_G,300,1,114,8.58182188040902e+56
MULTI_BOUND_G,300,1,115,4.29091094020451e+56
MULTI_BOUND_G,300,1,116,2.145455470102255e+56
MULTI_BOUND_G,300,1,117,1.0727277350511276e+56
MULTI_BOUND_G,300,1,118,5.363638675255638e+55
MULTI_BOUND_G,300,1,119,2.681819337627819e+55
MULTI_BOUND_G,300,1,120,1.3409096688139095e+55
MULTI_BOUND_G,300,1,121,6.704548344069547e+54
MULTI_BOUND_G,300,1,122,3.3522741720347736e+54
MULTI_BOUND_G,300,1,123,1.6761370860173868e+54
MULTI_BOUND_G,300,1,124,8.380685430086934e+53
MULTI_BOUND_G,300,1,125,4.190342715043467e+53
MULTI_BOUND_G,300,1,126,2.0951713575217335e+53
MULTI_BOUND_G,300,1,127,1.0475856787608668e+53
MULTI_BOUND_G,300,1,128,5.237928393804334e+52
MULTI_BOUND_G,300,1,129,2.618964196902167e+52
MULTI_BOUND_G,300,1,130,1.3094820984510835e+52
MULTI_BOUND_G,300,1,131,6.547410492255417e+51
MULTI_BOUND_G,300,1,132,3.2737052461277086e+51
MULTI_BOUND_G,300,1,133,1.6368526230638543e+51
MULTI_BOUND_G,300,1,134,8.184263115319272e+50
MULTI_BOUND_G,300,1,135,4.092131557659636e+50
MULTI_BOUND_G,300,1,136,2.046065778829818e+50
MULTI_BOUND_G,300,1,137,1.023032889414909e+50
MULTI_BOUND_G,300,1,138,5.115164447074545e+49
MULTI_BOUND_G,300,1,139,2.5575822235372724e+49
MULTI_BOUND_G,300,1,140,1.2787911117686362e+49
MULTI_BOUND_G,300,2,0,13314.025505126507
MULTI_BOUND_G,300,2,1,8.316944372171772e+90
MULTI_BOUND_G,300,2,2,4.158472186085886e+90
MULTI_BOUND_G,300,2,3,2.079236093042943e+90
MULTI_BOUND_G,300,2,4,1.0396180465214715e+90
MULTI_BOUND_G,300,2,5,5.198090232607357e+89
MULTI_BOUND_G,300,2,6,2.5990451163036787e+89
MULTI_BOUND_G,300,2,7,1.2995225581518393e+89
MULTI_BOUND_G,300,2,8,6.497612790759197e+88
MULTI_BOUND_G,300,2,9,3.248806395379598e+88
MULTI_BOUND_G,300,2,10,1.624403197689799e+88
MULTI_BOUND_G,300,2,11,8.122015988448996e+87
MULTI_BOUND_G,300,2,12,4.061007994224498e+87
MULTI_BOUND_G,300,2,13,2.030503997112249e+87
MULTI_BOUND_G,300,2,14,1.0152519985561245e+87
MULTI_BOUND_G,300,2,15,5.076259992780622e+86
MULTI_BOUND_G,300,2,16,2.538129996390311e+86
MULTI_BOUND_G,300,2,17,1.2690649981951556e+86
MULTI_BOUND_G,300,2,18,6.345324990975778e+85
MULTI_BOUND_G,300,2,19,3.172662495487889e+85
MULTI_BOUND_G,300,2,20,1.5863312477439445e+85
MULTI_BOUND_G,300,2,21,7.931656238719722e+84
MULTI_BOUND_G,300,2,22,3.965828119359861e+84
MULTI_BOUND_G,300,2,23,1.9829140596799306e+84
MULTI_BOUND_G,300,2,24,9.914570298399653e+83
MULTI_BOUND_G,300,2,25,4.957285149199827e+83
MULTI_BOUND_G,300,2,26,2.478642574599913e+83
MULTI_BOUND_G,300,2,27,1.2393212872999566e+83
MULTI_BOUND_G,300,2,28,6.196606436499783e+82
MULTI_BOUND_G,300,2,29,3.0983032182498916e+82
MULTI_BOUND_G,300,2,30,1.5491516091249458e+82
MULTI_BOUND_G,300,2,31,7.745758045624729e+81
MULTI_BOUND_G,300,2,32,3.8728790228123645e+81
MULTI_BOUND_G,300,2,33,1.9364395114061822e+81
MULTI_BOUND_G,300,2,34,9.682197557030911e+80
MULTI_BOUND_G,300,2,35,4.841098778515456e+80
MULTI_BOUND_G,300,2,36,2.420549389257728e+80
MULTI_BOUND_G,300,2,37,1.210274694628864e+80
MULTI_BOUND_G,300,2,38,6.05137347314432e+79
MULTI_BOUND_G,300,2,39,3.02568673657216e+79
MULTI_BOUND_G,300,2,40,1.51284336828608e+79
MULTI_BOUND_G,300,2,41,7.5642168414304e+78
MULTI_BOUND_G,300,2,42,3.7821084207152e+78
MULTI_BOUND_G,300,2,43,1.8910542103576e+78
MULTI_BOUND_G,300,2,44,9.455271051788e+77
MULTI_BOUND_G,300,2,45,4.727635525894e+77
MULTI_BOUND_G,300,2,46,2.363817762947e+77
MULTI_BOUND_G,300,2,47,1.1819088814735e+77
MULTI_BOUND_G,300,2,48,5.9095444073675e+76
MULTI_BOUND_G,300,2,49,2.95477220368375e+76
MULTI_BOUND_G,300,2,50,1.477386101841875e+76
MULTI_BOUND_G,300,2,51,7.386930509209374e+75
MULTI_BOUND_G,300,2,52,3.693465254604687e+75
MULTI_BOUND_G,300,2,53,1.8467326273023436e+75
MULTI_BOUND_G,300,2,54,9.233663136511718e+74
MULTI_BOUND_G,300,2,55,4.616831568255859e+74
MULTI_BOUND_G,300,2,56,2.3084157841279295e+74
MULTI_BOUND_G,300,2,57,1.1542078920639647e+74
MULTI_BOUND_G,300,2,58,5.771039460319824e+73
MULTI_BOUND_G,300,2,59,2.885519730159912e+73
MULTI_BOUND_G,300,2,60,1.442759865079956e+73
MULTI_BOUND_G,300,2,61,7.21379932539978e+72
MULTI_BOUND_G,300,2,62,3.60689966269989e+72
MULTI_BOUND_G,300,2,63,1.803449831349945e+72
MULTI_BOUND_G,300,2,64,9.017249156749725e+71
MULTI_BOUND_G,300,2,65,4.508624578374862e+71
MULTI_BOUND_G,300,2,66,2.254312289187431e+71
MULTI_BOUND_G,300,2,67,1.1271561445937156e+71
MULTI_BOUND_G,300,2,68,5.635780722968578e+70
MULTI_BOUND_G,300,2,69,2.817890361484289e+70
MULTI_BOUND_G,300,2,70,1.4089451807421445e+70
MULTI_BOUND_G,300,2,71,7.044725903710722e+69
MULTI_BOUND_G,300,2,72,3.522362951855361e+69
MULTI_BOUND_G,300,2,73,1.7611814759276806e+69
MULTI_BOUND_G,300,2,74,8.805907379638403e+68
MULTI_BOUND_G,300,2,75,4.402953689819201e+68
MULTI_BOUND_G,300,2,76,2.2014768449096007e+68
MULTI_BOUND_G,300,2,77,1.1007384224548004e+68
MULTI_BOUND_G,300,2,78,5.503692112274002e+67
MULTI_BOUND_G,300,2,79,2.751846056137001e+67
MULTI_BOUND_G,300,2,80,1.3759230280685005e+67
MULTI_BOUND_G,300,2,81,6.879615140342502e+66
MULTI_BOUND_G,300,2,82,3.439807570171251e+66
MULTI_BOUND_G,300,2,83,1.7199037850856256e+66
MULTI_BOUND_G,300,2,84,8.599518925428128e+65
MULTI_BOUND_G,300,2,85,4.299759462714064e+65
MULTI_BOUND_G,300,2,86,2.149879731357032e+65
MULTI_BOUND_G,300,2,87,1.074939865678516e+65
MULTI_BOUND_G,300,2,88,5.37469932839258e+64
MULTI_BOUND_G,300,2,89,2.68734966419629e+64
MULTI_BOUND_G,300,2,90,1.343674832098145e+64
MULTI_BOUND_G,300,2,91,6.718374160490725e+63
MULTI_BOUND_G,300,2,92,3.3591870802453624e+63
MULTI_BOUND_G,300,2,93,1.6795935401226812e+63
MULTI_BOUND_G,300,2,94,8.397967700613406e+62
MULTI_BOUND_G,300,2,95,4.198983850306703e+62
MULTI_BOUND_G,300,2,96,2.0994919251533515e+62
MULTI_BOUND_G,300,2,97,1.0497459625766758e+62
MULTI_BOUND_G,300,2,98,5.248729812883379e+61
MULTI_BOUND_G,300,2,99,2.6243649064416894e+61
MULTI_BOUND_G,300,2,100,1.3121824532208447e+61
MULTI_BOUND_G,300,2,101,6.560912266104224e+60
MULTI_BOUND_G,300,2,102,3.280456133052112e+60
MULTI_BOUND_G,300,2,103,1.640228066526056e+60
MULTI_BOUND_G,300,2,104,8.20114033263028e+59
MULTI_BOUND_G,300,2,105,4.10057016631514e+59
MULTI_BOUND_G,300,2,106,2.05028508315757e+59
MULTI_BOUND_G,300,2,107,1.025142541578785e+59
MULTI_BOUND_G,300,2,108,5.125712707893925e+58
MULTI_BOUND_G,300,2,109,2.5628563539469623e+58
MULTI_BOUND_G,300,2,110,1.2814281769734812e+58
MULTI_BOUND_G,300,2,111,6.407140884867406e+57
MULTI_BOUND_G,300,2,112,3.203570442433703e+57
MULTI_BOUND_G,300,2,113,1.6017852212168514e+57
MULTI_BOUND_G,300,2,114,8.008926106084257e+56
MULTI_BOUND_G,300,2,115,4.004463053042129e+56
MULTI_BOUND_G,300,2,116,2.0022315265210643e+56
MULTI_BOUND_G,300,2,117,1.0011157632605322e+56
MULTI_BOUND_G,300,2,118,5.005578816302661e+55
MULTI_BOUND_G,300,2,119,2.5027894081513304e+55
MULTI_BOUND_G,300,2,120,1.2513947040756652e+55
MULTI_BOUND_G,300,2,121,6.256973520378326e+54
MULTI_BOUND_G,300,2,122,3.128486760189163e+54
MULTI_BOUND_G,300,2,123,1.5642433800945815e+54
MULTI_BOUND_G,300,2,124,7.821216900472907e+53
MULTI_BOUND_G,300,2,125,3.910608450236454e+53
MULTI_BOUND_G,300,2,126,1.955304225118227e+53
MULTI_BOUND_G,300,2,127,9.776521125591134e+52
MULTI_BOUND_G,300,2,128,4.888260562795567e+52
MULTI_BOUND_G,300,2,129,2.4441302813977836e+52
MULTI_BOUND_G,300,2,130,1.2220651406988918e+52
MULTI_BOUND_G,300,2,131,6.110325703494459e+51
MULTI_BOUND_G,300,2,132,3.0551628517472295e+51
MULTI_BOUND_G,300,2,133,1.5275814258736147e+51
MULTI_BOUND_G,300,2,134,7.637907129368074e+50
MULTI_BOUND_G,300,2,135,3.818953564684037e+50
MULTI_BOUND_G,300,2,136,1.9094767823420184e+50
MULTI_BOUND_G,300,2,137,9.547383911710092e+49
MULTI_BOUND_G,300,2,138,4.773691955855046e+49
MULTI_BOUND_G,300,2,139,2.386845977927523e+49
MULTI_BOUND_G,300,2,140,1.1934229889637615e+49
MULTI_BOUND_G,300,3,0,12777.513596082825
MULTI_BOUND_G,300,3,1,9.210089468631187e+90
MULTI_BOUND_G,300,3,2,4.605044734315593e+90
MULTI_BOUND_G,300,3,3,2.3025223671577967e+90
MULTI_BOUND_G,300,3,4,1.1512611835788983e+90
MULTI_BOUND_G,300,3,5,5.756305917894492e+89
MULTI_BOUND_G,300,3,6,2.878152958947246e+89
MULTI_BOUND_G,300,3,7,1.439076479473623e+89
MULTI_BOUND_G,300,3,8,7.195382397368115e+88
MULTI_BOUND_G,300,3,9,3.597691198684057e+88
MULTI_BOUND_G,300,3,10,1.7988455993420286e+88
MULTI_BOUND_G,300,3,11,8.994227996710143e+87
MULTI_BOUND_G,300,3,12,4.497113998355072e+87
MULTI_BOUND_G,300,3,13,2.248556999177536e+87
MULTI_BOUND_G,300,3,14,1.124278499588768e+87
MULTI_BOUND_G,300,3,15,5.62139249794384e+86
MULTI_BOUND_G,300,3,16,2.81069624897192e+86
MULTI_BOUND_G,300,3,17,1.40534812448596e+86
MULTI_BOUND_G,300,3,18,7.0267406224298e+85
MULTI_BOUND_G,300,3,19,3.5133703112149e+85
MULTI_BOUND_G,300,3,20,1.75668515560745e+85
MULTI_BOUND_G,300,3,21,8.78342577803725e+84
MULTI_BOUND_G,300,3,22,4.391712889018625e+84
MULTI_BOUND_G,300,3,23,2.1958564445093123e+84
MULTI_BOUND_G,300,3,24,1.0979282222546562e+84
MULTI_BOUND_G,300,3,25,5.489641111273281e+83
MULTI_BOUND_G,300,3,26,2.7448205556366404e+83
MULTI_BOUND_G,300,3,27,1.3724102778183202e+83
MULTI_BOUND_G,300,3,28,6.862051389091601e+82
MULTI_BOUND_G,300,3,29,3.4310256945458005e+82
MULTI_BOUND_G,300,3,30,1.7155128472729002e+82
MULTI_BOUND_G,300,3,31,8.577564236364501e+81
MULTI_BOUND_G,300,3,32,4.288782118182251e+81
MULTI_BOUND_G,300,3,33,2.1443910590911253e+81
MULTI_BOUND_G,300,3,34,1.0721955295455626e+81
MULTI_BOUND_G,300,3,35,5.360977647727813e+80
MULTI_BOUND_G,300,3,36,2.6804888238639066e+80
MULTI_BOUND_G,300,3,37,1.3402444119319533e+80
MULTI_BOUND_G,300,3,38,6.701222059659767e+79
MULTI_BOUND_G,300,3,39,3.350611029829883e+79
MULTI_BOUND_G,300,3,40,1.6753055149149416e+79
MULTI_BOUND_G,300,3,41,8.376527574574708e+78
MULTI_BOUND_G,300,3,42,4.188263787287354e+78
MULTI_BOUND_G,300,3,43,2.094131893643677e+78
MULTI_BOUND_G,300,3,44,1.0470659468218385e+78
MULTI_BOUND_G,300,3,45,5.235329734109193e+77
MULTI_BOUND_G,300,3,46,2.6176648670545963e+77
MULTI_BOUND_G,300,3,47,1.3088324335272982e+77
MULTI_BOUND_G,300,3,48,6.544162167636491e+76
MULTI_BOUND_G,300,3,49,3.2720810838182454e+76
MULTI_BOUND_G,300,3,50,1.6360405419091227e+76
MULTI_BOUND_G,300,3,51,8.180202709545613e+75
MULTI_BOUND_G,300,3,52,4.090101354772807e+75
MULTI_BOUND_G,300,3,53,2.0450506773864034e+75
MULTI_BOUND_G,300,3,54,1.0225253386932017e+75
MULTI_BOUND_G,300,3,55,5.112626693466008e+74
MULTI_BOUND_G,300,3,56,2.556313346733004e+74
MULTI_BOUND_G,300,3,57,1.278156673366502e+74
MULTI_BOUND_G,300,3,58,6.39078336683251e+73
MULTI_BOUND_G,300,3,59,3.195391683416255e+73
MULTI_BOUND_G,300,3,60,1.5976958417081276e+73
MULTI_BOUND_G,300,3,61,7.988479208540638e+72
MULTI_BOUND_G,300,3,62,3.994239604270319e+72
MULTI_BOUND_G,300,3,63,1.9971198021351595e+72
MULTI_BOUND_G,300,3,64,9.985599010675798e+71
MULTI_BOUND_G,300,3,65,4.992799505337899e+71
MULTI_BOUND_G,300,3,66,2.4963997526689494e+71
MULTI_BOUND_G,300,3,67,1.2481998763344747e+71
MULTI_BOUND_G,300,3,68,6.240999381672374e+70
MULTI_BOUND_G,300,3,69,3.120499690836187e+70
MULTI_BOUND_G,300,3,70,1.5602498454180934e+70
MULTI_BOUND_G,300,3,71,7.801249227090467e+69
MULTI_BOUND_G,300,3,72,3.9006246135452335e+69
MULTI_BOUND_G,300,3,73,1.9503123067726167e+69
MULTI_BOUND_G,300,3,74,9.751561533863084e+68
MULTI_BOUND_G,300,3,75,4.875780766931542e+68
MULTI_BOUND_G,300,3,76,2.437890383465771e+68
MULTI_BOUND_G,300,3,77,1.2189451917328855e+68
MULTI_BOUND_G,300,3,78,6.094725958664427e+67
MULTI_BOUND_G,300,3,79,3.0473629793322136e+67
MULTI_BOUND_G,300,3,80,1.5236814896661068e+67
MULTI_BOUND_G,300,3,81,7.618407448330534e+66
MULTI_BOUND_G,300,3,82,3.809203724165267e+66
MULTI_BOUND_G,300,3,83,1.9046018620826335e+66
MULTI_BOUND_G,300,3,84,9.523009310413168e+65
MULTI_BOUND_G,300,3,85,4.761504655206584e+65
MULTI_BOUND_G,300,3,86,2.380752327603292e+65
MULTI_BOUND_G,300,3,87,1.190376163801646e+65
MULTI_BOUND_G,300,3,88,5.95188081900823e+64
MULTI_BOUND_G,300,3,89,2.975940409504115e+64
MULTI_BOUND_G,300,3,90,1.4879702047520574e+64
MULTI_BOUND_G,300,3,91,7.439851023760287e+63
MULTI_BOUND_G,300,3,92,3.7199255118801436e+63
MULTI_BOUND_G,300,3,93,1.8599627559400718e+63
MULTI_BOUND_G,300,3,94,9.299813779700359e+62
MULTI_BOUND_G,300,3,95,4.6499068898501795e+62
MULTI_BOUND_G,300,3,96,2.3249534449250898e+62
MULTI_BOUND_G,300,3,97,1.1624767224625449e+62
MULTI_BOUND_G,300,3,98,5.812383612312724e+61
MULTI_BOUND_G,300,3,99,2.906191806156362e+61
MULTI_BOUND_G,300,3,100,1.453095903078181e+61
MULTI_BOUND_G,300,3,101,7.265479515390905e+60
MULTI_BOUND_G,300,3,102,3.632739757695453e+60
MULTI_BOUND_G,300,3,103,1.8163698788477264e+60
MULTI_BOUND_G,300,3,104,9.081849394238632e+59
MULTI_BOUND_G,300,3,105,4.540924697119316e+59
MULTI_BOUND_G,300,3,106,2.270462348559658e+59
MULTI_BOUND_G,300,3,107,1.135231174279829e+59
MULTI_BOUND_G,300,3,108,5.676155871399145e+58
MULTI_BOUND_G,300,3,109,2.8380779356995725e+58
MULTI_BOUND_G,300,3,110,1.4190389678497862e+58
MULTI_BOUND_G,300,3,111,7.095194839248931e+57
MULTI_BOUND_G,300,3,112,3.5475974196244656e+57
MULTI_BOUND_G,300,3,113,1.7737987098122328e+57
MULTI_BOUND_G,300,3,114,8.868993549061164e+56
MULTI_BOUND_G,300,3,115,4.434496774530582e+56
MULTI_BOUND_G,300,3,116,2.217248387265291e+56
MULTI_BOUND_G,300,3,117,1.1086241936326455e+56
MULTI_BOUND_G,300,3,118,5.543120968163227e+55
MULTI_BOUND_G,300,3,119,2.771560484081614e+55
MULTI_BOUND_G,300,3,120,1.385780242040807e+55
MULTI_BOUND_G,300,3,121,6.928901210204034e+54
MULTI_BOUND_G,300,3,122,3.464450605102017e+54
MULTI_BOUND_G,300,3,123,1.7322253025510086e+54
MULTI_BOUND_G,300,3,124,8.661126512755043e+53
MULTI_BOUND_G,300,3,125,4.3305632563775215e+53
MULTI_BOUND_G,300,3,126,2.1652816281887607e+53
MULTI_BOUND_G,300,3,127,1.0826408140943804e+53
MULTI_BOUND_G,300,3,128,5.413204070471902e+52
MULTI_BOUND_G,300,3,129,2.706602035235951e+52
MULTI_BOUND_G,300,3,130,1.3533010176179755e+52
MULTI_BOUND_G,300,3,131,6.766505088089877e+51
MULTI_BOUND_G,300,3,132,3.3832525440449386e+51
MULTI_BOUND_G,300,3,133,1.6916262720224693e+51
MULTI_BOUND_G,300,3,134,8.458131360112347e+50
MULTI_BOUND_G,300,3,135,4.229065680056173e+50
MULTI_BOUND_G,300,3,136,2.1145328400280866e+50
MULTI_BOUND_G,300,3,137,1.0572664200140433e+50
MULTI_BOUND_G,300,3,138,5.286332100070217e+49
MULTI_BOUND_G,300,3,139,2.6431660500351083e+49
MULTI_BOUND_G,300,3,140,1.3215830250175542e+49
MULTI_BOUND_G,300,4,0,12922.692253108275
MULTI_BOUND_G,300,4,1,1.2229567825157664e+91
MULTI_BOUND_G,300,4,2,6.114783912578832e+90
MULTI_BOUND_G,300,4,3,3.057391956289416e+90
MULTI_BOUND_G,300,4,4,1.528695978144708e+90
MULTI_BOUND_G,300,4,5,7.64347989072354e+89
MULTI_BOUND_G,300,4,6,3.82173994536177e+89
MULTI_BOUND_G,300,4,7,1.910869972680885e+89
MULTI_BOUND_G,300,4,8,9.554349863404425e+88
MULTI_BOUND_G,300,4,9,4.7771749317022126e+88
MULTI_BOUND_G,300,4,10,2.3885874658511063e+88
MULTI_BOUND_G,300,4,11,1.1942937329255532e+88
MULTI_BOUND_G,300,4,12,5.971468664627766e+87
MULTI_BOUND_G,300,4,13,2.985734332313883e+87
MULTI_BOUND_G,300,4,14,1.4928671661569414e+87
MULTI_BOUND_G,300,4,15,7.464335830784707e+86
MULTI_BOUND_G,300,4,16,3.7321679153923536e+86
MULTI_BOUND_G,300,4,17,1.8660839576961768e+86
MULTI_BOUND_G,300,4,18,9.330419788480884e+85
MULTI_BOUND_G,300,4,19,4.665209894240442e+85
MULTI_BOUND_G,300,4,20,2.332604947120221e+85
MULTI_BOUND_G,300,4,21,1.1663024735601105e+85
MULTI_BOUND_G,300,4,22,5.8315123678005525e+84
MULTI_BOUND_G,300,4,23,2.9157561839002762e+84
MULTI_BOUND_G,300,4,24,1.4578780919501381e+84
MULTI_BOUND_G,300,4,25,7.289390459750691e+83
MULTI_BOUND_G,300,4,26,3.6446952298753453e+83
MULTI_BOUND_G,300,4,27,1.8223476149376727e+83
MULTI_BOUND_G,300,4,28,9.111738074688363e+82
MULTI_BOUND_G,300,4,29,4.5558690373441816e+82
MULTI_BOUND_G,300,4,30,2.2779345186720908e+82
MULTI_BOUND_G,300,4,31,1.1389672593360454e+82
MULTI_BOUND_G,300,4,32,5.694836296680227e+81
MULTI_BOUND_G,300,4,33,2.8474181483401135e+81
MULTI_BOUND_G,300,4,34,1.4237090741700568e+81
MULTI_BOUND_G,300,4,35,7.118545370850284e+80
MULTI_BOUND_G,300,4,36,3.559272685425142e+80
MULTI_BOUND_G,300,4,37,1.779636342712571e+80
MULTI_BOUND_G,300,4,38,8.898181713562855e+79
MULTI_BOUND_G,300,4,39,4.4490908567814274e+79
MULTI_BOUND_G,300,4,40,2.2245454283907137e+79
MULTI_BOUND_G,300,4,41,1.1122727141953568e+79
MULTI_BOUND_G,300,4,42,5.561363570976784e+78
MULTI_BOUND_G,300,4,43,2.780681785488392e+78
MULTI_BOUND_G,300,4,44,1.390340892744196e+78
MULTI_BOUND_G,300,4,45,6.95170446372098e+77
MULTI_BOUND_G,300,4,46,3.47585223186049e+77
MULTI_BOUND_G,300,4,47,1.737926115930245e+77
MULTI_BOUND_G,300,4,48,8.689630579651225e+76
MULTI_BOUND_G,300,4,49,4.3448152898256127e+76
MULTI_BOUND_G,300,4,50,2.1724076449128063e+76
MULTI_BOUND_G,300,4,51,1.0862038224564032e+76
MULTI_BOUND_G,300,4,52,5.431019112282016e+75
MULTI_BOUND_G,300,4,53,2.715509556141008e+75
MULTI_BOUND_G,300,4,54,1.357754778070504e+75
MULTI_BOUND_G,300,4,55,6.78877389035252e+74
MULTI_BOUND_G,300,4,56,3.39438694517626e+74
MULTI_BOUND_G,300,4,57,1.69719347258813e+74
MULTI_BOUND_G,300,4,58,8.48596736294065e+73
MULTI_BOUND_G,300,4,59,4.242983681470325e+73
MULTI_BOUND_G,300,4,60,2.1214918407351624e+73
MULTI_BOUND_G,300,4,61,1.0607459203675812e+73
MULTI_BOUND_G,300,4,62,5.303729601837906e+72
MULTI_BOUND_G,300,4,63,2.651864800918953e+72
MULTI_BOUND_G,300,4,64,1.3259324004594765e+72
MULTI_BOUND_G,300,4,65,6.629662002297383e+71
MULTI_BOUND_G,300,4,66,3.3148310011486913e+71
MULTI_BOUND_G,300,4,67,1.6574155005743457e+71
MULTI_BOUND_G,300,4,68,8.287077502871728e+70
MULTI_BOUND_G,300,4,69,4.143538751435864e+70
MULTI_BOUND_G,300,4,70,2.071769375717932e+70
MULTI_BOUND_G,300,4,71,1.035884687858966e+70
MULTI_BOUND_G,300,4,72,5.17942343929483e+69
MULTI_BOUND_G,300,4,73,2.589711719647415e+69
MULTI_BOUND_G,300,4,74,1.2948558598237075e+69
MULTI_BOUND_G,300,4,75,6.474279299118538e+68
MULTI_BOUND_G,300,4,76,3.237139649559269e+68
MULTI_BOUND_G,300,4,77,1.6185698247796344e+68
MULTI_BOUND_G,300,4,78,8.092849123898172e+67
MULTI_BOUND_G,300,4,79,4.046424561949086e+67
MULTI_BOUND_G,300,4,80,2.023212280974543e+67
MULTI_BOUND_G,300,4,81,1.0116061404872715e+67
MULTI_BOUND_G,300,4,82,5.0580307024363576e+66
MULTI_BOUND_G,300,4,83,2.5290153512181788e+66
MULTI_BOUND_G,300,4,84,1.2645076756090894e+66
MULTI_BOUND_G,300,4,85,6.322538378045447e+65
MULTI_BOUND_G,300,4,86,3.1612691890227235e+65
MULTI_BOUND_G,300,4,87,1.5806345945113617e+65
MULTI_BOUND_G,300,4,88,7.903172972556809e+64
MULTI_BOUND_G,300,4,89,3.9515864862784044e+64
MULTI_BOUND_G,300,4,90,1.9757932431392022e+64
MULTI_BOUND_G,300,4,91,9.878966215696011e+63
MULTI_BOUND_G,300,4,92,4.9394831078480055e+63
MULTI_BOUND_G,300,4,93,2.4697415539240027e+63
MULTI_BOUND_G,300,4,94,1.2348707769620014e+63
MULTI_BOUND_G,300,4,95,6.174353884810007e+62
MULTI_BOUND_G,300,4,96,3.0871769424050034e+62
MULTI_BOUND_G,300,4,97,1.5435884712025017e+62
MULTI_BOUND_G,300,4,98,7.717942356012509e+61
MULTI_BOUND_G,300,4,99,3.858971178006254e+61
MULTI_BOUND_G,300,4,100,1.929485589003127e+61
MULTI_BOUND_G,300,4,101,9.647427945015636e+60
MULTI_BOUND_G,300,4,102,4.823713972507818e+60
MULTI_BOUND_G,300,4,103,2.411856986253909e+60
MULTI_BOUND_G,300,4,104,1.2059284931269545e+60
MULTI_BOUND_G,300,4,105,6.029642465634772e+59
MULTI_BOUND_G,300,4,106,3.014821232817386e+59
MULTI_BOUND_G,300,4,107,1.507410616408693e+59
MULTI_BOUND_G,300,4,108,7.537053082043465e+58
MULTI_BOUND_G,300,4,109,3.7685265410217327e+58
MULTI_BOUND_G,300,4,110,1.8842632705108663e+58
MULTI_BOUND_G,300,4,111,9.421316352554332e+57
MULTI_BOUND_G,300,4,112,4.710658176277166e+57
MULTI_BOUND_G,300,4,113,2.355329088138583e+57
MULTI_BOUND_G,300,4,114,1.1776645440692915e+57
MULTI_BOUND_G,300,4,115,5.888322720346457e+56
MULTI_BOUND_G,300,4,116,2.9441613601732287e+56
MULTI_BOUND_G,300,4,117,1.4720806800866143e+56
MULTI_BOUND_G,300,4,118,7.360403400433072e+55
MULTI_BOUND_G,300,4,119,3.680201700216536e+55
MULTI_BOUND_G,300,4,120,1.840100850108268e+55
MULTI_BOUND_G,300,4,121,9.20050425054134e+54
MULTI_BOUND_G,300,4,122,4.60025212527067e+54
MULTI_BOUND_G,300,4,123,2.300126062635335e+54
MULTI_BOUND_G,300,4,124,1.1500630313176674e+54
MULTI_BOUND_G,300,4,125,5.750315156588337e+53
MULTI_BOUND_G,300,4,126,2.8751575782941686e+53
MULTI_BOUND_G,300,4,127,1.4375787891470843e+53
MULTI_BOUND_G,300,4,128,7.187893945735422e+52
MULTI_BOUND_G,300,4,129,3.593946972867711e+52
MULTI_BOUND_G,300,4,130,1.7969734864338554e+52
MULTI_BOUND_G,300,4,131,8.984867432169277e+51
MULTI_BOUND_G,300,4,132,4.4924337160846385e+51
MULTI_BOUND_G,300,4,133,2.2462168580423192e+51
MULTI_BOUND_G,300,4,134,1.1231084290211596e+51
MULTI_BOUND_G,300,4,135,5.615542145105798e+50
MULTI_BOUND_G,300,4,136,2.807771072552899e+50
MULTI_BOUND_G,300,4,137,1.4038855362764495e+50
MULTI_BOUND_G,300,4,138,7.019427681382248e+49
MULTI_BOUND_G,300,4,139,3.509713840691124e+49
MULTI_BOUND_G,300,4,140,1.754856920345562e+49
MULTI_BOUND_G,300,5,0,13613.81663739551
MULTI_BOUND_G,300,5,1,7.68032285489477e+90
MULTI_BOUND_G,300,5,2,3.840161427447385e+90
MULTI_BOUND_G,300,5,3,1.9200807137236925e+90
MULTI_BOUND_G,300,5,4,9.600403568618463e+89
MULTI_BOUND_G,300,5,5,4.8002017843092313e+89
MULTI_BOUND_G,300,5,6,2.4001008921546156e+89
MULTI_BOUND_G,300,5,7,1.2000504460773078e+89
MULTI_BOUND_G,300,5,8,6.000252230386539e+88
MULTI_BOUND_G,300,5,9,3.0001261151932696e+88
MULTI_BOUND_G,300,5,10,1.5000630575966348e+88
MULTI_BOUND_G,300,5,11,7.500315287983174e+87
MULTI_BOUND_G,300,5,12,3.750157643991587e+87
MULTI_BOUND_G,300,5,13,1.8750788219957935e+87
MULTI_BOUND_G,300,5,14,9.375394109978967e+86
MULTI_BOUND_G,300,5,15,4.6876970549894837e+86
MULTI_BOUND_G,300,5,16,2.3438485274947418e+86
MULTI_BOUND_G,300,5,17,1.1719242637473709e+86
MULTI_BOUND_G,300,5,18,5.8596213187368546e+85
MULTI_BOUND_G,300,5,19,2.9298106593684273e+85
MULTI_BOUND_G,300,5,20,1.4649053296842136e+85
MULTI_BOUND_G,300,5,21,7.324526648421068e+84
MULTI_BOUND_G,300,5,22,3.662263324210534e+84
MULTI_BOUND_G,300,5,23,1.831131662105267e+84
MULTI_BOUND_G,300,5,24,9.155658310526335e+83
MULTI_BOUND_G,300,5,25,4.5778291552631677e+83
MULTI_BOUND_G,300,5,26,2.2889145776315838e+83
MULTI_BOUND_G,300,5,27,1.1444572888157919e+83
MULTI_BOUND_G,300,5,28,5.7222864440789596e+82
MULTI_BOUND_G,300,5,29,2.8611432220394798e+82
MULTI_BOUND_G,300,5,30,1.4305716110197399e+82
MULTI_BOUND_G,300,5,31,7.1528580550986995e+81
MULTI_BOUND_G,300,5,32,3.5764290275493497e+81
MULTI_BOUND_G,300,5,33,1.7882145137746749e+81
MULTI_BOUND_G,300,5,34,8.941072568873374e+80
MULTI_BOUND_G,300,5,35,4.470536284436687e+80
MULTI_BOUND_G,300,5,36,2.2352681422183436e+80
MULTI_BOUND_G,300,5,37,1.1176340711091718e+80
MULTI_BOUND_G,300,5,38,5.588170355545859e+79
MULTI_BOUND_G,300,5,39,2.7940851777729295e+79
MULTI_BOUND_G,300,5,40,1.3970425888864647e+79
MULTI_BOUND_G,300,5,41,6.985212944432324e+78
MULTI_BOUND_G,300,5,42,3.492606472216162e+78
MULTI_BOUND_G,300,5,43,1.746303236108081e+78
MULTI_BOUND_G,300,5,44,8.731516180540405e+77
MULTI_BOUND_G,300,5,45,4.3657580902702023e+77
MULTI_BOUND_G,300,5,46,2.1828790451351012e+77
MULTI_BOUND_G,300,5,47,1.0914395225675506e+77
MULTI_BOUND_G,300,5,48,5.457197612837753e+76
MULTI_BOUND_G,300,5,49,2.7285988064188764e+76
MULTI_BOUND_G,300,5,50,1.3642994032094382e+76
MULTI_BOUND_G,300,5,51,6.821497016047191e+75
MULTI_BOUND_G,300,5,52,3.4107485080235956e+75
MULTI_BOUND_G,300,5,53,1.7053742540117978e+75
MULTI_BOUND_G,300,5,54,8.526871270058989e+74
MULTI_BOUND_G,300,5,55,4.2634356350294944e+74
MULTI_BOUND_G,300,5,56,2.1317178175147472e+74
MULTI_BOUND_G,300,5,57,1.0658589087573736e+74
MULTI_BOUND_G,300,5,58,5.329294543786868e+73
MULTI_BOUND_G,300,5,59,2.664647271893434e+73
MULTI_BOUND_G,300,5,60,1.332323635946717e+73
MULTI_BOUND_G,300,5,61,6.661618179733585e+72
MULTI_BOUND_G,300,5,62,3.3308090898667925e+72
MULTI_BOUND_G,300,5,63,1.6654045449333963e+72
MULTI_BOUND_G,300,5,64,8.327022724666981e+71
MULTI_BOUND_G,300,5,65,4.1635113623334907e+71
MULTI_BOUND_G,300,5,66,2.0817556811667453e+71
MULTI_BOUND_G,300,5,67,1.0408778405833727e+71
MULTI_BOUND_G,300,5,68,5.2043892029168633e+70
MULTI_BOUND_G,300,5,69,2.6021946014584317e+70
MULTI_BOUND_G,300,5,70,1.3010973007292158e+70
MULTI_BOUND_G,300,5,71,6.505486503646079e+69
MULTI_BOUND_G,300,5,72,3.2527432518230396e+69
MULTI_BOUND_G,300,5,73,1.6263716259115198e+69
MULTI_BOUND_G,300,5,74,8.131858129557599e+68
MULTI_BOUND_G,300,5,75,4.0659290647787995e+68
MULTI_BOUND_G,300,5,76,2.0329645323893997e+68
MULTI_BOUND_G,300,5,77,1.0164822661946999e+68
MULTI_BOUND_G,300,5,78,5.0824113309734993e+67
MULTI_BOUND_G,300,5,79,2.5412056654867497e+67
MULTI_BOUND_G,300,5,80,1.2706028327433748e+67
MULTI_BOUND_G,300,5,81,6.353014163716874e+66
MULTI_BOUND_G,300,5,82,3.176507081858437e+66
MULTI_BOUND_G,300,5,83,1.5882535409292185e+66
MULTI_BOUND_G,300,5,84,7.941267704646093e+65
MULTI_BOUND_G,300,5,85,3.9706338523230464e+65
MULTI_BOUND_G,300,5,86,1.9853169261615232e+65
MULTI_BOUND_G,300,5,87,9.926584630807616e+64
MULTI_BOUND_G,300,5,88,4.963292315403808e+64
MULTI_BOUND_G,300,5,89,2.481646157701904e+64
MULTI_BOUND_G,300,5,90,1.240823078850952e+64
MULTI_BOUND_G,300,5,91,6.20411539425476e+63
MULTI_BOUND_G,300,5,92,3.10205769712738e+63
MULTI_BOUND_G,300,5,93,1.55102884856369e+63
MULTI_BOUND_G,300,5,94,7.75514424281845e+62
MULTI_BOUND_G,300,5,95,3.877572121409225e+62
MULTI_BOUND_G,300,5,96,1.9387860607046125e+62
MULTI_BOUND_G,300,5,97,9.693930303523062e+61
MULTI_BOUND_G,300,5,98,4.846965151761531e+61
MULTI_BOUND_G,300,5,99,2.4234825758807656e+61
MULTI_BOUND_G,300,5,100,1.2117412879403828e+61
MULTI_BOUND_G,300,5,101,6.058706439701914e+60
MULTI_BOUND_G,300,5,102,3.029353219850957e+60
MULTI_BOUND_G,300,5,103,1.5146766099254785e+60
MULTI_BOUND_G,300,5,104,7.5733830496273925e+59
MULTI_BOUND_G,300,5,105,3.7866915248136963e+59
MULTI_BOUND_G,300,5,106,1.8933457624068481e+59
MULTI_BOUND_G,300,5,107,9.466728812034241e+58
MULTI_BOUND_G,300,5,108,4.7333644060171203e+58
MULTI_BOUND_G,300,5,109,2.3666822030085602e+58
MULTI_BOUND_G,300,5,110,1.1833411015042801e+58
MULTI_BOUND_G,300,5,111,5.9167055075214004e+57
MULTI_BOUND_G,300,5,112,2.9583527537607002e+57
MULTI_BOUND_G,300,5,113,1.4791763768803501e+57
MULTI_BOUND_G,300,5,114,7.3958818844017505e+56
MULTI_BOUND_G,300,5,115,3.6979409422008753e+56
MULTI_BOUND_G,300,5,116,1.8489704711004376e+56
MULTI_BOUND_G,300,5,117,9.244852355502188e+55
MULTI_BOUND_G,300,5,118,4.622426177751094e+55
MULTI_BOUND_G,300,5,119,2.311213088875547e+55
MULTI_BOUND_G,300,5,120,1.1556065444377735e+55
MULTI_BOUND_G,300,5,121,5.7780327221888676e+54
MULTI_BOUND_G,300,5,122,2.8890163610944338e+54
MULTI_BOUND_G,300,5,123,1.4445081805472169e+54
MULTI_BOUND_G,300,5,124,7.2225409027360845e+53
MULTI_BOUND_G,300,5,125,3.6112704513680422e+53
MULTI_BOUND_G,300,5,126,1.8056352256840211e+53
MULTI_BOUND_G,300,5,127,9.028176128420106e+52
MULTI_BOUND_G,300,5,128,4.514088064210053e+52
MULTI_BOUND_G,300,5,129,2.2570440321050264e+52
MULTI_BOUND_G,300,5,130,1.1285220160525132e+52
MULTI_BOUND_G,300,5,131,5.642610080262566e+51
MULTI_BOUND_G,300,5,132,2.821305040131283e+51
MULTI_BOUND_G,300,5,133,1.4106525200656415e+51
MULTI_BOUND_G,300,5,134,7.0532626003282075e+50
MULTI_BOUND_G,300,5,135,3.5266313001641037e+50
MULTI_BOUND_G,300,5,136,1.7633156500820519e+50
MULTI_BOUND_G,300,5,137,8.816578250410259e+49
MULTI_BOUND_G,300,5,138,4.4082891252051297e+49
MULTI_BOUND_G,300,5,139,2.2041445626025648e+49
MULTI_BOUND_G,300,5,140,1.1020722813012824e+49
MULTI_BOUND_G,300,6,0,12945.030174562495
MULTI_BOUND_G,300,6,1,7.9593738164096025e+90
MULTI_BOUND_G,300,6,2,3.9796869082048012e+90
MULTI_BOUND_G,300,6,3,1.9898434541024006e+90
MULTI_BOUND_G,300,6,4,9.949217270512003e+89
MULTI_BOUND_G,300,6,5,4.9746086352560015e+89
MULTI_BOUND_G,300,6,6,2.4873043176280008e+89
MULTI_BOUND_G,300,6,7,1.2436521588140004e+89
MULTI_BOUND_G,300,6,8,6.218260794070002e+88
MULTI_BOUND_G,300,6,9,3.109130397035001e+88
MULTI_BOUND_G,300,6,10,1.5545651985175005e+88
MULTI_BOUND_G,300,6,11,7.772825992587502e+87
MULTI_BOUND_G,300,6,12,3.886412996293751e+87
MULTI_BOUND_G,300,6,13,1.9432064981468756e+87
MULTI_BOUND_G,300,6,14,9.716032490734378e+86
MULTI_BOUND_G,300,6,15,4.858016245367189e+86
MULTI_BOUND_G,300,6,16,2.4290081226835945e+86
MULTI_BOUND_G,300,6,17,1.2145040613417973e+86
MULTI_BOUND_G,300,6,18,6.072520306708986e+85
MULTI_BOUND_G,300,6,19,3.036260153354493e+85
MULTI_BOUND_G,300,6,20,1.5181300766772466e+85
MULTI_BOUND_G,300,6,21,7.590650383386233e+84
MULTI_BOUND_G,300,6,22,3.7953251916931164e+84
MULTI_BOUND_G,300,6,23,1.8976625958465582e+84
MULTI_BOUND_G,300,6,24,9.488312979232791e+83
MULTI_BOUND_G,300,6,25,4.7441564896163955e+83
MULTI_BOUND_G,300,6,26,2.3720782448081978e+83
MULTI_BOUND_G,300,6,27,1.1860391224040989e+83
MULTI_BOUND_G,300,6,28,5.9301956120204944e+82
MULTI_BOUND_G,300,6,29,2.9650978060102472e+82
MULTI_BOUND_G,300,6,30,1.4825489030051236e+82
MULTI_BOUND_G,300,6,31,7.412744515025618e+81
MULTI_BOUND_G,300,6,32,3.706372257512809e+81
MULTI_BOUND_G,300,6,33,1.8531861287564045e+81
MULTI_BOUND_G,300,6,34,9.265930643782022e+80
MULTI_BOUND_G,300,6,35,4.632965321891011e+80
MULTI_BOUND_G,300,6,36,2.3164826609455056e+80
MULTI_BOUND_G,300,6,37,1.1582413304727528e+80
MULTI_BOUND_G,300,6,38,5.791206652363764e+79
MULTI_BOUND_G,300,6,39,2.895603326181882e+79
MULTI_BOUND_G,300,6,40,1.447801663090941e+79
MULTI_BOUND_G,300,6,41,7.239008315454705e+78
MULTI_BOUND_G,300,6,42,3.6195041577273525e+78
MULTI_BOUND_G,300,6,43,1.8097520788636763e+78
MULTI_BOUND_G,300,6,44,9.048760394318381e+77
MULTI_BOUND_G,300,6,45,4.5243801971591907e+77
MULTI_BOUND_G,300,6,46,2.2621900985795953e+77
MULTI_BOUND_G,300,6,47,1.1310950492897977e+77
MULTI_BOUND_G,300,6,48,5.6554752464489883e+76
MULTI_BOUND_G,300,6,49,2.8277376232244942e+76
MULTI_BOUND_G,300,6,50,1.4138688116122471e+76
MULTI_BOUND_G,300,6,51,7.0693440580612354e+75
MULTI_BOUND_G,300,6,52,3.5346720290306177e+75
MULTI_BOUND_G,300,6,53,1.7673360145153089e+75
MULTI_BOUND_G,300,6,54,8.836680072576544e+74
MULTI_BOUND_G,300,6,55,4.418340036288272e+74
MULTI_BOUND_G,300,6,56,2.209170018144136e+74
MULTI_BOUND_G,300,6,57,1.104585009072068e+74
MULTI_BOUND_G,300,6,58,5.52292504536034e+73
MULTI_BOUND_G,300,6,59,2.76146252268017e+73
MULTI_BOUND_G,300,6,60,1.380731261340085e+73
MULTI_BOUND_G,300,6,61,6.903656306700425e+72
MULTI_BOUND_G,300,6,62,3.4518281533502126e+72
MULTI_BOUND_G,300,6,63,1.7259140766751063e+72
MULTI_BOUND_G,300,6,64,8.629570383375532e+71
MULTI_BOUND_G,300,6,65,4.314785191687766e+71
MULTI_BOUND_G,300,6,66,2.157392595843883e+71
MULTI_BOUND_G,300,6,67,1.0786962979219414e+71
MULTI_BOUND_G,300,6,68,5.393481489609707e+70
MULTI_BOUND_G,300,6,69,2.6967407448048536e+70
MULTI_BOUND_G,300,6,70,1.3483703724024268e+70
MULTI_BOUND_G,300,6,71,6.741851862012134e+69
MULTI_BOUND_G,300,6,72,3.370925931006067e+69
MULTI_BOUND_G,300,6,73,1.6854629655030335e+69
MULTI_BOUND_G,300,6,74,8.4273148275151675e+68
MULTI_BOUND_G,300,6,75,4.2136574137575837e+68
MULTI_BOUND_G,300,6,76,2.1068287068787919e+68
MULTI_BOUND_G,300,6,77,1.0534143534393959e+68
MULTI_BOUND_G,300,6,78,5.2670717671969797e+67
MULTI_BOUND_G,300,6,79,2.6335358835984898e+67
MULTI_BOUND_G,300,6,80,1.3167679417992449e+67
MULTI_BOUND_G,300,6,81,6.5838397089962246e+66
MULTI_BOUND_G,300,6,82,3.2919198544981123e+66
MULTI_BOUND_G,300,6,83,1.6459599272490562e+66
MULTI_BOUND_G,300,6,84,8.229799636245281e+65
MULTI_BOUND_G,300,6,85,4.1148998181226404e+65
MULTI_BOUND_G,300,6,86,2.0574499090613202e+65
MULTI_BOUND_G,300,6,87,1.0287249545306601e+65
MULTI_BOUND_G,300,6,88,5.1436247726533005e+64
MULTI_BOUND_G,300,6,89,2.5718123863266502e+64
MULTI_BOUND_G,300,6,90,1.2859061931633251e+64
MULTI_BOUND_G,300,6,91,6.4295309658166256e+63
MULTI_BOUND_G,300,6,92,3.2147654829083128e+63
MULTI_BOUND_G,300,6,93,1.6073827414541564e+63
MULTI_BOUND_G,300,6,94,8.036913707270782e+62
MULTI_BOUND_G,300,6,95,4.018456853635391e+62
MULTI_BOUND_G,300,6,96,2.0092284268176955e+62
MULTI_BOUND_G,300,6,97,1.0046142134088477e+62
MULTI_BOUND_G,300,6,98,5.023071067044239e+61
MULTI_BOUND_G,300,6,99,2.5115355335221194e+61
MULTI_BOUND_G,300,6,100,1.2557677667610597e+61
MULTI_BOUND_G,300,6,101,6.2788388338052984e+60
MULTI_BOUND_G,300,6,102,3.1394194169026492e+60
MULTI_BOUND_G,300,6,103,1.5697097084513246e+60
MULTI_BOUND_G,300,6,104,7.848548542256623e+59
MULTI_BOUND_G,300,6,105,3.9242742711283115e+59
MULTI_BOUND_G,300,6,106,1.9621371355641558e+59
MULTI_BOUND_G,300,6,107,9.810685677820779e+58
MULTI_BOUND_G,300,6,108,4.9053428389103894e+58
MULTI_BOUND_G,300,6,109,2.4526714194551947e+58
MULTI_BOUND_G,300,6,110,1.2263357097275973e+58
MULTI_BOUND_G,300,6,111,6.131678548637987e+57
MULTI_BOUND_G,300,6,112,3.0658392743189934e+57
MULTI_BOUND_G,300,6,113,1.5329196371594967e+57
MULTI_BOUND_G,300,6,114,7.664598185797483e+56
MULTI_BOUND_G,300,6,115,3.8322990928987417e+56
MULTI_BOUND_G,300,6,116,1.9161495464493709e+56
MULTI_BOUND_G,300,6,117,9.580747732246854e+55
MULTI_BOUND_G,300,6,118,4.790373866123427e+55
MULTI_BOUND_G,300,6,119,2.3951869330617136e+55
MULTI_BOUND_G,300,6,120,1.1975934665308568e+55
MULTI_BOUND_G,300,6,121,5.987967332654284e+54
MULTI_BOUND_G,300,6,122,2.993983666327142e+54
MULTI_BOUND_G,300,6,123,1.496991833163571e+54
MULTI_BOUND_G,300,6,124,7.484959165817855e+53
MULTI_BOUND_G,300,6,125,3.7424795829089275e+53
MULTI_BOUND_G,300,6,126,1.8712397914544637e+53
MULTI_BOUND_G,300,6,127,9.356198957272319e+52
MULTI_BOUND_G,300,6,128,4.6780994786361593e+52
MULTI_BOUND_G,300,6,129,2.3390497393180797e+52
MULTI_BOUND_G,300,6,130,1.1695248696590398e+52
MULTI_BOUND_G,300,6,131,5.847624348295199e+51
MULTI_BOUND_G,300,6,132,2.9238121741475996e+51
MULTI_BOUND_G,300,6,133,1.4619060870737998e+51
MULTI_BOUND_G,300,6,134,7.309530435368999e+50
MULTI_BOUND_G,300,6,135,3.6547652176844995e+50
MULTI_BOUND_G,300,6,136,1.8273826088422497e+50
MULTI_BOUND_G,300,6,137,9.136913044211249e+49
MULTI_BOUND_G,300,6,138,4.5684565221056243e+49
MULTI_BOUND_G,300,6,139,2.2842282610528122e+49
MULTI_BOUND_G,300,6,140,1.1421141305264061e+49
MULTI_BOUND_G,300,7,0,13144.187547384086
MULTI_BOUND_G,300,7,1,5.096362860631881e+90
MULTI_BOUND_G,300,7,2,2.5481814303159403e+90
MULTI_BOUND_G,300,7,3,1.2740907151579702e+90
MULTI_BOUND_G,300,7,4,6.370453575789851e+89
MULTI_BOUND_G,300,7,5,3.1852267878949254e+89
MULTI_BOUND_G,300,7,6,1.5926133939474627e+89
MULTI_BOUND_G,300,7,7,7.963066969737313e+88
MULTI_BOUND_G,300,7,8,3.981533484868657e+88
MULTI_BOUND_G,300,7,9,1.9907667424343284e+88
MULTI_BOUND_G,300,7,10,9.953833712171642e+87
MULTI_BOUND_G,300,7,11,4.976916856085821e+87
MULTI_BOUND_G,300,7,12,2.4884584280429104e+87
MULTI_BOUND_G,300,7,13,1.2442292140214552e+87
MULTI_BOUND_G,300,7,14,6.221146070107276e+86
MULTI_BOUND_G,300,7,15,3.110573035053638e+86
MULTI_BOUND_G,300,7,16,1.555286517526819e+86
MULTI_BOUND_G,300,7,17,7.776432587634095e+85
MULTI_BOUND_G,300,7,18,3.8882162938170476e+85
MULTI_BOUND_G,300,7,19,1.9441081469085238e+85
MULTI_BOUND_G,300,7,20,9.720540734542619e+84
MULTI_BOUND_G,300,7,21,4.8602703672713095e+84
MULTI_BOUND_G,300,7,22,2.4301351836356547e+84
MULTI_BOUND_G,300,7,23,1.2150675918178274e+84
MULTI_BOUND_G,300,7,24,6.075337959089137e+83
MULTI_BOUND_G,300,7,25,3.0376689795445684e+83
MULTI_BOUND_G,300,7,26,1.5188344897722842e+83
MULTI_BOUND_G,300,7,27,7.594172448861421e+82
MULTI_BOUND_G,300,7,28,3.7970862244307105e+82
MULTI_BOUND_G,300,7,29,1.8985431122153553e+82
MULTI_BOUND_G,300,7,30,9.492715561076776e+81
MULTI_BOUND_G,300,7,31,4.746357780538388e+81
MULTI_BOUND_G,300,7,32,2.373178890269194e+81
MULTI_BOUND_G,300,7,33,1.186589445134597e+81
MULTI_BOUND_G,300,7,34,5.932947225672985e+80
MULTI_BOUND_G,300,7,35,2.9664736128364926e+80
MULTI_BOUND_G,300,7,36,1.4832368064182463e+80
MULTI_BOUND_G,300,7,37,7.416184032091231e+79
MULTI_BOUND_G,300,7,38,3.708092016045616e+79
MULTI_BOUND_G,300,7,39,1.854046008022808e+79
MULTI_BOUND_G,300,7,40,9.27023004011404e+78
MULTI_BOUND_G,300,7,41,4.63511502005702e+78
MULTI_BOUND_G,300,7,42,2.31755751002851e+78
MULTI_BOUND_G,300,7,43,1.158778755014255e+78
MULTI_BOUND_G,300,7,44,5.793893775071275e+77
MULTI_BOUND_G,300,7,45,2.8969468875356373e+77
MULTI_BOUND_G,300,7,46,1.4484734437678187e+77
MULTI_BOUND_G,300,7,47,7.242367218839093e+76
MULTI_BOUND_G,300,7,48,3.6211836094195466e+76
MULTI_BOUND_G,300,7,49,1.8105918047097733e+76
MULTI_BOUND_G,300,7,50,9.052959023548867e+75
MULTI_BOUND_G,300,7,51,4.526479511774433e+75
MULTI_BOUND_G,300,7,52,2.2632397558872166e+75
MULTI_BOUND_G,300,7,53,1.1316198779436083e+75
MULTI_BOUND_G,300,7,54,5.658099389718042e+74
MULTI_BOUND_G,300,7,55,2.829049694859021e+74
MULTI_BOUND_G,300,7,56,1.4145248474295104e+74
MULTI_BOUND_G,300,7,57,7.072624237147552e+73
MULTI_BOUND_G,300,7,58,3.536312118573776e+73
MULTI_BOUND_G,300,7,59,1.768156059286888e+73
MULTI_BOUND_G,300,7,60,8.84078029643444e+72
MULTI_BOUND_G,300,7,61,4.42039014821722e+72
MULTI_BOUND_G,300,7,62,2.21019507410861e+72
MULTI_BOUND_G,300,7,63,1.105097537054305e+72
MULTI_BOUND_G,300,7,64,5.525487685271525e+71
MULTI_BOUND_G,300,7,65,2.7627438426357625e+71
MULTI_BOUND_G,300,7,66,1.3813719213178813e+71
MULTI_BOUND_G,300,7,67,6.906859606589406e+70
MULTI_BOUND_G,300,7,68,3.453429803294703e+70
MULTI_BOUND_G,300,7,69,1.7267149016473516e+70
MULTI_BOUND_G,300,7,70,8.633574508236758e+69
MULTI_BOUND_G,300,7,71,4.316787254118379e+69
MULTI_BOUND_G,300,7,72,2.1583936270591895e+69
MULTI_BOUND_G,300,7,73,1.0791968135295947e+69
MULTI_BOUND_G,300,7,74,5.395984067647974e+68
MULTI_BOUND_G,300,7,75,2.697992033823987e+68
MULTI_BOUND_G,300,7,76,1.3489960169119934e+68
MULTI_BOUND_G,300,7,77,6.744980084559967e+67
MULTI_BOUND_G,300,7,78,3.3724900422799835e+67
MULTI_BOUND_G,300,7,79,1.6862450211399918e+67
MULTI_BOUND_G,300,7,80,8.431225105699959e+66
MULTI_BOUND_G,300,7,81,4.2156125528499794e+66
MULTI_BOUND_G,300,7,82,2.1078062764249897e+66
MULTI_BOUND_G,300,7,83,1.0539031382124949e+66
MULTI_BOUND_G,300,7,84,5.269515691062474e+65
MULTI_BOUND_G,300,7,85,2.634757845531237e+65
MULTI_BOUND_G,300,7,86,1.3173789227656186e+65
MULTI_BOUND_G,300,7,87,6.586894613828093e+64
MULTI_BOUND_G,300,7,88,3.2934473069140464e+64
MULTI_BOUND_G,300,7,89,1.6467236534570232e+64
MULTI_BOUND_G,300,7,90,8.233618267285116e+63
MULTI_BOUND_G,300,7,91,4.116809133642558e+63
MULTI_BOUND_G,300,7,92,2.058404566821279e+63
MULTI_BOUND_G,300,7,93,1.0292022834106395e+63
MULTI_BOUND_G,300,7,94,5.1460114170531975e+62
MULTI_BOUND_G,300,7,95,2.5730057085265988e+62
MULTI_BOUND_G,300,7,96,1.2865028542632994e+62
MULTI_BOUND_G,300,7,97,6.432514271316497e+61
MULTI_BOUND_G,300,7,98,3.2162571356582484e+61
MULTI_BOUND_G,300,7,99,1.6081285678291242e+61
MULTI_BOUND_G,300,7,100,8.040642839145621e+60
MULTI_BOUND_G,300,7,101,4.0203214195728106e+60
MULTI_BOUND_G,300,7,102,2.0101607097864053e+60
MULTI_BOUND_G,300,7,103,1.0050803548932026e+60
MULTI_BOUND_G,300,7,104,5.025401774466013e+59
MULTI_BOUND_G,300,7,105,2.5127008872330066e+59
MULTI_BOUND_G,300,7,106,1.2563504436165033e+59
MULTI_BOUND_G,300,7,107,6.281752218082516e+58
MULTI_BOUND_G,300,7,108,3.140876109041258e+58
MULTI_BOUND_G,300,7,109,1.570438054520629e+58
MULTI_BOUND_G,300,7,110,7.852190272603146e+57
MULTI_BOUND_G,300,7,111,3.926095136301573e+57
MULTI_BOUND_G,300,7,112,1.9630475681507864e+57
MULTI_BOUND_G,300,7,113,9.815237840753932e+56
MULTI_BOUND_G,300,7,114,4.907618920376966e+56
MULTI_BOUND_G,300,7,115,2.453809460188483e+56
MULTI_BOUND_G,300,7,116,1.2269047300942415e+56
MULTI_BOUND_G,300,7,117,6.134523650471208e+55
MULTI_BOUND_G,300,7,118,3.067261825235604e+55
MULTI_BOUND_G,300,7,119,1.533630912617802e+55
MULTI_BOUND_G,300,7,120,7.66815456308901e+54
MULTI_BOUND_G,300,7,121,3.834077281544505e+54
MULTI_BOUND_G,300,7,122,1.9170386407722523e+54
MULTI_BOUND_G,300,7,123,9.585193203861262e+53
MULTI_BOUND_G,300,7,124,4.792596601930631e+53
MULTI_BOUND_G,300,7,125,2.3962983009653154e+53
MULTI_BOUND_G,300,7,126,1.1981491504826577e+53
MULTI_BOUND_G,300,7,127,5.990745752413289e+52
MULTI_BOUND_G,300,7,128,2.9953728762066443e+52
MULTI_BOUND_G,300,7,129,1.4976864381033221e+52
MULTI_BOUND_G,300,7,130,7.488432190516611e+51
MULTI_BOUND_G,300,7,131,3.7442160952583054e+51
MULTI_BOUND_G,300,7,132,1.8721080476291527e+51
MULTI_BOUND_G,300,7,133,9.360540238145763e+50
MULTI_BOUND_G,300,7,134,4.680270119072882e+50
MULTI_BOUND_G,300,7,135,2.340135059536441e+50
MULTI_BOUND_G,300,7,136,1.1700675297682204e+50
MULTI_BOUND_G,300,7,137,5.850337648841102e+49
MULTI_BOUND_G,300,7,138,2.925168824420551e+49
MULTI_BOUND_G,300,7,139,1.4625844122102755e+49
MULTI_BOUND_G,300,7,140,7.312922061051378e+48
MULTI_BOUND_G,300,8,0,12820.773968701302
MULTI_BOUND_G,300,8,1,1.2775351853487023e+91
MULTI_BOUND_G,300,8,2,6.387675926743511e+90
MULTI_BOUND_G,300,8,3,3.1938379633717557e+90
MULTI_BOUND_G,300,8,4,1.5969189816858778e+90
MULTI_BOUND_G,300,8,5,7.984594908429389e+89
MULTI_BOUND_G,300,8,6,3.9922974542146946e+89
MULTI_BOUND_G,300,8,7,1.9961487271073473e+89
MULTI_BOUND_G,300,8,8,9.980743635536737e+88
MULTI_BOUND_G,300,8,9,4.990371817768368e+88
MULTI_BOUND_G,300,8,10,2.495185908884184e+88
MULTI_BOUND_G,300,8,11,1.247592954442092e+88
MULTI_BOUND_G,300,8,12,6.23796477221046e+87
MULTI_BOUND_G,300,8,13,3.11898238610523e+87
MULTI_BOUND_G,300,8,14,1.559491193052615e+87
MULTI_BOUND_G,300,8,15,7.797455965263075e+86
MULTI_BOUND_G,300,8,16,3.8987279826315377e+86
MULTI_BOUND_G,300,8,17,1.9493639913157689e+86
MULTI_BOUND_G,300,8,18,9.746819956578844e+85
MULTI_BOUND_G,300,8,19,4.873409978289422e+85
MULTI_BOUND_G,300,8,20,2.436704989144711e+85
MULTI_BOUND_G,300,8,21,1.2183524945723555e+85
MULTI_BOUND_G,300,8,22,6.091762472861778e+84
MULTI_BOUND_G,300,8,23,3.045881236430889e+84
MULTI_BOUND_G,300,8,24,1.5229406182154444e+84
MULTI_BOUND_G,300,8,25,7.614703091077222e+83
MULTI_BOUND_G,300,8,26,3.807351545538611e+83
MULTI_BOUND_G,300,8,27,1.9036757727693055e+83
MULTI_BOUND_G,300,8,28,9.518378863846528e+82
MULTI_BOUND_G,300,8,29,4.759189431923264e+82
MULTI_BOUND_G,300,8,30,2.379594715961632e+82
MULTI_BOUND_G,300,8,31,1.189797357980816e+82
MULTI_BOUND_G,300,8,32,5.94898678990408e+81
MULTI_BOUND_G,300,8,33,2.97449339495204e+81
MULTI_BOUND_G,300,8,34,1.48724669747602e+81
MULTI_BOUND_G,300,8,35,7.4362334873801e+80
MULTI_BOUND_G,300,8,36,3.71811674369005e+80
MULTI_BOUND_G,300,8,37,1.859058371845025e+80
MULTI_BOUND_G,300,8,38,9.295291859225125e+79
MULTI_BOUND_G,300,8,39,4.647645929612562e+79
MULTI_BOUND_G,300,8,40,2.323822964806281e+79
MULTI_BOUND_G,300,8,41,1.1619114824031406e+79
MULTI_BOUND_G,300,8,42,5.809557412015703e+78
MULTI_BOUND_G,300,8,43,2.9047787060078514e+78
MULTI_BOUND_G,300,8,44,1.4523893530039257e+78
MULTI_BOUND_G,300,8,45,7.261946765019629e+77
MULTI_BOUND_G,300,8,46,3.6309733825098143e+77
MULTI_BOUND_G,300,8,47,1.8154866912549071e+77
MULTI_BOUND_G,300,8,48,9.077433456274536e+76
MULTI_BOUND_G,300,8,49,4.538716728137268e+76
MULTI_BOUND_G,300,8,50,2.269358364068634e+76
MULTI_BOUND_G,300,8,51,1.134679182034317e+76
MULTI_BOUND_G,300,8,52,5.673395910171585e+75
MULTI_BOUND_G,300,8,53,2.8366979550857924e+75
MULTI_BOUND_G,300,8,54,1.4183489775428962e+75
MULTI_BOUND_G,300,8,55,7.091744887714481e+74
MULTI_BOUND_G,300,8,56,3.5458724438572405e+74
MULTI_BOUND_G,300,8,57,1.7729362219286203e+74
MULTI_BOUND_G,300,8,58,8.864681109643101e+73
MULTI_BOUND_G,300,8,59,4.4323405548215507e+73
MULTI_BOUND_G,300,8,60,2.2161702774107753e+73
MULTI_BOUND_G,300,8,61,1.1080851387053877e+73
MULTI_BOUND_G,300,8,62,5.540425693526938e+72
MULTI_BOUND_G,300,8,63,2.770212846763469e+72
MULTI_BOUND_G,300,8,64,1.3851064233817346e+72
MULTI_BOUND_G,300,8,65,6.925532116908673e+71
MULTI_BOUND_G,300,8,66,3.4627660584543365e+71
MULTI_BOUND_G,300,8,67,1.7313830292271682e+71
MULTI_BOUND_G,300,8,68,8.656915146135841e+70
MULTI_BOUND_G,300,8,69,4.3284575730679206e+70
MULTI_BOUND_G,300,8,70,2.1642287865339603e+70
MULTI_BOUND_G,300,8,71,1.0821143932669801e+70
MULTI_BOUND_G,300,8,72,5.410571966334901e+69
MULTI_BOUND_G,300,8,73,2.7052859831674504e+69
MULTI_BOUND_G,300,8,74,1.3526429915837252e+69
MULTI_BOUND_G,300,8,75,6.763214957918626e+68
MULTI_BOUND_G,300,8,76,3.381607478959313e+68
MULTI_BOUND_G,300,8,77,1.6908037394796565e+68
MULTI_BOUND_G,300,8,78,8.454018697398282e+67
MULTI_BOUND_G,300,8,79,4.227009348699141e+67
MULTI_BOUND_G,300,8,80,2.1135046743495706e+67
MULTI_BOUND_G,300,8,81,1.0567523371747853e+67
MULTI_BOUND_G,300,8,82,5.2837616858739265e+66
MULTI_BOUND_G,300,8,83,2.6418808429369632e+66
MULTI_BOUND_G,300,8,84,1.3209404214684816e+66
MULTI_BOUND_G,300,8,85,6.604702107342408e+65
MULTI_BOUND_G,300,8,86,3.302351053671204e+65
MULTI_BOUND_G,300,8,87,1.651175526835602e+65
MULTI_BOUND_G,300,8,88,8.25587763417801e+64
MULTI_BOUND_G,300,8,89,4.127938817089005e+64
MULTI_BOUND_G,300,8,90,2.0639694085445025e+64
MULTI_BOUND_G,300,8,91,1.0319847042722513e+64
MULTI_BOUND_G,300,8,92,5.159923521361256e+63
MULTI_BOUND_G,300,8,93,2.579961760680628e+63
MULTI_BOUND_G,300,8,94,1.289980880340314e+63
MULTI_BOUND_G,300,8,95,6.44990440170157e+62
MULTI_BOUND_G,300,8,96,3.224952200850785e+62
MULTI_BOUND_G,300,8,97,1.6124761004253926e+62
MULTI_BOUND_G,300,8,98,8.062380502126963e+61
MULTI_BOUND_G,300,8,99,4.0311902510634815e+61
MULTI_BOUND_G,300,8,100,2.0155951255317407e+61
MULTI_BOUND_G,300,8,101,1.0077975627658704e+61
MULTI_BOUND_G,300,8,102,5.038987813829352e+60
MULTI_BOUND_G,300,8,103,2.519493906914676e+60
MULTI_BOUND_G,300,8,104,1.259746953457338e+60
MULTI_BOUND_G,300,8,105,6.29873476728669e+59
MULTI_BOUND_G,300,8,106,3.149367383643345e+59
MULTI_BOUND_G,300,8,107,1.5746836918216725e+59
MULTI_BOUND_G,300,8,108,7.873418459108362e+58
MULTI_BOUND_G,300,8,109,3.936709229554181e+58
MULTI_BOUND_G,300,8,110,1.9683546147770906e+58
MULTI_BOUND_G,300,8,111,9.841773073885453e+57
MULTI_BOUND_G,300,8,112,4.9208865369427264e+57
MULTI_BOUND_G,300,8,113,2.4604432684713632e+57
MULTI_BOUND_G,300,8,114,1.2302216342356816e+57
MULTI_BOUND_G,300,8,115,6.151108171178408e+56
MULTI_BOUND_G,300,8,116,3.075554085589204e+56
MULTI_BOUND_G,300,8,117,1.537777042794602e+56
MULTI_BOUND_G,300,8,118,7.68888521397301e+55
MULTI_BOUND_G,300,8,119,3.844442606986505e+55
MULTI_BOUND_G,300,8,120,1.9222213034932525e+55
MULTI_BOUND_G,300,8,121,9.611106517466263e+54
MULTI_BOUND_G,300,8,122,4.805553258733131e+54
MULTI_BOUND_G,300,8,123,2.4027766293665656e+54
MULTI_BOUND_G,300,8,124,1.2013883146832828e+54
MULTI_BOUND_G,300,8,125,6.006941573416414e+53
MULTI_BOUND_G,300,8,126,3.003470786708207e+53
MULTI_BOUND_G,300,8,127,1.5017353933541035e+53
MULTI_BOUND_G,300,8,128,7.508676966770518e+52
MULTI_BOUND_G,300,8,129,3.754338483385259e+52
MULTI_BOUND_G,300,8,130,1.8771692416926294e+52
MULTI_BOUND_G,300,8,131,9.385846208463147e+51
MULTI_BOUND_G,300,8,132,4.6929231042315735e+51
MULTI_BOUND_G,300,8,133,2.3464615521157868e+51
MULTI_BOUND_G,300,8,134,1.1732307760578934e+51
MULTI_BOUND_G,300,8,135,5.866153880289467e+50
MULTI_BOUND_G,300,8,136,2.9330769401447335e+50
MULTI_BOUND_G,300,8,137,1.4665384700723667e+50
MULTI_BOUND_G,300,8,138,7.332692350361834e+49
MULTI_BOUND_G,300,8,139,3.666346175180917e+49
MULTI_BOUND_G,300,8,140,1.8331730875904584e+49
MULTI_BOUND_G,300,9,0,13341.96348845869
MULTI_BOUND_G,300,9,1,1.0853333504609462e+91
MULTI_BOUND_G,300,9,2,5.426666752304731e+90
MULTI_BOUND_G,300,9,3,2.7133333761523654e+90
MULTI_BOUND_G,300,9,4,1.3566666880761827e+90
MULTI_BOUND_G,300,9,5,6.783333440380913e+89
MULTI_BOUND_G,300,9,6,3.391666720190457e+89
MULTI_BOUND_G,300,9,7,1.6958333600952284e+89
MULTI_BOUND_G,300,9,8,8.479166800476142e+88
MULTI_BOUND_G,300,9,9,4.239583400238071e+88
MULTI_BOUND_G,300,9,10,2.1197917001190355e+88
MULTI_BOUND_G,300,9,11,1.0598958500595177e+88
MULTI_BOUND_G,300,9,12,5.299479250297589e+87
MULTI_BOUND_G,300,9,13,2.6497396251487943e+87
MULTI_BOUND_G,300,9,14,1.3248698125743972e+87
MULTI_BOUND_G,300,9,15,6.624349062871986e+86
MULTI_BOUND_G,300,9,16,3.312174531435993e+86
MULTI_BOUND_G,300,9,17,1.6560872657179965e+86
MULTI_BOUND_G,300,9,18,8.280436328589982e+85
MULTI_BOUND_G,300,9,19,4.140218164294991e+85
MULTI_BOUND_G,300,9,20,2.0701090821474956e+85
MULTI_BOUND_G,300,9,21,1.0350545410737478e+85
MULTI_BOUND_G,300,9,22,5.175272705368739e+84
MULTI_BOUND_G,300,9,23,2.5876363526843695e+84
MULTI_BOUND_G,300,9,24,1.2938181763421847e+84
MULTI_BOUND_G,300,9,25,6.469090881710924e+83
MULTI_BOUND_G,300,9,26,3.234545440855462e+83
MULTI_BOUND_G,300,9,27,1.617272720427731e+83
MULTI_BOUND_G,300,9,28,8.086363602138655e+82
MULTI_BOUND_G,300,9,29,4.043181801069327e+82
MULTI_BOUND_G,300,9,30,2.0215909005346636e+82
MULTI_BOUND_G,300,9,31,1.0107954502673318e+82
MULTI_BOUND_G,300,9,32,5.053977251336659e+81
MULTI_BOUND_G,300,9,33,2.5269886256683296e+81
MULTI_BOUND_G,300,9,34,1.2634943128341648e+81
MULTI_BOUND_G,300,9,35,6.317471564170824e+80
MULTI_BOUND_G,300,9,36,3.158735782085412e+80
MULTI_BOUND_G,300,9,37,1.579367891042706e+80
MULTI_BOUND_G,300,9,38,7.89683945521353e+79
MULTI_BOUND_G,300,9,39,3.948419727606765e+79
MULTI_BOUND_G,300,9,40,1.9742098638033825e+79
MULTI_BOUND_G,300,9,41,9.871049319016912e+78
MULTI_BOUND_G,300,9,42,4.935524659508456e+78
MULTI_BOUND_G,300,9,43,2.467762329754228e+78
MULTI_BOUND_G,300,9,44,1.233881164877114e+78
MULTI_BOUND_G,300,9,45,6.16940582438557e+77
MULTI_BOUND_G,300,9,46,3.084702912192785e+77
MULTI_BOUND_G,300,9,47,1.5423514560963926e+77
MULTI_BOUND_G,300,9,48,7.711757280481963e+76
MULTI_BOUND_G,300,9,49,3.8558786402409814e+76
MULTI_BOUND_G,300,9,50,1.9279393201204907e+76
MULTI_BOUND_G,300,9,51,9.639696600602453e+75
MULTI_BOUND_G,300,9,52,4.819848300301227e+75
MULTI_BOUND_G,300,9,53,2.4099241501506134e+75
MULTI_BOUND_G,300,9,54,1.2049620750753067e+75
MULTI_BOUND_G,300,9,55,6.024810375376533e+74
MULTI_BOUND_G,300,9,56,3.0124051876882667e+74
MULTI_BOUND_G,300,9,57,1.5062025938441334e+74
MULTI_BOUND_G,300,9,58,7.531012969220667e+73
MULTI_BOUND_G,300,9,59,3.7655064846103334e+73
MULTI_BOUND_G,300,9,60,1.8827532423051667e+73
MULTI_BOUND_G,300,9,61,9.413766211525833e+72
MULTI_BOUND_G,300,9,62,4.706883105762917e+72
MULTI_BOUND_G,300,9,63,2.3534415528814584e+72
MULTI_BOUND_G,300,9,64,1.1767207764407292e+72
MULTI_BOUND_G,300,9,65,5.883603882203646e+71
MULTI_BOUND_G,300,9,66,2.941801941101823e+71
MULTI_BOUND_G,300,9,67,1.4709009705509115e+71
MULTI_BOUND_G,300,9,68,7.354504852754557e+70
MULTI_BOUND_G,300,9,69,3.6772524263772787e+70
MULTI_BOUND_G,300,9,70,1.8386262131886393e+70
MULTI_BOUND_G,300,9,71,9.193131065943197e+69
MULTI_BOUND_G,300,9,72,4.596565532971598e+69
MULTI_BOUND_G,300,9,73,2.298282766485799e+69
MULTI_BOUND_G,300,9,74,1.1491413832428996e+69
MULTI_BOUND_G,300,9,75,5.745706916214498e+68
MULTI_BOUND_G,300,9,76,2.872853458107249e+68
MULTI_BOUND_G,300,9,77,1.4364267290536245e+68
MULTI_BOUND_G,300,9,78,7.182133645268122e+67
MULTI_BOUND_G,300,9,79,3.591066822634061e+67
MULTI_BOUND_G,300,9,80,1.7955334113170306e+67
MULTI_BOUND_G,300,9,81,8.977667056585153e+66
MULTI_BOUND_G,300,9,82,4.4888335282925765e+66
MULTI_BOUND_G,300,9,83,2.2444167641462883e+66
MULTI_BOUND_G,300,9,84,1.1222083820731441e+66
MULTI_BOUND_G,300,9,85,5.611041910365721e+65
MULTI_BOUND_G,300,9,86,2.8055209551828603e+65
MULTI_BOUND_G,300,9,87,1.4027604775914302e+65
MULTI_BOUND_G,300,9,88,7.013802387957151e+64
MULTI_BOUND_G,300,9,89,3.5069011939785754e+64
MULTI_BOUND_G,300,9,90,1.7534505969892877e+64
MULTI_BOUND_G,300,9,91,8.767252984946439e+63
MULTI_BOUND_G,300,9,92,4.383626492473219e+63
MULTI_BOUND_G,300,9,93,2.1918132462366096e+63
MULTI_BOUND_G,300,9,94,1.0959066231183048e+63
MULTI_BOUND_G,300,9,95,5.479533115591524e+62
MULTI_BOUND_G,300,9,96,2.739766557795762e+62
MULTI_BOUND_G,300,9,97,1.369883278897881e+62
MULTI_BOUND_G,300,9,98,6.849416394489405e+61
MULTI_BOUND_G,300,9,99,3.4247081972447025e+61
MULTI_BOUND_G,300,9,100,1.7123540986223513e+61
MULTI_BOUND_G,300,9,101,8.561770493111756e+60
MULTI_BOUND_G,300,9,102,4.280885246555878e+60
MULTI_BOUND_G,300,9,103,2.140442623277939e+60
MULTI_BOUND_G,300,9,104,1.0702213116389695e+60
MULTI_BOUND_G,300,9,105,5.351106558194848e+59
MULTI_BOUND_G,300,9,106,2.675553279097424e+59
MULTI_BOUND_G,300,9,107,1.337776639548712e+59
MULTI_BOUND_G,300,9,108,6.68888319774356e+58
MULTI_BOUND_G,300,9,109,3.34444159887178e+58
MULTI_BOUND_G,300,9,110,1.67222079943589e+58
MULTI_BOUND_G,300,9,111,8.36110399717945e+57
MULTI_BOUND_G,300,9,112,4.180551998589725e+57
MULTI_BOUND_G,300,9,113,2.0902759992948624e+57
MULTI_BOUND_G,300,9,114,1.0451379996474312e+57
MULTI_BOUND_G,300,9,115,5.225689998237156e+56
MULTI_BOUND_G,300,9,116,2.612844999118578e+56
MULTI_BOUND_G,300,9,117,1.306422499559289e+56
MULTI_BOUND_G,300,9,118,6.532112497796445e+55
MULTI_BOUND_G,300,9,119,3.2660562488982225e+55
MULTI_BOUND_G,300,9,120,1.6330281244491112e+55
MULTI_BOUND_G,300,9,121,8.165140622245556e+54
MULTI_BOUND_G,300,9,122,4.082570311122778e+54
MULTI_BOUND_G,300,9,123,2.041285155561389e+54
MULTI_BOUND_G,300,9,124,1.0206425777806945e+54
MULTI_BOUND_G,300,9,125,5.103212888903473e+53
MULTI_BOUND_G,300,9,126,2.5516064444517363e+53
MULTI_BOUND_G,300,9,127,1.2758032222258682e+53
MULTI_BOUND_G,300,9,128,6.379016111129341e+52
MULTI_BOUND_G,300,9,129,3.1895080555646704e+52
MULTI_BOUND_G,300,9,130,1.5947540277823352e+52
MULTI_BOUND_G,300,9,131,7.973770138911676e+51
MULTI_BOUND_G,300,9,132,3.986885069455838e+51
MULTI_BOUND_G,300,9,133,1.993442534727919e+51
MULTI_BOUND_G,300,9,134,9.967212673639595e+50
MULTI_BOUND_G,300,9,135,4.9836063368197975e+50
MULTI_BOUND_G,300,9,136,2.4918031684098988e+50
MULTI_BOUND_G,300,9,137,1.2459015842049494e+50
MULTI_BOUND_G,300,9,138,6.229507921024747e+49
MULTI_BOUND_G,300,9,139,3.1147539605123734e+49
MULTI_BOUND_G,300,9,140,1.5573769802561867e+49
