no.blocks,heuristic,mb_cost_per_iteration
5,HEURISTIC.LAZY,40.50786080030217
5,HEURISTIC.LAZY,64.81231869518922
5,HEURISTIC.LAZY,64.04683686975147
5,HEURISTIC.LAZY,64.16711724500755
5,HEURISTIC.LAZY,65.05596886687457
5,HEURISTIC.LAZY,56.98062057713187
5,HEURISTIC.LAZY,56.03882525092453
5,HEURISTIC.LAZY,64.92157255133351
5,HEURISTIC.LAZY,64.1108844395332
5,HEURISTIC.LAZY,64.2267412905552
5,HEURISTIC.LAZY,65.16403434948728
5,HEURISTIC.LAZY,55.857979866889224
5,HEURISTIC.LAZY,65.00648693547262
5,HEURISTIC.LAZY,64.29587983419094
5,HEURISTIC.LAZY,65.25111111167297
5,HEURISTIC.LAZY,64.42081182991694
5,HEURISTIC.LAZY,57.136231468506494
5,HEURISTIC.LAZY,57.286942044909566
5,HEURISTIC.LAZY,56.537698027551755
5,HEURISTIC.LAZY,57.10464747019242
5,HEURISTIC.LAZY,57.082300834691054
5,HEURISTIC.LAZY,67.55794496896715
5,HEURISTIC.LAZY,68.84533795335662
5,HEURISTIC.LAZY,68.91769273451087
5,HEURISTIC.LAZY,67.50337815515614
5,HEURISTIC.LAZY,67.93655173130621
5,HEURISTIC.LAZY,69.29009392034149
5,HEURISTIC.LAZY,67.72354510718112
5,HEURISTIC.LAZY,68.0542051993143
5,HEURISTIC.LAZY,68.98649279321337
5,HEURISTIC.LAZY,68.92548378459924
5,HEURISTIC.LAZY,68.35776488907067
5,HEURISTIC.LAZY,57.30401046451354
5,HEURISTIC.LAZY,68.09421180059422
5,HEURISTIC.LAZY,69.393060114158
5,HEURISTIC.LAZY,69.46063838919441
5,HEURISTIC.LAZY,68.02899575018264
5,HEURISTIC.LAZY,68.47552184053951
5,HEURISTIC.LAZY,69.82075616321247
5,HEURISTIC.LAZY,68.23249333570476
5,HEURISTIC.LAZY,56.506180192702615
5,HEURISTIC.LAZY,68.81999968071452
5,HEURISTIC.LAZY,67.57402300321326
5,HEURISTIC.LAZY,68.90550602395518
5,HEURISTIC.LAZY,67.55211711648884
5,HEURISTIC.LAZY,67.93503667678883
5,HEURISTIC.LAZY,69.31247258747969
5,HEURISTIC.LAZY,67.82234597730171
5,HEURISTIC.LAZY,68.17165888214686
5,HEURISTIC.LAZY,69.05895064657113
5,HEURISTIC.LAZY,69.00335809051785
5,HEURISTIC.LAZY,68.4722847870453
5,HEURISTIC.LAZY,56.531894650769004
5,HEURISTIC.LAZY,70.67867613040605
5,HEURISTIC.LAZY,69.41903893808887
5,HEURISTIC.LAZY,70.75987375862796
5,HEURISTIC.LAZY,69.38993681765484
5,HEURISTIC.LAZY,69.78626949502298
5,HEURISTIC.LAZY,71.15737040828964
5,HEURISTIC.LAZY,69.65312561801389
5,HEURISTIC.LAZY,56.598510330892964
5,HEURISTIC.LAZY,71.13387291579477
5,HEURISTIC.LAZY,69.86376929989979
5,HEURISTIC.LAZY,71.2117601286736
5,HEURISTIC.LAZY,69.8271923778247
5,HEURISTIC.LAZY,70.23557428355991
5,HEURISTIC.LAZY,71.60113140449786
5,HEURISTIC.LAZY,56.67918992191193
5,HEURISTIC.LAZY,70.64584244926985
5,HEURISTIC.LAZY,71.92876396907681
5,HEURISTIC.LAZY,72.00215086067297
5,HEURISTIC.LAZY,70.59956535198982
5,HEURISTIC.LAZY,59.01600800003115
5,HEURISTIC.LAZY,69.51100670168194
5,HEURISTIC.LAZY,58.71050690278737
5,HEURISTIC.LAZY,71.3143005029186
5,HEURISTIC.LAZY,70.06832382541735
5,HEURISTIC.LAZY,57.777687375044806
5,HEURISTIC.LAZY,57.57474067294801
5,HEURISTIC.LAZY,57.76999350733456
5,HEURISTIC.LAZY,58.49732745331108
5,HEURISTIC.LAZY,68.35482618917953
5,HEURISTIC.LAZY,69.64221917356899
5,HEURISTIC.LAZY,69.71457395472325
5,HEURISTIC.LAZY,68.30025937536853
5,HEURISTIC.LAZY,68.73343295151858
5,HEURISTIC.LAZY,70.08697514055386
5,HEURISTIC.LAZY,68.5204263273935
5,HEURISTIC.LAZY,57.84586610281712
5,HEURISTIC.LAZY,69.46619948391583
5,HEURISTIC.LAZY,68.22022280641458
5,HEURISTIC.LAZY,69.5517058271565
5,HEURISTIC.LAZY,68.19831691969017
5,HEURISTIC.LAZY,68.58123647999014
5,HEURISTIC.LAZY,69.95867239068102
5,HEURISTIC.LAZY,68.46854578050304
5,HEURISTIC.LAZY,68.81785868534818
5,HEURISTIC.LAZY,69.70515044977245
5,HEURISTIC.LAZY,69.64955789371916
5,HEURISTIC.LAZY,69.11848459024662
5,HEURISTIC.LAZY,58.74146492286085
5,HEURISTIC.LAZY,68.93594870026118
5,HEURISTIC.LAZY,70.23479701382496
5,HEURISTIC.LAZY,70.30237528886136
5,HEURISTIC.LAZY,68.8707326498496
5,HEURISTIC.LAZY,69.31725874020646
5,HEURISTIC.LAZY,57.865460090492284
5,HEURISTIC.LAZY,71.31263499282494
5,HEURISTIC.LAZY,70.05299780050777
5,HEURISTIC.LAZY,71.39383262104685
5,HEURISTIC.LAZY,70.02389568007374
5,HEURISTIC.LAZY,70.42022835744187
5,HEURISTIC.LAZY,57.93508725366644
5,HEURISTIC.LAZY,71.77385474431404
5,HEURISTIC.LAZY,70.50375112841907
5,HEURISTIC.LAZY,71.85174195719289
5,HEURISTIC.LAZY,70.46717420634398
5,HEURISTIC.LAZY,58.01789789026628
5,HEURISTIC.LAZY,59.00454856365863
5,HEURISTIC.LAZY,68.53096956203956
5,HEURISTIC.LAZY,69.81836254642903
5,HEURISTIC.LAZY,69.89071732758327
5,HEURISTIC.LAZY,68.47640274822855
5,HEURISTIC.LAZY,68.90957632437862
5,HEURISTIC.LAZY,70.2631185134139
5,HEURISTIC.LAZY,68.69656970025353
5,HEURISTIC.LAZY,59.248803527299465
5,HEURISTIC.LAZY,69.11232706130332
5,HEURISTIC.LAZY,70.41117537486711
5,HEURISTIC.LAZY,70.47875364990352
5,HEURISTIC.LAZY,69.04711101089174
5,HEURISTIC.LAZY,58.37425460167365
5,HEURISTIC.LAZY,69.68467763379381
5,HEURISTIC.LAZY,68.43870095629256
5,HEURISTIC.LAZY,69.77018397703449
5,HEURISTIC.LAZY,68.41679506956815
5,HEURISTIC.LAZY,68.79971462986813
5,HEURISTIC.LAZY,70.177150540559
5,HEURISTIC.LAZY,68.68702393038102
5,HEURISTIC.LAZY,69.03633683522617
5,HEURISTIC.LAZY,58.399473925968344
5,HEURISTIC.LAZY,71.54236381594197
5,HEURISTIC.LAZY,70.2827266236248
5,HEURISTIC.LAZY,71.62356144416388
5,HEURISTIC.LAZY,70.25362450319076
5,HEURISTIC.LAZY,70.6499571805589
5,HEURISTIC.LAZY,58.46620419714392
5,HEURISTIC.LAZY,71.99778978343393
5,HEURISTIC.LAZY,70.72768616753896
5,HEURISTIC.LAZY,60.138040823457146
5,HEURISTIC.LAZY,59.95060749019905
5,HEURISTIC.LAZY,60.02391997314023
5,HEURISTIC.LAZY,69.39233038461148
5,HEURISTIC.LAZY,70.67972336900094
5,HEURISTIC.LAZY,60.1603897118006
5,HEURISTIC.LAZY,59.81351766400117
5,HEURISTIC.LAZY,71.38582176205756
5,HEURISTIC.LAZY,70.13984508455631
5,HEURISTIC.LAZY,59.750159374442035
5,HEURISTIC.LAZY,68.82612835616935
5,HEURISTIC.LAZY,70.1135213405588
5,HEURISTIC.LAZY,70.18587612171306
5,HEURISTIC.LAZY,68.77156154235834
5,HEURISTIC.LAZY,69.2047351185084
5,HEURISTIC.LAZY,59.930380593934075
5,HEURISTIC.LAZY,69.27941836713552
5,HEURISTIC.LAZY,70.5782666806993
5,HEURISTIC.LAZY,59.42008931791402
5,HEURISTIC.LAZY,70.58028423883755
5,HEURISTIC.LAZY,69.33430756133629
5,HEURISTIC.LAZY,70.66579058207822
5,HEURISTIC.LAZY,69.31240167461188
5,HEURISTIC.LAZY,69.69532123491186
5,HEURISTIC.LAZY,59.455849135621946
5,HEURISTIC.LAZY,47.44014432318713
5,HEURISTIC.LAZY,65.63753916032009
5,HEURISTIC.LAZY,64.87205733488234
5,HEURISTIC.LAZY,56.864045716055415
5,HEURISTIC.LAZY,65.7467930164644
5,HEURISTIC.LAZY,64.93610490466406
5,HEURISTIC.LAZY,56.68320033202011
5,HEURISTIC.LAZY,57.96145193363737
5,HEURISTIC.LAZY,58.11216251004045
5,HEURISTIC.LAZY,57.362918492682624
5,HEURISTIC.LAZY,57.90752129982193
5,HEURISTIC.LAZY,68.38316543409803
5,HEURISTIC.LAZY,69.67055841848749
5,HEURISTIC.LAZY,69.74291319964175
5,HEURISTIC.LAZY,68.32859862028702
5,HEURISTIC.LAZY,68.76177219643708
5,HEURISTIC.LAZY,70.11531438547236
5,HEURISTIC.LAZY,68.54876557231199
5,HEURISTIC.LAZY,58.129230929644415
5,HEURISTIC.LAZY,68.9194322657251
5,HEURISTIC.LAZY,70.21828057928889
5,HEURISTIC.LAZY,70.28585885432528
5,HEURISTIC.LAZY,68.85421621531353
5,HEURISTIC.LAZY,69.30074230567038
5,HEURISTIC.LAZY,57.3314006578335
5,HEURISTIC.LAZY,69.64522014584539
5,HEURISTIC.LAZY,68.39924346834414
5,HEURISTIC.LAZY,69.73072648908607
5,HEURISTIC.LAZY,68.37733758161973
5,HEURISTIC.LAZY,68.76025714191971
5,HEURISTIC.LAZY,70.13769305261057
5,HEURISTIC.LAZY,68.64756644243259
5,HEURISTIC.LAZY,68.99687934727774
5,HEURISTIC.LAZY,69.88417111170202
5,HEURISTIC.LAZY,57.35711511589988
5,HEURISTIC.LAZY,71.50389659553693
5,HEURISTIC.LAZY,70.24425940321976
5,HEURISTIC.LAZY,71.58509422375884
5,HEURISTIC.LAZY,70.21515728278573
5,HEURISTIC.LAZY,70.61148996015386
5,HEURISTIC.LAZY,57.42373079602383
5,HEURISTIC.LAZY,71.95909338092564
5,HEURISTIC.LAZY,70.68898976503067
5,HEURISTIC.LAZY,56.59988521629477
5,HEURISTIC.LAZY,58.62094774148079
5,HEURISTIC.LAZY,57.425694298599296
5,HEURISTIC.LAZY,57.22274759650249
5,HEURISTIC.LAZY,57.41800043088904
5,HEURISTIC.LAZY,58.14533437686556
5,HEURISTIC.LAZY,68.00283311273401
5,HEURISTIC.LAZY,69.29022609712348
5,HEURISTIC.LAZY,69.36258087827773
5,HEURISTIC.LAZY,67.948266298923
5,HEURISTIC.LAZY,68.38143987507307
5,HEURISTIC.LAZY,69.73498206410835
5,HEURISTIC.LAZY,68.16843325094798
5,HEURISTIC.LAZY,68.49909334308116
5,HEURISTIC.LAZY,57.4938730263716
5,HEURISTIC.LAZY,69.11420640747032
5,HEURISTIC.LAZY,67.86822972996907
5,HEURISTIC.LAZY,69.199712750711
5,HEURISTIC.LAZY,67.84632384324466
5,HEURISTIC.LAZY,68.22924340354464
5,HEURISTIC.LAZY,69.6066793142355
5,HEURISTIC.LAZY,68.11655270405753
5,HEURISTIC.LAZY,68.46586560890267
5,HEURISTIC.LAZY,69.35315737332695
5,HEURISTIC.LAZY,69.29756481727367
5,HEURISTIC.LAZY,68.7664915138011
5,HEURISTIC.LAZY,58.38947184641533
5,HEURISTIC.LAZY,68.58395562381565
5,HEURISTIC.LAZY,69.88280393737944
5,HEURISTIC.LAZY,69.95038221241585
5,HEURISTIC.LAZY,68.51873957340408
5,HEURISTIC.LAZY,68.96526566376095
5,HEURISTIC.LAZY,70.3104999864339
5,HEURISTIC.LAZY,57.51346701404677
5,HEURISTIC.LAZY,70.96064191637942
5,HEURISTIC.LAZY,69.70100472406224
5,HEURISTIC.LAZY,71.04183954460133
5,HEURISTIC.LAZY,69.67190260362821
5,HEURISTIC.LAZY,70.06823528099635
5,HEURISTIC.LAZY,71.439336194263
5,HEURISTIC.LAZY,57.583094177220914
5,HEURISTIC.LAZY,71.42186166786853
5,HEURISTIC.LAZY,70.15175805197356
5,HEURISTIC.LAZY,71.49974888074736
5,HEURISTIC.LAZY,70.11518112989847
5,HEURISTIC.LAZY,70.52356303563366
5,HEURISTIC.LAZY,57.66590481382076
5,HEURISTIC.LAZY,70.93809329250537
5,HEURISTIC.LAZY,72.22101481231233
5,HEURISTIC.LAZY,58.77794174860948
5,HEURISTIC.LAZY,68.30436274699042
5,HEURISTIC.LAZY,69.59175573137988
5,HEURISTIC.LAZY,69.66411051253414
5,HEURISTIC.LAZY,68.2497959331794
5,HEURISTIC.LAZY,68.68296950932947
5,HEURISTIC.LAZY,70.03651169836473
5,HEURISTIC.LAZY,68.46996288520438
5,HEURISTIC.LAZY,59.022196712250306
5,HEURISTIC.LAZY,68.88572024625415
5,HEURISTIC.LAZY,70.18456855981795
5,HEURISTIC.LAZY,70.25214683485436
5,HEURISTIC.LAZY,68.82050419584257
5,HEURISTIC.LAZY,69.26703028619946
5,HEURISTIC.LAZY,58.14764778662449
5,HEURISTIC.LAZY,69.45807081874466
5,HEURISTIC.LAZY,68.2120941412434
5,HEURISTIC.LAZY,69.54357716198533
5,HEURISTIC.LAZY,68.19018825451899
5,HEURISTIC.LAZY,68.57310781481897
5,HEURISTIC.LAZY,69.95054372550983
5,HEURISTIC.LAZY,68.46041711533185
5,HEURISTIC.LAZY,68.809730020177
5,HEURISTIC.LAZY,69.69702178460128
5,HEURISTIC.LAZY,69.64142922854799
5,HEURISTIC.LAZY,69.11035592507544
5,HEURISTIC.LAZY,58.172867110919185
5,HEURISTIC.LAZY,71.3157570008928
5,HEURISTIC.LAZY,70.05611980857564
5,HEURISTIC.LAZY,71.39695462911473
5,HEURISTIC.LAZY,70.02701768814161
5,HEURISTIC.LAZY,70.42335036550975
5,HEURISTIC.LAZY,58.23959738209476
5,HEURISTIC.LAZY,71.77118296838478
5,HEURISTIC.LAZY,70.5010793524898
5,HEURISTIC.LAZY,71.84907018126361
5,HEURISTIC.LAZY,70.46450243041471
5,HEURISTIC.LAZY,58.32062206844981
5,HEURISTIC.LAZY,60.19765871480389
5,HEURISTIC.LAZY,69.27362769653121
5,HEURISTIC.LAZY,70.56102068092068
5,HEURISTIC.LAZY,70.63337546207492
5,HEURISTIC.LAZY,60.37787993429593
5,HEURISTIC.LAZY,59.86758865827589
5,HEURISTIC.LAZY,71.02778357919941
5,HEURISTIC.LAZY,69.78180690169816
5,HEURISTIC.LAZY,71.11328992244009
5,HEURISTIC.LAZY,69.75990101497375
5,HEURISTIC.LAZY,47.57907316123783
5,HEURISTIC.LAZY,57.14751108828051
5,HEURISTIC.LAZY,56.9666657042452
5,HEURISTIC.LAZY,58.24491730586247
5,HEURISTIC.LAZY,58.19098667204703
5,HEURISTIC.LAZY,68.66663080632313
5,HEURISTIC.LAZY,69.9540237907126
5,HEURISTIC.LAZY,70.02637857186684
5,HEURISTIC.LAZY,68.61206399251212
5,HEURISTIC.LAZY,69.04523756866219
5,HEURISTIC.LAZY,58.412696301869516
5,HEURISTIC.LAZY,69.2028976379502
5,HEURISTIC.LAZY,70.50174595151398
5,HEURISTIC.LAZY,70.56932422655039
5,HEURISTIC.LAZY,57.61486603005859
5,HEURISTIC.LAZY,69.9286855180705
5,HEURISTIC.LAZY,68.68270884056923
5,HEURISTIC.LAZY,70.01419186131116
5,HEURISTIC.LAZY,68.66080295384482
5,HEURISTIC.LAZY,69.0437225141448
5,HEURISTIC.LAZY,70.42115842483567
5,HEURISTIC.LAZY,68.93103181465769
5,HEURISTIC.LAZY,57.64058048812498
5,HEURISTIC.LAZY,71.78736196776202
5,HEURISTIC.LAZY,70.52772477544485
5,HEURISTIC.LAZY,71.86855959598394
5,HEURISTIC.LAZY,57.70719616824894
5,HEURISTIC.LAZY,59.17108892600123
5,HEURISTIC.LAZY,58.865587828757455
5,HEURISTIC.LAZY,71.46938142888868
5,HEURISTIC.LAZY,59.61781078403062
5,HEURISTIC.LAZY,69.47530951989907
5,HEURISTIC.LAZY,70.76270250428853
5,HEURISTIC.LAZY,58.96634943353666
5,HEURISTIC.LAZY,70.58668281463537
5,HEURISTIC.LAZY,69.34070613713412
5,HEURISTIC.LAZY,70.67218915787603
5,HEURISTIC.LAZY,69.31880025040971
5,HEURISTIC.LAZY,69.70171981070968
5,HEURISTIC.LAZY,58.98594342121182
5,HEURISTIC.LAZY,60.101156331095225
5,HEURISTIC.LAZY,59.470862369110236
5,HEURISTIC.LAZY,70.7812854012304
5,HEURISTIC.LAZY,69.53530872372914
5,HEURISTIC.LAZY,70.86679174447107
5,HEURISTIC.LAZY,69.51340283700473
5,HEURISTIC.LAZY,69.89632239730471
5,HEURISTIC.LAZY,60.63407913465083
5,HEURISTIC.LAZY,60.30400907812283
5,HEURISTIC.LAZY,71.46420399904635
5,HEURISTIC.LAZY,47.75172662998564
5,HEURISTIC.LAZY,57.85450242501807
5,HEURISTIC.LAZY,57.67365704098276
5,HEURISTIC.LAZY,58.897978008784584
5,HEURISTIC.LAZY,69.37362214306069
5,HEURISTIC.LAZY,70.66101512745014
5,HEURISTIC.LAZY,58.32185736679615
5,HEURISTIC.LAZY,70.63567685480804
5,HEURISTIC.LAZY,69.38970017730679
5,HEURISTIC.LAZY,70.72118319804872
5,HEURISTIC.LAZY,69.36779429058238
5,HEURISTIC.LAZY,69.75071385088236
5,HEURISTIC.LAZY,59.69967462152702
5,HEURISTIC.LAZY,71.32000800262574
5,HEURISTIC.LAZY,70.0740313251245
5,HEURISTIC.LAZY,60.22176088921697
5,HEURISTIC.LAZY,59.19009529062053
5,HEURISTIC.LAZY,59.93897391444583
5,HEURISTIC.LAZY,59.28751256395187
5,HEURISTIC.LAZY,70.90784594505058
5,HEURISTIC.LAZY,69.66186926754933
5,HEURISTIC.LAZY,70.99335228829125
5,HEURISTIC.LAZY,69.63996338082492
5,HEURISTIC.LAZY,70.02288294112489
5,HEURISTIC.LAZY,59.87789316834174
5,HEURISTIC.LAZY,71.18831620046191
5,HEURISTIC.LAZY,69.94233952296067
5,HEURISTIC.LAZY,71.27382254370258
5,HEURISTIC.LAZY,60.27061899452124
5,HEURISTIC.LAZY,40.65789515030288
5,HEURISTIC.LAZY,65.10185320998656
5,HEURISTIC.LAZY,64.3363713845488
5,HEURISTIC.LAZY,64.45665175980487
5,HEURISTIC.LAZY,65.3455033816719
5,HEURISTIC.LAZY,57.2701550919292
5,HEURISTIC.LAZY,56.32835976572187
5,HEURISTIC.LAZY,65.21110706613085
5,HEURISTIC.LAZY,64.40041895433052
5,HEURISTIC.LAZY,64.51627580535254
5,HEURISTIC.LAZY,56.14751438168656
5,HEURISTIC.LAZY,65.29602145026995
5,HEURISTIC.LAZY,64.58541434898828
5,HEURISTIC.LAZY,57.425765983303826
5,HEURISTIC.LAZY,57.576476559706904
5,HEURISTIC.LAZY,56.82723254234908
5,HEURISTIC.LAZY,57.371835349488386
5,HEURISTIC.LAZY,67.84747948376449
5,HEURISTIC.LAZY,69.13487246815394
5,HEURISTIC.LAZY,69.2072272493082
5,HEURISTIC.LAZY,67.79291266995348
5,HEURISTIC.LAZY,68.22608624610353
5,HEURISTIC.LAZY,69.57962843513882
5,HEURISTIC.LAZY,68.01307962197845
5,HEURISTIC.LAZY,68.34373971411163
5,HEURISTIC.LAZY,69.2760273080107
5,HEURISTIC.LAZY,69.21501829939658
5,HEURISTIC.LAZY,57.59354497931087
5,HEURISTIC.LAZY,68.38374631539156
5,HEURISTIC.LAZY,69.68259462895534
5,HEURISTIC.LAZY,69.75017290399174
5,HEURISTIC.LAZY,68.31853026497998
5,HEURISTIC.LAZY,68.76505635533684
5,HEURISTIC.LAZY,70.11029067800979
5,HEURISTIC.LAZY,68.5220278505021
5,HEURISTIC.LAZY,56.795714707499954
5,HEURISTIC.LAZY,69.10953419551184
5,HEURISTIC.LAZY,67.8635575180106
5,HEURISTIC.LAZY,69.19504053875252
5,HEURISTIC.LAZY,67.84165163128618
5,HEURISTIC.LAZY,68.22457119158616
5,HEURISTIC.LAZY,69.60200710227703
5,HEURISTIC.LAZY,68.11188049209905
5,HEURISTIC.LAZY,68.4611933969442
5,HEURISTIC.LAZY,69.34848516136847
5,HEURISTIC.LAZY,69.29289260531519
5,HEURISTIC.LAZY,68.76181930184262
5,HEURISTIC.LAZY,56.821429165566336
5,HEURISTIC.LAZY,70.96821064520338
5,HEURISTIC.LAZY,69.70857345288621
5,HEURISTIC.LAZY,71.0494082734253
5,HEURISTIC.LAZY,69.67947133245218
5,HEURISTIC.LAZY,70.07580400982032
5,HEURISTIC.LAZY,71.44690492308698
5,HEURISTIC.LAZY,56.88804484569029
5,HEURISTIC.LAZY,71.42340743059209
5,HEURISTIC.LAZY,70.15330381469713
5,HEURISTIC.LAZY,71.50129464347094
5,HEURISTIC.LAZY,70.11672689262204
5,HEURISTIC.LAZY,70.52510879835724
5,HEURISTIC.LAZY,56.96872443670925
5,HEURISTIC.LAZY,70.93537696406717
5,HEURISTIC.LAZY,72.21829848387415
5,HEURISTIC.LAZY,59.305542514828474
5,HEURISTIC.LAZY,59.0000414175847
5,HEURISTIC.LAZY,58.067221889842145
5,HEURISTIC.LAZY,57.86427518774535
5,HEURISTIC.LAZY,58.78686196810842
5,HEURISTIC.LAZY,68.64436070397687
5,HEURISTIC.LAZY,69.93175368836633
5,HEURISTIC.LAZY,70.00410846952059
5,HEURISTIC.LAZY,68.58979389016586
5,HEURISTIC.LAZY,69.02296746631592
5,HEURISTIC.LAZY,58.13540061761446
5,HEURISTIC.LAZY,69.75573399871317
5,HEURISTIC.LAZY,68.50975732121192
5,HEURISTIC.LAZY,69.84124034195384
5,HEURISTIC.LAZY,68.48785143448751
5,HEURISTIC.LAZY,68.87077099478748
5,HEURISTIC.LAZY,70.24820690547836
5,HEURISTIC.LAZY,68.75808029530037
5,HEURISTIC.LAZY,59.03099943765819
5,HEURISTIC.LAZY,69.22548321505852
5,HEURISTIC.LAZY,70.5243315286223
5,HEURISTIC.LAZY,58.15499460528962
5,HEURISTIC.LAZY,71.60216950762228
5,HEURISTIC.LAZY,70.3425323153051
5,HEURISTIC.LAZY,71.6833671358442
5,HEURISTIC.LAZY,70.31343019487107
5,HEURISTIC.LAZY,70.70976287223921
5,HEURISTIC.LAZY,58.22462176846378
5,HEURISTIC.LAZY,72.06338925911137
5,HEURISTIC.LAZY,70.79328564321641
5,HEURISTIC.LAZY,59.29408307845597
5,HEURISTIC.LAZY,68.8205040768369
5,HEURISTIC.LAZY,70.10789706122637
5,HEURISTIC.LAZY,70.18025184238061
5,HEURISTIC.LAZY,68.76593726302589
5,HEURISTIC.LAZY,69.19911083917596
5,HEURISTIC.LAZY,59.5383380420968
5,HEURISTIC.LAZY,69.40186157610066
5,HEURISTIC.LAZY,70.70070988966444
5,HEURISTIC.LAZY,58.66378911647098
5,HEURISTIC.LAZY,69.97421214859115
5,HEURISTIC.LAZY,68.72823547108989
5,HEURISTIC.LAZY,70.05971849183182
5,HEURISTIC.LAZY,68.70632958436548
5,HEURISTIC.LAZY,69.08924914466546
5,HEURISTIC.LAZY,70.46668505535632
5,HEURISTIC.LAZY,68.97655844517836
5,HEURISTIC.LAZY,58.689008440765676
5,HEURISTIC.LAZY,71.8318983307393
5,HEURISTIC.LAZY,70.57226113842214
5,HEURISTIC.LAZY,71.91309595896122
5,HEURISTIC.LAZY,58.75573871194125
5,HEURISTIC.LAZY,60.31345448793757
5,HEURISTIC.LAZY,60.10305217879851
5,HEURISTIC.LAZY,60.03969388923936
5,HEURISTIC.LAZY,69.11566287096667
5,HEURISTIC.LAZY,70.40305585535614
5,HEURISTIC.LAZY,70.47541063651039
5,HEURISTIC.LAZY,69.06109605715567
5,HEURISTIC.LAZY,60.2199151087314
5,HEURISTIC.LAZY,59.70962383271136
5,HEURISTIC.LAZY,70.86981875363487
5,HEURISTIC.LAZY,69.62384207613363
5,HEURISTIC.LAZY,70.95532509687555
5,HEURISTIC.LAZY,69.60193618940922
5,HEURISTIC.LAZY,69.9848557497092
5,HEURISTIC.LAZY,47.535562619237524
5,HEURISTIC.LAZY,65.80071336458342
5,HEURISTIC.LAZY,65.03523153914566
5,HEURISTIC.LAZY,57.02721992031874
5,HEURISTIC.LAZY,56.846374536283435
5,HEURISTIC.LAZY,58.12462613790069
5,HEURISTIC.LAZY,58.275336714303776
5,HEURISTIC.LAZY,58.07069550408525
5,HEURISTIC.LAZY,68.54633963836136
5,HEURISTIC.LAZY,69.83373262275082
5,HEURISTIC.LAZY,69.90608740390508
5,HEURISTIC.LAZY,68.49177282455034
5,HEURISTIC.LAZY,68.9249464007004
5,HEURISTIC.LAZY,70.27848858973567
5,HEURISTIC.LAZY,58.292405133907735
5,HEURISTIC.LAZY,69.08260646998842
5,HEURISTIC.LAZY,70.3814547835522
5,HEURISTIC.LAZY,70.44903305858861
5,HEURISTIC.LAZY,69.01739041957684
5,HEURISTIC.LAZY,57.49457486209681
5,HEURISTIC.LAZY,69.80839435010871
5,HEURISTIC.LAZY,68.56241767260745
5,HEURISTIC.LAZY,69.89390069334938
5,HEURISTIC.LAZY,68.54051178588304
5,HEURISTIC.LAZY,68.92343134618302
5,HEURISTIC.LAZY,70.30086725687389
5,HEURISTIC.LAZY,68.81074064669592
5,HEURISTIC.LAZY,57.5202893201632
5,HEURISTIC.LAZY,71.66707079980024
5,HEURISTIC.LAZY,70.40743360748307
5,HEURISTIC.LAZY,71.74826842802216
5,HEURISTIC.LAZY,70.37833148704904
5,HEURISTIC.LAZY,57.58690500028716
5,HEURISTIC.LAZY,72.12226758518896
5,HEURISTIC.LAZY,56.76305942055809
5,HEURISTIC.LAZY,57.58886850286261
5,HEURISTIC.LAZY,57.385921800765814
5,HEURISTIC.LAZY,57.581174635152365
5,HEURISTIC.LAZY,58.30850858112888
5,HEURISTIC.LAZY,68.16600731699734
5,HEURISTIC.LAZY,69.4534003013868
5,HEURISTIC.LAZY,69.52575508254105
5,HEURISTIC.LAZY,68.11144050318633
5,HEURISTIC.LAZY,68.54461407933638
5,HEURISTIC.LAZY,69.89815626837166
5,HEURISTIC.LAZY,68.3316074552113
5,HEURISTIC.LAZY,57.65704723063492
5,HEURISTIC.LAZY,69.27738061173363
5,HEURISTIC.LAZY,68.03140393423239
5,HEURISTIC.LAZY,69.3628869549743
5,HEURISTIC.LAZY,68.00949804750798
5,HEURISTIC.LAZY,68.39241760780794
5,HEURISTIC.LAZY,69.76985351849882
5,HEURISTIC.LAZY,68.27972690832084
5,HEURISTIC.LAZY,68.62903981316599
5,HEURISTIC.LAZY,69.51633157759025
5,HEURISTIC.LAZY,69.46073902153697
5,HEURISTIC.LAZY,68.92966571806443
5,HEURISTIC.LAZY,58.55264605067865
5,HEURISTIC.LAZY,68.74712982807898
5,HEURISTIC.LAZY,70.04597814164276
5,HEURISTIC.LAZY,70.11355641667916
5,HEURISTIC.LAZY,68.6819137776674
5,HEURISTIC.LAZY,69.12843986802426
5,HEURISTIC.LAZY,57.67664121831009
5,HEURISTIC.LAZY,71.12381612064274
5,HEURISTIC.LAZY,69.86417892832557
5,HEURISTIC.LAZY,71.20501374886466
5,HEURISTIC.LAZY,69.83507680789154
5,HEURISTIC.LAZY,70.23140948525968
5,HEURISTIC.LAZY,71.60251039852633
5,HEURISTIC.LAZY,57.74626838148424
5,HEURISTIC.LAZY,71.58503587213184
5,HEURISTIC.LAZY,70.31493225623687
5,HEURISTIC.LAZY,71.66292308501069
5,HEURISTIC.LAZY,70.27835533416179
5,HEURISTIC.LAZY,70.68673723989698
5,HEURISTIC.LAZY,57.82907901808409
5,HEURISTIC.LAZY,58.94111595287279
5,HEURISTIC.LAZY,68.46753695125372
5,HEURISTIC.LAZY,69.75492993564319
5,HEURISTIC.LAZY,69.82728471679744
5,HEURISTIC.LAZY,68.41297013744271
5,HEURISTIC.LAZY,68.84614371359278
5,HEURISTIC.LAZY,70.19968590262806
5,HEURISTIC.LAZY,68.6331370894677
5,HEURISTIC.LAZY,59.18537091651363
5,HEURISTIC.LAZY,69.04889445051748
5,HEURISTIC.LAZY,70.34774276408127
5,HEURISTIC.LAZY,70.41532103911769
5,HEURISTIC.LAZY,68.9836784001059
5,HEURISTIC.LAZY,58.31082199088781
5,HEURISTIC.LAZY,69.62124502300797
5,HEURISTIC.LAZY,68.37526834550673
5,HEURISTIC.LAZY,69.70675136624865
5,HEURISTIC.LAZY,68.35336245878231
5,HEURISTIC.LAZY,68.7362820190823
5,HEURISTIC.LAZY,70.11371792977316
5,HEURISTIC.LAZY,68.62359131959518
5,HEURISTIC.LAZY,68.97290422444033
5,HEURISTIC.LAZY,69.8601959888646
5,HEURISTIC.LAZY,69.80460343281132
5,HEURISTIC.LAZY,58.336041315182506
5,HEURISTIC.LAZY,71.47893120515613
5,HEURISTIC.LAZY,70.21929401283896
5,HEURISTIC.LAZY,71.56012883337804
5,HEURISTIC.LAZY,70.19019189240493
5,HEURISTIC.LAZY,70.58652456977306
5,HEURISTIC.LAZY,58.40277158635808
5,HEURISTIC.LAZY,71.93435717264809
5,HEURISTIC.LAZY,70.66425355675312
5,HEURISTIC.LAZY,60.36083291906722
5,HEURISTIC.LAZY,69.43680190079453
5,HEURISTIC.LAZY,70.72419488518399
5,HEURISTIC.LAZY,60.030762862539206
5,HEURISTIC.LAZY,71.19095778346274
5,HEURISTIC.LAZY,69.94498110596147
5,HEURISTIC.LAZY,71.2764641267034
5,HEURISTIC.LAZY,47.74632359255284
5,HEURISTIC.LAZY,57.454349563073094
5,HEURISTIC.LAZY,57.273504179037786
5,HEURISTIC.LAZY,58.4978251468396
5,HEURISTIC.LAZY,68.97346928111571
5,HEURISTIC.LAZY,70.26086226550517
5,HEURISTIC.LAZY,70.33321704665943
5,HEURISTIC.LAZY,68.91890246730469
5,HEURISTIC.LAZY,69.35207604345476
5,HEURISTIC.LAZY,58.71953477666209
5,HEURISTIC.LAZY,57.921704504851164
5,HEURISTIC.LAZY,70.23552399286307
5,HEURISTIC.LAZY,68.9895473153618
5,HEURISTIC.LAZY,70.32103033610373
5,HEURISTIC.LAZY,68.96764142863739
5,HEURISTIC.LAZY,69.35056098893737
5,HEURISTIC.LAZY,70.72799689962824
5,HEURISTIC.LAZY,69.23787028945027
5,HEURISTIC.LAZY,57.94741896291755
5,HEURISTIC.LAZY,59.172426303550026
5,HEURISTIC.LAZY,59.92464925882319
5,HEURISTIC.LAZY,59.27318790832923
5,HEURISTIC.LAZY,70.89352128942794
5,HEURISTIC.LAZY,69.64754461192669
5,HEURISTIC.LAZY,70.97902763266862
5,HEURISTIC.LAZY,69.62563872520228
5,HEURISTIC.LAZY,70.00855828550226
5,HEURISTIC.LAZY,59.77770084390281
5,HEURISTIC.LAZY,71.08812387602298
5,HEURISTIC.LAZY,69.84214719852172
5,HEURISTIC.LAZY,71.17363021926364
5,HEURISTIC.LAZY,60.61084755291539
5,HEURISTIC.LAZY,47.91438137140737
5,HEURISTIC.LAZY,58.15214952002407
5,HEURISTIC.LAZY,59.195625103790576
5,HEURISTIC.LAZY,58.61950446180214
5,HEURISTIC.LAZY,70.93332394981404
5,HEURISTIC.LAZY,69.68734727231278
5,HEURISTIC.LAZY,71.0188302930547
5,HEURISTIC.LAZY,69.66544138558837
5,HEURISTIC.LAZY,70.04836094588835
5,HEURISTIC.LAZY,59.997321716533015
5,HEURISTIC.LAZY,60.51940798422295
5,HEURISTIC.LAZY,59.18639823137888
5,HEURISTIC.LAZY,59.93527685520419
5,HEURISTIC.LAZY,59.283815504710226
5,HEURISTIC.LAZY,70.90414888580894
5,HEURISTIC.LAZY,69.65817220830769
5,HEURISTIC.LAZY,70.98965522904962
5,HEURISTIC.LAZY,69.63626632158328
5,HEURISTIC.LAZY,70.01918588188326
5,HEURISTIC.LAZY,59.874196109100104
5,HEURISTIC.LAZY,71.18461914122027
5,HEURISTIC.LAZY,69.93864246371902
5,HEURISTIC.LAZY,71.27012548446095
5,HEURISTIC.LAZY,60.18034017134261
5,HEURISTIC.LAZY,39.23753056627169
5,HEURISTIC.LAZY,62.48726475388187
5,HEURISTIC.LAZY,62.4816083095132
5,HEURISTIC.LAZY,63.09523093702778
5,HEURISTIC.LAZY,63.22612079906914
5,HEURISTIC.LAZY,63.31913159779042
5,HEURISTIC.LAZY,63.46680963690756
5,HEURISTIC.LAZY,63.60024619525759
5,HEURISTIC.LAZY,62.30053880056515
5,HEURISTIC.LAZY,64.35057624773088
5,HEURISTIC.LAZY,64.68593501959795
5,HEURISTIC.LAZY,61.58012668590301
5,HEURISTIC.LAZY,63.82129421962771
5,HEURISTIC.LAZY,63.924719212229185
5,HEURISTIC.LAZY,64.42879637675107
5,HEURISTIC.LAZY,64.56269772184262
5,HEURISTIC.LAZY,64.76000114111594
5,HEURISTIC.LAZY,61.515824588342426
5,HEURISTIC.LAZY,64.4320578166678
5,HEURISTIC.LAZY,64.34968271848423
5,HEURISTIC.LAZY,64.96281021222711
5,HEURISTIC.LAZY,65.0938146653201
5,HEURISTIC.LAZY,65.26729139067648
5,HEURISTIC.LAZY,62.247703901695175
5,HEURISTIC.LAZY,65.29165282456367
5,HEURISTIC.LAZY,65.75301414824527
5,HEURISTIC.LAZY,62.08979995323555
5,HEURISTIC.LAZY,65.44387603295009
5,HEURISTIC.LAZY,65.92603560700962
5,HEURISTIC.LAZY,61.79257047229832
5,HEURISTIC.LAZY,65.34364400116893
5,HEURISTIC.LAZY,65.78894578081176
5,HEURISTIC.LAZY,61.47984793805645
5,HEURISTIC.LAZY,65.1136348833024
5,HEURISTIC.LAZY,65.3955174347246
5,HEURISTIC.LAZY,65.9268383313246
5,HEURISTIC.LAZY,66.01918542188072
5,HEURISTIC.LAZY,54.02235408603413
5,HEURISTIC.LAZY,63.31248521901274
5,HEURISTIC.LAZY,63.306828774644075
5,HEURISTIC.LAZY,63.92045140215865
5,HEURISTIC.LAZY,64.05134126420002
5,HEURISTIC.LAZY,64.14435206292129
5,HEURISTIC.LAZY,61.54295522567999
5,HEURISTIC.LAZY,63.469301143182186
5,HEURISTIC.LAZY,63.57272613578366
5,HEURISTIC.LAZY,64.07680330030554
5,HEURISTIC.LAZY,64.2107046453971
5,HEURISTIC.LAZY,64.40800806467041
5,HEURISTIC.LAZY,64.4535245288164
5,HEURISTIC.LAZY,61.5413462588176
5,HEURISTIC.LAZY,64.20545100161863
5,HEURISTIC.LAZY,64.12307590343507
5,HEURISTIC.LAZY,64.73620339717796
5,HEURISTIC.LAZY,64.86720785027094
5,HEURISTIC.LAZY,65.04068457562731
5,HEURISTIC.LAZY,63.20242465788401
5,HEURISTIC.LAZY,65.87669780636912
5,HEURISTIC.LAZY,66.2120565782362
5,HEURISTIC.LAZY,61.842422686237114
5,HEURISTIC.LAZY,65.56113422366427
5,HEURISTIC.LAZY,65.84301677508647
5,HEURISTIC.LAZY,63.01841201765927
5,HEURISTIC.LAZY,66.55541890049237
5,HEURISTIC.LAZY,62.34997797920843
5,HEURISTIC.LAZY,66.18080885898966
5,HEURISTIC.LAZY,66.62611063863248
5,HEURISTIC.LAZY,62.77827643681371
5,HEURISTIC.LAZY,66.54317884410693
5,HEURISTIC.LAZY,67.02533841816646
5,HEURISTIC.LAZY,54.16128292408483
5,HEURISTIC.LAZY,63.59595059123784
5,HEURISTIC.LAZY,63.59029414686917
5,HEURISTIC.LAZY,64.20391677438374
5,HEURISTIC.LAZY,64.33480663642511
5,HEURISTIC.LAZY,64.42781743514638
5,HEURISTIC.LAZY,62.547262633291396
5,HEURISTIC.LAZY,64.50565717370095
5,HEURISTIC.LAZY,64.84101594556802
5,HEURISTIC.LAZY,62.309551721003984
5,HEURISTIC.LAZY,64.94177755034723
5,HEURISTIC.LAZY,65.0452025429487
5,HEURISTIC.LAZY,65.54927970747059
5,HEURISTIC.LAZY,62.617333008404096
5,HEURISTIC.LAZY,65.69254429849907
5,HEURISTIC.LAZY,66.15390562218067
5,HEURISTIC.LAZY,62.23331184180193
5,HEURISTIC.LAZY,65.52866558410437
5,HEURISTIC.LAZY,65.44629048592081
5,HEURISTIC.LAZY,62.5207940507946
5,HEURISTIC.LAZY,65.96749748858576
5,HEURISTIC.LAZY,66.4496570626453
5,HEURISTIC.LAZY,62.307363270636806
5,HEURISTIC.LAZY,66.03486285836348
5,HEURISTIC.LAZY,66.4801646380063
5,HEURISTIC.LAZY,62.090991187902056
5,HEURISTIC.LAZY,65.9975546435112
5,HEURISTIC.LAZY,66.2794371949334
5,HEURISTIC.LAZY,54.33393639283265
5,HEURISTIC.LAZY,64.30294192797538
5,HEURISTIC.LAZY,64.29728548360671
5,HEURISTIC.LAZY,64.9109081111213
5,HEURISTIC.LAZY,62.973288762719726
5,HEURISTIC.LAZY,65.04969462928736
5,HEURISTIC.LAZY,65.38505340115444
5,HEURISTIC.LAZY,62.83022171663429
5,HEURISTIC.LAZY,65.6751027383376
5,HEURISTIC.LAZY,65.77852773093908
5,HEURISTIC.LAZY,63.07810521202579
5,HEURISTIC.LAZY,66.30607390247222
5,HEURISTIC.LAZY,66.76743522615382
5,HEURISTIC.LAZY,62.76276850349042
5,HEURISTIC.LAZY,66.2795641042111
5,HEURISTIC.LAZY,66.19718900602753
5,HEURISTIC.LAZY,63.00176765335421
5,HEURISTIC.LAZY,66.62142989043474
5,HEURISTIC.LAZY,67.10358946449426
5,HEURISTIC.LAZY,62.813670543203145
5,HEURISTIC.LAZY,66.7394626002259
5,HEURISTIC.LAZY,67.18476437986872
5,HEURISTIC.LAZY,62.619215459807776
5,HEURISTIC.LAZY,66.7459883840524
5,HEURISTIC.LAZY,67.0278709354746
5,HEURISTIC.LAZY,54.46072762979665
5,HEURISTIC.LAZY,65.17117985179976
5,HEURISTIC.LAZY,65.1655234074311
5,HEURISTIC.LAZY,62.86602546982681
5,HEURISTIC.LAZY,65.26294068076244
5,HEURISTIC.LAZY,65.36636567336392
5,HEURISTIC.LAZY,62.8327194250329
5,HEURISTIC.LAZY,65.93569638333588
5,HEURISTIC.LAZY,65.85332128515232
5,HEURISTIC.LAZY,63.20996350671371
5,HEURISTIC.LAZY,67.44371491390407
5,HEURISTIC.LAZY,67.72559746532627
5,HEURISTIC.LAZY,63.753521962020756
5,HEURISTIC.LAZY,68.13539587390093
5,HEURISTIC.LAZY,54.60816812672408
5,HEURISTIC.LAZY,66.00809006018204
5,HEURISTIC.LAZY,66.00243361581337
5,HEURISTIC.LAZY,63.57973993617773
5,HEURISTIC.LAZY,66.24604711133182
5,HEURISTIC.LAZY,66.3494721039333
5,HEURISTIC.LAZY,63.548532537611436
5,HEURISTIC.LAZY,66.92300010636049
5,HEURISTIC.LAZY,66.84062500817691
5,HEURISTIC.LAZY,63.92107463940508
5,HEURISTIC.LAZY,54.68417695096049
5,HEURISTIC.LAZY,66.2338372340786
5,HEURISTIC.LAZY,66.22818078970994
5,HEURISTIC.LAZY,64.56820312639056
5,HEURISTIC.LAZY,64.29558103133712
5,HEURISTIC.LAZY,64.26444999372053
5,HEURISTIC.LAZY,54.58024592860971
5,HEURISTIC.LAZY,66.24660675825444
5,HEURISTIC.LAZY,66.24095031388578
5,HEURISTIC.LAZY,63.83351579375894
5,HEURISTIC.LAZY,66.64527142937128
5,HEURISTIC.LAZY,66.74869642197275
5,HEURISTIC.LAZY,63.81163596153821
5,HEURISTIC.LAZY,67.34087955709103
5,HEURISTIC.LAZY,67.25850445890747
5,HEURISTIC.LAZY,64.16483809998934
5,HEURISTIC.LAZY,54.710160268168934
5,HEURISTIC.LAZY,66.7708583358209
5,HEURISTIC.LAZY,66.76520189145224
5,HEURISTIC.LAZY,64.27372945146264
5,HEURISTIC.LAZY,67.21821831965414
5,HEURISTIC.LAZY,67.32164331225562
5,HEURISTIC.LAZY,64.2529018715509
5,HEURISTIC.LAZY,45.56211016103819
5,HEURISTIC.LAZY,61.72742447288723
5,HEURISTIC.LAZY,61.72176802851856
5,HEURISTIC.LAZY,62.33539065603314
5,HEURISTIC.LAZY,62.466280518074505
5,HEURISTIC.LAZY,62.55929131679578
5,HEURISTIC.LAZY,62.706969355912925
5,HEURISTIC.LAZY,62.84040591426295
5,HEURISTIC.LAZY,59.95789447955448
5,HEURISTIC.LAZY,61.88424039705667
5,HEURISTIC.LAZY,61.98766538965815
5,HEURISTIC.LAZY,62.491742554180036
5,HEURISTIC.LAZY,62.62564389927158
5,HEURISTIC.LAZY,62.822947318544905
5,HEURISTIC.LAZY,62.868463782690895
5,HEURISTIC.LAZY,63.08050379080761
5,HEURISTIC.LAZY,63.25701298069011
5,HEURISTIC.LAZY,59.956285512692084
5,HEURISTIC.LAZY,62.62039025549312
5,HEURISTIC.LAZY,62.538015157309545
5,HEURISTIC.LAZY,63.15114265105244
5,HEURISTIC.LAZY,63.28214710414542
5,HEURISTIC.LAZY,63.4556238295018
5,HEURISTIC.LAZY,63.52318103731993
5,HEURISTIC.LAZY,63.71321983702582
5,HEURISTIC.LAZY,61.6173639117585
5,HEURISTIC.LAZY,64.2916370602436
5,HEURISTIC.LAZY,64.62699583211068
5,HEURISTIC.LAZY,60.25736194011161
5,HEURISTIC.LAZY,63.97607347753875
5,HEURISTIC.LAZY,64.25795602896095
5,HEURISTIC.LAZY,64.78927692556096
5,HEURISTIC.LAZY,64.88162401611707
5,HEURISTIC.LAZY,64.98639004189162
5,HEURISTIC.LAZY,61.43335127153376
5,HEURISTIC.LAZY,64.97035815436686
5,HEURISTIC.LAZY,65.43171947804845
5,HEURISTIC.LAZY,60.76491723308292
5,HEURISTIC.LAZY,64.59574811286414
5,HEURISTIC.LAZY,65.04104989250698
5,HEURISTIC.LAZY,65.3654609073543
5,HEURISTIC.LAZY,65.65530445264564
5,HEURISTIC.LAZY,61.1932156906882
5,HEURISTIC.LAZY,64.95811809798141
5,HEURISTIC.LAZY,65.44027767204093
5,HEURISTIC.LAZY,53.58410425576227
5,HEURISTIC.LAZY,62.11265934772748
5,HEURISTIC.LAZY,62.10700290335881
5,HEURISTIC.LAZY,62.72062553087339
5,HEURISTIC.LAZY,62.851515392914756
5,HEURISTIC.LAZY,62.94452619163603
5,HEURISTIC.LAZY,63.092204230753175
5,HEURISTIC.LAZY,63.2256407891032
5,HEURISTIC.LAZY,61.92593339441076
5,HEURISTIC.LAZY,63.97597084157649
5,HEURISTIC.LAZY,64.31132961344356
5,HEURISTIC.LAZY,61.20552127974862
5,HEURISTIC.LAZY,63.44668881347332
5,HEURISTIC.LAZY,63.5501138060748
5,HEURISTIC.LAZY,64.05419097059668
5,HEURISTIC.LAZY,64.18809231568824
5,HEURISTIC.LAZY,64.38539573496155
5,HEURISTIC.LAZY,64.43091219910754
5,HEURISTIC.LAZY,61.14121918218804
5,HEURISTIC.LAZY,64.0574524105134
5,HEURISTIC.LAZY,63.975077312329844
5,HEURISTIC.LAZY,64.58820480607272
5,HEURISTIC.LAZY,64.71920925916571
5,HEURISTIC.LAZY,64.89268598452209
5,HEURISTIC.LAZY,61.87309849554079
5,HEURISTIC.LAZY,64.91704741840928
5,HEURISTIC.LAZY,65.37840874209088
5,HEURISTIC.LAZY,61.71519454708116
5,HEURISTIC.LAZY,65.0692706267957
5,HEURISTIC.LAZY,65.55143020085524
5,HEURISTIC.LAZY,61.417965066143935
5,HEURISTIC.LAZY,64.96903859501454
5,HEURISTIC.LAZY,65.41434037465737
5,HEURISTIC.LAZY,65.7387513895047
5,HEURISTIC.LAZY,61.105242531902064
5,HEURISTIC.LAZY,64.73902947714801
5,HEURISTIC.LAZY,65.02091202857021
5,HEURISTIC.LAZY,65.55223292517022
5,HEURISTIC.LAZY,65.64458001572633
5,HEURISTIC.LAZY,54.21364493009028
5,HEURISTIC.LAZY,64.67187819145784
5,HEURISTIC.LAZY,64.66622174708917
5,HEURISTIC.LAZY,62.36672380948487
5,HEURISTIC.LAZY,64.76363902042051
5,HEURISTIC.LAZY,64.86706401302199
5,HEURISTIC.LAZY,65.37114117754388
5,HEURISTIC.LAZY,62.333417764690964
5,HEURISTIC.LAZY,65.43639472299395
5,HEURISTIC.LAZY,65.35401962481038
5,HEURISTIC.LAZY,64.07285615060306
5,HEURISTIC.LAZY,62.71066184637178
5,HEURISTIC.LAZY,66.94441325356215
5,HEURISTIC.LAZY,67.22629580498435
5,HEURISTIC.LAZY,63.254220301678814
5,HEURISTIC.LAZY,67.636094213559
5,HEURISTIC.LAZY,63.69119550545584
5,HEURISTIC.LAZY,54.33677585513075
5,HEURISTIC.LAZY,63.94180019240049
5,HEURISTIC.LAZY,63.936143748031824
5,HEURISTIC.LAZY,64.5497663755464
5,HEURISTIC.LAZY,62.89311223445405
5,HEURISTIC.LAZY,64.85150677486361
5,HEURISTIC.LAZY,65.18686554673067
5,HEURISTIC.LAZY,62.65540132216664
5,HEURISTIC.LAZY,65.28762715150988
5,HEURISTIC.LAZY,65.39105214411136
5,HEURISTIC.LAZY,62.96318260956675
5,HEURISTIC.LAZY,66.03839389966173
5,HEURISTIC.LAZY,66.49975522334333
5,HEURISTIC.LAZY,62.57916144296458
5,HEURISTIC.LAZY,65.87451518526703
5,HEURISTIC.LAZY,65.79214008708347
5,HEURISTIC.LAZY,62.866643651957254
5,HEURISTIC.LAZY,66.31334708974842
5,HEURISTIC.LAZY,66.79550666380796
5,HEURISTIC.LAZY,62.65321287179946
5,HEURISTIC.LAZY,66.38071245952614
5,HEURISTIC.LAZY,66.82601423916896
5,HEURISTIC.LAZY,62.43684078906471
5,HEURISTIC.LAZY,66.34340424467385
5,HEURISTIC.LAZY,66.62528679609605
5,HEURISTIC.LAZY,54.71048769783472
5,HEURISTIC.LAZY,65.05090827705035
5,HEURISTIC.LAZY,65.04525183268169
5,HEURISTIC.LAZY,63.72125511179468
5,HEURISTIC.LAZY,65.79766097836233
5,HEURISTIC.LAZY,66.1330197502294
5,HEURISTIC.LAZY,63.57818806570925
5,HEURISTIC.LAZY,66.42306908741256
5,HEURISTIC.LAZY,66.52649408001403
5,HEURISTIC.SIMPLE_COLLISION,45.82484909089488
5,HEURISTIC.SIMPLE_COLLISION,66.96890959245104
5,HEURISTIC.SIMPLE_COLLISION,67.08540357320078
5,HEURISTIC.SIMPLE_COLLISION,67.24447548740386
5,HEURISTIC.SIMPLE_COLLISION,67.49457045140656
5,HEURISTIC.SIMPLE_COLLISION,67.7803013025902
5,HEURISTIC.SIMPLE_COLLISION,58.336031646971364
5,HEURISTIC.SIMPLE_COLLISION,65.8119085979854
5,HEURISTIC.SIMPLE_COLLISION,65.92840257873516
5,HEURISTIC.SIMPLE_COLLISION,66.08747449293823
5,HEURISTIC.SIMPLE_COLLISION,66.40857539064768
5,HEURISTIC.SIMPLE_COLLISION,66.64897828149238
5,HEURISTIC.SIMPLE_COLLISION,67.29115548827038
5,HEURISTIC.SIMPLE_COLLISION,67.36270507176907
5,HEURISTIC.SIMPLE_COLLISION,66.97723099871664
5,HEURISTIC.SIMPLE_COLLISION,58.44291677044585
5,HEURISTIC.SIMPLE_COLLISION,65.8551776109997
5,HEURISTIC.SIMPLE_COLLISION,65.97167159174946
5,HEURISTIC.SIMPLE_COLLISION,66.13074350595254
5,HEURISTIC.SIMPLE_COLLISION,66.50134602766418
5,HEURISTIC.SIMPLE_COLLISION,66.74174891850888
5,HEURISTIC.SIMPLE_COLLISION,67.33442450128469
5,HEURISTIC.SIMPLE_COLLISION,67.40597408478337
5,HEURISTIC.SIMPLE_COLLISION,67.02050001173093
5,HEURISTIC.SIMPLE_COLLISION,57.24369368025344
5,HEURISTIC.SIMPLE_COLLISION,65.65987879562134
5,HEURISTIC.SIMPLE_COLLISION,65.77637277637109
5,HEURISTIC.SIMPLE_COLLISION,65.93544469057417
5,HEURISTIC.SIMPLE_COLLISION,66.18553965457687
5,HEURISTIC.SIMPLE_COLLISION,66.47127050576051
5,HEURISTIC.SIMPLE_COLLISION,67.13912568590632
5,HEURISTIC.SIMPLE_COLLISION,67.21067526940502
5,HEURISTIC.SIMPLE_COLLISION,66.82520119635257
5,HEURISTIC.SIMPLE_COLLISION,60.170348220510206
5,HEURISTIC.SIMPLE_COLLISION,67.63818859672662
5,HEURISTIC.SIMPLE_COLLISION,67.75468257747636
5,HEURISTIC.SIMPLE_COLLISION,67.91375449167944
5,HEURISTIC.SIMPLE_COLLISION,68.16384945568214
5,HEURISTIC.SIMPLE_COLLISION,68.44958030686578
5,HEURISTIC.SIMPLE_COLLISION,58.48660829644217
5,HEURISTIC.SIMPLE_COLLISION,67.62166092509999
5,HEURISTIC.SIMPLE_COLLISION,67.73815490584974
5,HEURISTIC.SIMPLE_COLLISION,67.89722682005282
5,HEURISTIC.SIMPLE_COLLISION,68.14732178405552
5,HEURISTIC.SIMPLE_COLLISION,68.43305263523915
5,HEURISTIC.SIMPLE_COLLISION,69.10090781538497
5,HEURISTIC.SIMPLE_COLLISION,69.17245739888367
5,HEURISTIC.SIMPLE_COLLISION,57.09492700482309
5,HEURISTIC.SIMPLE_COLLISION,67.69514394177436
5,HEURISTIC.SIMPLE_COLLISION,67.81163792252411
5,HEURISTIC.SIMPLE_COLLISION,67.9707098367272
5,HEURISTIC.SIMPLE_COLLISION,68.2208048007299
5,HEURISTIC.SIMPLE_COLLISION,68.50653565191352
5,HEURISTIC.SIMPLE_COLLISION,69.17439083205934
5,HEURISTIC.SIMPLE_COLLISION,69.24594041555804
5,HEURISTIC.SIMPLE_COLLISION,68.86046634250559
5,HEURISTIC.SIMPLE_COLLISION,58.43197979593364
5,HEURISTIC.SIMPLE_COLLISION,68.88250738701757
5,HEURISTIC.SIMPLE_COLLISION,68.99900136776732
5,HEURISTIC.SIMPLE_COLLISION,69.1580732819704
5,HEURISTIC.SIMPLE_COLLISION,69.4081682459731
5,HEURISTIC.SIMPLE_COLLISION,69.69389909715673
5,HEURISTIC.SIMPLE_COLLISION,57.18916297558067
5,HEURISTIC.SIMPLE_COLLISION,68.27027832439285
5,HEURISTIC.SIMPLE_COLLISION,68.3867723051426
5,HEURISTIC.SIMPLE_COLLISION,68.54584421934568
5,HEURISTIC.SIMPLE_COLLISION,68.79593918334838
5,HEURISTIC.SIMPLE_COLLISION,69.08167003453202
5,HEURISTIC.SIMPLE_COLLISION,69.74952521467783
5,HEURISTIC.SIMPLE_COLLISION,69.82107479817653
5,HEURISTIC.SIMPLE_COLLISION,60.297996518186366
5,HEURISTIC.SIMPLE_COLLISION,69.57510281975607
5,HEURISTIC.SIMPLE_COLLISION,69.25905933458063
5,HEURISTIC.SIMPLE_COLLISION,69.73417473395915
5,HEURISTIC.SIMPLE_COLLISION,69.98426969796185
5,HEURISTIC.SIMPLE_COLLISION,70.2700005491455
5,HEURISTIC.SIMPLE_COLLISION,60.32405212387013
5,HEURISTIC.SIMPLE_COLLISION,69.85913886269603
5,HEURISTIC.SIMPLE_COLLISION,69.9756328434458
5,HEURISTIC.SIMPLE_COLLISION,70.13470475764886
5,HEURISTIC.SIMPLE_COLLISION,70.38479972165156
5,HEURISTIC.SIMPLE_COLLISION,57.87892954976385
5,HEURISTIC.SIMPLE_COLLISION,69.12727020354203
5,HEURISTIC.SIMPLE_COLLISION,69.24376418429178
5,HEURISTIC.SIMPLE_COLLISION,69.40283609849486
5,HEURISTIC.SIMPLE_COLLISION,69.65293106249756
5,HEURISTIC.SIMPLE_COLLISION,69.9386619136812
5,HEURISTIC.SIMPLE_COLLISION,57.994368347553134
5,HEURISTIC.SIMPLE_COLLISION,70.5552975184278
5,HEURISTIC.SIMPLE_COLLISION,69.15144043126627
5,HEURISTIC.SIMPLE_COLLISION,70.63150421755829
5,HEURISTIC.SIMPLE_COLLISION,69.95885202269339
5,HEURISTIC.SIMPLE_COLLISION,69.08451112974784
5,HEURISTIC.SIMPLE_COLLISION,69.42461216575607
5,HEURISTIC.SIMPLE_COLLISION,71.07869988603674
5,HEURISTIC.SIMPLE_COLLISION,69.28857592422341
5,HEURISTIC.SIMPLE_COLLISION,70.63408724064932
5,HEURISTIC.SIMPLE_COLLISION,69.66851203057526
5,HEURISTIC.SIMPLE_COLLISION,70.68514227082736
5,HEURISTIC.SIMPLE_COLLISION,58.700398810794084
5,HEURISTIC.SIMPLE_COLLISION,70.89161414804953
5,HEURISTIC.SIMPLE_COLLISION,72.29547123521107
5,HEURISTIC.SIMPLE_COLLISION,70.8246848465311
5,HEURISTIC.SIMPLE_COLLISION,72.37426095743258
5,HEURISTIC.SIMPLE_COLLISION,71.69902573947664
5,HEURISTIC.SIMPLE_COLLISION,72.37167793434153
5,HEURISTIC.SIMPLE_COLLISION,71.02874964100667
5,HEURISTIC.SIMPLE_COLLISION,71.4086857473585
5,HEURISTIC.SIMPLE_COLLISION,71.16478588253933
5,HEURISTIC.SIMPLE_COLLISION,72.81887360282
5,HEURISTIC.SIMPLE_COLLISION,72.42531598761062
5,HEURISTIC.SIMPLE_COLLISION,58.23094189869103
5,HEURISTIC.SIMPLE_COLLISION,72.70801150424316
5,HEURISTIC.SIMPLE_COLLISION,73.44405422977104
5,HEURISTIC.SIMPLE_COLLISION,71.97326784109107
5,HEURISTIC.SIMPLE_COLLISION,72.84760873403663
5,HEURISTIC.SIMPLE_COLLISION,73.52284395199256
5,HEURISTIC.SIMPLE_COLLISION,72.17733263556664
5,HEURISTIC.SIMPLE_COLLISION,72.55726874191849
5,HEURISTIC.SIMPLE_COLLISION,73.52026092890151
5,HEURISTIC.SIMPLE_COLLISION,72.31336887709931
5,HEURISTIC.SIMPLE_COLLISION,73.96745659737998
5,HEURISTIC.SIMPLE_COLLISION,73.57389898217059
5,HEURISTIC.SIMPLE_COLLISION,57.930839163307155
5,HEURISTIC.SIMPLE_COLLISION,72.37705641639066
5,HEURISTIC.SIMPLE_COLLISION,70.97319932922912
5,HEURISTIC.SIMPLE_COLLISION,72.45326311552114
5,HEURISTIC.SIMPLE_COLLISION,71.78061092065623
5,HEURISTIC.SIMPLE_COLLISION,70.90627002771069
5,HEURISTIC.SIMPLE_COLLISION,71.24637106371893
5,HEURISTIC.SIMPLE_COLLISION,72.9004587839996
5,HEURISTIC.SIMPLE_COLLISION,71.11033482218625
5,HEURISTIC.SIMPLE_COLLISION,72.45584613861217
5,HEURISTIC.SIMPLE_COLLISION,71.49027092853811
5,HEURISTIC.SIMPLE_COLLISION,72.50690116879021
5,HEURISTIC.SIMPLE_COLLISION,57.96775729859928
5,HEURISTIC.SIMPLE_COLLISION,72.79695040162474
5,HEURISTIC.SIMPLE_COLLISION,71.39309331446319
5,HEURISTIC.SIMPLE_COLLISION,72.20050490589031
5,HEURISTIC.SIMPLE_COLLISION,72.87315710075521
5,HEURISTIC.SIMPLE_COLLISION,71.32616401294477
5,HEURISTIC.SIMPLE_COLLISION,71.666265048953
5,HEURISTIC.SIMPLE_COLLISION,73.32035276923368
5,HEURISTIC.SIMPLE_COLLISION,71.53022880742033
5,HEURISTIC.SIMPLE_COLLISION,72.87574012384624
5,HEURISTIC.SIMPLE_COLLISION,71.91016491377219
5,HEURISTIC.SIMPLE_COLLISION,72.92679515402429
5,HEURISTIC.SIMPLE_COLLISION,57.997892430790884
5,HEURISTIC.SIMPLE_COLLISION,72.16178087293532
5,HEURISTIC.SIMPLE_COLLISION,73.56563796009686
5,HEURISTIC.SIMPLE_COLLISION,72.96919246436244
5,HEURISTIC.SIMPLE_COLLISION,73.64184465922735
5,HEURISTIC.SIMPLE_COLLISION,72.09485157141691
5,HEURISTIC.SIMPLE_COLLISION,72.43495260742513
5,HEURISTIC.SIMPLE_COLLISION,74.08904032770582
5,HEURISTIC.SIMPLE_COLLISION,72.29891636589247
5,HEURISTIC.SIMPLE_COLLISION,73.64442768231838
5,HEURISTIC.SIMPLE_COLLISION,72.67885247224432
5,HEURISTIC.SIMPLE_COLLISION,73.69548271249641
5,HEURISTIC.SIMPLE_COLLISION,59.200963142553675
5,HEURISTIC.SIMPLE_COLLISION,74.80994639706029
5,HEURISTIC.SIMPLE_COLLISION,76.21380348422183
5,HEURISTIC.SIMPLE_COLLISION,76.34364823662136
5,HEURISTIC.SIMPLE_COLLISION,75.61735798848741
5,HEURISTIC.SIMPLE_COLLISION,76.29259320644334
5,HEURISTIC.SIMPLE_COLLISION,74.74301709554186
5,HEURISTIC.SIMPLE_COLLISION,76.2900101833523
5,HEURISTIC.SIMPLE_COLLISION,75.0831181315501
5,HEURISTIC.SIMPLE_COLLISION,74.94708189001742
5,HEURISTIC.SIMPLE_COLLISION,75.32701799636928
5,HEURISTIC.SIMPLE_COLLISION,76.73720585183077
5,HEURISTIC.SIMPLE_COLLISION,59.17425154389241
5,HEURISTIC.SIMPLE_COLLISION,74.90490219050864
5,HEURISTIC.SIMPLE_COLLISION,76.30875927767018
5,HEURISTIC.SIMPLE_COLLISION,75.71231378193576
5,HEURISTIC.SIMPLE_COLLISION,76.43860403006973
5,HEURISTIC.SIMPLE_COLLISION,76.38754899989169
5,HEURISTIC.SIMPLE_COLLISION,74.83797288899021
5,HEURISTIC.SIMPLE_COLLISION,76.38496597680066
5,HEURISTIC.SIMPLE_COLLISION,75.17807392499844
5,HEURISTIC.SIMPLE_COLLISION,75.04203768346576
5,HEURISTIC.SIMPLE_COLLISION,75.42197378981763
5,HEURISTIC.SIMPLE_COLLISION,76.83216164527911
5,HEURISTIC.SIMPLE_COLLISION,58.70283514846827
5,HEURISTIC.SIMPLE_COLLISION,78.85902115225
5,HEURISTIC.SIMPLE_COLLISION,80.26287823941152
5,HEURISTIC.SIMPLE_COLLISION,80.39272299181107
5,HEURISTIC.SIMPLE_COLLISION,80.34166796163304
5,HEURISTIC.SIMPLE_COLLISION,79.6664327436771
5,HEURISTIC.SIMPLE_COLLISION,78.79209185073157
5,HEURISTIC.SIMPLE_COLLISION,80.339084938542
5,HEURISTIC.SIMPLE_COLLISION,79.13219288673979
5,HEURISTIC.SIMPLE_COLLISION,61.51651473082245
5,HEURISTIC.SIMPLE_COLLISION,70.71271059976002
5,HEURISTIC.SIMPLE_COLLISION,70.82920458050977
5,HEURISTIC.SIMPLE_COLLISION,70.98827649471285
5,HEURISTIC.SIMPLE_COLLISION,60.38328918943082
5,HEURISTIC.SIMPLE_COLLISION,69.18742294057942
5,HEURISTIC.SIMPLE_COLLISION,69.30391692132918
5,HEURISTIC.SIMPLE_COLLISION,69.46298883553224
5,HEURISTIC.SIMPLE_COLLISION,69.71308379953494
5,HEURISTIC.SIMPLE_COLLISION,69.99881465071859
5,HEURISTIC.SIMPLE_COLLISION,70.6666698308644
5,HEURISTIC.SIMPLE_COLLISION,61.47562715614874
5,HEURISTIC.SIMPLE_COLLISION,69.58314872144693
5,HEURISTIC.SIMPLE_COLLISION,69.69964270219668
5,HEURISTIC.SIMPLE_COLLISION,69.85871461639977
5,HEURISTIC.SIMPLE_COLLISION,70.17981551410921
5,HEURISTIC.SIMPLE_COLLISION,70.42021840495391
5,HEURISTIC.SIMPLE_COLLISION,61.58251227962322
5,HEURISTIC.SIMPLE_COLLISION,69.61686159008565
5,HEURISTIC.SIMPLE_COLLISION,69.7333555708354
5,HEURISTIC.SIMPLE_COLLISION,69.89242748503848
5,HEURISTIC.SIMPLE_COLLISION,70.26303000675013
5,HEURISTIC.SIMPLE_COLLISION,70.50343289759485
5,HEURISTIC.SIMPLE_COLLISION,63.309943729687575
5,HEURISTIC.SIMPLE_COLLISION,61.62620380561954
5,HEURISTIC.SIMPLE_COLLISION,71.78512752407424
5,HEURISTIC.SIMPLE_COLLISION,71.90162150482399
5,HEURISTIC.SIMPLE_COLLISION,72.06069341902707
5,HEURISTIC.SIMPLE_COLLISION,72.31078838302977
5,HEURISTIC.SIMPLE_COLLISION,72.5965192342134
5,HEURISTIC.SIMPLE_COLLISION,60.23452251400045
5,HEURISTIC.SIMPLE_COLLISION,71.85946848573037
5,HEURISTIC.SIMPLE_COLLISION,71.97596246648013
5,HEURISTIC.SIMPLE_COLLISION,72.13503438068321
5,HEURISTIC.SIMPLE_COLLISION,72.38512934468591
5,HEURISTIC.SIMPLE_COLLISION,72.67086019586954
5,HEURISTIC.SIMPLE_COLLISION,61.57157530511101
5,HEURISTIC.SIMPLE_COLLISION,73.12613158699304
5,HEURISTIC.SIMPLE_COLLISION,73.24262556774278
5,HEURISTIC.SIMPLE_COLLISION,73.40169748194586
5,HEURISTIC.SIMPLE_COLLISION,73.65179244594856
5,HEURISTIC.SIMPLE_COLLISION,60.32875848475805
5,HEURISTIC.SIMPLE_COLLISION,72.46474504766871
5,HEURISTIC.SIMPLE_COLLISION,72.58123902841845
5,HEURISTIC.SIMPLE_COLLISION,72.74031094262153
5,HEURISTIC.SIMPLE_COLLISION,72.99040590662423
5,HEURISTIC.SIMPLE_COLLISION,73.27613675780788
5,HEURISTIC.SIMPLE_COLLISION,63.437592027363735
5,HEURISTIC.SIMPLE_COLLISION,73.8273680325262
5,HEURISTIC.SIMPLE_COLLISION,61.01852505894123
5,HEURISTIC.SIMPLE_COLLISION,73.2993993516653
5,HEURISTIC.SIMPLE_COLLISION,73.41589333241507
5,HEURISTIC.SIMPLE_COLLISION,73.57496524661813
5,HEURISTIC.SIMPLE_COLLISION,73.82506021062083
5,HEURISTIC.SIMPLE_COLLISION,74.11079106180448
5,HEURISTIC.SIMPLE_COLLISION,60.39504670664437
5,HEURISTIC.SIMPLE_COLLISION,72.84467588076431
5,HEURISTIC.SIMPLE_COLLISION,74.24853296792584
5,HEURISTIC.SIMPLE_COLLISION,72.77774657924589
5,HEURISTIC.SIMPLE_COLLISION,74.32732269014735
5,HEURISTIC.SIMPLE_COLLISION,73.65208747219143
5,HEURISTIC.SIMPLE_COLLISION,74.32473966705632
5,HEURISTIC.SIMPLE_COLLISION,72.98181137372144
5,HEURISTIC.SIMPLE_COLLISION,73.36174748007329
5,HEURISTIC.SIMPLE_COLLISION,73.1178476152541
5,HEURISTIC.SIMPLE_COLLISION,74.77193533553479
5,HEURISTIC.SIMPLE_COLLISION,74.37837772032539
5,HEURISTIC.SIMPLE_COLLISION,59.925589794541324
5,HEURISTIC.SIMPLE_COLLISION,73.84773016290791
5,HEURISTIC.SIMPLE_COLLISION,74.58377288843579
5,HEURISTIC.SIMPLE_COLLISION,73.11298649975583
5,HEURISTIC.SIMPLE_COLLISION,73.98732739270137
5,HEURISTIC.SIMPLE_COLLISION,74.66256261065732
5,HEURISTIC.SIMPLE_COLLISION,73.31705129423139
5,HEURISTIC.SIMPLE_COLLISION,73.69698740058325
5,HEURISTIC.SIMPLE_COLLISION,74.65997958756626
5,HEURISTIC.SIMPLE_COLLISION,73.45308753576407
5,HEURISTIC.SIMPLE_COLLISION,75.10717525604474
5,HEURISTIC.SIMPLE_COLLISION,74.71361764083534
5,HEURISTIC.SIMPLE_COLLISION,60.27669643043109
5,HEURISTIC.SIMPLE_COLLISION,74.3103686166594
5,HEURISTIC.SIMPLE_COLLISION,72.90651152949786
5,HEURISTIC.SIMPLE_COLLISION,74.38657531578987
5,HEURISTIC.SIMPLE_COLLISION,73.71392312092499
5,HEURISTIC.SIMPLE_COLLISION,72.83958222797943
5,HEURISTIC.SIMPLE_COLLISION,73.17968326398767
5,HEURISTIC.SIMPLE_COLLISION,74.83377098426834
5,HEURISTIC.SIMPLE_COLLISION,73.043647022455
5,HEURISTIC.SIMPLE_COLLISION,74.38915833888092
5,HEURISTIC.SIMPLE_COLLISION,73.42358312880685
5,HEURISTIC.SIMPLE_COLLISION,74.44021336905895
5,HEURISTIC.SIMPLE_COLLISION,60.26432498820671
5,HEURISTIC.SIMPLE_COLLISION,76.19320100367855
5,HEURISTIC.SIMPLE_COLLISION,74.78934391651703
5,HEURISTIC.SIMPLE_COLLISION,76.26940770280902
5,HEURISTIC.SIMPLE_COLLISION,75.59675550794414
5,HEURISTIC.SIMPLE_COLLISION,74.7224146149986
5,HEURISTIC.SIMPLE_COLLISION,75.06251565100683
5,HEURISTIC.SIMPLE_COLLISION,76.7166033712875
5,HEURISTIC.SIMPLE_COLLISION,74.92647940947415
5,HEURISTIC.SIMPLE_COLLISION,76.27199072590007
5,HEURISTIC.SIMPLE_COLLISION,75.30641551582602
5,HEURISTIC.SIMPLE_COLLISION,76.3230457560781
5,HEURISTIC.SIMPLE_COLLISION,60.89561103840397
5,HEURISTIC.SIMPLE_COLLISION,75.7757941507536
5,HEURISTIC.SIMPLE_COLLISION,77.17965123791514
5,HEURISTIC.SIMPLE_COLLISION,77.30949599031467
5,HEURISTIC.SIMPLE_COLLISION,76.58320574218072
5,HEURISTIC.SIMPLE_COLLISION,77.25844096013665
5,HEURISTIC.SIMPLE_COLLISION,75.70886484923517
5,HEURISTIC.SIMPLE_COLLISION,77.2558579370456
5,HEURISTIC.SIMPLE_COLLISION,76.0489658852434
5,HEURISTIC.SIMPLE_COLLISION,75.91292964371073
5,HEURISTIC.SIMPLE_COLLISION,76.29286575006259
5,HEURISTIC.SIMPLE_COLLISION,77.70305360552408
5,HEURISTIC.SIMPLE_COLLISION,60.21052460521853
5,HEURISTIC.SIMPLE_COLLISION,76.55136890829138
5,HEURISTIC.SIMPLE_COLLISION,75.14751182112983
5,HEURISTIC.SIMPLE_COLLISION,75.95492341255695
5,HEURISTIC.SIMPLE_COLLISION,76.62757560742185
5,HEURISTIC.SIMPLE_COLLISION,75.08058251961141
5,HEURISTIC.SIMPLE_COLLISION,75.42068355561963
5,HEURISTIC.SIMPLE_COLLISION,77.07477127590032
5,HEURISTIC.SIMPLE_COLLISION,75.28464731408697
5,HEURISTIC.SIMPLE_COLLISION,76.63015863051288
5,HEURISTIC.SIMPLE_COLLISION,75.66458342043883
5,HEURISTIC.SIMPLE_COLLISION,76.68121366069093
5,HEURISTIC.SIMPLE_COLLISION,60.18405310734561
5,HEURISTIC.SIMPLE_COLLISION,75.86692568581722
5,HEURISTIC.SIMPLE_COLLISION,77.27078277297876
5,HEURISTIC.SIMPLE_COLLISION,76.67433727724435
5,HEURISTIC.SIMPLE_COLLISION,77.34698947210924
5,HEURISTIC.SIMPLE_COLLISION,75.7999963842988
5,HEURISTIC.SIMPLE_COLLISION,76.14009742030703
5,HEURISTIC.SIMPLE_COLLISION,77.7941851405877
5,HEURISTIC.SIMPLE_COLLISION,76.00406117877435
5,HEURISTIC.SIMPLE_COLLISION,77.34957249520028
5,HEURISTIC.SIMPLE_COLLISION,76.38399728512621
5,HEURISTIC.SIMPLE_COLLISION,77.40062752537831
5,HEURISTIC.SIMPLE_COLLISION,60.868899439742705
5,HEURISTIC.SIMPLE_COLLISION,76.71701022469334
5,HEURISTIC.SIMPLE_COLLISION,78.12086731185488
5,HEURISTIC.SIMPLE_COLLISION,77.52442181612045
5,HEURISTIC.SIMPLE_COLLISION,78.25071206425443
5,HEURISTIC.SIMPLE_COLLISION,78.1996570340764
5,HEURISTIC.SIMPLE_COLLISION,76.65008092317493
5,HEURISTIC.SIMPLE_COLLISION,78.19707401098535
5,HEURISTIC.SIMPLE_COLLISION,76.99018195918315
5,HEURISTIC.SIMPLE_COLLISION,76.85414571765048
5,HEURISTIC.SIMPLE_COLLISION,77.23408182400235
5,HEURISTIC.SIMPLE_COLLISION,78.64426967946382
5,HEURISTIC.SIMPLE_COLLISION,60.397483044318555
5,HEURISTIC.SIMPLE_COLLISION,81.73653119928
5,HEURISTIC.SIMPLE_COLLISION,83.14038828644152
5,HEURISTIC.SIMPLE_COLLISION,57.89854876845713
5,HEURISTIC.SIMPLE_COLLISION,66.87988344832152
5,HEURISTIC.SIMPLE_COLLISION,66.99637742907129
5,HEURISTIC.SIMPLE_COLLISION,67.15544934327436
5,HEURISTIC.SIMPLE_COLLISION,67.47655024098381
5,HEURISTIC.SIMPLE_COLLISION,67.7169531318285
5,HEURISTIC.SIMPLE_COLLISION,68.3591303386065
5,HEURISTIC.SIMPLE_COLLISION,68.4306799221052
5,HEURISTIC.SIMPLE_COLLISION,68.04520584905276
5,HEURISTIC.SIMPLE_COLLISION,60.22558663490715
5,HEURISTIC.SIMPLE_COLLISION,66.91086299049226
5,HEURISTIC.SIMPLE_COLLISION,67.027356971242
5,HEURISTIC.SIMPLE_COLLISION,67.18642888544508
5,HEURISTIC.SIMPLE_COLLISION,67.55703140715673
5,HEURISTIC.SIMPLE_COLLISION,67.79743429800143
5,HEURISTIC.SIMPLE_COLLISION,68.39010988077723
5,HEURISTIC.SIMPLE_COLLISION,68.46165946427593
5,HEURISTIC.SIMPLE_COLLISION,68.07618539122348
5,HEURISTIC.SIMPLE_COLLISION,62.120014359694046
5,HEURISTIC.SIMPLE_COLLISION,68.07187138934643
5,HEURISTIC.SIMPLE_COLLISION,68.1883653700962
5,HEURISTIC.SIMPLE_COLLISION,68.34743728429926
5,HEURISTIC.SIMPLE_COLLISION,68.59753224830196
5,HEURISTIC.SIMPLE_COLLISION,68.8832630994856
5,HEURISTIC.SIMPLE_COLLISION,59.02636354471475
5,HEURISTIC.SIMPLE_COLLISION,66.56233454079948
5,HEURISTIC.SIMPLE_COLLISION,66.67882852154924
5,HEURISTIC.SIMPLE_COLLISION,66.83790043575232
5,HEURISTIC.SIMPLE_COLLISION,67.08799539975502
5,HEURISTIC.SIMPLE_COLLISION,67.37372625093866
5,HEURISTIC.SIMPLE_COLLISION,68.04158143108447
5,HEURISTIC.SIMPLE_COLLISION,68.11313101458316
5,HEURISTIC.SIMPLE_COLLISION,67.72765694153071
5,HEURISTIC.SIMPLE_COLLISION,60.725528264419765
5,HEURISTIC.SIMPLE_COLLISION,68.69156215205388
5,HEURISTIC.SIMPLE_COLLISION,68.80805613280361
5,HEURISTIC.SIMPLE_COLLISION,68.9671280470067
5,HEURISTIC.SIMPLE_COLLISION,69.2172230110094
5,HEURISTIC.SIMPLE_COLLISION,69.50295386219304
5,HEURISTIC.SIMPLE_COLLISION,70.17080904233885
5,HEURISTIC.SIMPLE_COLLISION,60.21464966039494
5,HEURISTIC.SIMPLE_COLLISION,69.85670207312353
5,HEURISTIC.SIMPLE_COLLISION,69.97319605387328
5,HEURISTIC.SIMPLE_COLLISION,70.13226796807636
5,HEURISTIC.SIMPLE_COLLISION,70.38236293207906
5,HEURISTIC.SIMPLE_COLLISION,70.66809378326269
5,HEURISTIC.SIMPLE_COLLISION,58.87759686928439
5,HEURISTIC.SIMPLE_COLLISION,69.07088150548913
5,HEURISTIC.SIMPLE_COLLISION,69.18737548623886
5,HEURISTIC.SIMPLE_COLLISION,69.34644740044195
5,HEURISTIC.SIMPLE_COLLISION,69.59654236444464
5,HEURISTIC.SIMPLE_COLLISION,69.88227321562829
5,HEURISTIC.SIMPLE_COLLISION,70.5501283957741
5,HEURISTIC.SIMPLE_COLLISION,62.080666382647664
5,HEURISTIC.SIMPLE_COLLISION,70.61973732799092
5,HEURISTIC.SIMPLE_COLLISION,70.30369384281548
5,HEURISTIC.SIMPLE_COLLISION,70.778809242194
5,HEURISTIC.SIMPLE_COLLISION,62.10672198833143
5,HEURISTIC.SIMPLE_COLLISION,70.95320509191316
5,HEURISTIC.SIMPLE_COLLISION,71.0696990726629
5,HEURISTIC.SIMPLE_COLLISION,62.15134148455493
5,HEURISTIC.SIMPLE_COLLISION,71.4966739534587
5,HEURISTIC.SIMPLE_COLLISION,59.09313282829519
5,HEURISTIC.SIMPLE_COLLISION,70.00165880756005
5,HEURISTIC.SIMPLE_COLLISION,70.1181527883098
5,HEURISTIC.SIMPLE_COLLISION,70.27722470251288
5,HEURISTIC.SIMPLE_COLLISION,70.52731966651558
5,HEURISTIC.SIMPLE_COLLISION,70.81305051769921
5,HEURISTIC.SIMPLE_COLLISION,60.07277836004216
5,HEURISTIC.SIMPLE_COLLISION,70.50437376774161
5,HEURISTIC.SIMPLE_COLLISION,70.62086774849135
5,HEURISTIC.SIMPLE_COLLISION,70.77993966269443
5,HEURISTIC.SIMPLE_COLLISION,71.03003462669713
5,HEURISTIC.SIMPLE_COLLISION,71.31576547788077
5,HEURISTIC.SIMPLE_COLLISION,59.421824657437945
5,HEURISTIC.SIMPLE_COLLISION,71.27987514053265
5,HEURISTIC.SIMPLE_COLLISION,69.8760180533711
5,HEURISTIC.SIMPLE_COLLISION,71.35608183966312
5,HEURISTIC.SIMPLE_COLLISION,70.68342964479822
5,HEURISTIC.SIMPLE_COLLISION,69.80908875185268
5,HEURISTIC.SIMPLE_COLLISION,70.1491897878609
5,HEURISTIC.SIMPLE_COLLISION,71.80327750814158
5,HEURISTIC.SIMPLE_COLLISION,70.01315354632824
5,HEURISTIC.SIMPLE_COLLISION,71.35866486275415
5,HEURISTIC.SIMPLE_COLLISION,70.39308965268009
5,HEURISTIC.SIMPLE_COLLISION,71.4097198929322
5,HEURISTIC.SIMPLE_COLLISION,60.1278551206789
5,HEURISTIC.SIMPLE_COLLISION,71.76687318716542
5,HEURISTIC.SIMPLE_COLLISION,73.17073027432696
5,HEURISTIC.SIMPLE_COLLISION,71.69994388564699
5,HEURISTIC.SIMPLE_COLLISION,73.24951999654847
5,HEURISTIC.SIMPLE_COLLISION,72.57428477859253
5,HEURISTIC.SIMPLE_COLLISION,73.24693697345742
5,HEURISTIC.SIMPLE_COLLISION,71.90400868012256
5,HEURISTIC.SIMPLE_COLLISION,72.2839447864744
5,HEURISTIC.SIMPLE_COLLISION,72.04004492165522
5,HEURISTIC.SIMPLE_COLLISION,73.6941326419359
5,HEURISTIC.SIMPLE_COLLISION,73.3005750267265
5,HEURISTIC.SIMPLE_COLLISION,59.65839820857585
5,HEURISTIC.SIMPLE_COLLISION,72.95557449174575
5,HEURISTIC.SIMPLE_COLLISION,73.69161721727363
5,HEURISTIC.SIMPLE_COLLISION,72.22083082859368
5,HEURISTIC.SIMPLE_COLLISION,73.09517172153922
5,HEURISTIC.SIMPLE_COLLISION,73.77040693949516
5,HEURISTIC.SIMPLE_COLLISION,72.42489562306923
5,HEURISTIC.SIMPLE_COLLISION,72.8048317294211
5,HEURISTIC.SIMPLE_COLLISION,73.7678239164041
5,HEURISTIC.SIMPLE_COLLISION,72.56093186460191
5,HEURISTIC.SIMPLE_COLLISION,74.21501958488258
5,HEURISTIC.SIMPLE_COLLISION,73.82146196967318
5,HEURISTIC.SIMPLE_COLLISION,59.358295473191966
5,HEURISTIC.SIMPLE_COLLISION,73.08939309771307
5,HEURISTIC.SIMPLE_COLLISION,71.68553601055152
5,HEURISTIC.SIMPLE_COLLISION,73.16559979684354
5,HEURISTIC.SIMPLE_COLLISION,72.49294760197864
5,HEURISTIC.SIMPLE_COLLISION,71.61860670903309
5,HEURISTIC.SIMPLE_COLLISION,71.95870774504132
5,HEURISTIC.SIMPLE_COLLISION,73.612795465322
5,HEURISTIC.SIMPLE_COLLISION,71.82267150350866
5,HEURISTIC.SIMPLE_COLLISION,73.16818281993457
5,HEURISTIC.SIMPLE_COLLISION,72.20260760986051
5,HEURISTIC.SIMPLE_COLLISION,73.2192378501126
5,HEURISTIC.SIMPLE_COLLISION,59.395213608484106
5,HEURISTIC.SIMPLE_COLLISION,73.51531004904754
5,HEURISTIC.SIMPLE_COLLISION,72.11145296188599
5,HEURISTIC.SIMPLE_COLLISION,72.91886455331311
5,HEURISTIC.SIMPLE_COLLISION,73.59151674817801
5,HEURISTIC.SIMPLE_COLLISION,72.04452366036757
5,HEURISTIC.SIMPLE_COLLISION,72.3846246963758
5,HEURISTIC.SIMPLE_COLLISION,74.03871241665648
5,HEURISTIC.SIMPLE_COLLISION,72.24858845484313
5,HEURISTIC.SIMPLE_COLLISION,73.59409977126904
5,HEURISTIC.SIMPLE_COLLISION,72.628524561195
5,HEURISTIC.SIMPLE_COLLISION,73.64515480144709
5,HEURISTIC.SIMPLE_COLLISION,59.4253487406757
5,HEURISTIC.SIMPLE_COLLISION,72.88440261151989
5,HEURISTIC.SIMPLE_COLLISION,74.28825969868143
5,HEURISTIC.SIMPLE_COLLISION,73.691814202947
5,HEURISTIC.SIMPLE_COLLISION,74.36446639781191
5,HEURISTIC.SIMPLE_COLLISION,72.81747331000147
5,HEURISTIC.SIMPLE_COLLISION,73.1575743460097
5,HEURISTIC.SIMPLE_COLLISION,74.81166206629038
5,HEURISTIC.SIMPLE_COLLISION,73.02153810447703
5,HEURISTIC.SIMPLE_COLLISION,74.36704942090294
5,HEURISTIC.SIMPLE_COLLISION,73.40147421082888
5,HEURISTIC.SIMPLE_COLLISION,74.41810445108098
5,HEURISTIC.SIMPLE_COLLISION,60.6284194524385
5,HEURISTIC.SIMPLE_COLLISION,74.99869931069387
5,HEURISTIC.SIMPLE_COLLISION,76.4025563978554
5,HEURISTIC.SIMPLE_COLLISION,76.53240115025494
5,HEURISTIC.SIMPLE_COLLISION,75.80611090212099
5,HEURISTIC.SIMPLE_COLLISION,76.48134612007692
5,HEURISTIC.SIMPLE_COLLISION,74.93177000917544
5,HEURISTIC.SIMPLE_COLLISION,76.47876309698587
5,HEURISTIC.SIMPLE_COLLISION,75.27187104518367
5,HEURISTIC.SIMPLE_COLLISION,75.135834803651
5,HEURISTIC.SIMPLE_COLLISION,75.51577091000286
5,HEURISTIC.SIMPLE_COLLISION,76.92595876546434
5,HEURISTIC.SIMPLE_COLLISION,60.601707853777235
5,HEURISTIC.SIMPLE_COLLISION,75.78473082862658
5,HEURISTIC.SIMPLE_COLLISION,77.18858791578812
5,HEURISTIC.SIMPLE_COLLISION,76.5921424200537
5,HEURISTIC.SIMPLE_COLLISION,77.31843266818767
5,HEURISTIC.SIMPLE_COLLISION,77.26737763800963
5,HEURISTIC.SIMPLE_COLLISION,75.71780152710815
5,HEURISTIC.SIMPLE_COLLISION,77.2647946149186
5,HEURISTIC.SIMPLE_COLLISION,76.05790256311639
5,HEURISTIC.SIMPLE_COLLISION,75.9218663215837
5,HEURISTIC.SIMPLE_COLLISION,76.30180242793557
5,HEURISTIC.SIMPLE_COLLISION,77.71199028339706
5,HEURISTIC.SIMPLE_COLLISION,60.13029145835309
5,HEURISTIC.SIMPLE_COLLISION,79.66681117615107
5,HEURISTIC.SIMPLE_COLLISION,81.0706682633126
5,HEURISTIC.SIMPLE_COLLISION,81.20051301571215
5,HEURISTIC.SIMPLE_COLLISION,81.14945798553411
5,HEURISTIC.SIMPLE_COLLISION,80.47422276757818
5,HEURISTIC.SIMPLE_COLLISION,58.33289830061372
5,HEURISTIC.SIMPLE_COLLISION,68.0565867597144
5,HEURISTIC.SIMPLE_COLLISION,68.17308074046416
5,HEURISTIC.SIMPLE_COLLISION,68.33215265466724
5,HEURISTIC.SIMPLE_COLLISION,68.70275517637889
5,HEURISTIC.SIMPLE_COLLISION,68.9431580672236
5,HEURISTIC.SIMPLE_COLLISION,69.5358336499994
5,HEURISTIC.SIMPLE_COLLISION,69.60738323349808
5,HEURISTIC.SIMPLE_COLLISION,61.09859217391869
5,HEURISTIC.SIMPLE_COLLISION,68.029716566596
5,HEURISTIC.SIMPLE_COLLISION,68.14621054734573
5,HEURISTIC.SIMPLE_COLLISION,68.30528246154881
5,HEURISTIC.SIMPLE_COLLISION,68.62638335925826
5,HEURISTIC.SIMPLE_COLLISION,68.86678625010296
5,HEURISTIC.SIMPLE_COLLISION,69.50896345688096
5,HEURISTIC.SIMPLE_COLLISION,69.58051304037966
5,HEURISTIC.SIMPLE_COLLISION,63.09990502218007
5,HEURISTIC.SIMPLE_COLLISION,69.25507052338435
5,HEURISTIC.SIMPLE_COLLISION,69.37156450413411
5,HEURISTIC.SIMPLE_COLLISION,69.53063641833718
5,HEURISTIC.SIMPLE_COLLISION,69.78073138233988
5,HEURISTIC.SIMPLE_COLLISION,70.06646223352352
5,HEURISTIC.SIMPLE_COLLISION,60.04312889685496
5,HEURISTIC.SIMPLE_COLLISION,67.78699505248582
5,HEURISTIC.SIMPLE_COLLISION,67.90348903323556
5,HEURISTIC.SIMPLE_COLLISION,68.06256094743864
5,HEURISTIC.SIMPLE_COLLISION,68.31265591144134
5,HEURISTIC.SIMPLE_COLLISION,68.59838676262498
5,HEURISTIC.SIMPLE_COLLISION,69.2662419427708
5,HEURISTIC.SIMPLE_COLLISION,69.33779152626948
5,HEURISTIC.SIMPLE_COLLISION,61.19454032288096
5,HEURISTIC.SIMPLE_COLLISION,68.86117693284106
5,HEURISTIC.SIMPLE_COLLISION,68.97767091359081
5,HEURISTIC.SIMPLE_COLLISION,69.1367428277939
5,HEURISTIC.SIMPLE_COLLISION,69.3868377917966
5,HEURISTIC.SIMPLE_COLLISION,69.67256864298022
5,HEURISTIC.SIMPLE_COLLISION,61.99082175398383
5,HEURISTIC.SIMPLE_COLLISION,70.12400328887674
5,HEURISTIC.SIMPLE_COLLISION,70.24049726962647
5,HEURISTIC.SIMPLE_COLLISION,70.39956918382956
5,HEURISTIC.SIMPLE_COLLISION,70.64966414783225
5,HEURISTIC.SIMPLE_COLLISION,70.9353949990159
5,HEURISTIC.SIMPLE_COLLISION,63.09743173478788
5,HEURISTIC.SIMPLE_COLLISION,71.78619541132791
5,HEURISTIC.SIMPLE_COLLISION,71.47015192615248
5,HEURISTIC.SIMPLE_COLLISION,71.94526732553099
5,HEURISTIC.SIMPLE_COLLISION,59.95854102843157
5,HEURISTIC.SIMPLE_COLLISION,70.36390207398165
5,HEURISTIC.SIMPLE_COLLISION,70.48039605473139
5,HEURISTIC.SIMPLE_COLLISION,70.63946796893447
5,HEURISTIC.SIMPLE_COLLISION,70.88956293293717
5,HEURISTIC.SIMPLE_COLLISION,71.17529378412081
5,HEURISTIC.SIMPLE_COLLISION,63.12348734047164
5,HEURISTIC.SIMPLE_COLLISION,60.35842631785926
5,HEURISTIC.SIMPLE_COLLISION,71.37868369224384
5,HEURISTIC.SIMPLE_COLLISION,71.49517767299358
5,HEURISTIC.SIMPLE_COLLISION,71.65424958719666
5,HEURISTIC.SIMPLE_COLLISION,71.90434455119936
5,HEURISTIC.SIMPLE_COLLISION,72.190075402383
5,HEURISTIC.SIMPLE_COLLISION,63.416634974119
5,HEURISTIC.SIMPLE_COLLISION,61.33807184960622
5,HEURISTIC.SIMPLE_COLLISION,71.93728930023514
5,HEURISTIC.SIMPLE_COLLISION,72.0537832809849
5,HEURISTIC.SIMPLE_COLLISION,72.21285519518797
5,HEURISTIC.SIMPLE_COLLISION,72.46295015919067
5,HEURISTIC.SIMPLE_COLLISION,72.74868101037431
5,HEURISTIC.SIMPLE_COLLISION,60.07082810220405
5,HEURISTIC.SIMPLE_COLLISION,71.64159196346284
5,HEURISTIC.SIMPLE_COLLISION,70.23773487630132
5,HEURISTIC.SIMPLE_COLLISION,71.71779866259332
5,HEURISTIC.SIMPLE_COLLISION,71.04514646772843
5,HEURISTIC.SIMPLE_COLLISION,70.17080557478289
5,HEURISTIC.SIMPLE_COLLISION,70.51090661079112
5,HEURISTIC.SIMPLE_COLLISION,72.1649943310718
5,HEURISTIC.SIMPLE_COLLISION,70.37487036925845
5,HEURISTIC.SIMPLE_COLLISION,71.72038168568437
5,HEURISTIC.SIMPLE_COLLISION,70.75480647561031
5,HEURISTIC.SIMPLE_COLLISION,71.7714367158624
5,HEURISTIC.SIMPLE_COLLISION,60.776858565445
5,HEURISTIC.SIMPLE_COLLISION,72.08625523307768
5,HEURISTIC.SIMPLE_COLLISION,73.49011232023922
5,HEURISTIC.SIMPLE_COLLISION,72.01932593155925
5,HEURISTIC.SIMPLE_COLLISION,73.56890204246073
5,HEURISTIC.SIMPLE_COLLISION,72.8936668245048
5,HEURISTIC.SIMPLE_COLLISION,73.56631901936969
5,HEURISTIC.SIMPLE_COLLISION,72.22339072603481
5,HEURISTIC.SIMPLE_COLLISION,72.60332683238667
5,HEURISTIC.SIMPLE_COLLISION,72.35942696756749
5,HEURISTIC.SIMPLE_COLLISION,74.01351468784816
5,HEURISTIC.SIMPLE_COLLISION,73.61995707263875
5,HEURISTIC.SIMPLE_COLLISION,60.307401653341955
5,HEURISTIC.SIMPLE_COLLISION,73.27519152584013
5,HEURISTIC.SIMPLE_COLLISION,74.01123425136802
5,HEURISTIC.SIMPLE_COLLISION,72.54044786268805
5,HEURISTIC.SIMPLE_COLLISION,73.4147887556336
5,HEURISTIC.SIMPLE_COLLISION,74.09002397358952
5,HEURISTIC.SIMPLE_COLLISION,72.74451265716361
5,HEURISTIC.SIMPLE_COLLISION,73.12444876351546
5,HEURISTIC.SIMPLE_COLLISION,74.08744095049849
5,HEURISTIC.SIMPLE_COLLISION,72.88054889869628
5,HEURISTIC.SIMPLE_COLLISION,74.53463661897695
5,HEURISTIC.SIMPLE_COLLISION,74.14107900376757
5,HEURISTIC.SIMPLE_COLLISION,60.017519602210676
5,HEURISTIC.SIMPLE_COLLISION,73.46236059388232
5,HEURISTIC.SIMPLE_COLLISION,72.05850350672078
5,HEURISTIC.SIMPLE_COLLISION,73.53856729301279
5,HEURISTIC.SIMPLE_COLLISION,72.8659150981479
5,HEURISTIC.SIMPLE_COLLISION,71.99157420520235
5,HEURISTIC.SIMPLE_COLLISION,72.33167524121059
5,HEURISTIC.SIMPLE_COLLISION,73.98576296149126
5,HEURISTIC.SIMPLE_COLLISION,72.19563899967791
5,HEURISTIC.SIMPLE_COLLISION,73.54115031610384
5,HEURISTIC.SIMPLE_COLLISION,72.57557510602977
5,HEURISTIC.SIMPLE_COLLISION,73.59220534628187
5,HEURISTIC.SIMPLE_COLLISION,60.04421705325021
5,HEURISTIC.SIMPLE_COLLISION,73.88248376121965
5,HEURISTIC.SIMPLE_COLLISION,72.4786266740581
5,HEURISTIC.SIMPLE_COLLISION,73.28603826548523
5,HEURISTIC.SIMPLE_COLLISION,73.95869046035011
5,HEURISTIC.SIMPLE_COLLISION,72.41169737253969
5,HEURISTIC.SIMPLE_COLLISION,72.75179840854791
5,HEURISTIC.SIMPLE_COLLISION,74.40588612882858
5,HEURISTIC.SIMPLE_COLLISION,72.61576216701525
5,HEURISTIC.SIMPLE_COLLISION,73.96127348344116
5,HEURISTIC.SIMPLE_COLLISION,72.9956982733671
5,HEURISTIC.SIMPLE_COLLISION,74.0123285136192
5,HEURISTIC.SIMPLE_COLLISION,60.074352185441796
5,HEURISTIC.SIMPLE_COLLISION,73.24800442320242
5,HEURISTIC.SIMPLE_COLLISION,74.65186151036396
5,HEURISTIC.SIMPLE_COLLISION,74.05541601462953
5,HEURISTIC.SIMPLE_COLLISION,74.72806820949442
5,HEURISTIC.SIMPLE_COLLISION,73.18107512168399
5,HEURISTIC.SIMPLE_COLLISION,73.52117615769221
5,HEURISTIC.SIMPLE_COLLISION,75.1752638779729
5,HEURISTIC.SIMPLE_COLLISION,73.38513991615955
5,HEURISTIC.SIMPLE_COLLISION,74.73065123258547
5,HEURISTIC.SIMPLE_COLLISION,73.7650760225114
5,HEURISTIC.SIMPLE_COLLISION,74.78170626276349
5,HEURISTIC.SIMPLE_COLLISION,61.277422897204595
5,HEURISTIC.SIMPLE_COLLISION,75.31821963503208
5,HEURISTIC.SIMPLE_COLLISION,76.72207672219362
5,HEURISTIC.SIMPLE_COLLISION,76.85192147459315
5,HEURISTIC.SIMPLE_COLLISION,76.1256312264592
5,HEURISTIC.SIMPLE_COLLISION,76.80086644441513
5,HEURISTIC.SIMPLE_COLLISION,75.25129033351365
5,HEURISTIC.SIMPLE_COLLISION,76.79828342132409
5,HEURISTIC.SIMPLE_COLLISION,75.59139136952189
5,HEURISTIC.SIMPLE_COLLISION,75.45535512798921
5,HEURISTIC.SIMPLE_COLLISION,75.83529123434107
5,HEURISTIC.SIMPLE_COLLISION,77.24547908980256
5,HEURISTIC.SIMPLE_COLLISION,61.25071129854334
5,HEURISTIC.SIMPLE_COLLISION,76.10433022348742
5,HEURISTIC.SIMPLE_COLLISION,77.50818731064896
5,HEURISTIC.SIMPLE_COLLISION,76.91174181491454
5,HEURISTIC.SIMPLE_COLLISION,77.63803206304851
5,HEURISTIC.SIMPLE_COLLISION,77.58697703287048
5,HEURISTIC.SIMPLE_COLLISION,76.03740092196901
5,HEURISTIC.SIMPLE_COLLISION,77.58439400977943
5,HEURISTIC.SIMPLE_COLLISION,76.37750195797723
5,HEURISTIC.SIMPLE_COLLISION,76.24146571644457
5,HEURISTIC.SIMPLE_COLLISION,76.62140182279643
5,HEURISTIC.SIMPLE_COLLISION,78.0315896782579
5,HEURISTIC.SIMPLE_COLLISION,60.779294903119194
5,HEURISTIC.SIMPLE_COLLISION,79.91756590896932
5,HEURISTIC.SIMPLE_COLLISION,81.32142299613085
5,HEURISTIC.SIMPLE_COLLISION,81.4512677485304
5,HEURISTIC.SIMPLE_COLLISION,81.40021271835236
5,HEURISTIC.SIMPLE_COLLISION,80.72497750039643
5,HEURISTIC.SIMPLE_COLLISION,59.1337289027453
5,HEURISTIC.SIMPLE_COLLISION,71.56969204207925
5,HEURISTIC.SIMPLE_COLLISION,71.686186022829
5,HEURISTIC.SIMPLE_COLLISION,71.84525793703209
5,HEURISTIC.SIMPLE_COLLISION,72.09535290103479
5,HEURISTIC.SIMPLE_COLLISION,72.38108375221842
5,HEURISTIC.SIMPLE_COLLISION,63.249688164660775
5,HEURISTIC.SIMPLE_COLLISION,73.62906446457308
5,HEURISTIC.SIMPLE_COLLISION,73.74555844532284
5,HEURISTIC.SIMPLE_COLLISION,73.90463035952591
5,HEURISTIC.SIMPLE_COLLISION,63.35657328813525
5,HEURISTIC.SIMPLE_COLLISION,73.66236666466317
5,HEURISTIC.SIMPLE_COLLISION,73.77886064541292
5,HEURISTIC.SIMPLE_COLLISION,73.937932559616
5,HEURISTIC.SIMPLE_COLLISION,63.55439567739161
5,HEURISTIC.SIMPLE_COLLISION,74.55526806423495
5,HEURISTIC.SIMPLE_COLLISION,74.67176204498469
5,HEURISTIC.SIMPLE_COLLISION,62.00858352251249
5,HEURISTIC.SIMPLE_COLLISION,74.0143170954365
5,HEURISTIC.SIMPLE_COLLISION,74.13081107618623
5,HEURISTIC.SIMPLE_COLLISION,74.28988299038932
5,HEURISTIC.SIMPLE_COLLISION,74.53997795439201
5,HEURISTIC.SIMPLE_COLLISION,62.10281949327008
5,HEURISTIC.SIMPLE_COLLISION,74.83281282417119
5,HEURISTIC.SIMPLE_COLLISION,74.94930680492092
5,HEURISTIC.SIMPLE_COLLISION,62.9467169307133
5,HEURISTIC.SIMPLE_COLLISION,61.55070357996642
5,HEURISTIC.SIMPLE_COLLISION,73.89476843531418
5,HEURISTIC.SIMPLE_COLLISION,72.49091134815265
5,HEURISTIC.SIMPLE_COLLISION,73.97097513444466
5,HEURISTIC.SIMPLE_COLLISION,73.29832293957976
5,HEURISTIC.SIMPLE_COLLISION,72.42398204663422
5,HEURISTIC.SIMPLE_COLLISION,72.76408308264246
5,HEURISTIC.SIMPLE_COLLISION,74.41817080292313
5,HEURISTIC.SIMPLE_COLLISION,72.62804684110978
5,HEURISTIC.SIMPLE_COLLISION,73.9735581575357
5,HEURISTIC.SIMPLE_COLLISION,73.00798294746164
5,HEURISTIC.SIMPLE_COLLISION,74.02461318771373
5,HEURISTIC.SIMPLE_COLLISION,61.5520866887048
5,HEURISTIC.SIMPLE_COLLISION,73.49035592475806
5,HEURISTIC.SIMPLE_COLLISION,74.8942130119196
5,HEURISTIC.SIMPLE_COLLISION,73.42342662323964
5,HEURISTIC.SIMPLE_COLLISION,74.97300273414112
5,HEURISTIC.SIMPLE_COLLISION,74.29776751618519
5,HEURISTIC.SIMPLE_COLLISION,74.97041971105007
5,HEURISTIC.SIMPLE_COLLISION,73.62749141771519
5,HEURISTIC.SIMPLE_COLLISION,74.00742752406705
5,HEURISTIC.SIMPLE_COLLISION,73.76352765924787
5,HEURISTIC.SIMPLE_COLLISION,75.41761537952854
5,HEURISTIC.SIMPLE_COLLISION,75.02405776431914
5,HEURISTIC.SIMPLE_COLLISION,60.9318206089672
5,HEURISTIC.SIMPLE_COLLISION,74.44089515396115
5,HEURISTIC.SIMPLE_COLLISION,75.17693787948903
5,HEURISTIC.SIMPLE_COLLISION,73.70615149080908
5,HEURISTIC.SIMPLE_COLLISION,74.58049238375462
5,HEURISTIC.SIMPLE_COLLISION,75.25572760171056
5,HEURISTIC.SIMPLE_COLLISION,73.91021628528463
5,HEURISTIC.SIMPLE_COLLISION,74.2901523916365
5,HEURISTIC.SIMPLE_COLLISION,75.2531445786195
5,HEURISTIC.SIMPLE_COLLISION,74.04625252681731
5,HEURISTIC.SIMPLE_COLLISION,75.70034024709798
5,HEURISTIC.SIMPLE_COLLISION,75.30678263188858
5,HEURISTIC.SIMPLE_COLLISION,61.53833213774204
5,HEURISTIC.SIMPLE_COLLISION,75.72159371105647
5,HEURISTIC.SIMPLE_COLLISION,74.31773662389494
5,HEURISTIC.SIMPLE_COLLISION,75.79780041018694
5,HEURISTIC.SIMPLE_COLLISION,75.12514821532206
5,HEURISTIC.SIMPLE_COLLISION,74.25080732237652
5,HEURISTIC.SIMPLE_COLLISION,74.59090835838475
5,HEURISTIC.SIMPLE_COLLISION,76.24499607866542
5,HEURISTIC.SIMPLE_COLLISION,74.45487211685207
5,HEURISTIC.SIMPLE_COLLISION,75.80038343327799
5,HEURISTIC.SIMPLE_COLLISION,74.83480822320394
5,HEURISTIC.SIMPLE_COLLISION,75.85143846345602
5,HEURISTIC.SIMPLE_COLLISION,61.48453175475386
5,HEURISTIC.SIMPLE_COLLISION,76.06898049384358
5,HEURISTIC.SIMPLE_COLLISION,74.66512340668206
5,HEURISTIC.SIMPLE_COLLISION,75.47253499810917
5,HEURISTIC.SIMPLE_COLLISION,76.14518719297408
5,HEURISTIC.SIMPLE_COLLISION,74.59819410516363
5,HEURISTIC.SIMPLE_COLLISION,74.93829514117186
5,HEURISTIC.SIMPLE_COLLISION,76.59238286145253
5,HEURISTIC.SIMPLE_COLLISION,74.80225889963918
5,HEURISTIC.SIMPLE_COLLISION,76.14777021606511
5,HEURISTIC.SIMPLE_COLLISION,75.18219500599105
5,HEURISTIC.SIMPLE_COLLISION,76.19882524624313
5,HEURISTIC.SIMPLE_COLLISION,61.87169489525763
5,HEURISTIC.SIMPLE_COLLISION,76.31008433847752
5,HEURISTIC.SIMPLE_COLLISION,77.71394142563906
5,HEURISTIC.SIMPLE_COLLISION,77.84378617803861
5,HEURISTIC.SIMPLE_COLLISION,77.11749592990463
5,HEURISTIC.SIMPLE_COLLISION,77.79273114786058
5,HEURISTIC.SIMPLE_COLLISION,76.2431550369591
5,HEURISTIC.SIMPLE_COLLISION,77.79014812476953
5,HEURISTIC.SIMPLE_COLLISION,76.58325607296733
5,HEURISTIC.SIMPLE_COLLISION,76.44721983143467
5,HEURISTIC.SIMPLE_COLLISION,76.8271559377865
5,HEURISTIC.SIMPLE_COLLISION,78.237343793248
5,HEURISTIC.SIMPLE_COLLISION,61.45806025688095
5,HEURISTIC.SIMPLE_COLLISION,75.36729070333764
5,HEURISTIC.SIMPLE_COLLISION,76.77114779049919
5,HEURISTIC.SIMPLE_COLLISION,76.17470229476476
5,HEURISTIC.SIMPLE_COLLISION,76.84735448962967
5,HEURISTIC.SIMPLE_COLLISION,75.30036140181923
5,HEURISTIC.SIMPLE_COLLISION,75.64046243782745
5,HEURISTIC.SIMPLE_COLLISION,77.29455015810814
5,HEURISTIC.SIMPLE_COLLISION,75.50442619629479
5,HEURISTIC.SIMPLE_COLLISION,76.8499375127207
5,HEURISTIC.SIMPLE_COLLISION,75.88436230264664
5,HEURISTIC.SIMPLE_COLLISION,76.90099254289873
5,HEURISTIC.SIMPLE_COLLISION,61.84498329659637
5,HEURISTIC.SIMPLE_COLLISION,77.27550390696678
5,HEURISTIC.SIMPLE_COLLISION,78.67936099412832
5,HEURISTIC.SIMPLE_COLLISION,78.0829154983939
5,HEURISTIC.SIMPLE_COLLISION,78.80920574652787
5,HEURISTIC.SIMPLE_COLLISION,78.75815071634983
5,HEURISTIC.SIMPLE_COLLISION,77.20857460544835
5,HEURISTIC.SIMPLE_COLLISION,78.7555676932588
5,HEURISTIC.SIMPLE_COLLISION,77.54867564145658
5,HEURISTIC.SIMPLE_COLLISION,77.4126393999239
5,HEURISTIC.SIMPLE_COLLISION,77.79257550627577
5,HEURISTIC.SIMPLE_COLLISION,79.20276336173725
5,HEURISTIC.SIMPLE_COLLISION,61.55452302637899
5,HEURISTIC.SIMPLE_COLLISION,81.83949891489954
5,HEURISTIC.SIMPLE_COLLISION,83.24335600206106
5,HEURISTIC.SIMPLE_COLLISION,59.17256571874014
5,HEURISTIC.SIMPLE_COLLISION,72.01729670383499
5,HEURISTIC.SIMPLE_COLLISION,72.13379068458474
5,HEURISTIC.SIMPLE_COLLISION,72.2928625987878
5,HEURISTIC.SIMPLE_COLLISION,72.5429575627905
5,HEURISTIC.SIMPLE_COLLISION,72.82868841397415
5,HEURISTIC.SIMPLE_COLLISION,63.690185188298614
5,HEURISTIC.SIMPLE_COLLISION,72.3796528962863
5,HEURISTIC.SIMPLE_COLLISION,72.49614687703604
5,HEURISTIC.SIMPLE_COLLISION,72.65521879123912
5,HEURISTIC.SIMPLE_COLLISION,72.97631968894856
5,HEURISTIC.SIMPLE_COLLISION,73.21672257979327
5,HEURISTIC.SIMPLE_COLLISION,64.18345246576766
5,HEURISTIC.SIMPLE_COLLISION,74.01623388051343
5,HEURISTIC.SIMPLE_COLLISION,74.13272786126316
5,HEURISTIC.SIMPLE_COLLISION,63.79707031177308
5,HEURISTIC.SIMPLE_COLLISION,73.96708871055532
5,HEURISTIC.SIMPLE_COLLISION,74.08358269130507
5,HEURISTIC.SIMPLE_COLLISION,62.44908054615033
5,HEURISTIC.SIMPLE_COLLISION,74.49963385252948
5,HEURISTIC.SIMPLE_COLLISION,74.61612783327922
5,HEURISTIC.SIMPLE_COLLISION,74.7751997474823
5,HEURISTIC.SIMPLE_COLLISION,63.530702561390044
5,HEURISTIC.SIMPLE_COLLISION,62.664616505161135
5,HEURISTIC.SIMPLE_COLLISION,75.37207779689815
5,HEURISTIC.SIMPLE_COLLISION,61.81479252475779
5,HEURISTIC.SIMPLE_COLLISION,73.91022712417441
5,HEURISTIC.SIMPLE_COLLISION,72.50637003701286
5,HEURISTIC.SIMPLE_COLLISION,73.98643382330488
5,HEURISTIC.SIMPLE_COLLISION,73.31378162843998
5,HEURISTIC.SIMPLE_COLLISION,72.43944073549444
5,HEURISTIC.SIMPLE_COLLISION,72.77954177150266
5,HEURISTIC.SIMPLE_COLLISION,74.43362949178334
5,HEURISTIC.SIMPLE_COLLISION,72.64350552997
5,HEURISTIC.SIMPLE_COLLISION,73.98901684639591
5,HEURISTIC.SIMPLE_COLLISION,73.02344163632185
5,HEURISTIC.SIMPLE_COLLISION,74.04007187657396
5,HEURISTIC.SIMPLE_COLLISION,61.81617563349617
5,HEURISTIC.SIMPLE_COLLISION,73.46916913633548
5,HEURISTIC.SIMPLE_COLLISION,74.873026223497
5,HEURISTIC.SIMPLE_COLLISION,73.40223983481705
5,HEURISTIC.SIMPLE_COLLISION,74.95181594571852
5,HEURISTIC.SIMPLE_COLLISION,74.27658072776259
5,HEURISTIC.SIMPLE_COLLISION,74.94923292262749
5,HEURISTIC.SIMPLE_COLLISION,73.60630462929261
5,HEURISTIC.SIMPLE_COLLISION,73.98624073564446
5,HEURISTIC.SIMPLE_COLLISION,73.74234087082527
5,HEURISTIC.SIMPLE_COLLISION,75.39642859110596
5,HEURISTIC.SIMPLE_COLLISION,75.00287097589656
5,HEURISTIC.SIMPLE_COLLISION,61.185878046093094
5,HEURISTIC.SIMPLE_COLLISION,74.41475734206547
5,HEURISTIC.SIMPLE_COLLISION,75.15080006759337
5,HEURISTIC.SIMPLE_COLLISION,73.6800136789134
5,HEURISTIC.SIMPLE_COLLISION,74.55435457185894
5,HEURISTIC.SIMPLE_COLLISION,75.22958978981487
5,HEURISTIC.SIMPLE_COLLISION,73.88407847338895
5,HEURISTIC.SIMPLE_COLLISION,74.2640145797408
5,HEURISTIC.SIMPLE_COLLISION,75.22700676672383
5,HEURISTIC.SIMPLE_COLLISION,74.02011471492162
5,HEURISTIC.SIMPLE_COLLISION,75.67420243520229
5,HEURISTIC.SIMPLE_COLLISION,75.28064481999292
5,HEURISTIC.SIMPLE_COLLISION,61.8024210825334
5,HEURISTIC.SIMPLE_COLLISION,75.73026787738166
5,HEURISTIC.SIMPLE_COLLISION,74.32641079022014
5,HEURISTIC.SIMPLE_COLLISION,75.80647457651213
5,HEURISTIC.SIMPLE_COLLISION,75.13382238164725
5,HEURISTIC.SIMPLE_COLLISION,74.25948148870171
5,HEURISTIC.SIMPLE_COLLISION,74.59958252470994
5,HEURISTIC.SIMPLE_COLLISION,76.25367024499062
5,HEURISTIC.SIMPLE_COLLISION,74.46354628317727
5,HEURISTIC.SIMPLE_COLLISION,75.80905759960318
5,HEURISTIC.SIMPLE_COLLISION,74.84348238952913
5,HEURISTIC.SIMPLE_COLLISION,75.86011262978121
5,HEURISTIC.SIMPLE_COLLISION,61.74862069954523
5,HEURISTIC.SIMPLE_COLLISION,76.07192313240594
5,HEURISTIC.SIMPLE_COLLISION,74.66806604524439
5,HEURISTIC.SIMPLE_COLLISION,75.47547763667151
5,HEURISTIC.SIMPLE_COLLISION,76.14812983153641
5,HEURISTIC.SIMPLE_COLLISION,74.60113674372597
5,HEURISTIC.SIMPLE_COLLISION,74.9412377797342
5,HEURISTIC.SIMPLE_COLLISION,76.59532550001488
5,HEURISTIC.SIMPLE_COLLISION,74.80520153820153
5,HEURISTIC.SIMPLE_COLLISION,76.15071285462744
5,HEURISTIC.SIMPLE_COLLISION,75.1851376445534
5,HEURISTIC.SIMPLE_COLLISION,76.20176788480549
5,HEURISTIC.SIMPLE_COLLISION,62.12575233238353
5,HEURISTIC.SIMPLE_COLLISION,76.28333694731363
5,HEURISTIC.SIMPLE_COLLISION,77.68719403447517
5,HEURISTIC.SIMPLE_COLLISION,77.81703878687472
5,HEURISTIC.SIMPLE_COLLISION,77.09074853874074
5,HEURISTIC.SIMPLE_COLLISION,77.76598375669668
5,HEURISTIC.SIMPLE_COLLISION,76.2164076457952
5,HEURISTIC.SIMPLE_COLLISION,77.76340073360564
5,HEURISTIC.SIMPLE_COLLISION,76.55650868180344
5,HEURISTIC.SIMPLE_COLLISION,76.42047244027077
5,HEURISTIC.SIMPLE_COLLISION,76.8004085466226
5,HEURISTIC.SIMPLE_COLLISION,78.21059640208411
5,HEURISTIC.SIMPLE_COLLISION,61.72214920167231
5,HEURISTIC.SIMPLE_COLLISION,76.2818446861021
5,HEURISTIC.SIMPLE_COLLISION,77.68570177326365
5,HEURISTIC.SIMPLE_COLLISION,77.08925627752922
5,HEURISTIC.SIMPLE_COLLISION,77.76190847239413
5,HEURISTIC.SIMPLE_COLLISION,76.21491538458369
5,HEURISTIC.SIMPLE_COLLISION,76.55501642059191
5,HEURISTIC.SIMPLE_COLLISION,78.2091041408726
5,HEURISTIC.SIMPLE_COLLISION,76.41898017905925
5,HEURISTIC.SIMPLE_COLLISION,77.76449149548516
5,HEURISTIC.SIMPLE_COLLISION,76.7989162854111
5,HEURISTIC.SIMPLE_COLLISION,77.8155465256632
5,HEURISTIC.SIMPLE_COLLISION,62.09904073372226
5,HEURISTIC.SIMPLE_COLLISION,77.24815976476401
5,HEURISTIC.SIMPLE_COLLISION,78.65201685192555
5,HEURISTIC.SIMPLE_COLLISION,78.05557135619114
5,HEURISTIC.SIMPLE_COLLISION,78.7818616043251
5,HEURISTIC.SIMPLE_COLLISION,78.73080657414707
5,HEURISTIC.SIMPLE_COLLISION,77.18123046324558
5,HEURISTIC.SIMPLE_COLLISION,78.72822355105603
5,HEURISTIC.SIMPLE_COLLISION,77.52133149925382
5,HEURISTIC.SIMPLE_COLLISION,77.38529525772114
5,HEURISTIC.SIMPLE_COLLISION,77.765231364073
5,HEURISTIC.SIMPLE_COLLISION,79.17541921953449
5,HEURISTIC.SIMPLE_COLLISION,61.818611971170355
5,HEURISTIC.SIMPLE_COLLISION,81.15756142626694
5,HEURISTIC.SIMPLE_COLLISION,82.56141851342846
5,HEURISTIC.SIMPLE_COLLISION,60.342417123683404
5,HEURISTIC.SIMPLE_COLLISION,71.94617588451851
5,HEURISTIC.SIMPLE_COLLISION,72.06266986526826
5,HEURISTIC.SIMPLE_COLLISION,72.22174177947134
5,HEURISTIC.SIMPLE_COLLISION,72.59234430118299
5,HEURISTIC.SIMPLE_COLLISION,72.83274719202768
5,HEURISTIC.SIMPLE_COLLISION,63.76459788574523
5,HEURISTIC.SIMPLE_COLLISION,71.92073167757744
5,HEURISTIC.SIMPLE_COLLISION,72.0372256583272
5,HEURISTIC.SIMPLE_COLLISION,72.19629757253027
5,HEURISTIC.SIMPLE_COLLISION,72.51739847023973
5,HEURISTIC.SIMPLE_COLLISION,72.75780136108442
5,HEURISTIC.SIMPLE_COLLISION,62.67225991902731
5,HEURISTIC.SIMPLE_COLLISION,71.68532131049018
5,HEURISTIC.SIMPLE_COLLISION,71.80181529123993
5,HEURISTIC.SIMPLE_COLLISION,71.96088720544302
5,HEURISTIC.SIMPLE_COLLISION,72.21098216944571
5,HEURISTIC.SIMPLE_COLLISION,72.49671302062936
5,HEURISTIC.SIMPLE_COLLISION,63.86054603470751
5,HEURISTIC.SIMPLE_COLLISION,72.76039967060589
5,HEURISTIC.SIMPLE_COLLISION,72.87689365135563
5,HEURISTIC.SIMPLE_COLLISION,73.03596556555871
5,HEURISTIC.SIMPLE_COLLISION,73.28606052956141
5,HEURISTIC.SIMPLE_COLLISION,73.57179138074505
5,HEURISTIC.SIMPLE_COLLISION,64.53975418920874
5,HEURISTIC.SIMPLE_COLLISION,74.15017643886296
5,HEURISTIC.SIMPLE_COLLISION,74.2666704196127
5,HEURISTIC.SIMPLE_COLLISION,62.58767205060391
5,HEURISTIC.SIMPLE_COLLISION,74.5011575453087
5,HEURISTIC.SIMPLE_COLLISION,74.61765152605844
5,HEURISTIC.SIMPLE_COLLISION,74.77672344026152
5,HEURISTIC.SIMPLE_COLLISION,62.90735875308417
5,HEURISTIC.SIMPLE_COLLISION,75.4413831466174
5,HEURISTIC.SIMPLE_COLLISION,63.887004284831136
5,HEURISTIC.SIMPLE_COLLISION,61.78718857125095
5,HEURISTIC.SIMPLE_COLLISION,73.52283224970896
5,HEURISTIC.SIMPLE_COLLISION,72.11897516254743
5,HEURISTIC.SIMPLE_COLLISION,73.59903894883944
5,HEURISTIC.SIMPLE_COLLISION,72.92638675397454
5,HEURISTIC.SIMPLE_COLLISION,72.052045861029
5,HEURISTIC.SIMPLE_COLLISION,72.39214689703724
5,HEURISTIC.SIMPLE_COLLISION,74.04623461731791
5,HEURISTIC.SIMPLE_COLLISION,72.25611065550456
5,HEURISTIC.SIMPLE_COLLISION,73.60162197193048
5,HEURISTIC.SIMPLE_COLLISION,72.63604676185642
5,HEURISTIC.SIMPLE_COLLISION,73.6526770021085
5,HEURISTIC.SIMPLE_COLLISION,61.78857167998933
5,HEURISTIC.SIMPLE_COLLISION,73.12771221363194
5,HEURISTIC.SIMPLE_COLLISION,74.53156930079348
5,HEURISTIC.SIMPLE_COLLISION,73.06078291211351
5,HEURISTIC.SIMPLE_COLLISION,74.610359023015
5,HEURISTIC.SIMPLE_COLLISION,73.93512380505905
5,HEURISTIC.SIMPLE_COLLISION,74.60777599992394
5,HEURISTIC.SIMPLE_COLLISION,73.26484770658908
5,HEURISTIC.SIMPLE_COLLISION,73.64478381294091
5,HEURISTIC.SIMPLE_COLLISION,73.40088394812174
5,HEURISTIC.SIMPLE_COLLISION,75.05497166840242
5,HEURISTIC.SIMPLE_COLLISION,74.66141405319303
5,HEURISTIC.SIMPLE_COLLISION,61.261616599062535
5,HEURISTIC.SIMPLE_COLLISION,74.10107805643347
5,HEURISTIC.SIMPLE_COLLISION,74.83712078196135
5,HEURISTIC.SIMPLE_COLLISION,73.36633439328139
5,HEURISTIC.DILIGENT,42.981108272689816
5,HEURISTIC.DILIGENT,68.50038752879149
5,HEURISTIC.DILIGENT,67.97472666983596
5,HEURISTIC.DILIGENT,68.09122065058571
5,HEURISTIC.DILIGENT,68.78611837997514
5,HEURISTIC.DILIGENT,68.2502925647888
5,HEURISTIC.DILIGENT,60.31291391150419
5,HEURISTIC.DILIGENT,59.07009709115122
5,HEURISTIC.DILIGENT,68.77210564217661
5,HEURISTIC.DILIGENT,68.24644478322108
5,HEURISTIC.DILIGENT,68.36293876397083
5,HEURISTIC.DILIGENT,69.05783649336026
5,HEURISTIC.DILIGENT,58.97586112039363
5,HEURISTIC.DILIGENT,68.56784883926215
5,HEURISTIC.DILIGENT,68.04218798030664
5,HEURISTIC.DILIGENT,68.15868196105637
5,HEURISTIC.DILIGENT,68.8535796904458
5,HEURISTIC.DILIGENT,68.31775387525946
5,HEURISTIC.DILIGENT,60.323850886016395
5,HEURISTIC.DILIGENT,68.43756659139484
5,HEURISTIC.DILIGENT,69.08373500805932
5,HEURISTIC.DILIGENT,68.55406057214459
5,HEURISTIC.DILIGENT,60.21696576254192
5,HEURISTIC.DILIGENT,68.41052764364107
5,HEURISTIC.DILIGENT,69.00719443630334
5,HEURISTIC.DILIGENT,68.52702162439081
5,HEURISTIC.DILIGENT,69.24759732714804
5,HEURISTIC.DILIGENT,59.7598636653344
5,HEURISTIC.DILIGENT,69.31561453732448
5,HEURISTIC.DILIGENT,68.78995367836895
5,HEURISTIC.DILIGENT,62.218278610803296
5,HEURISTIC.DILIGENT,60.36754241201272
5,HEURISTIC.DILIGENT,61.97938112933123
5,HEURISTIC.DILIGENT,59.875302463123674
5,HEURISTIC.DILIGENT,71.07711409078388
5,HEURISTIC.DILIGENT,72.4809711779454
5,HEURISTIC.DILIGENT,72.55717787707589
5,HEURISTIC.DILIGENT,71.01018478926545
5,HEURISTIC.DILIGENT,71.35028582527369
5,HEURISTIC.DILIGENT,73.00437354555436
5,HEURISTIC.DILIGENT,71.21424958374101
5,HEURISTIC.DILIGENT,71.59418569009287
5,HEURISTIC.DILIGENT,72.61081593034496
5,HEURISTIC.DILIGENT,72.55976090016694
5,HEURISTIC.DILIGENT,71.88452568221099
5,HEURISTIC.DILIGENT,60.58133292636463
5,HEURISTIC.DILIGENT,71.85504179213628
5,HEURISTIC.DILIGENT,73.25889887929782
5,HEURISTIC.DILIGENT,73.33510557842828
5,HEURISTIC.DILIGENT,71.78811249061785
5,HEURISTIC.DILIGENT,72.12821352662608
5,HEURISTIC.DILIGENT,73.78230124690675
5,HEURISTIC.DILIGENT,71.99217728509342
5,HEURISTIC.DILIGENT,72.37211339144525
5,HEURISTIC.DILIGENT,60.779690375895235
5,HEURISTIC.DILIGENT,72.4786474956368
5,HEURISTIC.DILIGENT,73.88250458279836
5,HEURISTIC.DILIGENT,73.95871128192883
5,HEURISTIC.DILIGENT,72.4117181941184
5,HEURISTIC.DILIGENT,72.75181923012661
5,HEURISTIC.DILIGENT,59.811773278877695
5,HEURISTIC.DILIGENT,72.83971122608318
5,HEURISTIC.DILIGENT,74.24356831324471
5,HEURISTIC.DILIGENT,74.31977501237517
5,HEURISTIC.DILIGENT,72.77278192456475
5,HEURISTIC.DILIGENT,73.11288296057299
5,HEURISTIC.DILIGENT,74.76697068085366
5,HEURISTIC.DILIGENT,72.97684671904031
5,HEURISTIC.DILIGENT,73.35678282539217
5,HEURISTIC.DILIGENT,74.37341306564426
5,HEURISTIC.DILIGENT,74.32235803546622
5,HEURISTIC.DILIGENT,73.6471228175103
5,HEURISTIC.DILIGENT,59.84869141416983
5,HEURISTIC.DILIGENT,73.2984250666317
5,HEURISTIC.DILIGENT,74.70228215379322
5,HEURISTIC.DILIGENT,74.77848885292372
5,HEURISTIC.DILIGENT,73.23149576511327
5,HEURISTIC.DILIGENT,73.5715968011215
5,HEURISTIC.DILIGENT,75.22568452140217
5,HEURISTIC.DILIGENT,73.43556055958882
5,HEURISTIC.DILIGENT,73.81549666594069
5,HEURISTIC.DILIGENT,59.87882654636143
5,HEURISTIC.DILIGENT,74.14536455733231
5,HEURISTIC.DILIGENT,75.54922164449385
5,HEURISTIC.DILIGENT,75.62542834362434
5,HEURISTIC.DILIGENT,74.0784352558139
5,HEURISTIC.DILIGENT,74.41853629182212
5,HEURISTIC.DILIGENT,61.48154728841879
5,HEURISTIC.DILIGENT,72.53555145207531
5,HEURISTIC.DILIGENT,73.93940853923685
5,HEURISTIC.DILIGENT,74.01561523836732
5,HEURISTIC.DILIGENT,72.46862215055688
5,HEURISTIC.DILIGENT,72.80872318656512
5,HEURISTIC.DILIGENT,61.67990473794939
5,HEURISTIC.DILIGENT,73.15915715557585
5,HEURISTIC.DILIGENT,74.56301424273738
5,HEURISTIC.DILIGENT,74.63922094186785
5,HEURISTIC.DILIGENT,61.363197012205504
5,HEURISTIC.DILIGENT,72.93298412477824
5,HEURISTIC.DILIGENT,74.33684121193978
5,HEURISTIC.DILIGENT,74.41304791107025
5,HEURISTIC.DILIGENT,72.86605482325982
5,HEURISTIC.DILIGENT,73.20615585926805
5,HEURISTIC.DILIGENT,74.86024357954872
5,HEURISTIC.DILIGENT,73.07011961773539
5,HEURISTIC.DILIGENT,61.350825569981126
5,HEURISTIC.DILIGENT,74.79789674412075
5,HEURISTIC.DILIGENT,76.20175383128228
5,HEURISTIC.DILIGENT,61.29702518699294
5,HEURISTIC.DILIGENT,61.27055368912003
5,HEURISTIC.DILIGENT,58.29839275437743
5,HEURISTIC.DILIGENT,70.09662528542705
5,HEURISTIC.DILIGENT,60.81277322808724
5,HEURISTIC.DILIGENT,62.16076299371001
5,HEURISTIC.DILIGENT,62.053877870235524
5,HEURISTIC.DILIGENT,61.02830918709806
5,HEURISTIC.DILIGENT,61.3570010162408
5,HEURISTIC.DILIGENT,71.87471911785462
5,HEURISTIC.DILIGENT,73.27857620501618
5,HEURISTIC.DILIGENT,73.35478290414665
5,HEURISTIC.DILIGENT,71.80778981633621
5,HEURISTIC.DILIGENT,72.14789085234443
5,HEURISTIC.DILIGENT,73.8019785726251
5,HEURISTIC.DILIGENT,72.01185461081177
5,HEURISTIC.DILIGENT,72.39179071716362
5,HEURISTIC.DILIGENT,73.40842095741573
5,HEURISTIC.DILIGENT,73.35736592723768
5,HEURISTIC.DILIGENT,72.68213070928175
5,HEURISTIC.DILIGENT,62.063031479481765
5,HEURISTIC.DILIGENT,72.65264681920704
5,HEURISTIC.DILIGENT,74.05650390636858
5,HEURISTIC.DILIGENT,74.13271060549904
5,HEURISTIC.DILIGENT,72.58571751768861
5,HEURISTIC.DILIGENT,72.92581855369684
5,HEURISTIC.DILIGENT,62.26138892901237
5,HEURISTIC.DILIGENT,73.27625252270758
5,HEURISTIC.DILIGENT,74.6801096098691
5,HEURISTIC.DILIGENT,61.29347183199482
5,HEURISTIC.DILIGENT,73.63731625315393
5,HEURISTIC.DILIGENT,75.04117334031547
5,HEURISTIC.DILIGENT,75.11738003944595
5,HEURISTIC.DILIGENT,73.5703869516355
5,HEURISTIC.DILIGENT,73.91048798764373
5,HEURISTIC.DILIGENT,75.5645757079244
5,HEURISTIC.DILIGENT,73.77445174611105
5,HEURISTIC.DILIGENT,61.33038996728696
5,HEURISTIC.DILIGENT,74.09603009370244
5,HEURISTIC.DILIGENT,75.499887180864
5,HEURISTIC.DILIGENT,75.57609387999446
5,HEURISTIC.DILIGENT,74.02910079218402
5,HEURISTIC.DILIGENT,74.36920182819225
5,HEURISTIC.DILIGENT,61.36052509947855
5,HEURISTIC.DILIGENT,74.94296958440306
5,HEURISTIC.DILIGENT,76.3468266715646
5,HEURISTIC.DILIGENT,62.825219068854864
5,HEURISTIC.DILIGENT,73.42084914696106
5,HEURISTIC.DILIGENT,74.82470623412259
5,HEURISTIC.DILIGENT,62.87276735075092
5,HEURISTIC.DILIGENT,62.82383596011648
5,HEURISTIC.DILIGENT,74.0522161546138
5,HEURISTIC.DILIGENT,75.45607324177534
5,HEURISTIC.DILIGENT,61.80596101331572
5,HEURISTIC.DILIGENT,61.721373144892326
5,HEURISTIC.DILIGENT,61.833660218664804
5,HEURISTIC.DILIGENT,72.01884424415742
5,HEURISTIC.DILIGENT,73.42270133131896
5,HEURISTIC.DILIGENT,73.49890803044944
5,HEURISTIC.DILIGENT,71.951914942639
5,HEURISTIC.DILIGENT,72.29201597864723
5,HEURISTIC.DILIGENT,73.9461036989279
5,HEURISTIC.DILIGENT,72.15597973711456
5,HEURISTIC.DILIGENT,72.53591584346641
5,HEURISTIC.DILIGENT,73.55254608371851
5,HEURISTIC.DILIGENT,73.50149105354048
5,HEURISTIC.DILIGENT,72.82625583558455
5,HEURISTIC.DILIGENT,62.53969068190576
5,HEURISTIC.DILIGENT,72.79677194550983
5,HEURISTIC.DILIGENT,74.20062903267136
5,HEURISTIC.DILIGENT,74.27683573180184
5,HEURISTIC.DILIGENT,72.7298426439914
5,HEURISTIC.DILIGENT,73.06994367999962
5,HEURISTIC.DILIGENT,62.738048131436365
5,HEURISTIC.DILIGENT,73.42037764901036
5,HEURISTIC.DILIGENT,74.82423473617192
5,HEURISTIC.DILIGENT,61.78035171867143
5,HEURISTIC.DILIGENT,73.80188274796194
5,HEURISTIC.DILIGENT,75.20573983512347
5,HEURISTIC.DILIGENT,75.28194653425393
5,HEURISTIC.DILIGENT,73.73495344644351
5,HEURISTIC.DILIGENT,74.07505448245175
5,HEURISTIC.DILIGENT,75.72914220273242
5,HEURISTIC.DILIGENT,61.80704916971096
5,HEURISTIC.DILIGENT,74.24015522000522
5,HEURISTIC.DILIGENT,75.64401230716678
5,HEURISTIC.DILIGENT,75.72021900629724
5,HEURISTIC.DILIGENT,74.1732259184868
5,HEURISTIC.DILIGENT,74.51332695449503
5,HEURISTIC.DILIGENT,61.83718430190255
5,HEURISTIC.DILIGENT,75.08709471070587
5,HEURISTIC.DILIGENT,76.49095179786741
5,HEURISTIC.DILIGENT,62.96312411239984
5,HEURISTIC.DILIGENT,73.28355659514042
5,HEURISTIC.DILIGENT,74.68741368230197
5,HEURISTIC.DILIGENT,63.000640886630414
5,HEURISTIC.DILIGENT,62.96174100366146
5,HEURISTIC.DILIGENT,73.91492360279318
5,HEURISTIC.DILIGENT,75.3187806899547
5,HEURISTIC.DILIGENT,75.39498738908519
5,HEURISTIC.DILIGENT,62.996324637670725
5,HEURISTIC.DILIGENT,72.90764086144549
5,HEURISTIC.DILIGENT,74.31149794860703
5,HEURISTIC.DILIGENT,74.3877046477375
5,HEURISTIC.DILIGENT,72.84071155992706
5,HEURISTIC.DILIGENT,73.18081259593528
5,HEURISTIC.DILIGENT,63.137183918377566
5,HEURISTIC.DILIGENT,73.4162502272985
5,HEURISTIC.DILIGENT,74.82010731446005
5,HEURISTIC.DILIGENT,62.99494152893234
5,HEURISTIC.DILIGENT,73.53900786909821
5,HEURISTIC.DILIGENT,74.94286495625977
5,HEURISTIC.DILIGENT,75.01907165539023
5,HEURISTIC.DILIGENT,73.4720785675798
5,HEURISTIC.DILIGENT,73.81217960358802
5,HEURISTIC.DILIGENT,62.98257008670796
5,HEURISTIC.DILIGENT,63.25965633503521
5,HEURISTIC.DILIGENT,72.95143598444366
5,HEURISTIC.DILIGENT,74.3552930716052
5,HEURISTIC.DILIGENT,74.43149977073567
5,HEURISTIC.DILIGENT,72.88450668292523
5,HEURISTIC.DILIGENT,73.22460771893347
5,HEURISTIC.DILIGENT,63.458013784565814
5,HEURISTIC.DILIGENT,63.00565942281632
5,HEURISTIC.DILIGENT,73.07757538513539
5,HEURISTIC.DILIGENT,74.48143247229694
5,HEURISTIC.DILIGENT,74.55763917142741
5,HEURISTIC.DILIGENT,73.01064608361698
5,HEURISTIC.DILIGENT,73.3507471196252
5,HEURISTIC.DILIGENT,75.00483483990587
5,HEURISTIC.DILIGENT,73.21471087809253
5,HEURISTIC.DILIGENT,62.993287980591944
5,HEURISTIC.DILIGENT,62.93948759760376
5,HEURISTIC.DILIGENT,49.5524251618261
5,HEURISTIC.DILIGENT,68.19152996099224
5,HEURISTIC.DILIGENT,67.66586910203671
5,HEURISTIC.DILIGENT,67.78236308278646
5,HEURISTIC.DILIGENT,68.47726081217587
5,HEURISTIC.DILIGENT,67.94143499698954
5,HEURISTIC.DILIGENT,59.91585072329309
5,HEURISTIC.DILIGENT,58.67303390294012
5,HEURISTIC.DILIGENT,68.46324807437736
5,HEURISTIC.DILIGENT,67.93758721542183
5,HEURISTIC.DILIGENT,68.05408119617158
5,HEURISTIC.DILIGENT,68.74897892556099
5,HEURISTIC.DILIGENT,58.57879793218254
5,HEURISTIC.DILIGENT,68.25899127146292
5,HEURISTIC.DILIGENT,67.73333041250739
5,HEURISTIC.DILIGENT,67.84982439325714
5,HEURISTIC.DILIGENT,68.54472212264655
5,HEURISTIC.DILIGENT,68.00889630746022
5,HEURISTIC.DILIGENT,59.926787697805295
5,HEURISTIC.DILIGENT,68.1287090235956
5,HEURISTIC.DILIGENT,68.77487744026007
5,HEURISTIC.DILIGENT,68.24520300434534
5,HEURISTIC.DILIGENT,69.01528033110478
5,HEURISTIC.DILIGENT,59.81990257433081
5,HEURISTIC.DILIGENT,68.10167007584181
5,HEURISTIC.DILIGENT,68.6983368685041
5,HEURISTIC.DILIGENT,68.21816405659158
5,HEURISTIC.DILIGENT,68.93873975934879
5,HEURISTIC.DILIGENT,59.3628004771233
5,HEURISTIC.DILIGENT,69.00675696952523
5,HEURISTIC.DILIGENT,68.4810961105697
5,HEURISTIC.DILIGENT,61.82121542259219
5,HEURISTIC.DILIGENT,61.80792305122958
5,HEURISTIC.DILIGENT,59.97047922380162
5,HEURISTIC.DILIGENT,61.582317941120124
5,HEURISTIC.DILIGENT,59.47823927491258
5,HEURISTIC.DILIGENT,70.68005090257277
5,HEURISTIC.DILIGENT,72.08390798973431
5,HEURISTIC.DILIGENT,72.1601146888648
5,HEURISTIC.DILIGENT,70.61312160105435
5,HEURISTIC.DILIGENT,70.95322263706258
5,HEURISTIC.DILIGENT,72.60731035734325
5,HEURISTIC.DILIGENT,70.81718639552992
5,HEURISTIC.DILIGENT,71.19712250188176
5,HEURISTIC.DILIGENT,72.21375274213386
5,HEURISTIC.DILIGENT,72.16269771195583
5,HEURISTIC.DILIGENT,71.4874624939999
5,HEURISTIC.DILIGENT,60.18426973815353
5,HEURISTIC.DILIGENT,71.45797860392517
5,HEURISTIC.DILIGENT,72.86183569108671
5,HEURISTIC.DILIGENT,72.93804239021718
5,HEURISTIC.DILIGENT,71.39104930240674
5,HEURISTIC.DILIGENT,71.73115033841498
5,HEURISTIC.DILIGENT,73.38523805869565
5,HEURISTIC.DILIGENT,71.5951140968823
5,HEURISTIC.DILIGENT,71.97505020323416
5,HEURISTIC.DILIGENT,72.99168044348625
5,HEURISTIC.DILIGENT,72.94062541330823
5,HEURISTIC.DILIGENT,72.2653901953523
5,HEURISTIC.DILIGENT,60.382627187684136
5,HEURISTIC.DILIGENT,72.08158430742571
5,HEURISTIC.DILIGENT,73.48544139458726
5,HEURISTIC.DILIGENT,73.56164809371774
5,HEURISTIC.DILIGENT,72.01465500590729
5,HEURISTIC.DILIGENT,72.35475604191552
5,HEURISTIC.DILIGENT,74.0088437621962
5,HEURISTIC.DILIGENT,72.21871980038286
5,HEURISTIC.DILIGENT,59.4147100906666
5,HEURISTIC.DILIGENT,72.44264803787206
5,HEURISTIC.DILIGENT,73.84650512503362
5,HEURISTIC.DILIGENT,73.92271182416408
5,HEURISTIC.DILIGENT,72.37571873635363
5,HEURISTIC.DILIGENT,72.71581977236187
5,HEURISTIC.DILIGENT,74.36990749264254
5,HEURISTIC.DILIGENT,72.5797835308292
5,HEURISTIC.DILIGENT,72.95971963718105
5,HEURISTIC.DILIGENT,73.97634987743315
5,HEURISTIC.DILIGENT,73.92529484725512
5,HEURISTIC.DILIGENT,73.25005962929919
5,HEURISTIC.DILIGENT,59.45162822595873
5,HEURISTIC.DILIGENT,72.90136187842057
5,HEURISTIC.DILIGENT,74.30521896558213
5,HEURISTIC.DILIGENT,74.3814256647126
5,HEURISTIC.DILIGENT,72.83443257690216
5,HEURISTIC.DILIGENT,73.17453361291038
5,HEURISTIC.DILIGENT,74.82862133319107
5,HEURISTIC.DILIGENT,73.03849737137772
5,HEURISTIC.DILIGENT,73.41843347772958
5,HEURISTIC.DILIGENT,74.43506371798168
5,HEURISTIC.DILIGENT,74.38400868780363
5,HEURISTIC.DILIGENT,73.7087734698477
5,HEURISTIC.DILIGENT,59.48176335815033
5,HEURISTIC.DILIGENT,73.74830136912121
5,HEURISTIC.DILIGENT,75.15215845628275
5,HEURISTIC.DILIGENT,75.22836515541323
5,HEURISTIC.DILIGENT,73.68137206760278
5,HEURISTIC.DILIGENT,74.02147310361102
5,HEURISTIC.DILIGENT,75.67556082389169
5,HEURISTIC.DILIGENT,73.88543686207834
5,HEURISTIC.DILIGENT,61.66233367158341
5,HEURISTIC.DILIGENT,72.71633783523993
5,HEURISTIC.DILIGENT,74.12019492240147
5,HEURISTIC.DILIGENT,74.19640162153193
5,HEURISTIC.DILIGENT,72.6494085337215
5,HEURISTIC.DILIGENT,72.98950956972973
5,HEURISTIC.DILIGENT,61.860691121114016
5,HEURISTIC.DILIGENT,73.33994353874047
5,HEURISTIC.DILIGENT,74.74380062590201
5,HEURISTIC.DILIGENT,61.54398339537012
5,HEURISTIC.DILIGENT,73.11377050794286
5,HEURISTIC.DILIGENT,74.51762759510441
5,HEURISTIC.DILIGENT,74.59383429423488
5,HEURISTIC.DILIGENT,73.04684120642445
5,HEURISTIC.DILIGENT,73.38694224243267
5,HEURISTIC.DILIGENT,75.04102996271334
5,HEURISTIC.DILIGENT,61.53161195314574
5,HEURISTIC.DILIGENT,61.477811570157556
5,HEURISTIC.DILIGENT,58.01330236731159
5,HEURISTIC.DILIGENT,69.42395229868309
5,HEURISTIC.DILIGENT,68.89829143972756
5,HEURISTIC.DILIGENT,69.01478542047731
5,HEURISTIC.DILIGENT,61.47715303245383
5,HEURISTIC.DILIGENT,60.140100241343276
5,HEURISTIC.DILIGENT,69.49141360915377
5,HEURISTIC.DILIGENT,68.96575275019823
5,HEURISTIC.DILIGENT,69.08224673094799
5,HEURISTIC.DILIGENT,61.48809000696604
5,HEURISTIC.DILIGENT,61.381204883491556
5,HEURISTIC.DILIGENT,60.355636200354084
5,HEURISTIC.DILIGENT,69.93827038857464
5,HEURISTIC.DILIGENT,60.68432802949683
5,HEURISTIC.DILIGENT,71.20204613111065
5,HEURISTIC.DILIGENT,72.6059032182722
5,HEURISTIC.DILIGENT,72.68210991740267
5,HEURISTIC.DILIGENT,71.13511682959223
5,HEURISTIC.DILIGENT,71.47521786560046
5,HEURISTIC.DILIGENT,73.12930558588113
5,HEURISTIC.DILIGENT,71.33918162406779
5,HEURISTIC.DILIGENT,71.71911773041964
5,HEURISTIC.DILIGENT,72.73574797067175
5,HEURISTIC.DILIGENT,72.6846929404937
5,HEURISTIC.DILIGENT,72.00945772253777
5,HEURISTIC.DILIGENT,61.39035849273779
5,HEURISTIC.DILIGENT,71.97997383246306
5,HEURISTIC.DILIGENT,73.3838309196246
5,HEURISTIC.DILIGENT,73.46003761875507
5,HEURISTIC.DILIGENT,71.91304453094463
5,HEURISTIC.DILIGENT,72.25314556695287
5,HEURISTIC.DILIGENT,73.90723328723354
5,HEURISTIC.DILIGENT,72.11710932542019
5,HEURISTIC.DILIGENT,61.5887159422684
5,HEURISTIC.DILIGENT,72.6035795359636
5,HEURISTIC.DILIGENT,74.00743662312514
5,HEURISTIC.DILIGENT,74.08364332225563
5,HEURISTIC.DILIGENT,72.53665023444518
5,HEURISTIC.DILIGENT,72.87675127045341
5,HEURISTIC.DILIGENT,60.62079884525085
5,HEURISTIC.DILIGENT,72.96464326640995
5,HEURISTIC.DILIGENT,74.3685003535715
5,HEURISTIC.DILIGENT,74.44470705270197
5,HEURISTIC.DILIGENT,72.89771396489152
5,HEURISTIC.DILIGENT,73.23781500089976
5,HEURISTIC.DILIGENT,74.89190272118043
5,HEURISTIC.DILIGENT,73.1017787593671
5,HEURISTIC.DILIGENT,73.48171486571894
5,HEURISTIC.DILIGENT,74.49834510597104
5,HEURISTIC.DILIGENT,74.447290075793
5,HEURISTIC.DILIGENT,73.77205485783708
5,HEURISTIC.DILIGENT,60.65771698054299
5,HEURISTIC.DILIGENT,73.42335710695846
5,HEURISTIC.DILIGENT,74.82721419412002
5,HEURISTIC.DILIGENT,74.90342089325048
5,HEURISTIC.DILIGENT,73.35642780544005
5,HEURISTIC.DILIGENT,73.69652884144827
5,HEURISTIC.DILIGENT,75.35061656172896
5,HEURISTIC.DILIGENT,73.5604925999156
5,HEURISTIC.DILIGENT,60.68785211273459
5,HEURISTIC.DILIGENT,74.2702965976591
5,HEURISTIC.DILIGENT,75.67415368482064
5,HEURISTIC.DILIGENT,75.75036038395112
5,HEURISTIC.DILIGENT,74.20336729614067
5,HEURISTIC.DILIGENT,74.5434683321489
5,HEURISTIC.DILIGENT,61.24761291142861
5,HEURISTIC.DILIGENT,62.40996131196682
5,HEURISTIC.DILIGENT,62.30307618849234
5,HEURISTIC.DILIGENT,61.16302504300522
5,HEURISTIC.DILIGENT,61.562910332432914
5,HEURISTIC.DILIGENT,61.2753121167777
5,HEURISTIC.DILIGENT,71.46049614227032
5,HEURISTIC.DILIGENT,72.86435322943186
5,HEURISTIC.DILIGENT,72.94055992856234
5,HEURISTIC.DILIGENT,71.39356684075189
5,HEURISTIC.DILIGENT,71.73366787676012
5,HEURISTIC.DILIGENT,73.3877555970408
5,HEURISTIC.DILIGENT,71.59763163522746
5,HEURISTIC.DILIGENT,71.9775677415793
5,HEURISTIC.DILIGENT,72.9941979818314
5,HEURISTIC.DILIGENT,72.94314295165337
5,HEURISTIC.DILIGENT,72.26790773369744
5,HEURISTIC.DILIGENT,61.981342580018655
5,HEURISTIC.DILIGENT,72.23842384362273
5,HEURISTIC.DILIGENT,73.64228093078425
5,HEURISTIC.DILIGENT,73.71848762991473
5,HEURISTIC.DILIGENT,72.1714945421043
5,HEURISTIC.DILIGENT,72.51159557811252
5,HEURISTIC.DILIGENT,74.1656832983932
5,HEURISTIC.DILIGENT,72.37555933657985
5,HEURISTIC.DILIGENT,62.17970002954926
5,HEURISTIC.DILIGENT,72.86202954712326
5,HEURISTIC.DILIGENT,74.26588663428481
5,HEURISTIC.DILIGENT,74.34209333341528
5,HEURISTIC.DILIGENT,72.79510024560484
5,HEURISTIC.DILIGENT,73.13520128161306
5,HEURISTIC.DILIGENT,61.22200361678433
5,HEURISTIC.DILIGENT,73.24353464607483
5,HEURISTIC.DILIGENT,74.64739173323636
5,HEURISTIC.DILIGENT,74.72359843236683
5,HEURISTIC.DILIGENT,73.1766053445564
5,HEURISTIC.DILIGENT,73.51670638056464
5,HEURISTIC.DILIGENT,75.17079410084531
5,HEURISTIC.DILIGENT,73.38067013903196
5,HEURISTIC.DILIGENT,61.24870106782385
5,HEURISTIC.DILIGENT,73.68180711811813
5,HEURISTIC.DILIGENT,75.08566420527967
5,HEURISTIC.DILIGENT,75.16187090441014
5,HEURISTIC.DILIGENT,73.61487781659972
5,HEURISTIC.DILIGENT,73.95497885260794
5,HEURISTIC.DILIGENT,75.60906657288861
5,HEURISTIC.DILIGENT,73.81894261107527
5,HEURISTIC.DILIGENT,61.27883620001545
5,HEURISTIC.DILIGENT,74.52874660881876
5,HEURISTIC.DILIGENT,75.9326036959803
5,HEURISTIC.DILIGENT,76.00881039511079
5,HEURISTIC.DILIGENT,74.46181730730035
5,HEURISTIC.DILIGENT,74.80191834330857
5,HEURISTIC.DILIGENT,63.00600545201949
5,HEURISTIC.DILIGENT,63.05355373391554
5,HEURISTIC.DILIGENT,63.004622343281106
5,HEURISTIC.DILIGENT,74.23300253777842
5,HEURISTIC.DILIGENT,63.14391049556447
5,HEURISTIC.DILIGENT,73.46434297830505
5,HEURISTIC.DILIGENT,74.8682000654666
5,HEURISTIC.DILIGENT,63.181427269795044
5,HEURISTIC.DILIGENT,63.14252738682609
5,HEURISTIC.DILIGENT,74.0957099859578
5,HEURISTIC.DILIGENT,75.49956707311935
5,HEURISTIC.DILIGENT,62.7315437876566
5,HEURISTIC.DILIGENT,72.42332343706505
5,HEURISTIC.DILIGENT,73.82718052422659
5,HEURISTIC.DILIGENT,73.90338722335706
5,HEURISTIC.DILIGENT,72.35639413554662
5,HEURISTIC.DILIGENT,72.69649517155486
5,HEURISTIC.DILIGENT,74.35058289183553
5,HEURISTIC.DILIGENT,72.56045893002218
5,HEURISTIC.DILIGENT,62.9299012371872
5,HEURISTIC.DILIGENT,73.0469291405656
5,HEURISTIC.DILIGENT,74.45078622772712
5,HEURISTIC.DILIGENT,74.52699292685759
5,HEURISTIC.DILIGENT,72.97999983904717
5,HEURISTIC.DILIGENT,62.47754687543771
5,HEURISTIC.DILIGENT,72.54946283775678
5,HEURISTIC.DILIGENT,73.95331992491833
5,HEURISTIC.DILIGENT,74.0295266240488
5,HEURISTIC.DILIGENT,72.48253353623836
5,HEURISTIC.DILIGENT,72.82263457224659
5,HEURISTIC.DILIGENT,74.47672229252726
5,HEURISTIC.DILIGENT,72.68659833071392
5,HEURISTIC.DILIGENT,73.06653443706577
5,HEURISTIC.DILIGENT,62.46517543321333
5,HEURISTIC.DILIGENT,74.41437545709928
5,HEURISTIC.DILIGENT,75.81823254426084
5,HEURISTIC.DILIGENT,75.8944392433913
5,HEURISTIC.DILIGENT,74.34744615558085
5,HEURISTIC.DILIGENT,62.411375050225146
5,HEURISTIC.DILIGENT,74.69165226108714
5,HEURISTIC.DILIGENT,76.0955093482487
5,HEURISTIC.DILIGENT,76.17171604737916
5,HEURISTIC.DILIGENT,62.38490355235224
5,HEURISTIC.DILIGENT,63.17711102083534
5,HEURISTIC.DILIGENT,73.0884272446101
5,HEURISTIC.DILIGENT,74.49228433177164
5,HEURISTIC.DILIGENT,74.56849103090211
5,HEURISTIC.DILIGENT,73.02149794309167
5,HEURISTIC.DILIGENT,63.31797030154219
5,HEURISTIC.DILIGENT,63.17572791209696
5,HEURISTIC.DILIGENT,73.71979425226286
5,HEURISTIC.DILIGENT,75.12365133942438
5,HEURISTIC.DILIGENT,75.19985803855486
5,HEURISTIC.DILIGENT,73.65286495074443
5,HEURISTIC.DILIGENT,73.99296598675267
5,HEURISTIC.DILIGENT,49.90799099101174
5,HEURISTIC.DILIGENT,69.13119210261323
5,HEURISTIC.DILIGENT,68.6055312436577
5,HEURISTIC.DILIGENT,68.72202522440745
5,HEURISTIC.DILIGENT,69.41692295379687
5,HEURISTIC.DILIGENT,60.855512864914076
5,HEURISTIC.DILIGENT,59.612696044561105
5,HEURISTIC.DILIGENT,69.40291021599835
5,HEURISTIC.DILIGENT,68.87724935704281
5,HEURISTIC.DILIGENT,59.518460073803524
5,HEURISTIC.DILIGENT,69.19865341308389
5,HEURISTIC.DILIGENT,68.67299255412837
5,HEURISTIC.DILIGENT,68.78948653487811
5,HEURISTIC.DILIGENT,69.48438426426753
5,HEURISTIC.DILIGENT,60.86644983942628
5,HEURISTIC.DILIGENT,69.06837116521658
5,HEURISTIC.DILIGENT,60.7595647159518
5,HEURISTIC.DILIGENT,69.04133221746281
5,HEURISTIC.DILIGENT,69.63799901012507
5,HEURISTIC.DILIGENT,60.302462618744286
5,HEURISTIC.DILIGENT,60.910141365422604
5,HEURISTIC.DILIGENT,60.41790141653357
5,HEURISTIC.DILIGENT,71.61971304419376
5,HEURISTIC.DILIGENT,73.0235701313553
5,HEURISTIC.DILIGENT,73.09977683048577
5,HEURISTIC.DILIGENT,71.55278374267533
5,HEURISTIC.DILIGENT,71.89288477868357
5,HEURISTIC.DILIGENT,73.54697249896424
5,HEURISTIC.DILIGENT,71.7568485371509
5,HEURISTIC.DILIGENT,72.13678464350275
5,HEURISTIC.DILIGENT,73.15341488375485
5,HEURISTIC.DILIGENT,73.10235985357681
5,HEURISTIC.DILIGENT,72.42712463562088
5,HEURISTIC.DILIGENT,61.12393187977452
5,HEURISTIC.DILIGENT,72.39764074554616
5,HEURISTIC.DILIGENT,73.8014978327077
5,HEURISTIC.DILIGENT,73.87770453183816
5,HEURISTIC.DILIGENT,72.33071144402773
5,HEURISTIC.DILIGENT,72.67081248003596
5,HEURISTIC.DILIGENT,74.32490020031663
5,HEURISTIC.DILIGENT,72.5347762385033
5,HEURISTIC.DILIGENT,61.32228932930512
5,HEURISTIC.DILIGENT,73.0212464490467
5,HEURISTIC.DILIGENT,74.42510353620824
5,HEURISTIC.DILIGENT,74.5013102353387
5,HEURISTIC.DILIGENT,72.95431714752827
5,HEURISTIC.DILIGENT,60.35437223228759
5,HEURISTIC.DILIGENT,73.38231017949306
5,HEURISTIC.DILIGENT,74.78616726665459
5,HEURISTIC.DILIGENT,74.86237396578505
5,HEURISTIC.DILIGENT,73.31538087797463
5,HEURISTIC.DILIGENT,73.65548191398287
5,HEURISTIC.DILIGENT,75.30956963426354
5,HEURISTIC.DILIGENT,73.51944567245019
5,HEURISTIC.DILIGENT,60.39129036757973
5,HEURISTIC.DILIGENT,73.84102402004157
5,HEURISTIC.DILIGENT,75.2448811072031
5,HEURISTIC.DILIGENT,75.3210878063336
5,HEURISTIC.DILIGENT,73.77409471852314
5,HEURISTIC.DILIGENT,74.11419575453138
5,HEURISTIC.DILIGENT,75.76828347481205
5,HEURISTIC.DILIGENT,73.9781595129987
5,HEURISTIC.DILIGENT,60.42142549977132
5,HEURISTIC.DILIGENT,74.6879635107422
5,HEURISTIC.DILIGENT,76.09182059790373
5,HEURISTIC.DILIGENT,76.16802729703421
5,HEURISTIC.DILIGENT,74.62103420922378
5,HEURISTIC.DILIGENT,74.961135245232
5,HEURISTIC.DILIGENT,61.78418267656047
5,HEURISTIC.DILIGENT,72.83818684021699
5,HEURISTIC.DILIGENT,74.24204392737853
5,HEURISTIC.DILIGENT,74.318250626509
5,HEURISTIC.DILIGENT,72.77125753869856
5,HEURISTIC.DILIGENT,73.1113585747068
5,HEURISTIC.DILIGENT,61.982540126091074
5,HEURISTIC.DILIGENT,73.46179254371754
5,HEURISTIC.DILIGENT,74.86564963087906
5,HEURISTIC.DILIGENT,61.665832400347185
5,HEURISTIC.DILIGENT,73.23561951291993
5,HEURISTIC.DILIGENT,74.63947660008147
5,HEURISTIC.DILIGENT,74.71568329921193
5,HEURISTIC.DILIGENT,73.1686902114015
5,HEURISTIC.DILIGENT,73.50879124740973
5,HEURISTIC.DILIGENT,61.65346095812281
5,HEURISTIC.DILIGENT,61.59966057513462
5,HEURISTIC.DILIGENT,58.629448616681266
5,HEURISTIC.DILIGENT,61.35537218149713
5,HEURISTIC.DILIGENT,62.703361947119895
5,HEURISTIC.DILIGENT,62.59647682364541
5,HEURISTIC.DILIGENT,61.57090814050794
5,HEURISTIC.DILIGENT,61.89959996965069
5,HEURISTIC.DILIGENT,72.4173180712645
5,HEURISTIC.DILIGENT,73.82117515842606
5,HEURISTIC.DILIGENT,73.89738185755652
5,HEURISTIC.DILIGENT,72.35038876974609
5,HEURISTIC.DILIGENT,72.69048980575431
5,HEURISTIC.DILIGENT,74.34457752603498
5,HEURISTIC.DILIGENT,72.55445356422165
5,HEURISTIC.DILIGENT,72.9343896705735
5,HEURISTIC.DILIGENT,73.95101991082561
5,HEURISTIC.DILIGENT,62.605630432891644
5,HEURISTIC.DILIGENT,73.19524577261691
5,HEURISTIC.DILIGENT,74.59910285977845
5,HEURISTIC.DILIGENT,74.67530955890892
5,HEURISTIC.DILIGENT,62.803987882422255
5,HEURISTIC.DILIGENT,61.83607078540471
5,HEURISTIC.DILIGENT,74.1799152065638
5,HEURISTIC.DILIGENT,75.58377229372536
5,HEURISTIC.DILIGENT,75.65997899285583
5,HEURISTIC.DILIGENT,74.11298590504538
5,HEURISTIC.DILIGENT,74.45308694105361
5,HEURISTIC.DILIGENT,61.87298892069685
5,HEURISTIC.DILIGENT,74.63862904711232
5,HEURISTIC.DILIGENT,76.04248613427387
5,HEURISTIC.DILIGENT,76.11869283340434
5,HEURISTIC.DILIGENT,61.903124052888444
5,HEURISTIC.DILIGENT,63.127854456996545
5,HEURISTIC.DILIGENT,63.1754027388926
5,HEURISTIC.DILIGENT,63.126471348258164
5,HEURISTIC.DILIGENT,62.462884851582466
5,HEURISTIC.DILIGENT,62.49058405693155
5,HEURISTIC.DILIGENT,72.67576808242417
5,HEURISTIC.DILIGENT,74.07962516958571
5,HEURISTIC.DILIGENT,74.15583186871619
5,HEURISTIC.DILIGENT,72.60883878090574
5,HEURISTIC.DILIGENT,72.94893981691398
5,HEURISTIC.DILIGENT,74.60302753719465
5,HEURISTIC.DILIGENT,72.81290357538131
5,HEURISTIC.DILIGENT,63.19661452017251
5,HEURISTIC.DILIGENT,73.45369578377658
5,HEURISTIC.DILIGENT,74.85755287093811
5,HEURISTIC.DILIGENT,63.394971969703114
5,HEURISTIC.DILIGENT,62.43727555693818
5,HEURISTIC.DILIGENT,74.45880658622869
5,HEURISTIC.DILIGENT,75.86266367339022
5,HEURISTIC.DILIGENT,75.93887037252068
5,HEURISTIC.DILIGENT,74.39187728471026
5,HEURISTIC.DILIGENT,62.46397300797771
5,HEURISTIC.DILIGENT,74.89707905827197
5,HEURISTIC.DILIGENT,76.30093614543352
5,HEURISTIC.DILIGENT,62.4941081401693
5,HEURISTIC.DILIGENT,63.39432959038662
5,HEURISTIC.DILIGENT,63.43184636461719
5,HEURISTIC.DILIGENT,63.39294648164824
5,HEURISTIC.DILIGENT,63.65043188838854
5,HEURISTIC.DILIGENT,73.5617481121633
5,HEURISTIC.DILIGENT,63.79129116909539
5,HEURISTIC.DILIGENT,63.64904877965016
5,HEURISTIC.DILIGENT,74.19311511981604
5,HEURISTIC.DILIGENT,75.5969722069776
5,HEURISTIC.DILIGENT,63.94681572781045
5,HEURISTIC.DILIGENT,63.692818815591565
5,HEURISTIC.DILIGENT,73.76473477791063
5,HEURISTIC.DILIGENT,75.16859186507219
5,HEURISTIC.DILIGENT,75.24479856420265
5,HEURISTIC.DILIGENT,73.69780547639222
5,HEURISTIC.DILIGENT,49.64990730775427
5,HEURISTIC.DILIGENT,68.97780130530427
5,HEURISTIC.DILIGENT,68.45214044634874
5,HEURISTIC.DILIGENT,68.56863442709849
5,HEURISTIC.DILIGENT,69.26353215648791
5,HEURISTIC.DILIGENT,60.70212206760512
5,HEURISTIC.DILIGENT,59.459305247252146
5,HEURISTIC.DILIGENT,69.24951941868939
5,HEURISTIC.DILIGENT,68.72385855973386
5,HEURISTIC.DILIGENT,68.84035254048361
5,HEURISTIC.DILIGENT,59.365069276494566
5,HEURISTIC.DILIGENT,69.04526261577493
5,HEURISTIC.DILIGENT,68.51960175681941
5,HEURISTIC.DILIGENT,68.63609573756915
5,HEURISTIC.DILIGENT,69.33099346695857
5,HEURISTIC.DILIGENT,60.71305904211732
5,HEURISTIC.DILIGENT,68.91498036790762
5,HEURISTIC.DILIGENT,69.5611487845721
5,HEURISTIC.DILIGENT,60.60617391864284
5,HEURISTIC.DILIGENT,68.88794142015385
5,HEURISTIC.DILIGENT,69.48460821281611
5,HEURISTIC.DILIGENT,60.14907182143533
5,HEURISTIC.DILIGENT,60.756750568113645
5,HEURISTIC.DILIGENT,60.26451061922461
5,HEURISTIC.DILIGENT,71.4663222468848
5,HEURISTIC.DILIGENT,72.87017933404634
5,HEURISTIC.DILIGENT,72.94638603317681
5,HEURISTIC.DILIGENT,71.39939294536637
5,HEURISTIC.DILIGENT,71.73949398137461
5,HEURISTIC.DILIGENT,73.39358170165528
5,HEURISTIC.DILIGENT,71.60345773984194
5,HEURISTIC.DILIGENT,71.98339384619379
5,HEURISTIC.DILIGENT,73.00002408644589
5,HEURISTIC.DILIGENT,72.94896905626786
5,HEURISTIC.DILIGENT,72.27373383831193
5,HEURISTIC.DILIGENT,60.97054108246556
5,HEURISTIC.DILIGENT,72.2442499482372
5,HEURISTIC.DILIGENT,73.64810703539874
5,HEURISTIC.DILIGENT,73.7243137345292
5,HEURISTIC.DILIGENT,72.17732064671877
5,HEURISTIC.DILIGENT,72.517421682727
5,HEURISTIC.DILIGENT,74.17150940300768
5,HEURISTIC.DILIGENT,72.38138544119434
5,HEURISTIC.DILIGENT,61.16889853199616
5,HEURISTIC.DILIGENT,72.86785565173774
5,HEURISTIC.DILIGENT,74.27171273889928
5,HEURISTIC.DILIGENT,74.34791943802975
5,HEURISTIC.DILIGENT,72.80092635021931
5,HEURISTIC.DILIGENT,73.14102738622755
5,HEURISTIC.DILIGENT,60.20098143497863
5,HEURISTIC.DILIGENT,73.2289193821841
5,HEURISTIC.DILIGENT,74.63277646934563
5,HEURISTIC.DILIGENT,74.7089831684761
5,HEURISTIC.DILIGENT,73.16199008066567
5,HEURISTIC.DILIGENT,73.50209111667391
5,HEURISTIC.DILIGENT,75.15617883695458
5,HEURISTIC.DILIGENT,73.36605487514123
5,HEURISTIC.DILIGENT,73.7459909814931
5,HEURISTIC.DILIGENT,60.23789957027077
5,HEURISTIC.DILIGENT,73.68763322273261
5,HEURISTIC.DILIGENT,75.09149030989414
5,HEURISTIC.DILIGENT,75.16769700902464
5,HEURISTIC.DILIGENT,73.62070392121419
5,HEURISTIC.DILIGENT,73.96080495722242
5,HEURISTIC.DILIGENT,75.6148926775031
5,HEURISTIC.DILIGENT,73.82476871568974
5,HEURISTIC.DILIGENT,60.26803470246236
5,HEURISTIC.DILIGENT,74.53457271343323
5,HEURISTIC.DILIGENT,75.93842980059478
5,HEURISTIC.DILIGENT,76.01463649972526
5,HEURISTIC.DILIGENT,74.46764341191482
5,HEURISTIC.DILIGENT,74.80774444792304
5,HEURISTIC.DILIGENT,58.135313028810344
5,HEURISTIC.DILIGENT,69.18696224919884
5,HEURISTIC.DILIGENT,68.66130139024331
5,HEURISTIC.DILIGENT,68.77779537099306
5,HEURISTIC.DILIGENT,69.47269310038249
5,HEURISTIC.DILIGENT,61.24016298296958
5,HEURISTIC.DILIGENT,59.90311019185903
5,HEURISTIC.DILIGENT,69.2544235596695
5,HEURISTIC.DILIGENT,68.72876270071399
5,HEURISTIC.DILIGENT,68.84525668146372
5,HEURISTIC.DILIGENT,69.54015441085315
5,HEURISTIC.DILIGENT,61.25109995748179
5,HEURISTIC.DILIGENT,69.12414131180219
5,HEURISTIC.DILIGENT,61.14421483400731
5,HEURISTIC.DILIGENT,69.09710236404842
5,HEURISTIC.DILIGENT,69.69376915671069
5,HEURISTIC.DILIGENT,60.118646150869836
5,HEURISTIC.DILIGENT,69.7012803390904
5,HEURISTIC.DILIGENT,69.17561948013487
5,HEURISTIC.DILIGENT,61.0982916826168
5,HEURISTIC.DILIGENT,60.447337980012584
5,HEURISTIC.DILIGENT,70.96505608162641
5,HEURISTIC.DILIGENT,72.36891316878794
5,HEURISTIC.DILIGENT,72.44511986791842
5,HEURISTIC.DILIGENT,70.89812678010799
5,HEURISTIC.DILIGENT,71.23822781611622
5,HEURISTIC.DILIGENT,72.8923155363969
5,HEURISTIC.DILIGENT,71.10219157458354
5,HEURISTIC.DILIGENT,71.4821276809354
5,HEURISTIC.DILIGENT,72.49875792118749
5,HEURISTIC.DILIGENT,72.44770289100947
5,HEURISTIC.DILIGENT,71.77246767305353
5,HEURISTIC.DILIGENT,61.15336844325354
5,HEURISTIC.DILIGENT,71.74298378297881
5,HEURISTIC.DILIGENT,73.14684087014035
5,HEURISTIC.DILIGENT,73.22304756927082
5,HEURISTIC.DILIGENT,71.67605448146038
5,HEURISTIC.DILIGENT,72.01615551746862
5,HEURISTIC.DILIGENT,73.67024323774929
5,HEURISTIC.DILIGENT,71.88011927593595
5,HEURISTIC.DILIGENT,72.26005538228779
5,HEURISTIC.DILIGENT,73.2766856225399
5,HEURISTIC.DILIGENT,61.351725892784145
5,HEURISTIC.DILIGENT,72.36658948647936
5,HEURISTIC.DILIGENT,73.7704465736409
5,HEURISTIC.DILIGENT,73.84665327277136
5,HEURISTIC.DILIGENT,72.29966018496093
5,HEURISTIC.DILIGENT,72.63976122096916
5,HEURISTIC.DILIGENT,74.29384894124983
5,HEURISTIC.DILIGENT,72.5037249794365
5,HEURISTIC.DILIGENT,60.383808795766605
5,HEURISTIC.DILIGENT,72.72765321692572
5,HEURISTIC.DILIGENT,74.13151030408724
5,HEURISTIC.DILIGENT,74.20771700321771
5,HEURISTIC.DILIGENT,72.66072391540729
5,HEURISTIC.DILIGENT,73.00082495141552
5,HEURISTIC.DILIGENT,74.6549126716962
5,HEURISTIC.DILIGENT,72.86478870988284
5,HEURISTIC.DILIGENT,73.24472481623471
5,HEURISTIC.DILIGENT,74.26135505648679
5,HEURISTIC.DILIGENT,74.21030002630876
5,HEURISTIC.DILIGENT,73.53506480835283
5,HEURISTIC.DILIGENT,60.42072693105875
5,HEURISTIC.DILIGENT,73.18636705747423
5,HEURISTIC.DILIGENT,74.59022414463576
5,HEURISTIC.DILIGENT,74.66643084376625
5,HEURISTIC.DILIGENT,73.1194377559558
5,HEURISTIC.DILIGENT,73.45953879196404
5,HEURISTIC.DILIGENT,75.1136265122447
5,HEURISTIC.DILIGENT,73.32350255043136
5,HEURISTIC.DILIGENT,73.70343865678322
5,HEURISTIC.DILIGENT,74.7200688970353
5,HEURISTIC.DILIGENT,60.45086206325034
5,HEURISTIC.DILIGENT,74.03330654817485
5,HEURISTIC.DILIGENT,75.43716363533639
5,HEURISTIC.DILIGENT,75.51337033446687
5,HEURISTIC.DILIGENT,73.96637724665644
5,HEURISTIC.DILIGENT,74.30647828266466
5,HEURISTIC.DILIGENT,75.96056600294534
5,HEURISTIC.DILIGENT,74.17044204113199
5,HEURISTIC.DILIGENT,61.211136046419476
5,HEURISTIC.DILIGENT,62.37348444695768
5,HEURISTIC.DILIGENT,62.266599323483206
5,HEURISTIC.DILIGENT,61.126548177996085
5,HEURISTIC.DILIGENT,61.52643346742378
5,HEURISTIC.DILIGENT,61.23883525176856
5,HEURISTIC.DILIGENT,71.42401927726118
5,HEURISTIC.DILIGENT,72.82787636442272
5,HEURISTIC.DILIGENT,72.90408306355319
5,HEURISTIC.DILIGENT,71.35708997574275
5,HEURISTIC.DILIGENT,71.69719101175099
5,HEURISTIC.DILIGENT,73.35127873203166
5,HEURISTIC.DILIGENT,71.56115477021832
5,HEURISTIC.DILIGENT,71.94109087657017
5,HEURISTIC.DILIGENT,72.95772111682227
5,HEURISTIC.DILIGENT,72.90666608664424
5,HEURISTIC.DILIGENT,72.2314308686883
5,HEURISTIC.DILIGENT,61.94486571500952
5,HEURISTIC.DILIGENT,72.20194697861359
5,HEURISTIC.DILIGENT,73.60580406577513
5,HEURISTIC.DILIGENT,73.6820107649056
5,HEURISTIC.DILIGENT,72.13501767709516
5,HEURISTIC.DILIGENT,72.47511871310338
5,HEURISTIC.DILIGENT,74.12920643338407
5,HEURISTIC.DILIGENT,72.33908247157072
5,HEURISTIC.DILIGENT,62.143223164540125
5,HEURISTIC.DILIGENT,72.82555268211414
5,HEURISTIC.DILIGENT,74.22940976927566
5,HEURISTIC.DILIGENT,74.30561646840613
5,HEURISTIC.DILIGENT,72.75862338059571
5,HEURISTIC.DILIGENT,73.09872441660394
5,HEURISTIC.DILIGENT,61.18552675177519
5,HEURISTIC.DILIGENT,73.20705778106569
5,HEURISTIC.DILIGENT,74.61091486822724
5,HEURISTIC.DILIGENT,74.6871215673577
5,HEURISTIC.DILIGENT,73.14012847954726
5,HEURISTIC.DILIGENT,73.4802295155555
5,HEURISTIC.DILIGENT,75.13431723583616
5,HEURISTIC.DILIGENT,73.34419327402283
5,HEURISTIC.DILIGENT,73.72412938037468
5,HEURISTIC.DILIGENT,61.212224202814724
5,HEURISTIC.DILIGENT,73.645330253109
5,HEURISTIC.DILIGENT,75.04918734027054
5,HEURISTIC.DILIGENT,75.12539403940102
5,HEURISTIC.DILIGENT,73.57840095159057
5,HEURISTIC.DILIGENT,73.9185019875988
5,HEURISTIC.DILIGENT,75.57258970787947
5,HEURISTIC.DILIGENT,73.78246574606614
5,HEURISTIC.DILIGENT,61.24235933500631
5,HEURISTIC.DILIGENT,74.49226974380962
5,HEURISTIC.DILIGENT,75.89612683097116
5,HEURISTIC.DILIGENT,75.97233353010164
5,HEURISTIC.DILIGENT,74.4253404422912
5,HEURISTIC.DILIGENT,74.76544147829942
5,HEURISTIC.DILIGENT,63.40067457043475
5,HEURISTIC.DILIGENT,73.0924542198432
5,HEURISTIC.DILIGENT,74.49631130700475
5,HEURISTIC.DILIGENT,74.57251800613521
5,HEURISTIC.DILIGENT,73.02552491832478
5,HEURISTIC.DILIGENT,63.59903201996536
5,HEURISTIC.DILIGENT,63.146677658215864
5,HEURISTIC.DILIGENT,73.21859362053493
5,HEURISTIC.DILIGENT,74.62245070769649
5,HEURISTIC.DILIGENT,74.69865740682695
5,HEURISTIC.DILIGENT,73.15166431901652
5,HEURISTIC.DILIGENT,73.49176535502474
5,HEURISTIC.DILIGENT,63.13430621599149
5,HEURISTIC.DILIGENT,63.0805058330033
5,HEURISTIC.DILIGENT,63.937012920026106
5,HEURISTIC.DILIGENT,63.93562981128772
5,HEURISTIC.DILIGENT,50.309992191089
5,HEURISTIC.DILIGENT,61.68388319392372
5,HEURISTIC.DILIGENT,62.58332453665376
5,HEURISTIC.DILIGENT,73.78513616431397
5,HEURISTIC.DILIGENT,75.1889932514755
5,HEURISTIC.DILIGENT,75.26519995060598
5,HEURISTIC.DILIGENT,73.71820686279554
5,HEURISTIC.DILIGENT,63.96783649419535
5,HEURISTIC.DILIGENT,50.080477726282375
5,HEURISTIC.DILIGENT,61.34261238836973
5,HEURISTIC.DILIGENT,61.24837641761215
5,HEURISTIC.DILIGENT,62.14781776034218
5,HEURISTIC.DILIGENT,73.34962938800238
5,HEURISTIC.DILIGENT,74.75348647516392
5,HEURISTIC.DILIGENT,74.8296931742944
5,HEURISTIC.DILIGENT,73.28270008648396
5,HEURISTIC.DILIGENT,73.62280112249219
5,HEURISTIC.DILIGENT,62.85384822358314
5,HEURISTIC.DILIGENT,62.08428857609621
5,HEURISTIC.DILIGENT,62.12120671138834
5,HEURISTIC.DILIGENT,59.4841067929552
5,HEURISTIC.DILIGENT,61.74887831793866
5,HEURISTIC.DILIGENT,62.293106106092225
5,HEURISTIC.DILIGENT,72.81082420770605
5,HEURISTIC.DILIGENT,74.2146812948676
5,HEURISTIC.DILIGENT,74.29088799399807
5,HEURISTIC.DILIGENT,72.74389490618763
5,HEURISTIC.DILIGENT,73.08399594219586
5,HEURISTIC.DILIGENT,74.73808366247653
5,HEURISTIC.DILIGENT,72.94795970066319
5,HEURISTIC.DILIGENT,62.99913656933319
5,HEURISTIC.DILIGENT,73.58875190905846
5,HEURISTIC.DILIGENT,62.229576921846245
5,HEURISTIC.DILIGENT,74.57342134300535
5,HEURISTIC.DILIGENT,75.9772784301669
5,HEURISTIC.DILIGENT,76.05348512929737
5,HEURISTIC.DILIGENT,62.266495057138386
5,HEURISTIC.DILIGENT,75.03213518355386
5,HEURISTIC.DILIGENT,62.99794469751785
5,HEURISTIC.DILIGENT,73.18312872301047
5,HEURISTIC.DILIGENT,74.58698581017201
5,HEURISTIC.DILIGENT,74.66319250930248
5,HEURISTIC.DILIGENT,73.11619942149204
5,HEURISTIC.DILIGENT,73.45630045750028
5,HEURISTIC.DILIGENT,63.70397516075881
5,HEURISTIC.DILIGENT,62.94463619752448
5,HEURISTIC.DILIGENT,62.97133364856401
5,HEURISTIC.DILIGENT,63.236330645829895
5,HEURISTIC.DILIGENT,63.62246303737786
5,HEURISTIC.DILIGENT,74.1401811389917
5,HEURISTIC.DILIGENT,75.54403822615322
5,HEURISTIC.DILIGENT,64.32730162880348
5,HEURISTIC.DILIGENT,63.01233221693596
5,HEURISTIC.DILIGENT,74.21414384459615
5,HEURISTIC.DILIGENT,63.40160642464247
5,HEURISTIC.DILIGENT,73.9193245262563
5,HEURISTIC.DILIGENT,75.32318161341783
5,HEURISTIC.DILIGENT,75.39938831254831
5,HEURISTIC.DILIGENT,64.1064450160681
5,HEURISTIC.DILIGENT,42.885414184707805
5,HEURISTIC.DILIGENT,68.48503340824553
5,HEURISTIC.DILIGENT,67.95937254929
5,HEURISTIC.DILIGENT,68.07586653003975
5,HEURISTIC.DILIGENT,68.77076425942917
5,HEURISTIC.DILIGENT,60.209354170546376
5,HEURISTIC.DILIGENT,58.966537350193406
5,HEURISTIC.DILIGENT,68.75675152163065
5,HEURISTIC.DILIGENT,68.23109066267511
5,HEURISTIC.DILIGENT,68.34758464342487
5,HEURISTIC.DILIGENT,69.04248237281429
5,HEURISTIC.DILIGENT,58.872301379435825
5,HEURISTIC.DILIGENT,68.55249471871619
5,HEURISTIC.DILIGENT,68.02683385976067
5,HEURISTIC.DILIGENT,68.14332784051041
5,HEURISTIC.DILIGENT,68.83822556989983
5,HEURISTIC.DILIGENT,60.22029114505858
5,HEURISTIC.DILIGENT,68.42221247084888
5,HEURISTIC.DILIGENT,69.06838088751336
5,HEURISTIC.DILIGENT,68.53870645159863
5,HEURISTIC.DILIGENT,60.1134060215841
5,HEURISTIC.DILIGENT,68.39517352309511
5,HEURISTIC.DILIGENT,68.99184031575737
5,HEURISTIC.DILIGENT,68.51166750384485
5,HEURISTIC.DILIGENT,59.65630392437659
5,HEURISTIC.DILIGENT,60.263982671054904
5,HEURISTIC.DILIGENT,61.87582138837341
5,HEURISTIC.DILIGENT,59.77174272216587
5,HEURISTIC.DILIGENT,70.97355434982606
5,HEURISTIC.DILIGENT,72.3774114369876
5,HEURISTIC.DILIGENT,72.45361813611807
5,HEURISTIC.DILIGENT,70.90662504830763
5,HEURISTIC.DILIGENT,71.24672608431587
5,HEURISTIC.DILIGENT,42.582431600485215
5,HEURISTIC.DILIGENT,65.49657189013209
5,HEURISTIC.DILIGENT,64.97091103117657
5,HEURISTIC.DILIGENT,65.08740501192631
5,HEURISTIC.DILIGENT,65.78230274131573
5,HEURISTIC.DILIGENT,65.24647692612939
5,HEURISTIC.DILIGENT,66.45015792146154
5,HEURISTIC.DILIGENT,66.1362334319078
5,HEURISTIC.DILIGENT,66.52170750496023
5,HEURISTIC.DILIGENT,58.366722152636186
5,HEURISTIC.DILIGENT,66.51031116737803
5,HEURISTIC.DILIGENT,65.9846503084225
5,HEURISTIC.DILIGENT,66.79604201856166
5,HEURISTIC.DILIGENT,66.10114428917225
5,HEURISTIC.DILIGENT,66.26021620337534
5,HEURISTIC.DILIGENT,67.46389719870749
5,HEURISTIC.DILIGENT,60.272086851935285
5,HEURISTIC.DILIGENT,66.49196050194797
5,HEURISTIC.DILIGENT,67.0176213609035
5,HEURISTIC.DILIGENT,66.60845448269774
5,HEURISTIC.DILIGENT,67.30335221208715
5,HEURISTIC.DILIGENT,66.7675263969008
5,HEURISTIC.DILIGENT,57.178436036955986
5,HEURISTIC.DILIGENT,65.49980770634116
5,HEURISTIC.DILIGENT,64.97414684738564
5,HEURISTIC.DILIGENT,65.09064082813539
5,HEURISTIC.DILIGENT,65.7855385575248
5,HEURISTIC.DILIGENT,65.24971274233847
5,HEURISTIC.DILIGENT,66.45339373767062
5,HEURISTIC.DILIGENT,66.13946924811688
5,HEURISTIC.DILIGENT,66.52494332116932
5,HEURISTIC.DILIGENT,60.03318937046322
5,HEURISTIC.DILIGENT,66.359194213947
5,HEURISTIC.DILIGENT,66.88485507290254
5,HEURISTIC.DILIGENT,66.47568819469676
5,HEURISTIC.DILIGENT,67.17058592408617
5,HEURISTIC.DILIGENT,66.63476010889984
5,HEURISTIC.DILIGENT,57.123905332283215
5,HEURISTIC.DILIGENT,65.79600107356015
5,HEURISTIC.DILIGENT,65.27034021460463
5,HEURISTIC.DILIGENT,66.08173192474379
5,HEURISTIC.DILIGENT,65.38683419535437
5,HEURISTIC.DILIGENT,65.54590610955745
5,HEURISTIC.DILIGENT,66.7495871048896
5,HEURISTIC.DILIGENT,66.43566261533586
5,HEURISTIC.DILIGENT,66.8211366883883
5,HEURISTIC.DILIGENT,60.258794480572675
5,HEURISTIC.DILIGENT,66.56404737655862
5,HEURISTIC.DILIGENT,67.08970823551415
5,HEURISTIC.DILIGENT,66.68054135730839
5,HEURISTIC.DILIGENT,67.3754390866978
5,HEURISTIC.DILIGENT,66.83961327151145
5,HEURISTIC.DILIGENT,58.27077400367391
5,HEURISTIC.DILIGENT,65.39426411499599
5,HEURISTIC.DILIGENT,65.99093090765825
5,HEURISTIC.DILIGENT,65.51075809574573
5,HEURISTIC.DILIGENT,66.23133379850296
5,HEURISTIC.DILIGENT,65.66983000994881
5,HEURISTIC.DILIGENT,66.87351100528096
5,HEURISTIC.DILIGENT,66.55958651572722
5,HEURISTIC.DILIGENT,66.94506058877965
5,HEURISTIC.DILIGENT,58.37765912714839
5,HEURISTIC.DILIGENT,65.42840199928548
5,HEURISTIC.DILIGENT,66.07457041594996
5,HEURISTIC.DILIGENT,65.54489598003524
5,HEURISTIC.DILIGENT,66.31497330679466
5,HEURISTIC.DILIGENT,65.70396789423832
5,HEURISTIC.DILIGENT,66.90764888957047
5,HEURISTIC.DILIGENT,66.59372440001671
5,HEURISTIC.DILIGENT,66.97919847306915
5,HEURISTIC.DILIGENT,57.813671906466396
5,HEURISTIC.DILIGENT,66.59178191003863
5,HEURISTIC.DILIGENT,66.0661210510831
5,HEURISTIC.DILIGENT,66.87751276122226
5,HEURISTIC.DILIGENT,66.18261503183285
5,HEURISTIC.DILIGENT,66.34168694603594
5,HEURISTIC.DILIGENT,67.54536794136808
5,HEURISTIC.DILIGENT,67.23144345181434
5,HEURISTIC.DILIGENT,60.10509057721275
5,HEURISTIC.DILIGENT,67.72530291670637
5,HEURISTIC.DILIGENT,67.19964205775085
5,HEURISTIC.DILIGENT,67.31613603850059
5,HEURISTIC.DILIGENT,68.01103376789001
5,HEURISTIC.DILIGENT,67.47520795270367
5,HEURISTIC.DILIGENT,58.421350653144714
5,HEURISTIC.DILIGENT,67.06437610269055
5,HEURISTIC.DILIGENT,66.53871524373503
5,HEURISTIC.DILIGENT,67.35010695387419
5,HEURISTIC.DILIGENT,66.65520922448476
5,HEURISTIC.DILIGENT,66.81428113868785
5,HEURISTIC.DILIGENT,58.63514116749663
5,HEURISTIC.DILIGENT,68.36800722314041
5,HEURISTIC.DILIGENT,69.77186431030195
5,HEURISTIC.DILIGENT,69.84807100943242
5,HEURISTIC.DILIGENT,68.30107792162198
5,HEURISTIC.DILIGENT,68.64117895763022
5,HEURISTIC.DILIGENT,70.29526667791089
5,HEURISTIC.DILIGENT,68.50514271609754
5,HEURISTIC.DILIGENT,68.8850788224494
5,HEURISTIC.DILIGENT,69.90170906270149
5,HEURISTIC.DILIGENT,69.85065403252347
5,HEURISTIC.DILIGENT,69.17541881456754
5,HEURISTIC.DILIGENT,58.83349861702723
5,HEURISTIC.DILIGENT,68.88841156667485
5,HEURISTIC.DILIGENT,70.29226865383639
5,HEURISTIC.DILIGENT,70.36847535296687
5,HEURISTIC.DILIGENT,68.82148226515642
5,HEURISTIC.DILIGENT,69.16158330116465
5,HEURISTIC.DILIGENT,70.81567102144533
5,HEURISTIC.DILIGENT,69.02554705963199
5,HEURISTIC.DILIGENT,69.40548316598384
5,HEURISTIC.DILIGENT,70.42211340623594
5,HEURISTIC.DILIGENT,70.3710583760579
5,HEURISTIC.DILIGENT,69.69582315810197
5,HEURISTIC.DILIGENT,57.92911070425568
5,HEURISTIC.DILIGENT,69.76001996955175
5,HEURISTIC.DILIGENT,68.35616288239021
5,HEURISTIC.DILIGENT,69.83622666868222
5,HEURISTIC.DILIGENT,68.28923358087178
5,HEURISTIC.DILIGENT,68.62933461688002
5,HEURISTIC.DILIGENT,70.28342233716069
5,HEURISTIC.DILIGENT,68.49329837534735
5,HEURISTIC.DILIGENT,68.8732344816992
5,HEURISTIC.DILIGENT,69.8898647219513
5,HEURISTIC.DILIGENT,69.83880969177326
5,HEURISTIC.DILIGENT,69.16357447381733
5,HEURISTIC.DILIGENT,57.8655815200097
5,HEURISTIC.DILIGENT,71.54758139243648
5,HEURISTIC.DILIGENT,70.14372430527494
5,HEURISTIC.DILIGENT,71.62378809156695
5,HEURISTIC.DILIGENT,70.07679500375652
5,HEURISTIC.DILIGENT,70.41689603976475
5,HEURISTIC.DILIGENT,72.07098376004542
5,HEURISTIC.DILIGENT,70.28085979823207
5,HEURISTIC.DILIGENT,70.66079590458394
5,HEURISTIC.DILIGENT,71.67742614483603
5,HEURISTIC.DILIGENT,71.626371114658
5,HEURISTIC.DILIGENT,70.95113589670206
5,HEURISTIC.DILIGENT,57.902499655301824
5,HEURISTIC.DILIGENT,71.96719769775709
5,HEURISTIC.DILIGENT,70.56334061059553
5,HEURISTIC.DILIGENT,72.04340439688755
5,HEURISTIC.DILIGENT,70.49641130907712
5,HEURISTIC.DILIGENT,70.83651234508534
5,HEURISTIC.DILIGENT,72.49060006536602
5,HEURISTIC.DILIGENT,70.70047610355267
5,HEURISTIC.DILIGENT,71.08041220990454
5,HEURISTIC.DILIGENT,72.09704245015664
5,HEURISTIC.DILIGENT,72.04598741997859
5,HEURISTIC.DILIGENT,71.37075220202266
5,HEURISTIC.DILIGENT,59.13570549925622
5,HEURISTIC.DILIGENT,71.59835863294724
5,HEURISTIC.DILIGENT,73.00221572010877
5,HEURISTIC.DILIGENT,71.53142933142881
5,HEURISTIC.DILIGENT,73.07842241923925
5,HEURISTIC.DILIGENT,71.87153036743703
5,HEURISTIC.DILIGENT,71.73549412590437
5,HEURISTIC.DILIGENT,73.52561808771772
5,HEURISTIC.DILIGENT,72.11543023225622
5,HEURISTIC.DILIGENT,73.13206047250831
5,HEURISTIC.DILIGENT,72.40577022437435
5,HEURISTIC.DILIGENT,73.08100544233028
5,HEURISTIC.DILIGENT,57.93263478749343
5,HEURISTIC.DILIGENT,71.32628862825675
5,HEURISTIC.DILIGENT,72.73014571541829
5,HEURISTIC.DILIGENT,72.80635241454875
5,HEURISTIC.DILIGENT,71.25935932673832
5,HEURISTIC.DILIGENT,71.59946036274654
5,HEURISTIC.DILIGENT,73.25354808302723
5,HEURISTIC.DILIGENT,71.46342412121388
5,HEURISTIC.DILIGENT,71.84336022756573
5,HEURISTIC.DILIGENT,72.85999046781782
5,HEURISTIC.DILIGENT,72.8089354376398
5,HEURISTIC.DILIGENT,72.13370021968386
5,HEURISTIC.DILIGENT,59.10899390059495
5,HEURISTIC.DILIGENT,72.38274898477732
5,HEURISTIC.DILIGENT,73.78660607193886
5,HEURISTIC.DILIGENT,72.3158196832589
5,HEURISTIC.DILIGENT,73.86281277106934
5,HEURISTIC.DILIGENT,72.65592071926713
5,HEURISTIC.DILIGENT,72.51988447773445
5,HEURISTIC.DILIGENT,74.3100084395478
5,HEURISTIC.DILIGENT,72.89982058408631
5,HEURISTIC.DILIGENT,73.19016057620445
5,HEURISTIC.DILIGENT,73.91645082433841
5,HEURISTIC.DILIGENT,73.86539579416038
5,HEURISTIC.DILIGENT,58.63757750517081
5,HEURISTIC.DILIGENT,72.79953976446215
5,HEURISTIC.DILIGENT,74.2033968516237
5,HEURISTIC.DILIGENT,72.73261046294373
5,HEURISTIC.DILIGENT,74.27960355075416
5,HEURISTIC.DILIGENT,73.07271149895196
5,HEURISTIC.DILIGENT,72.93667525741928
5,HEURISTIC.DILIGENT,74.72679921923263
5,HEURISTIC.DILIGENT,73.31661136377114
5,HEURISTIC.DILIGENT,74.33324160402324
5,HEURISTIC.DILIGENT,74.28218657384521
5,HEURISTIC.DILIGENT,73.60695135588927
5,HEURISTIC.DILIGENT,58.20883959711533
5,HEURISTIC.DILIGENT,69.6690223521986
5,HEURISTIC.DILIGENT,69.14336149324308
5,HEURISTIC.DILIGENT,69.25985547399281
5,HEURISTIC.DILIGENT,69.95475320338223
5,HEURISTIC.DILIGENT,61.506317661813554
5,HEURISTIC.DILIGENT,60.318031546133355
5,HEURISTIC.DILIGENT,69.64782615623749
5,HEURISTIC.DILIGENT,69.12216529728195
5,HEURISTIC.DILIGENT,69.2386592780317
5,HEURISTIC.DILIGENT,69.93355700742111
5,HEURISTIC.DILIGENT,61.410369512851275
5,HEURISTIC.DILIGENT,69.51789107814946
5,HEURISTIC.DILIGENT,61.51725463632576
5,HEURISTIC.DILIGENT,60.26350084146058
5,HEURISTIC.DILIGENT,69.98234187872558
5,HEURISTIC.DILIGENT,69.45668101977004
5,HEURISTIC.DILIGENT,70.2680727299092
5,HEURISTIC.DILIGENT,69.5731750005198
5,HEURISTIC.DILIGENT,60.953267415643765
5,HEURISTIC.DILIGENT,61.56094616232207
5,HEURISTIC.DILIGENT,60.32978906334691
5,HEURISTIC.DILIGENT,70.32106895585518
5,HEURISTIC.DILIGENT,71.72492604301672
5,HEURISTIC.DILIGENT,71.80113274214719
5,HEURISTIC.DILIGENT,70.25413965433675
5,HEURISTIC.DILIGENT,70.59424069034499
5,HEURISTIC.DILIGENT,72.24832841062566
5,HEURISTIC.DILIGENT,70.45820444881232
5,HEURISTIC.DILIGENT,70.83814055516416
5,HEURISTIC.DILIGENT,71.85477079541627
5,HEURISTIC.DILIGENT,71.80371576523824
5,HEURISTIC.DILIGENT,71.1284805472823
5,HEURISTIC.DILIGENT,60.52814651287751
5,HEURISTIC.DILIGENT,70.70068195640746
5,HEURISTIC.DILIGENT,72.104539043569
5,HEURISTIC.DILIGENT,72.18074574269949
5,HEURISTIC.DILIGENT,70.63375265488904
5,HEURISTIC.DILIGENT,70.97385369089727
5,HEURISTIC.DILIGENT,72.62794141117794
5,HEURISTIC.DILIGENT,70.83781744936461
5,HEURISTIC.DILIGENT,71.21775355571646
5,HEURISTIC.DILIGENT,72.23438379596855
5,HEURISTIC.DILIGENT,72.18332876579052
5,HEURISTIC.DILIGENT,71.50809354783459
5,HEURISTIC.DILIGENT,60.211438787133616
5,HEURISTIC.DILIGENT,72.25432079175584
5,HEURISTIC.DILIGENT,70.85046370459429
5,HEURISTIC.DILIGENT,72.33052749088631
5,HEURISTIC.DILIGENT,70.78353440307588
5,HEURISTIC.DILIGENT,71.1236354390841
5,HEURISTIC.DILIGENT,72.77772315936477
5,HEURISTIC.DILIGENT,70.98759919755143
5,HEURISTIC.DILIGENT,71.36753530390328
5,HEURISTIC.DILIGENT,72.3841655441554
5,HEURISTIC.DILIGENT,72.33311051397735
5,HEURISTIC.DILIGENT,71.65787529602142
5,HEURISTIC.DILIGENT,60.8303533951065
5,HEURISTIC.DILIGENT,73.30239836153385
5,HEURISTIC.DILIGENT,74.70625544869539
5,HEURISTIC.DILIGENT,73.23546906001542
5,HEURISTIC.DILIGENT,74.78246214782585
5,HEURISTIC.DILIGENT,73.57557009602365
5,HEURISTIC.DILIGENT,73.43953385449097
5,HEURISTIC.DILIGENT,75.22965781630433
5,HEURISTIC.DILIGENT,73.81946996084284
5,HEURISTIC.DILIGENT,60.19906734490924
5,HEURISTIC.DILIGENT,74.06514764700975
5,HEURISTIC.DILIGENT,72.6612905598482
5,HEURISTIC.DILIGENT,74.14135434614022
5,HEURISTIC.DILIGENT,72.59436125832977
5,HEURISTIC.DILIGENT,72.934462294338
5,HEURISTIC.DILIGENT,74.58855001461868
5,HEURISTIC.DILIGENT,72.79842605280534
5,HEURISTIC.DILIGENT,73.17836215915719
5,HEURISTIC.DILIGENT,74.19499239940929
5,HEURISTIC.DILIGENT,74.14393736923125
5,HEURISTIC.DILIGENT,73.46870215127532
5,HEURISTIC.DILIGENT,60.14526696192105
5,HEURISTIC.DILIGENT,74.43708165531655
5,HEURISTIC.DILIGENT,73.03322456815499
5,HEURISTIC.DILIGENT,74.51328835444701
5,HEURISTIC.DILIGENT,72.96629526663658
5,HEURISTIC.DILIGENT,73.3063963026448
5,HEURISTIC.DILIGENT,74.96048402292548
5,HEURISTIC.DILIGENT,73.17036006111213
5,HEURISTIC.DILIGENT,73.550296167464
5,HEURISTIC.DILIGENT,74.5669264077161
5,HEURISTIC.DILIGENT,74.51587137753805
5,HEURISTIC.DILIGENT,73.84063615958212
5,HEURISTIC.DILIGENT,60.803641796445234
5,HEURISTIC.DILIGENT,74.19485701896203
5,HEURISTIC.DILIGENT,75.59871410612357
5,HEURISTIC.DILIGENT,74.12792771744361
5,HEURISTIC.DILIGENT,75.67492080525403
5,HEURISTIC.DILIGENT,74.46802875345183
5,HEURISTIC.DILIGENT,74.33199251191917
5,HEURISTIC.DILIGENT,60.11879546404815
5,HEURISTIC.DILIGENT,73.7547412275802
5,HEURISTIC.DILIGENT,75.15859831474174
5,HEURISTIC.DILIGENT,75.23480501387222
5,HEURISTIC.DILIGENT,73.68781192606178
5,HEURISTIC.DILIGENT,74.02791296207
5,HEURISTIC.DILIGENT,75.68200068235069
5,HEURISTIC.DILIGENT,73.89187672053734
5,HEURISTIC.DILIGENT,74.27181282688919
5,HEURISTIC.DILIGENT,75.28844306714129
5,HEURISTIC.DILIGENT,75.23738803696325
5,HEURISTIC.DILIGENT,74.56215281900731
5,HEURISTIC.DILIGENT,60.33222540102109
5,HEURISTIC.DILIGENT,74.89481967352555
5,HEURISTIC.DILIGENT,76.29867676068707
5,HEURISTIC.DILIGENT,74.82789037200712
5,HEURISTIC.DILIGENT,76.37488345981755
5,HEURISTIC.DILIGENT,75.16799140801534
5,HEURISTIC.DILIGENT,57.833291125159676
5,HEURISTIC.DILIGENT,66.73624798612056
5,HEURISTIC.DILIGENT,67.33291477878282
5,HEURISTIC.DILIGENT,66.8527419668703
5,HEURISTIC.DILIGENT,67.57331766962753
5,HEURISTIC.DILIGENT,67.01181388107338
5,HEURISTIC.DILIGENT,60.08195117270618
5,HEURISTIC.DILIGENT,66.76722752829127
5,HEURISTIC.DILIGENT,67.41339594495575
5,HEURISTIC.DILIGENT,66.88372150904102
5,HEURISTIC.DILIGENT,67.65379883580047
5,HEURISTIC.DILIGENT,67.0427934232441
5,HEURISTIC.DILIGENT,61.97637889749307
5,HEURISTIC.DILIGENT,67.92823592714547
5,HEURISTIC.DILIGENT,68.45389678610098
5,HEURISTIC.DILIGENT,68.0447299078952
5,HEURISTIC.DILIGENT,58.88272808251378
5,HEURISTIC.DILIGENT,66.94435993755404
5,HEURISTIC.DILIGENT,66.41869907859851
5,HEURISTIC.DILIGENT,66.53519305934826
5,HEURISTIC.DILIGENT,67.23009078873767
5,HEURISTIC.DILIGENT,66.69426497355134
5,HEURISTIC.DILIGENT,67.89794596888349
5,HEURISTIC.DILIGENT,67.58402147932975
5,HEURISTIC.DILIGENT,60.071014198193964
5,HEURISTIC.DILIGENT,68.02543170108878
5,HEURISTIC.DILIGENT,67.49977084213324
5,HEURISTIC.DILIGENT,68.3111625522724
5,HEURISTIC.DILIGENT,67.616264822883
5,HEURISTIC.DILIGENT,67.77533673708608
5,HEURISTIC.DILIGENT,58.73396140708341
5,HEURISTIC.DILIGENT,67.07359513799881
5,HEURISTIC.DILIGENT,66.54793427904329
5,HEURISTIC.DILIGENT,66.66442825979303
5,HEURISTIC.DILIGENT,67.35932598918244
5,HEURISTIC.DILIGENT,66.82350017399611
5,HEURISTIC.DILIGENT,68.02718116932826
5,HEURISTIC.DILIGENT,67.71325667977452
5,HEURISTIC.DILIGENT,61.737481416021005
5,HEURISTIC.DILIGENT,67.93984668309471
5,HEURISTIC.DILIGENT,68.46550754205023
5,HEURISTIC.DILIGENT,68.05634066384445
5,HEURISTIC.DILIGENT,68.75123839323388
5,HEURISTIC.DILIGENT,61.96308652613045
5,HEURISTIC.DILIGENT,68.19778053648636
5,HEURISTIC.DILIGENT,68.72344139544188
5,HEURISTIC.DILIGENT,58.94949736609422
5,HEURISTIC.DILIGENT,67.58685633742314
5,HEURISTIC.DILIGENT,67.06119547846761
5,HEURISTIC.DILIGENT,67.87258718860677
5,HEURISTIC.DILIGENT,67.17768945921736
5,HEURISTIC.DILIGENT,67.33676137342044
5,HEURISTIC.DILIGENT,62.007706022353965
5,HEURISTIC.DILIGENT,59.92914289784118
5,HEURISTIC.DILIGENT,68.57937635058849
5,HEURISTIC.DILIGENT,68.05371549163297
5,HEURISTIC.DILIGENT,68.86510720177213
5,HEURISTIC.DILIGENT,68.17020947238271
5,HEURISTIC.DILIGENT,68.32928138658579
5,HEURISTIC.DILIGENT,60.58189280221879
5,HEURISTIC.DILIGENT,69.07358754880842
5,HEURISTIC.DILIGENT,68.54792668985289
5,HEURISTIC.DILIGENT,69.35931839999205
5,HEURISTIC.DILIGENT,68.66442067060264
5,HEURISTIC.DILIGENT,59.984219658477926
5,HEURISTIC.DILIGENT,69.1648884433528
5,HEURISTIC.DILIGENT,70.56874553051433
5,HEURISTIC.DILIGENT,70.6449522296448
5,HEURISTIC.DILIGENT,69.09795914183437
5,HEURISTIC.DILIGENT,69.43806017784259
5,HEURISTIC.DILIGENT,71.09214789812327
5,HEURISTIC.DILIGENT,69.30202393630992
5,HEURISTIC.DILIGENT,69.68196004266179
5,HEURISTIC.DILIGENT,70.69859028291387
5,HEURISTIC.DILIGENT,70.64753525273584
5,HEURISTIC.DILIGENT,69.9723000347799
5,HEURISTIC.DILIGENT,59.27818919523697
5,HEURISTIC.DILIGENT,70.40621977275308
5,HEURISTIC.DILIGENT,69.00236268559152
5,HEURISTIC.DILIGENT,70.48242647188354
5,HEURISTIC.DILIGENT,68.93543338407311
5,HEURISTIC.DILIGENT,69.27553442008133
5,HEURISTIC.DILIGENT,70.929622140362
5,HEURISTIC.DILIGENT,69.13949817854866
5,HEURISTIC.DILIGENT,69.51943428490051
5,HEURISTIC.DILIGENT,70.53606452515263
5,HEURISTIC.DILIGENT,70.48500949497458
5,HEURISTIC.DILIGENT,69.80977427701865
5,HEURISTIC.DILIGENT,60.18257710800853
5,HEURISTIC.DILIGENT,69.7301484663418
5,HEURISTIC.DILIGENT,71.13400555350333
5,HEURISTIC.DILIGENT,71.2102122526338
5,HEURISTIC.DILIGENT,69.66321916482337
5,HEURISTIC.DILIGENT,70.00332020083161
5,HEURISTIC.DILIGENT,71.65740792111228
5,HEURISTIC.DILIGENT,69.86728395929893
5,HEURISTIC.DILIGENT,70.2472200656508
5,HEURISTIC.DILIGENT,71.26385030590288
5,HEURISTIC.DILIGENT,71.21279527572486
5,HEURISTIC.DILIGENT,70.53756005776891
5,HEURISTIC.DILIGENT,59.21466001099099
5,HEURISTIC.DILIGENT,72.18154025485538
5,HEURISTIC.DILIGENT,70.77768316769382
5,HEURISTIC.DILIGENT,72.25774695398584
5,HEURISTIC.DILIGENT,70.7107538661754
5,HEURISTIC.DILIGENT,71.05085490218363
5,HEURISTIC.DILIGENT,72.7049426224643
5,HEURISTIC.DILIGENT,70.91481866065097
5,HEURISTIC.DILIGENT,71.29475476700281
5,HEURISTIC.DILIGENT,72.31138500725491
5,HEURISTIC.DILIGENT,72.26032997707688
5,HEURISTIC.DILIGENT,71.58509475912095
5,HEURISTIC.DILIGENT,59.25157814628314
5,HEURISTIC.DILIGENT,72.60717952627635
5,HEURISTIC.DILIGENT,71.20332243911481
5,HEURISTIC.DILIGENT,72.68338622540682
5,HEURISTIC.DILIGENT,71.1363931375964
5,HEURISTIC.DILIGENT,71.47649417360462
5,HEURISTIC.DILIGENT,73.13058189388529
5,HEURISTIC.DILIGENT,71.34045793207196
5,HEURISTIC.DILIGENT,71.7203940384238
5,HEURISTIC.DILIGENT,72.7370242786759
5,HEURISTIC.DILIGENT,72.68596924849787
5,HEURISTIC.DILIGENT,72.01073403054194
5,HEURISTIC.DILIGENT,60.484783990237524
5,HEURISTIC.DILIGENT,72.4469257025706
5,HEURISTIC.DILIGENT,73.85078278973214
5,HEURISTIC.DILIGENT,72.37999640105217
5,HEURISTIC.DILIGENT,73.9269894888626
5,HEURISTIC.DILIGENT,72.7200974370604
5,HEURISTIC.DILIGENT,72.58406119552774
5,HEURISTIC.DILIGENT,74.37418515734107
5,HEURISTIC.DILIGENT,72.96399730187957
5,HEURISTIC.DILIGENT,73.98062754213169
5,HEURISTIC.DILIGENT,73.25433729399771
5,HEURISTIC.DILIGENT,73.92957251195365
5,HEURISTIC.DILIGENT,59.281713278474726
5,HEURISTIC.DILIGENT,71.97053254793778
5,HEURISTIC.DILIGENT,73.37438963509932
5,HEURISTIC.DILIGENT,73.4505963342298
5,HEURISTIC.DILIGENT,71.90360324641935
5,HEURISTIC.DILIGENT,72.24370428242759
5,HEURISTIC.DILIGENT,73.89779200270826
5,HEURISTIC.DILIGENT,72.10766804089491
5,HEURISTIC.DILIGENT,72.48760414724677
5,HEURISTIC.DILIGENT,73.50423438749887
5,HEURISTIC.DILIGENT,73.45317935732083
5,HEURISTIC.DILIGENT,72.7779441393649
5,HEURISTIC.DILIGENT,60.45807239157626
5,HEURISTIC.DILIGENT,73.18419980399175
5,HEURISTIC.DILIGENT,74.58805689115329
5,HEURISTIC.DILIGENT,73.11727050247333
5,HEURISTIC.DILIGENT,74.66426359028375
5,HEURISTIC.DILIGENT,73.45737153848155
5,HEURISTIC.DILIGENT,73.32133529694889
5,HEURISTIC.DILIGENT,75.11145925876222
5,HEURISTIC.DILIGENT,73.70127140330075
5,HEURISTIC.DILIGENT,73.99161139541886
5,HEURISTIC.DILIGENT,74.71790164355284
5,HEURISTIC.DILIGENT,74.6668466133748
5,HEURISTIC.DILIGENT,59.986655996152116
5,HEURISTIC.DILIGENT,73.5109125332059
5,HEURISTIC.DILIGENT,74.91476962036742
5,HEURISTIC.DILIGENT,73.44398323168747
5,HEURISTIC.DILIGENT,74.9909763194979
5,HEURISTIC.DILIGENT,73.78408426769569
5,HEURISTIC.DILIGENT,73.64804802616302
5,HEURISTIC.DILIGENT,75.43817198797638
5,HEURISTIC.DILIGENT,74.02798413251487
5,HEURISTIC.DILIGENT,75.04461437276697
5,HEURISTIC.DILIGENT,74.99355934258894
5,HEURISTIC.DILIGENT,74.31832412463301
5,HEURISTIC.DILIGENT,58.267640657316264
5,HEURISTIC.DILIGENT,67.76971262446122
5,HEURISTIC.DILIGENT,68.41588104112569
5,HEURISTIC.DILIGENT,67.88620660521096
5,HEURISTIC.DILIGENT,68.65628393197039
5,HEURISTIC.DILIGENT,68.04527851941404
5,HEURISTIC.DILIGENT,60.81171803866549
5,HEURISTIC.DILIGENT,67.74284243134278
5,HEURISTIC.DILIGENT,68.33950922400507
5,HEURISTIC.DILIGENT,67.85933641209255
5,HEURISTIC.DILIGENT,68.57991211484976
5,HEURISTIC.DILIGENT,68.01840832629561
5,HEURISTIC.DILIGENT,62.81303088692687
5,HEURISTIC.DILIGENT,59.75625476160176
5,HEURISTIC.DILIGENT,68.02578177618814
5,HEURISTIC.DILIGENT,67.50012091723262
5,HEURISTIC.DILIGENT,67.61661489798237
5,HEURISTIC.DILIGENT,68.31151262737178
5,HEURISTIC.DILIGENT,67.77568681218544
5,HEURISTIC.DILIGENT,60.90766618762776
5,HEURISTIC.DILIGENT,69.0999636565434
5,HEURISTIC.DILIGENT,68.57430279758788
5,HEURISTIC.DILIGENT,69.38569450772704
5,HEURISTIC.DILIGENT,68.69079677833761
5,HEURISTIC.DILIGENT,62.61100809510899
5,HEURISTIC.DILIGENT,59.67166689317837
5,HEURISTIC.DILIGENT,68.2233770334391
5,HEURISTIC.DILIGENT,67.69771617448359
5,HEURISTIC.DILIGENT,67.81421015523333
5,HEURISTIC.DILIGENT,68.50910788462274
5,HEURISTIC.DILIGENT,67.97328206943641
5,HEURISTIC.DILIGENT,62.83661320521844
5,HEURISTIC.DILIGENT,60.07155218260606
5,HEURISTIC.DILIGENT,68.82064254905471
5,HEURISTIC.DILIGENT,68.29498169009918
5,HEURISTIC.DILIGENT,69.10637340023835
5,HEURISTIC.DILIGENT,68.41147567084893
5,HEURISTIC.DILIGENT,68.57054758505201
5,HEURISTIC.DILIGENT,61.05119771435302
5,HEURISTIC.DILIGENT,69.86905321002982
5,HEURISTIC.DILIGENT,69.34339235107429
5,HEURISTIC.DILIGENT,61.70394761873063
5,HEURISTIC.DILIGENT,60.489984430191804
5,HEURISTIC.DILIGENT,69.34103181621282
5,HEURISTIC.DILIGENT,70.74488890337436
5,HEURISTIC.DILIGENT,70.82109560250483
5,HEURISTIC.DILIGENT,69.27410251469439
5,HEURISTIC.DILIGENT,69.61420355070263
5,HEURISTIC.DILIGENT,71.2682912709833
5,HEURISTIC.DILIGENT,69.47816730916995
5,HEURISTIC.DILIGENT,69.85810341552181
5,HEURISTIC.DILIGENT,70.8747336557739
5,HEURISTIC.DILIGENT,70.82367862559587
5,HEURISTIC.DILIGENT,70.14844340763995
5,HEURISTIC.DILIGENT,60.68834187972241
5,HEURISTIC.DILIGENT,69.90652682738394
5,HEURISTIC.DILIGENT,71.3103839145455
5,HEURISTIC.DILIGENT,71.38659061367596
5,HEURISTIC.DILIGENT,69.83959752586553
5,HEURISTIC.DILIGENT,70.17969856187375
5,HEURISTIC.DILIGENT,71.83378628215442
5,HEURISTIC.DILIGENT,70.04366232034108
5,HEURISTIC.DILIGENT,70.42359842669293
5,HEURISTIC.DILIGENT,71.44022866694505
5,HEURISTIC.DILIGENT,71.389173636767
5,HEURISTIC.DILIGENT,70.71393841881107
5,HEURISTIC.DILIGENT,59.78395396695085
5,HEURISTIC.DILIGENT,70.62469792263104
5,HEURISTIC.DILIGENT,69.22084083546952
5,HEURISTIC.DILIGENT,70.70090462176152
5,HEURISTIC.DILIGENT,69.15391153395109
5,HEURISTIC.DILIGENT,69.49401256995932
5,HEURISTIC.DILIGENT,71.14810029024
5,HEURISTIC.DILIGENT,69.35797632842664
5,HEURISTIC.DILIGENT,69.73791243477851
5,HEURISTIC.DILIGENT,70.75454267503059
5,HEURISTIC.DILIGENT,70.70348764485257
5,HEURISTIC.DILIGENT,70.02825242689663
5,HEURISTIC.DILIGENT,59.730645466957476
5,HEURISTIC.DILIGENT,72.4112690779724
5,HEURISTIC.DILIGENT,71.00741199081087
5,HEURISTIC.DILIGENT,72.48747577710287
5,HEURISTIC.DILIGENT,70.94048268929244
5,HEURISTIC.DILIGENT,71.28058372530067
5,HEURISTIC.DILIGENT,72.93467144558134
5,HEURISTIC.DILIGENT,71.144547483768
5,HEURISTIC.DILIGENT,71.52448359011986
5,HEURISTIC.DILIGENT,72.54111383037196
5,HEURISTIC.DILIGENT,72.49005880019392
5,HEURISTIC.DILIGENT,71.81482358223798
5,HEURISTIC.DILIGENT,59.757342917997
5,HEURISTIC.DILIGENT,72.83111456539623
5,HEURISTIC.DILIGENT,71.42725747823471
5,HEURISTIC.DILIGENT,72.90732126452673
5,HEURISTIC.DILIGENT,71.36032817671628
5,HEURISTIC.DILIGENT,71.70042921272452
5,HEURISTIC.DILIGENT,73.35451693300519
5,HEURISTIC.DILIGENT,71.56439297119184
5,HEURISTIC.DILIGENT,71.9443290775437
5,HEURISTIC.DILIGENT,72.96095931779578
5,HEURISTIC.DILIGENT,72.90990428761776
5,HEURISTIC.DILIGENT,72.23466906966182
5,HEURISTIC.DILIGENT,60.990548761951395
5,HEURISTIC.DILIGENT,72.62320735385659
5,HEURISTIC.DILIGENT,74.02706444101813
5,HEURISTIC.DILIGENT,72.55627805233816
5,HEURISTIC.DILIGENT,74.10327114014859
5,HEURISTIC.DILIGENT,72.8963790883464
5,HEURISTIC.DILIGENT,72.76034284681373
5,HEURISTIC.DILIGENT,74.55046680862706
5,HEURISTIC.DILIGENT,73.14027895316556
5,HEURISTIC.DILIGENT,74.15690919341768
5,HEURISTIC.DILIGENT,73.4306189452837
5,HEURISTIC.DILIGENT,74.10585416323964
5,HEURISTIC.DILIGENT,59.7874780501886
5,HEURISTIC.DILIGENT,72.19089568656808
5,HEURISTIC.DILIGENT,73.59475277372962
5,HEURISTIC.DILIGENT,73.6709594728601
5,HEURISTIC.DILIGENT,72.12396638504967
5,HEURISTIC.DILIGENT,72.46406742105789
5,HEURISTIC.DILIGENT,74.11815514133858
5,HEURISTIC.DILIGENT,72.32803117952523
5,HEURISTIC.DILIGENT,72.70796728587707
5,HEURISTIC.DILIGENT,73.72459752612917
5,HEURISTIC.DILIGENT,73.67354249595114
5,HEURISTIC.DILIGENT,72.9983072779952
5,HEURISTIC.DILIGENT,60.96383716329014
5,HEURISTIC.DILIGENT,73.36056052580038
5,HEURISTIC.DILIGENT,74.76441761296192
5,HEURISTIC.DILIGENT,73.29363122428195
5,HEURISTIC.DILIGENT,74.84062431209239
5,HEURISTIC.DILIGENT,73.63373226029019
5,HEURISTIC.DILIGENT,73.49769601875751
5,HEURISTIC.DILIGENT,75.28781998057086
5,HEURISTIC.DILIGENT,73.87763212510936
5,HEURISTIC.DILIGENT,74.16797211722749
5,HEURISTIC.DILIGENT,74.89426236536146
5,HEURISTIC.DILIGENT,74.84320733518344
5,HEURISTIC.DILIGENT,60.49242076786599
5,HEURISTIC.DILIGENT,73.69972759895782
5,HEURISTIC.DILIGENT,75.10358468611936
5,HEURISTIC.DILIGENT,73.6327982974394
5,HEURISTIC.DILIGENT,75.17979138524983
5,HEURISTIC.DILIGENT,73.97289933344763
5,HEURISTIC.DILIGENT,73.83686309191495
5,HEURISTIC.DILIGENT,75.6269870537283
5,HEURISTIC.DILIGENT,74.2167991982668
5,HEURISTIC.DILIGENT,75.23342943851891
5,HEURISTIC.DILIGENT,75.18237440834088
5,HEURISTIC.DILIGENT,74.50713919038493
5,HEURISTIC.DILIGENT,61.92887960214619
5,HEURISTIC.DILIGENT,61.78011292671582
5,HEURISTIC.DILIGENT,61.32361609290813
5,HEURISTIC.DILIGENT,70.80353604734974
5,HEURISTIC.DILIGENT,72.20739313451128
5,HEURISTIC.DILIGENT,72.28359983364174
5,HEURISTIC.DILIGENT,70.73660674583131
5,HEURISTIC.DILIGENT,71.07670778183954
5,HEURISTIC.DILIGENT,72.73079550212022
5,HEURISTIC.DILIGENT,70.94067154030688
5,HEURISTIC.DILIGENT,71.32060764665871
5,HEURISTIC.DILIGENT,72.33723788691083
5,HEURISTIC.DILIGENT,72.2861828567328
5,HEURISTIC.DILIGENT,71.61094763877685
5,HEURISTIC.DILIGENT,61.37116437480419
5,HEURISTIC.DILIGENT,71.1306339949615
5,HEURISTIC.DILIGENT,72.53449108212304
5,HEURISTIC.DILIGENT,72.61069778125352
5,HEURISTIC.DILIGENT,71.06370469344307
5,HEURISTIC.DILIGENT,71.4038057294513
5,HEURISTIC.DILIGENT,73.05789344973198
5,HEURISTIC.DILIGENT,71.26776948791864
5,HEURISTIC.DILIGENT,71.64770559427049
5,HEURISTIC.DILIGENT,72.66433583452259
5,HEURISTIC.DILIGENT,72.61328080434456
5,HEURISTIC.DILIGENT,71.93804558638863
5,HEURISTIC.DILIGENT,61.32223298416975
5,HEURISTIC.DILIGENT,72.93627793393892
5,HEURISTIC.DILIGENT,71.53242084677737
5,HEURISTIC.DILIGENT,73.01248463306939
5,HEURISTIC.DILIGENT,71.46549154525896
5,HEURISTIC.DILIGENT,71.80559258126718
5,HEURISTIC.DILIGENT,73.45968030154785
5,HEURISTIC.DILIGENT,71.66955633973451
5,HEURISTIC.DILIGENT,72.04949244608636
5,HEURISTIC.DILIGENT,73.06612268633847
5,HEURISTIC.DILIGENT,73.01506765616043
5,HEURISTIC.DILIGENT,72.3398324382045
5,HEURISTIC.DILIGENT,61.64322429946097
5,HEURISTIC.DILIGENT,73.67347559675856
5,HEURISTIC.DILIGENT,75.07733268392012
5,HEURISTIC.DILIGENT,73.60654629524015
5,HEURISTIC.DILIGENT,75.15353938305059
5,HEURISTIC.DILIGENT,73.94664733124837
5,HEURISTIC.DILIGENT,73.8106110897157
5,HEURISTIC.DILIGENT,75.60073505152906
5,HEURISTIC.DILIGENT,61.309861541945374
5,HEURISTIC.DILIGENT,74.7289057346031
5,HEURISTIC.DILIGENT,73.32504864744155
5,HEURISTIC.DILIGENT,74.80511243373357
5,HEURISTIC.DILIGENT,73.25811934592312
5,HEURISTIC.DILIGENT,73.59822038193136
5,HEURISTIC.DILIGENT,75.25230810221203
5,HEURISTIC.DILIGENT,73.46218414039869
5,HEURISTIC.DILIGENT,73.84212024675054
5,HEURISTIC.DILIGENT,74.85875048700264
5,HEURISTIC.DILIGENT,74.8076954568246
5,HEURISTIC.DILIGENT,74.13246023886867
5,HEURISTIC.DILIGENT,61.256061158957195
5,HEURISTIC.DILIGENT,75.07601483747672
5,HEURISTIC.DILIGENT,73.6721577503152
5,HEURISTIC.DILIGENT,75.15222153660721
5,HEURISTIC.DILIGENT,73.60522844879677
5,HEURISTIC.DILIGENT,73.945329484805
5,HEURISTIC.DILIGENT,75.59941720508567
5,HEURISTIC.DILIGENT,73.80929324327232
5,HEURISTIC.DILIGENT,74.18922934962418
5,HEURISTIC.DILIGENT,75.20585958987627
5,HEURISTIC.DILIGENT,75.15480455969825
5,HEURISTIC.DILIGENT,74.4795693417423
5,HEURISTIC.DILIGENT,61.6165127007997
5,HEURISTIC.DILIGENT,74.59013774873625
5,HEURISTIC.DILIGENT,75.9939948358978
5,HEURISTIC.DILIGENT,74.52320844721783
5,HEURISTIC.DILIGENT,76.07020153502827
5,HEURISTIC.DILIGENT,61.22958966108428
5,HEURISTIC.DILIGENT,74.36858550615985
5,HEURISTIC.DILIGENT,75.77244259332139
5,HEURISTIC.DILIGENT,75.84864929245187
5,HEURISTIC.DILIGENT,74.30165620464143
5,HEURISTIC.DILIGENT,74.64175724064965
5,HEURISTIC.DILIGENT,76.29584496093034
5,HEURISTIC.DILIGENT,74.50572099911699
5,HEURISTIC.DILIGENT,61.32605243058232
5,HEURISTIC.DILIGENT,75.37459243408051
5,HEURISTIC.DILIGENT,76.77844952124207
5,HEURISTIC.DILIGENT,75.30766313256208
5,HEURISTIC.DILIGENT,76.85465622037253
5,HEURISTIC.DILIGENT,61.48335388195527
5,HEURISTIC.DILIGENT,70.67799810318292
5,HEURISTIC.DILIGENT,72.08185519034446
5,HEURISTIC.DILIGENT,72.15806188947492
5,HEURISTIC.DILIGENT,70.61106880166449
5,HEURISTIC.DILIGENT,70.95116983767272
5,HEURISTIC.DILIGENT,72.6052575579534
5,HEURISTIC.DILIGENT,70.81513359614004
5,HEURISTIC.DILIGENT,71.1950697024919
5,HEURISTIC.DILIGENT,72.21169994274399
5,HEURISTIC.DILIGENT,72.16064491256597
5,HEURISTIC.DILIGENT,71.48540969461004
5,HEURISTIC.DILIGENT,61.520870656185835
5,HEURISTIC.DILIGENT,71.0001450273216
5,HEURISTIC.DILIGENT,72.40400211448312
5,HEURISTIC.DILIGENT,72.48020881361359
5,HEURISTIC.DILIGENT,70.93321572580317
5,HEURISTIC.DILIGENT,71.2733167618114
5,HEURISTIC.DILIGENT,72.92740448209207
5,HEURISTIC.DILIGENT,71.13728052027872
5,HEURISTIC.DILIGENT,71.51721662663059
5,HEURISTIC.DILIGENT,72.53384686688267
5,HEURISTIC.DILIGENT,72.48279183670465
5,HEURISTIC.DILIGENT,71.8075566187487
5,HEURISTIC.DILIGENT,61.48197077321689
5,HEURISTIC.DILIGENT,72.84738546705489
5,HEURISTIC.DILIGENT,71.44352837989337
5,HEURISTIC.DILIGENT,72.92359216618537
5,HEURISTIC.DILIGENT,71.37659907837494
5,HEURISTIC.DILIGENT,71.71670011438317
5,HEURISTIC.DILIGENT,73.37078783466384
5,HEURISTIC.DILIGENT,71.5806638728505
5,HEURISTIC.DILIGENT,71.96059997920236
5,HEURISTIC.DILIGENT,72.97723021945444
5,HEURISTIC.DILIGENT,72.92617518927642
5,HEURISTIC.DILIGENT,72.25093997132048
5,HEURISTIC.DILIGENT,61.79293058084262
5,HEURISTIC.DILIGENT,73.54237704985043
5,HEURISTIC.DILIGENT,74.94623413701198
5,HEURISTIC.DILIGENT,73.47544774833202
5,HEURISTIC.DILIGENT,75.02244083614245
5,HEURISTIC.DILIGENT,73.81554878434024
5,HEURISTIC.DILIGENT,73.67951254280757
5,HEURISTIC.DILIGENT,75.46963650462092
5,HEURISTIC.DILIGENT,61.469599330992494
5,HEURISTIC.DILIGENT,74.63322874518406
5,HEURISTIC.DILIGENT,73.2293716580225
5,HEURISTIC.DILIGENT,74.70943544431452
5,HEURISTIC.DILIGENT,73.16244235650407
5,HEURISTIC.DILIGENT,73.50254339251231
5,HEURISTIC.DILIGENT,75.15663111279298
5,HEURISTIC.DILIGENT,73.36650715097964
5,HEURISTIC.DILIGENT,73.74644325733149
5,HEURISTIC.DILIGENT,74.76307349758359
5,HEURISTIC.DILIGENT,74.71201846740556
5,HEURISTIC.DILIGENT,74.03678324944963
5,HEURISTIC.DILIGENT,61.41579894800432
5,HEURISTIC.DILIGENT,74.97460632029484
5,HEURISTIC.DILIGENT,73.5707492331333
5,HEURISTIC.DILIGENT,75.0508130194253
5,HEURISTIC.DILIGENT,73.50381993161488
5,HEURISTIC.DILIGENT,73.8439209676231
5,HEURISTIC.DILIGENT,75.49800868790378
5,HEURISTIC.DILIGENT,73.70788472609044
5,HEURISTIC.DILIGENT,74.08782083244229
5,HEURISTIC.DILIGENT,75.10445107269439
5,HEURISTIC.DILIGENT,75.05339604251635
5,HEURISTIC.DILIGENT,74.37816082456042
5,HEURISTIC.DILIGENT,61.76621898218136
5,HEURISTIC.DILIGENT,74.45844245078925
5,HEURISTIC.DILIGENT,75.86229953795079
5,HEURISTIC.DILIGENT,74.39151314927082
5,HEURISTIC.DILIGENT,75.93850623708127
5,HEURISTIC.DILIGENT,74.73161418527906
5,HEURISTIC.DILIGENT,61.389327450131404
5,HEURISTIC.DILIGENT,74.26152970088147
5,HEURISTIC.DILIGENT,75.66538678804301
5,HEURISTIC.DILIGENT,75.74159348717349
5,HEURISTIC.DILIGENT,74.19460039936305
5,HEURISTIC.DILIGENT,74.53470143537128
5,HEURISTIC.DILIGENT,76.18878915565196
5,HEURISTIC.DILIGENT,74.39866519383861
5,HEURISTIC.DILIGENT,74.77860130019046
5,HEURISTIC.DILIGENT,61.48579021962945
5,HEURISTIC.DILIGENT,75.24704544843615
5,HEURISTIC.DILIGENT,76.65090253559768
5,HEURISTIC.DILIGENT,75.18011614691773
5,HEURISTIC.DILIGENT,76.72710923472816
5,HEURISTIC.DILIGENT,62.20528962579176
5,HEURISTIC.DILIGENT,62.12070175736836
5,HEURISTIC.DILIGENT,61.321601386753784
5,HEURISTIC.DILIGENT,70.20239263878473
5,HEURISTIC.DILIGENT,71.60624972594627
5,HEURISTIC.DILIGENT,71.68245642507674
5,HEURISTIC.DILIGENT,70.1354633372663
5,HEURISTIC.DILIGENT,70.47556437327454
5,HEURISTIC.DILIGENT,72.12965209355521
5,HEURISTIC.DILIGENT,70.33952813174187
5,HEURISTIC.DILIGENT,70.7194642380937
5,HEURISTIC.DILIGENT,71.73609447834582
5,HEURISTIC.DILIGENT,71.68503944816779
5,HEURISTIC.DILIGENT,71.00980423021184
5,HEURISTIC.DILIGENT,61.462460667460626
5,HEURISTIC.DILIGENT,70.55231719999492
5,HEURISTIC.DILIGENT,71.95617428715647
5,HEURISTIC.DILIGENT,72.03238098628694
5,HEURISTIC.DILIGENT,70.4853878984765
5,HEURISTIC.DILIGENT,70.82548893448472
5,HEURISTIC.DILIGENT,72.4795766547654
5,HEURISTIC.DILIGENT,70.68945269295206
5,HEURISTIC.DILIGENT,71.06938879930391
5,HEURISTIC.DILIGENT,72.08601903955602
5,HEURISTIC.DILIGENT,72.03496400937797
5,HEURISTIC.DILIGENT,71.35972879142204
5,HEURISTIC.DILIGENT,61.3202182780154
5,HEURISTIC.DILIGENT,72.3258420508948
5,HEURISTIC.DILIGENT,70.92198496373325
5,HEURISTIC.DILIGENT,72.40204875002527
5,HEURISTIC.DILIGENT,70.85505566221484
5,HEURISTIC.DILIGENT,71.19515669822306
5,HEURISTIC.DILIGENT,72.84924441850373
5,HEURISTIC.DILIGENT,71.0591204566904
5,HEURISTIC.DILIGENT,71.43905656304224
5,HEURISTIC.DILIGENT,72.45568680329436
5,HEURISTIC.DILIGENT,72.40463177311631
5,HEURISTIC.DILIGENT,71.72939655516038
5,HEURISTIC.DILIGENT,61.734520592117406
5,HEURISTIC.DILIGENT,73.13795616743052
5,HEURISTIC.DILIGENT,74.54181325459207
5,HEURISTIC.DILIGENT,73.0710268659121
5,HEURISTIC.DILIGENT,74.61801995372254
5,HEURISTIC.DILIGENT,73.41112790192032
5,HEURISTIC.DILIGENT,73.27509166038766
5,HEURISTIC.DILIGENT,75.06521562220101
5,HEURISTIC.DILIGENT,73.65502776673952
5,HEURISTIC.DILIGENT,74.6716580069916
5,HEURISTIC.DILIGENT,73.94536775885764
5,HEURISTIC.DILIGENT,74.62060297681357
5,HEURISTIC.DILIGENT,61.30784683579102
5,HEURISTIC.DILIGENT,74.1146673390277
5,HEURISTIC.DILIGENT,72.71081025186615
5,HEURISTIC.DILIGENT,74.19087403815817
5,HEURISTIC.DILIGENT,72.64388095034772
5,HEURISTIC.DILIGENT,72.98398198635596
5,HEURISTIC.DILIGENT,74.63806970663663
5,HEURISTIC.DILIGENT,72.84794574482329
5,HEURISTIC.DILIGENT,73.22788185117514
5,HEURISTIC.DILIGENT,74.24451209142724
5,HEURISTIC.DILIGENT,74.1934570612492
5,HEURISTIC.DILIGENT,73.51822184329328
5,HEURISTIC.DILIGENT,61.25404645280285
5,HEURISTIC.DILIGENT,74.45954209933215
5,HEURISTIC.DILIGENT,73.05568501217061
5,HEURISTIC.DILIGENT,74.53574879846263
5,HEURISTIC.DILIGENT,72.98875571065219
5,HEURISTIC.DILIGENT,73.32885674666042
5,HEURISTIC.DILIGENT,74.98294446694109
5,HEURISTIC.DILIGENT,73.19282050512776
5,HEURISTIC.DILIGENT,73.5727566114796
5,HEURISTIC.DILIGENT,74.5893868517317
5,HEURISTIC.DILIGENT,74.53833182155367
5,HEURISTIC.DILIGENT,73.86309660359774
5,HEURISTIC.DILIGENT,61.70780899345614
5,HEURISTIC.DILIGENT,74.03563756753552
5,HEURISTIC.DILIGENT,75.43949465469706
5,HEURISTIC.DILIGENT,73.96870826601709
5,HEURISTIC.DILIGENT,75.51570135382752
5,HEURISTIC.DILIGENT,74.30880930202532
5,HEURISTIC.DILIGENT,74.17277306049264
5,HEURISTIC.DILIGENT,75.962897022306
5,HEURISTIC.DILIGENT,61.22757495492993
5,HEURISTIC.DILIGENT,73.75114214818969
5,HEURISTIC.DILIGENT,75.15499923535123
5,HEURISTIC.DILIGENT,75.23120593448171
5,HEURISTIC.DILIGENT,73.68421284667127
5,HEURISTIC.DILIGENT,74.0243138826795
5,HEURISTIC.DILIGENT,75.67840160296018
5,HEURISTIC.DILIGENT,73.88827764114683
5,HEURISTIC.DILIGENT,74.26821374749868
5,HEURISTIC.DILIGENT,75.28484398775078
5,HEURISTIC.DILIGENT,75.23378895757274
5,HEURISTIC.DILIGENT,74.5585537396168
5,HEURISTIC.DILIGENT,61.32403772442797
5,HEURISTIC.DILIGENT,74.77746133403139
5,HEURISTIC.DILIGENT,76.18131842119294
5,HEURISTIC.DILIGENT,74.71053203251296
5,HEURISTIC.DILIGENT,76.25752512032341
5,HEURISTIC.DILIGENT,75.0506330685212
5,HEURISTIC.DILIGENT,74.91459682698853
5,HEURISTIC.DILIGENT,76.70472078880186
5,HEURISTIC.DILIGENT,62.788975906651714
5,HEURISTIC.DILIGENT,61.78130351617915
5,HEURISTIC.DILIGENT,61.8054222192978
5,HEURISTIC.DILIGENT,62.205307508725504
5,HEURISTIC.DILIGENT,61.1207456434332
5,HEURISTIC.DILIGENT,69.63619061034261
5,HEURISTIC.DILIGENT,71.04004769750414
5,HEURISTIC.DILIGENT,71.11625439663462
5,HEURISTIC.DILIGENT,69.56926130882418
5,HEURISTIC.DILIGENT,69.9093623448324
5,HEURISTIC.DILIGENT,71.56345006511309
5,HEURISTIC.DILIGENT,69.77332610329974
5,HEURISTIC.DILIGENT,70.15326220965159
5,HEURISTIC.DILIGENT,71.16989244990368
5,HEURISTIC.DILIGENT,71.11883741972565
5,HEURISTIC.DILIGENT,70.44360220176972
5,HEURISTIC.DILIGENT,61.31910309296381
5,HEURISTIC.DILIGENT,70.07361813321614
5,HEURISTIC.DILIGENT,71.47747522037768
5,HEURISTIC.DILIGENT,71.55368191950816
5,HEURISTIC.DILIGENT,70.00668883169772
5,HEURISTIC.DILIGENT,70.34678986770595
5,HEURISTIC.DILIGENT,72.00087758798662
5,HEURISTIC.DILIGENT,70.21075362617329
5,HEURISTIC.DILIGENT,70.59068973252514
5,HEURISTIC.DILIGENT,71.60731997277723
5,HEURISTIC.DILIGENT,71.5562649425992
5,HEURISTIC.DILIGENT,70.88102972464327
5,HEURISTIC.DILIGENT,60.866748731214315
5,HEURISTIC.DILIGENT,71.52030452767478
5,HEURISTIC.DILIGENT,70.11644744051324
5,HEURISTIC.DILIGENT,71.59651122680525
5,HEURISTIC.DILIGENT,70.04951813899481
5,HEURISTIC.DILIGENT,70.38961917500305
5,HEURISTIC.DILIGENT,72.04370689528372
5,HEURISTIC.DILIGENT,70.25358293347038
5,HEURISTIC.DILIGENT,70.63351903982223
5,HEURISTIC.DILIGENT,71.65014928007433
5,HEURISTIC.DILIGENT,71.5990942498963
5,HEURISTIC.DILIGENT,70.92385903194037
5,HEURISTIC.DILIGENT,61.6213099751928
5,HEURISTIC.DILIGENT,72.74623840771584
5,HEURISTIC.DILIGENT,74.15009549487738
5,HEURISTIC.DILIGENT,72.67930910619741
5,HEURISTIC.DILIGENT,74.22630219400784
5,HEURISTIC.DILIGENT,73.01941014220564
5,HEURISTIC.DILIGENT,72.88337390067298
5,HEURISTIC.DILIGENT,74.67349786248631
5,HEURISTIC.DILIGENT,73.26331000702481
5,HEURISTIC.DILIGENT,74.27994024727693
5,HEURISTIC.DILIGENT,73.55364999914295
5,HEURISTIC.DILIGENT,74.22888521709889
5,HEURISTIC.DILIGENT,60.85437728898994
5,HEURISTIC.DILIGENT,73.3279566698426
5,HEURISTIC.DILIGENT,71.92409958268107
5,HEURISTIC.DILIGENT,73.40416336897309
5,HEURISTIC.DILIGENT,71.85717028116264
5,HEURISTIC.DILIGENT,72.19727131717087
5,HEURISTIC.DILIGENT,73.85135903745154
5,HEURISTIC.DILIGENT,72.0612350756382
5,HEURISTIC.DILIGENT,72.44117118199006
5,HEURISTIC.DILIGENT,73.45780142224216
5,HEURISTIC.DILIGENT,73.40674639206412
5,HEURISTIC.DILIGENT,72.73151117410818
5,HEURISTIC.DILIGENT,60.80057690600175
5,HEURISTIC.DILIGENT,73.69532530262958
5,HEURISTIC.DILIGENT,72.29146821546804
5,HEURISTIC.DILIGENT,73.77153200176005
5,HEURISTIC.DILIGENT,72.22453891394963
5,HEURISTIC.DILIGENT,72.56463994995785
5,HEURISTIC.DILIGENT,74.21872767023852
5,HEURISTIC.DILIGENT,72.42860370842519
5,HEURISTIC.DILIGENT,72.80853981477703
5,HEURISTIC.DILIGENT,73.82517005502913
5,HEURISTIC.DILIGENT,73.7741150248511
5,HEURISTIC.DILIGENT,73.09887980689517
5,HEURISTIC.DILIGENT,61.594598376531536
5,HEURISTIC.DILIGENT,73.58865426905149
5,HEURISTIC.DILIGENT,74.99251135621303
5,HEURISTIC.DILIGENT,73.52172496753306
5,HEURISTIC.DILIGENT,75.06871805534351
5,HEURISTIC.DILIGENT,73.8618260035413
5,HEURISTIC.DILIGENT,73.72578976200862
5,HEURISTIC.DILIGENT,75.51591372382197
5,HEURISTIC.DILIGENT,74.10572586836048
5,HEURISTIC.DILIGENT,60.77410540812885
5,HEURISTIC.DILIGENT,73.01090758878975
5,HEURISTIC.DILIGENT,74.41476467595129
