no.blocks,heuristic,mb_cost_per_iteration
10,HEURISTIC.LAZY,121.98765647836433
10,HEURISTIC.LAZY,214.93949882163838
10,HEURISTIC.LAZY,215.9773416192753
10,HEURISTIC.LAZY,216.14002230256074
10,HEURISTIC.LAZY,216.2394671243315
10,HEURISTIC.LAZY,216.74652840513505
10,HEURISTIC.LAZY,216.8774973914941
10,HEURISTIC.LAZY,217.3390415069967
10,HEURISTIC.LAZY,217.09415580504418
10,HEURISTIC.LAZY,217.32823302925473
10,HEURISTIC.LAZY,217.37782864824914
10,HEURISTIC.LAZY,198.41384145857677
10,HEURISTIC.LAZY,214.80621828328492
10,HEURISTIC.LAZY,215.8151551627982
10,HEURISTIC.LAZY,215.97675381378946
10,HEURISTIC.LAZY,216.0744176623016
10,HEURISTIC.LAZY,216.61427095039167
10,HEURISTIC.LAZY,216.71260307916194
10,HEURISTIC.LAZY,217.19336628485414
10,HEURISTIC.LAZY,216.93176798893498
10,HEURISTIC.LAZY,217.17756318565245
10,HEURISTIC.LAZY,217.2251159774309
10,HEURISTIC.LAZY,198.62390597327186
10,HEURISTIC.LAZY,215.07694194210586
10,HEURISTIC.LAZY,216.1162910577786
10,HEURISTIC.LAZY,216.2790845369733
10,HEURISTIC.LAZY,216.37873208444967
10,HEURISTIC.LAZY,216.88395959774024
10,HEURISTIC.LAZY,217.0167300699294
10,HEURISTIC.LAZY,217.4767995785673
10,HEURISTIC.LAZY,217.23310364069587
10,HEURISTIC.LAZY,217.46623954991557
10,HEURISTIC.LAZY,217.5159595850111
10,HEURISTIC.LAZY,196.27093495278734
10,HEURISTIC.LAZY,213.8439856721098
10,HEURISTIC.LAZY,214.99718818974958
10,HEURISTIC.LAZY,215.16467652474395
10,HEURISTIC.LAZY,215.64665535092462
10,HEURISTIC.LAZY,215.27355244830804
10,HEURISTIC.LAZY,215.90667546117626
10,HEURISTIC.LAZY,216.27910348074172
10,HEURISTIC.LAZY,216.1083519410771
10,HEURISTIC.LAZY,216.28724445557114
10,HEURISTIC.LAZY,216.34502237304292
10,HEURISTIC.LAZY,198.17656529696012
10,HEURISTIC.LAZY,215.76550846763234
10,HEURISTIC.LAZY,216.76972637726794
10,HEURISTIC.LAZY,216.93158935053572
10,HEURISTIC.LAZY,217.0297793313637
10,HEURISTIC.LAZY,217.57392934826916
10,HEURISTIC.LAZY,217.6679368579484
10,HEURISTIC.LAZY,218.14828487615952
10,HEURISTIC.LAZY,217.88641841177682
10,HEURISTIC.LAZY,218.1316503118742
10,HEURISTIC.LAZY,218.17902874625412
10,HEURISTIC.LAZY,199.31589655514387
10,HEURISTIC.LAZY,216.95550346731517
10,HEURISTIC.LAZY,218.10578281756784
10,HEURISTIC.LAZY,218.27240720142004
10,HEURISTIC.LAZY,218.75658102668348
10,HEURISTIC.LAZY,218.3792451582434
10,HEURISTIC.LAZY,219.01409123150847
10,HEURISTIC.LAZY,219.39541386809265
10,HEURISTIC.LAZY,219.21896131928548
10,HEURISTIC.LAZY,219.40391700430922
10,HEURISTIC.LAZY,219.46142276798048
10,HEURISTIC.LAZY,193.25696419538963
10,HEURISTIC.LAZY,213.389881447182
10,HEURISTIC.LAZY,213.47048324108405
10,HEURISTIC.LAZY,213.66715378597888
10,HEURISTIC.LAZY,213.25977017369854
10,HEURISTIC.LAZY,214.29664308554754
10,HEURISTIC.LAZY,213.9351767472366
10,HEURISTIC.LAZY,214.23024443913008
10,HEURISTIC.LAZY,214.78228582813205
10,HEURISTIC.LAZY,214.4934705195211
10,HEURISTIC.LAZY,214.80462082029683
10,HEURISTIC.LAZY,193.091641873394
10,HEURISTIC.LAZY,214.3289906413837
10,HEURISTIC.LAZY,214.4095268475125
10,HEURISTIC.LAZY,214.56591510652743
10,HEURISTIC.LAZY,214.35857983297262
10,HEURISTIC.LAZY,215.18673875414328
10,HEURISTIC.LAZY,215.11388588817687
10,HEURISTIC.LAZY,215.40098772932325
10,HEURISTIC.LAZY,215.78540945062042
10,HEURISTIC.LAZY,215.63537361404389
10,HEURISTIC.LAZY,215.85827578936437
10,HEURISTIC.LAZY,192.91989592514992
10,HEURISTIC.LAZY,212.78571086761377
10,HEURISTIC.LAZY,214.01236753277794
10,HEURISTIC.LAZY,214.13869889381243
10,HEURISTIC.LAZY,214.09087301951178
10,HEURISTIC.LAZY,214.74426176516158
10,HEURISTIC.LAZY,214.89224835551224
10,HEURISTIC.LAZY,215.16388695361323
10,HEURISTIC.LAZY,215.40543850900852
10,HEURISTIC.LAZY,215.36688632104247
10,HEURISTIC.LAZY,215.5137274542733
10,HEURISTIC.LAZY,199.68585737708142
10,HEURISTIC.LAZY,219.7091437218603
10,HEURISTIC.LAZY,220.97687553336436
10,HEURISTIC.LAZY,221.1464568647723
10,HEURISTIC.LAZY,221.50117376593334
10,HEURISTIC.LAZY,221.26069314723523
10,HEURISTIC.LAZY,221.88713807772376
10,HEURISTIC.LAZY,222.1810983033371
10,HEURISTIC.LAZY,222.20913221628882
10,HEURISTIC.LAZY,222.0775476025774
10,HEURISTIC.LAZY,222.27446032218458
10,HEURISTIC.LAZY,194.26313886245282
10,HEURISTIC.LAZY,213.59190842947538
10,HEURISTIC.LAZY,214.84864356224693
10,HEURISTIC.LAZY,214.9991788196968
10,HEURISTIC.LAZY,214.82238396321645
10,HEURISTIC.LAZY,215.61739284900403
10,HEURISTIC.LAZY,215.58840453517286
10,HEURISTIC.LAZY,215.87314458894247
10,HEURISTIC.LAZY,216.22979461364253
10,HEURISTIC.LAZY,216.1018552058983
10,HEURISTIC.LAZY,216.30996967702987
10,HEURISTIC.LAZY,198.59283232135053
10,HEURISTIC.LAZY,218.70203923851938
10,HEURISTIC.LAZY,219.85524175615916
10,HEURISTIC.LAZY,220.02273009115353
10,HEURISTIC.LAZY,220.5047089173342
10,HEURISTIC.LAZY,220.13160601471762
10,HEURISTIC.LAZY,220.76472902758584
10,HEURISTIC.LAZY,221.1371570471513
10,HEURISTIC.LAZY,220.96640550748668
10,HEURISTIC.LAZY,221.14529802198072
10,HEURISTIC.LAZY,221.2030759394525
10,HEURISTIC.LAZY,194.25545889896688
10,HEURISTIC.LAZY,213.91319859749723
10,HEURISTIC.LAZY,215.16148934724797
10,HEURISTIC.LAZY,215.30447438965095
10,HEURISTIC.LAZY,215.1631236746391
10,HEURISTIC.LAZY,215.91875963638256
10,HEURISTIC.LAZY,215.93908327561402
10,HEURISTIC.LAZY,216.22119556923028
10,HEURISTIC.LAZY,216.54775314283495
10,HEURISTIC.LAZY,216.44396807913932
10,HEURISTIC.LAZY,216.63618259708988
10,HEURISTIC.LAZY,199.64530603514785
10,HEURISTIC.LAZY,220.31681762261985
10,HEURISTIC.LAZY,221.60752821394036
10,HEURISTIC.LAZY,222.10703571980847
10,HEURISTIC.LAZY,221.77755091404447
10,HEURISTIC.LAZY,221.89327843555336
10,HEURISTIC.LAZY,222.51721963628455
10,HEURISTIC.LAZY,222.79359044153077
10,HEURISTIC.LAZY,222.8252076518566
10,HEURISTIC.LAZY,222.70437552568356
10,HEURISTIC.LAZY,222.8919780215864
10,HEURISTIC.LAZY,198.88591647738104
10,HEURISTIC.LAZY,219.66100005993627
10,HEURISTIC.LAZY,220.87950546265063
10,HEURISTIC.LAZY,221.0485186583358
10,HEURISTIC.LAZY,221.45910440055422
10,HEURISTIC.LAZY,221.1611674911406
10,HEURISTIC.LAZY,221.7899868501131
10,HEURISTIC.LAZY,222.11611832057275
10,HEURISTIC.LAZY,221.984312032344
10,HEURISTIC.LAZY,222.13505381953627
10,HEURISTIC.LAZY,222.1971132810517
10,HEURISTIC.LAZY,199.46438531548242
10,HEURISTIC.LAZY,220.48215403028988
10,HEURISTIC.LAZY,221.77201347573043
10,HEURISTIC.LAZY,222.27303612516445
10,HEURISTIC.LAZY,221.9421012344233
10,HEURISTIC.LAZY,222.05808353227337
10,HEURISTIC.LAZY,222.68158421192666
10,HEURISTIC.LAZY,222.9577744032113
10,HEURISTIC.LAZY,222.98894222182747
10,HEURISTIC.LAZY,222.86831661948236
10,HEURISTIC.LAZY,223.05561607039715
10,HEURISTIC.LAZY,193.44578139434373
10,HEURISTIC.LAZY,215.62496750662996
10,HEURISTIC.LAZY,215.70178349715545
10,HEURISTIC.LAZY,215.36008098640238
10,HEURISTIC.LAZY,215.93102348420172
10,HEURISTIC.LAZY,216.54616548176165
10,HEURISTIC.LAZY,215.97449322283256
10,HEURISTIC.LAZY,216.27011612136704
10,HEURISTIC.LAZY,216.54470632563465
10,HEURISTIC.LAZY,216.91915800048542
10,HEURISTIC.LAZY,216.90451054630677
10,HEURISTIC.LAZY,194.25875191288696
10,HEURISTIC.LAZY,215.56666920271158
10,HEURISTIC.LAZY,216.79332586787575
10,HEURISTIC.LAZY,216.91965722891024
10,HEURISTIC.LAZY,216.87183135460958
10,HEURISTIC.LAZY,217.5252201002594
10,HEURISTIC.LAZY,217.67320669061004
10,HEURISTIC.LAZY,217.94484528871104
10,HEURISTIC.LAZY,218.18639684410633
10,HEURISTIC.LAZY,218.14784465614028
10,HEURISTIC.LAZY,218.2946857893711
10,HEURISTIC.LAZY,194.25624694043358
10,HEURISTIC.LAZY,216.02569933277485
10,HEURISTIC.LAZY,217.25460601397953
10,HEURISTIC.LAZY,217.38493731114366
10,HEURISTIC.LAZY,217.3330085515031
10,HEURISTIC.LAZY,217.99402972563473
10,HEURISTIC.LAZY,218.13670348676052
10,HEURISTIC.LAZY,218.40686951187928
10,HEURISTIC.LAZY,218.64710471903504
10,HEURISTIC.LAZY,218.60790949288346
10,HEURISTIC.LAZY,218.7537299706225
10,HEURISTIC.LAZY,193.15088342868108
10,HEURISTIC.LAZY,217.3014013874212
10,HEURISTIC.LAZY,217.3819086233284
10,HEURISTIC.LAZY,217.58297349109847
10,HEURISTIC.LAZY,217.22099170053082
10,HEURISTIC.LAZY,218.21162498839564
10,HEURISTIC.LAZY,217.96572678061142
10,HEURISTIC.LAZY,218.25324105694676
10,HEURISTIC.LAZY,218.70457777456818
10,HEURISTIC.LAZY,218.49148340661722
10,HEURISTIC.LAZY,218.74640500721904
10,HEURISTIC.LAZY,193.10090294352912
10,HEURISTIC.LAZY,217.38329704231012
10,HEURISTIC.LAZY,217.4643417914071
10,HEURISTIC.LAZY,217.64461906588673
10,HEURISTIC.LAZY,217.39060843375643
10,HEURISTIC.LAZY,218.27366764379394
10,HEURISTIC.LAZY,218.1643732104268
10,HEURISTIC.LAZY,218.44601300595585
10,HEURISTIC.LAZY,218.82216972503642
10,HEURISTIC.LAZY,218.6706077626199
10,HEURISTIC.LAZY,218.88657220885187
10,HEURISTIC.LAZY,193.08939581224223
10,HEURISTIC.LAZY,217.56638677732835
10,HEURISTIC.LAZY,217.64727490472052
10,HEURISTIC.LAZY,217.81753384512717
10,HEURISTIC.LAZY,217.61530208034185
10,HEURISTIC.LAZY,218.4448590234672
10,HEURISTIC.LAZY,218.4013591511375
10,HEURISTIC.LAZY,218.67925354416775
10,HEURISTIC.LAZY,219.01731170417713
10,HEURISTIC.LAZY,218.89627899556191
10,HEURISTIC.LAZY,219.09236831178862
10,HEURISTIC.LAZY,171.68556857649764
10,HEURISTIC.LAZY,196.16063294424228
10,HEURISTIC.LAZY,196.2114785385021
10,HEURISTIC.LAZY,196.7772750293542
10,HEURISTIC.LAZY,196.72600851470702
10,HEURISTIC.LAZY,197.33735861566228
10,HEURISTIC.LAZY,197.0741538551148
10,HEURISTIC.LAZY,197.3079533192658
10,HEURISTIC.LAZY,197.71872386577888
10,HEURISTIC.LAZY,197.6972728507971
10,HEURISTIC.LAZY,189.33864401080365
10,HEURISTIC.LAZY,197.6551956560292
10,HEURISTIC.LAZY,197.71050722118224
10,HEURISTIC.LAZY,198.149574146862
10,HEURISTIC.LAZY,198.2580216340533
10,HEURISTIC.LAZY,198.72056767609615
10,HEURISTIC.LAZY,198.60699875940531
10,HEURISTIC.LAZY,198.83485874664814
10,HEURISTIC.LAZY,199.19228290772782
10,HEURISTIC.LAZY,199.19151956668838
10,HEURISTIC.LAZY,189.33881021860338
10,HEURISTIC.LAZY,197.8427844166555
10,HEURISTIC.LAZY,197.89810972804418
10,HEURISTIC.LAZY,198.3382972626689
10,HEURISTIC.LAZY,198.44597406048587
10,HEURISTIC.LAZY,198.90919766532198
10,HEURISTIC.LAZY,198.7949548003984
10,HEURISTIC.LAZY,199.02269254124388
10,HEURISTIC.LAZY,199.37990491083983
10,HEURISTIC.LAZY,199.37909745820815
10,HEURISTIC.LAZY,189.34241874936512
10,HEURISTIC.LAZY,198.0192661356495
10,HEURISTIC.LAZY,198.07622798815322
10,HEURISTIC.LAZY,198.4790261318241
10,HEURISTIC.LAZY,198.63897247801168
10,HEURISTIC.LAZY,199.05091209563653
10,HEURISTIC.LAZY,198.98780493806436
10,HEURISTIC.LAZY,199.21165472476224
10,HEURISTIC.LAZY,199.54522319776595
10,HEURISTIC.LAZY,199.5520888010101
10,HEURISTIC.LAZY,189.46249390736085
10,HEURISTIC.LAZY,198.50749839554953
10,HEURISTIC.LAZY,198.55681889849
10,HEURISTIC.LAZY,199.1211861187713
10,HEURISTIC.LAZY,199.05057322186093
10,HEURISTIC.LAZY,199.68435471980058
10,HEURISTIC.LAZY,199.39674678818008
10,HEURISTIC.LAZY,199.63512682785452
10,HEURISTIC.LAZY,200.06853051716072
10,HEURISTIC.LAZY,200.04166308305236
10,HEURISTIC.LAZY,189.34283372951128
10,HEURISTIC.LAZY,199.46233712627424
10,HEURISTIC.LAZY,199.52035082802288
10,HEURISTIC.LAZY,199.9097444491439
10,HEURISTIC.LAZY,200.09406170144783
10,HEURISTIC.LAZY,200.48160234997187
10,HEURISTIC.LAZY,200.4423827126303
10,HEURISTIC.LAZY,200.66281821347027
10,HEURISTIC.LAZY,200.98125592543713
10,HEURISTIC.LAZY,200.99205163662725
10,HEURISTIC.LAZY,189.46600750283886
10,HEURISTIC.LAZY,201.27660143316297
10,HEURISTIC.LAZY,201.03638547074377
10,HEURISTIC.LAZY,201.722068213162
10,HEURISTIC.LAZY,201.47280194243962
10,HEURISTIC.LAZY,202.26876789761877
10,HEURISTIC.LAZY,201.8123870080547
10,HEURISTIC.LAZY,202.05756658677006
10,HEURISTIC.LAZY,202.5576584484329
10,HEURISTIC.LAZY,202.50589703444547
10,HEURISTIC.LAZY,189.4901932153544
10,HEURISTIC.LAZY,202.04562200281268
10,HEURISTIC.LAZY,201.78516347432114
10,HEURISTIC.LAZY,202.4951551985301
10,HEURISTIC.LAZY,202.2111178729708
10,HEURISTIC.LAZY,203.03699235770347
10,HEURISTIC.LAZY,202.5493947176432
10,HEURISTIC.LAZY,202.79536678918618
10,HEURISTIC.LAZY,203.3060672911691
10,HEURISTIC.LAZY,203.2499697754995
10,HEURISTIC.LAZY,189.42225340318936
10,HEURISTIC.LAZY,201.61337486450736
10,HEURISTIC.LAZY,201.66422045876715
10,HEURISTIC.LAZY,202.23001694961928
10,HEURISTIC.LAZY,202.17875043497207
10,HEURISTIC.LAZY,202.79010053592737
10,HEURISTIC.LAZY,202.5268957753799
10,HEURISTIC.LAZY,202.7606952395309
10,HEURISTIC.LAZY,203.171465786044
10,HEURISTIC.LAZY,203.15001477106222
10,HEURISTIC.LAZY,189.45047873309727
10,HEURISTIC.LAZY,202.4922952769474
10,HEURISTIC.LAZY,202.2311311635513
10,HEURISTIC.LAZY,202.9426520837509
10,HEURISTIC.LAZY,202.66108062645512
10,HEURISTIC.LAZY,203.4834323375484
10,HEURISTIC.LAZY,203.0002712410167
10,HEURISTIC.LAZY,203.2456868660383
10,HEURISTIC.LAZY,203.7521551433328
10,HEURISTIC.LAZY,203.6972053777409
10,HEURISTIC.LAZY,189.28896055525433
10,HEURISTIC.LAZY,202.39607825744952
10,HEURISTIC.LAZY,202.19722038562543
10,HEURISTIC.LAZY,202.8371294023775
10,HEURISTIC.LAZY,202.6757314711142
10,HEURISTIC.LAZY,203.38820721306217
10,HEURISTIC.LAZY,203.021219540299
10,HEURISTIC.LAZY,203.26073822850617
10,HEURISTIC.LAZY,203.7153307841396
10,HEURISTIC.LAZY,203.67851741988719
10,HEURISTIC.LAZY,198.95272110176649
10,HEURISTIC.LAZY,214.43179558362652
10,HEURISTIC.LAZY,214.4413657711869
10,HEURISTIC.LAZY,213.33887702746557
10,HEURISTIC.LAZY,214.84555250380922
10,HEURISTIC.LAZY,214.8017653247614
10,HEURISTIC.LAZY,215.62053741564281
10,HEURISTIC.LAZY,215.701016978583
10,HEURISTIC.LAZY,215.85458917164277
10,HEURISTIC.LAZY,215.92511259517445
10,HEURISTIC.LAZY,215.98796563240978
10,HEURISTIC.LAZY,198.88761111089502
10,HEURISTIC.LAZY,214.50469897765464
10,HEURISTIC.LAZY,214.5144092571319
10,HEURISTIC.LAZY,213.41210078063426
10,HEURISTIC.LAZY,214.91829066028697
10,HEURISTIC.LAZY,214.87528731402355
10,HEURISTIC.LAZY,215.69402040775486
10,HEURISTIC.LAZY,215.77380012060513
10,HEURISTIC.LAZY,215.92793383888227
10,HEURISTIC.LAZY,215.99797442511166
10,HEURISTIC.LAZY,216.06112873680934
10,HEURISTIC.LAZY,200.03651968758632
10,HEURISTIC.LAZY,215.66079803969353
10,HEURISTIC.LAZY,215.68252781726187
10,HEURISTIC.LAZY,214.5923647259482
10,HEURISTIC.LAZY,216.0518719469676
10,HEURISTIC.LAZY,216.07105172446185
10,HEURISTIC.LAZY,216.88723352616017
10,HEURISTIC.LAZY,216.91426209451134
10,HEURISTIC.LAZY,217.11386756350424
10,HEURISTIC.LAZY,217.14827114327414
10,HEURISTIC.LAZY,217.23620832684225
10,HEURISTIC.LAZY,198.28287512564742
10,HEURISTIC.LAZY,215.2663885459276
10,HEURISTIC.LAZY,215.2773372578204
10,HEURISTIC.LAZY,214.17667650336614
10,HEURISTIC.LAZY,215.67864643647937
10,HEURISTIC.LAZY,215.64264347813688
10,HEURISTIC.LAZY,216.4609805450716
10,HEURISTIC.LAZY,216.53448752934025
10,HEURISTIC.LAZY,216.69359506162118
10,HEURISTIC.LAZY,216.75929950475972
10,HEURISTIC.LAZY,216.82511511601177
10,HEURISTIC.LAZY,200.47994313363546
10,HEURISTIC.LAZY,217.02917138731982
10,HEURISTIC.LAZY,217.06080457516447
10,HEURISTIC.LAZY,215.98088713310503
10,HEURISTIC.LAZY,217.4015530351241
10,HEURISTIC.LAZY,217.47246692123338
10,HEURISTIC.LAZY,218.26816976645569
10,HEURISTIC.LAZY,218.2852967748953
10,HEURISTIC.LAZY,218.50529447506898
10,HEURISTIC.LAZY,218.50978816527407
10,HEURISTIC.LAZY,218.6181773851407
10,HEURISTIC.LAZY,198.247459455902
10,HEURISTIC.LAZY,216.11885232378592
10,HEURISTIC.LAZY,216.13496036377302
10,HEURISTIC.LAZY,215.039790550853
10,HEURISTIC.LAZY,216.52222949358995
10,HEURISTIC.LAZY,216.51322034923237
10,HEURISTIC.LAZY,217.33034130619222
10,HEURISTIC.LAZY,217.38088463719137
10,HEURISTIC.LAZY,217.5594806716392
10,HEURISTIC.LAZY,217.60963092444422
10,HEURISTIC.LAZY,217.68601757769437
10,HEURISTIC.LAZY,198.3824179466837
10,HEURISTIC.LAZY,216.8424365749066
10,HEURISTIC.LAZY,216.8640906225394
10,HEURISTIC.LAZY,215.77471266069696
10,HEURISTIC.LAZY,217.235824874355
10,HEURISTIC.LAZY,217.255677727575
10,HEURISTIC.LAZY,218.0712249569022
10,HEURISTIC.LAZY,218.09732904622985
10,HEURISTIC.LAZY,218.29671133214333
10,HEURISTIC.LAZY,218.33033595695488
10,HEURISTIC.LAZY,218.41801579470183
10,HEURISTIC.LAZY,200.56035148360277
10,HEURISTIC.LAZY,218.5616147645014
10,HEURISTIC.LAZY,218.60324003042217
10,HEURISTIC.LAZY,217.53381580754692
10,HEURISTIC.LAZY,218.91491853139274
10,HEURISTIC.LAZY,219.03826156951186
10,HEURISTIC.LAZY,219.7846184091666
10,HEURISTIC.LAZY,219.84647426357023
10,HEURISTIC.LAZY,220.0334756035623
10,HEURISTIC.LAZY,220.0593018884482
10,HEURISTIC.LAZY,220.16233095599299
10,HEURISTIC.LAZY,199.07844444371142
10,HEURISTIC.LAZY,218.45153220981285
10,HEURISTIC.LAZY,218.48759833675018
10,HEURISTIC.LAZY,217.41305123267284
10,HEURISTIC.LAZY,218.81747634271642
10,HEURISTIC.LAZY,218.91223588362288
10,HEURISTIC.LAZY,219.68507204742252
10,HEURISTIC.LAZY,219.72238030659287
10,HEURISTIC.LAZY,219.9382930848825
10,HEURISTIC.LAZY,219.9290545392547
10,HEURISTIC.LAZY,220.0460598710609
10,HEURISTIC.LAZY,199.4438381268023
10,HEURISTIC.LAZY,218.79813651060633
10,HEURISTIC.LAZY,218.83807674822773
10,HEURISTIC.LAZY,217.76741736392336
10,HEURISTIC.LAZY,219.1561897667742
10,HEURISTIC.LAZY,219.27107031499688
10,HEURISTIC.LAZY,220.0250996796874
10,HEURISTIC.LAZY,220.07951820818704
10,HEURISTIC.LAZY,220.27207780788075
10,HEURISTIC.LAZY,220.29288611567205
10,HEURISTIC.LAZY,220.39705088518087
10,HEURISTIC.LAZY,183.5721139311653
10,HEURISTIC.LAZY,215.33200958024156
10,HEURISTIC.LAZY,216.36985237787846
10,HEURISTIC.LAZY,216.5325330611639
10,HEURISTIC.LAZY,216.63197788293468
10,HEURISTIC.LAZY,217.13903916373823
10,HEURISTIC.LAZY,217.27000815009723
10,HEURISTIC.LAZY,217.73155226559982
10,HEURISTIC.LAZY,217.48666656364733
10,HEURISTIC.LAZY,217.72074378785788
10,HEURISTIC.LAZY,217.7703394068523
10,HEURISTIC.LAZY,198.8082148300139
10,HEURISTIC.LAZY,215.17435518166803
10,HEURISTIC.LAZY,216.1832920611813
10,HEURISTIC.LAZY,216.34489071217257
10,HEURISTIC.LAZY,216.44255456068473
10,HEURISTIC.LAZY,216.98240784877478
10,HEURISTIC.LAZY,217.08073997754505
10,HEURISTIC.LAZY,217.56150318323725
10,HEURISTIC.LAZY,217.2999048873181
10,HEURISTIC.LAZY,217.54570008403556
10,HEURISTIC.LAZY,217.59325287581402
10,HEURISTIC.LAZY,199.0281827549853
10,HEURISTIC.LAZY,215.4648856610416
10,HEURISTIC.LAZY,216.50423477671433
10,HEURISTIC.LAZY,216.66702825590903
10,HEURISTIC.LAZY,216.7666758033854
10,HEURISTIC.LAZY,217.27190331667597
10,HEURISTIC.LAZY,217.40467378886513
10,HEURISTIC.LAZY,217.86474329750303
10,HEURISTIC.LAZY,217.6210473596316
10,HEURISTIC.LAZY,217.8541832688513
10,HEURISTIC.LAZY,217.90390330394683
10,HEURISTIC.LAZY,196.68545738375505
10,HEURISTIC.LAZY,214.25242068955401
10,HEURISTIC.LAZY,215.40562320719386
10,HEURISTIC.LAZY,215.5731115421882
10,HEURISTIC.LAZY,216.0550903683689
10,HEURISTIC.LAZY,215.6819874657523
10,HEURISTIC.LAZY,216.3151104786205
10,HEURISTIC.LAZY,216.68753849818597
10,HEURISTIC.LAZY,216.51678695852132
10,HEURISTIC.LAZY,216.6956794730154
10,HEURISTIC.LAZY,216.7534573904872
10,HEURISTIC.LAZY,198.55224640892746
10,HEURISTIC.LAZY,216.09626084707588
10,HEURISTIC.LAZY,217.10047875671148
10,HEURISTIC.LAZY,217.26234172997925
10,HEURISTIC.LAZY,217.36053171080724
10,HEURISTIC.LAZY,217.9046817277127
10,HEURISTIC.LAZY,217.99868923739194
10,HEURISTIC.LAZY,218.47903725560306
10,HEURISTIC.LAZY,218.21717079122035
10,HEURISTIC.LAZY,218.46240269131775
10,HEURISTIC.LAZY,218.50978112569766
10,HEURISTIC.LAZY,199.74331177572623
10,HEURISTIC.LAZY,217.38972406398878
10,HEURISTIC.LAZY,218.54000341424145
10,HEURISTIC.LAZY,218.70662779809365
10,HEURISTIC.LAZY,219.19080162335712
10,HEURISTIC.LAZY,218.81346575491705
10,HEURISTIC.LAZY,219.44831182818206
10,HEURISTIC.LAZY,219.82963446476626
10,HEURISTIC.LAZY,219.65318191595907
10,HEURISTIC.LAZY,219.83813760098283
10,HEURISTIC.LAZY,219.8956433646541
10,HEURISTIC.LAZY,193.43504045804315
10,HEURISTIC.LAZY,213.32542412799796
10,HEURISTIC.LAZY,213.4060259219
10,HEURISTIC.LAZY,213.60269646679484
10,HEURISTIC.LAZY,213.1953128545145
10,HEURISTIC.LAZY,214.2321857663635
10,HEURISTIC.LAZY,213.87071942805255
10,HEURISTIC.LAZY,214.16578711994603
10,HEURISTIC.LAZY,214.717828508948
10,HEURISTIC.LAZY,214.42901320033707
10,HEURISTIC.LAZY,214.7401635011128
10,HEURISTIC.LAZY,193.24376645215835
10,HEURISTIC.LAZY,214.2126299544213
10,HEURISTIC.LAZY,214.29316616055007
10,HEURISTIC.LAZY,214.449554419565
10,HEURISTIC.LAZY,214.2422191460102
10,HEURISTIC.LAZY,215.07037806718085
10,HEURISTIC.LAZY,214.99752520121444
10,HEURISTIC.LAZY,215.28462704236082
10,HEURISTIC.LAZY,215.669048763658
10,HEURISTIC.LAZY,215.51901292708146
10,HEURISTIC.LAZY,215.74191510240195
10,HEURISTIC.LAZY,193.1067328942101
10,HEURISTIC.LAZY,212.738774961243
10,HEURISTIC.LAZY,213.96543162640717
10,HEURISTIC.LAZY,214.09176298744165
10,HEURISTIC.LAZY,214.043937113141
10,HEURISTIC.LAZY,214.6973258587908
10,HEURISTIC.LAZY,214.84531244914146
10,HEURISTIC.LAZY,215.11695104724245
10,HEURISTIC.LAZY,215.35850260263774
10,HEURISTIC.LAZY,215.3199504146717
10,HEURISTIC.LAZY,215.46679154790252
10,HEURISTIC.LAZY,194.41137404376025
10,HEURISTIC.LAZY,213.4677689475991
10,HEURISTIC.LAZY,214.72450408037065
10,HEURISTIC.LAZY,214.8750393378205
10,HEURISTIC.LAZY,214.69824448134017
10,HEURISTIC.LAZY,215.49325336712775
10,HEURISTIC.LAZY,215.46426505329657
10,HEURISTIC.LAZY,215.74900510706618
10,HEURISTIC.LAZY,216.10565513176624
10,HEURISTIC.LAZY,215.977715724022
10,HEURISTIC.LAZY,216.18583019515359
10,HEURISTIC.LAZY,194.3996016578405
10,HEURISTIC.LAZY,213.78087427075326
10,HEURISTIC.LAZY,215.029165020504
10,HEURISTIC.LAZY,215.17215006290698
10,HEURISTIC.LAZY,215.03079934789514
10,HEURISTIC.LAZY,215.7864353096386
10,HEURISTIC.LAZY,215.80675894887005
10,HEURISTIC.LAZY,216.0888712424863
10,HEURISTIC.LAZY,216.41542881609098
10,HEURISTIC.LAZY,216.31164375239536
10,HEURISTIC.LAZY,216.50385827034592
10,HEURISTIC.LAZY,198.97274001710568
10,HEURISTIC.LAZY,219.04124478553854
10,HEURISTIC.LAZY,220.19444730317838
10,HEURISTIC.LAZY,220.36193563817272
10,HEURISTIC.LAZY,220.84391446435342
10,HEURISTIC.LAZY,220.4708115617368
10,HEURISTIC.LAZY,221.10393457460503
10,HEURISTIC.LAZY,221.4763625941705
10,HEURISTIC.LAZY,221.30561105450585
10,HEURISTIC.LAZY,221.4845035689999
10,HEURISTIC.LAZY,221.54228148647172
10,HEURISTIC.LAZY,200.10992064962738
10,HEURISTIC.LAZY,220.1366604224611
10,HEURISTIC.LAZY,221.40439223396515
10,HEURISTIC.LAZY,221.57397356537308
10,HEURISTIC.LAZY,221.92869046653414
10,HEURISTIC.LAZY,221.68820984783602
10,HEURISTIC.LAZY,222.31465477832455
10,HEURISTIC.LAZY,222.6086150039379
10,HEURISTIC.LAZY,222.6366489168896
10,HEURISTIC.LAZY,222.5050643031782
10,HEURISTIC.LAZY,222.70197702278537
10,HEURISTIC.LAZY,200.06273297052343
10,HEURISTIC.LAZY,220.73106164887986
10,HEURISTIC.LAZY,222.02177224020036
10,HEURISTIC.LAZY,222.52127974606847
10,HEURISTIC.LAZY,222.19179494030448
10,HEURISTIC.LAZY,222.30752246181336
10,HEURISTIC.LAZY,222.93146366254456
10,HEURISTIC.LAZY,223.20783446779078
10,HEURISTIC.LAZY,223.2394516781166
10,HEURISTIC.LAZY,223.11861955194357
10,HEURISTIC.LAZY,223.3062220478464
10,HEURISTIC.LAZY,199.2734335231918
10,HEURISTIC.LAZY,220.0154243070666
10,HEURISTIC.LAZY,221.23392970978097
10,HEURISTIC.LAZY,221.40294290546618
10,HEURISTIC.LAZY,221.81352864768456
10,HEURISTIC.LAZY,221.51559173827098
10,HEURISTIC.LAZY,222.14441109724345
10,HEURISTIC.LAZY,222.47054256770312
10,HEURISTIC.LAZY,222.33873627947438
10,HEURISTIC.LAZY,222.48947806666663
10,HEURISTIC.LAZY,222.5515375281821
10,HEURISTIC.LAZY,193.62840111868832
10,HEURISTIC.LAZY,215.56959711082794
10,HEURISTIC.LAZY,215.64641310135346
10,HEURISTIC.LAZY,215.3047105906004
10,HEURISTIC.LAZY,215.87565308839973
10,HEURISTIC.LAZY,216.49079508595963
10,HEURISTIC.LAZY,215.91912282703058
10,HEURISTIC.LAZY,216.21474572556508
10,HEURISTIC.LAZY,216.48933592983266
10,HEURISTIC.LAZY,216.86378760468347
10,HEURISTIC.LAZY,216.84914015050478
10,HEURISTIC.LAZY,199.87235439759175
10,HEURISTIC.LAZY,220.87748235001737
10,HEURISTIC.LAZY,222.16734179545796
10,HEURISTIC.LAZY,222.66836444489195
10,HEURISTIC.LAZY,222.3374295541508
10,HEURISTIC.LAZY,222.4534118520009
10,HEURISTIC.LAZY,223.07691253165416
10,HEURISTIC.LAZY,223.3531027229388
10,HEURISTIC.LAZY,223.38427054155494
10,HEURISTIC.LAZY,223.26364493920983
10,HEURISTIC.LAZY,223.45094439012468
10,HEURISTIC.LAZY,194.3949021507499
10,HEURISTIC.LAZY,215.41835983394634
10,HEURISTIC.LAZY,216.6450164991105
10,HEURISTIC.LAZY,216.771347860145
10,HEURISTIC.LAZY,216.72352198584434
10,HEURISTIC.LAZY,217.37691073149415
10,HEURISTIC.LAZY,217.5248973218448
10,HEURISTIC.LAZY,217.7965359199458
10,HEURISTIC.LAZY,218.0380874753411
10,HEURISTIC.LAZY,217.99953528737504
10,HEURISTIC.LAZY,218.14637642060586
10,HEURISTIC.LAZY,194.39376481628312
10,HEURISTIC.LAZY,215.8801252399828
10,HEURISTIC.LAZY,217.10903192118747
10,HEURISTIC.LAZY,217.2393632183516
10,HEURISTIC.LAZY,217.18743445871104
10,HEURISTIC.LAZY,217.84845563284267
10,HEURISTIC.LAZY,217.99112939396846
10,HEURISTIC.LAZY,218.26129541908722
10,HEURISTIC.LAZY,218.50153062624298
10,HEURISTIC.LAZY,218.4623354000914
10,HEURISTIC.LAZY,218.60815587783043
10,HEURISTIC.LAZY,193.3099704884885
10,HEURISTIC.LAZY,217.19896566254477
10,HEURISTIC.LAZY,217.27947289845198
10,HEURISTIC.LAZY,217.48053776622203
10,HEURISTIC.LAZY,217.11855597565437
10,HEURISTIC.LAZY,218.10918926351923
10,HEURISTIC.LAZY,217.86329105573498
10,HEURISTIC.LAZY,218.15080533207038
10,HEURISTIC.LAZY,218.60214204969174
10,HEURISTIC.LAZY,218.3890476817408
10,HEURISTIC.LAZY,218.64396928234262
10,HEURISTIC.LAZY,193.25317281758566
10,HEURISTIC.LAZY,217.26722694593207
10,HEURISTIC.LAZY,217.34827169502904
10,HEURISTIC.LAZY,217.52854896950868
10,HEURISTIC.LAZY,217.27453833737837
10,HEURISTIC.LAZY,218.1575975474159
10,HEURISTIC.LAZY,218.04830311404874
10,HEURISTIC.LAZY,218.3299429095778
10,HEURISTIC.LAZY,218.70609962865836
10,HEURISTIC.LAZY,218.55453766624186
10,HEURISTIC.LAZY,218.77050211247382
10,HEURISTIC.LAZY,193.23822961669046
10,HEURISTIC.LAZY,217.44344454173367
10,HEURISTIC.LAZY,217.52433266912584
10,HEURISTIC.LAZY,217.6945916095325
10,HEURISTIC.LAZY,217.49235984474717
10,HEURISTIC.LAZY,218.3219167878725
10,HEURISTIC.LAZY,218.27841691554283
10,HEURISTIC.LAZY,218.55631130857307
10,HEURISTIC.LAZY,218.89436946858245
10,HEURISTIC.LAZY,218.77333675996724
10,HEURISTIC.LAZY,218.96942607619394
10,HEURISTIC.LAZY,171.19830205365224
10,HEURISTIC.LAZY,196.44132932653852
10,HEURISTIC.LAZY,196.49217492079833
10,HEURISTIC.LAZY,197.05797141165044
10,HEURISTIC.LAZY,197.00670489700326
10,HEURISTIC.LAZY,197.61805499795852
10,HEURISTIC.LAZY,197.35485023741103
10,HEURISTIC.LAZY,197.58864970156205
10,HEURISTIC.LAZY,197.99942024807513
10,HEURISTIC.LAZY,197.97796923309335
10,HEURISTIC.LAZY,189.63386480330576
10,HEURISTIC.LAZY,197.8483854810409
10,HEURISTIC.LAZY,197.90369704619394
10,HEURISTIC.LAZY,198.3427639718737
10,HEURISTIC.LAZY,198.451211459065
10,HEURISTIC.LAZY,198.91375750110785
10,HEURISTIC.LAZY,198.80018858441701
10,HEURISTIC.LAZY,199.02804857165984
10,HEURISTIC.LAZY,199.38547273273952
10,HEURISTIC.LAZY,199.38470939170008
10,HEURISTIC.LAZY,189.63396542333223
10,HEURISTIC.LAZY,198.03584306612066
10,HEURISTIC.LAZY,198.09116837750935
10,HEURISTIC.LAZY,198.53135591213407
10,HEURISTIC.LAZY,198.63903270995104
10,HEURISTIC.LAZY,199.10225631478716
10,HEURISTIC.LAZY,198.98801344986356
10,HEURISTIC.LAZY,199.21575119070906
10,HEURISTIC.LAZY,199.572963560305
10,HEURISTIC.LAZY,199.57215610767332
10,HEURISTIC.LAZY,189.5972916682141
10,HEURISTIC.LAZY,198.13176021335494
10,HEURISTIC.LAZY,198.18872206585863
10,HEURISTIC.LAZY,198.5915202095295
10,HEURISTIC.LAZY,198.75146655571712
10,HEURISTIC.LAZY,199.16340617334194
10,HEURISTIC.LAZY,199.1002990157698
10,HEURISTIC.LAZY,199.32414880246762
10,HEURISTIC.LAZY,199.65771727547136
10,HEURISTIC.LAZY,199.6645828787155
10,HEURISTIC.LAZY,189.91741516493533
10,HEURISTIC.LAZY,199.020089150706
10,HEURISTIC.LAZY,199.06940965364646
10,HEURISTIC.LAZY,199.6337768739278
10,HEURISTIC.LAZY,199.56316397701744
10,HEURISTIC.LAZY,200.19694547495703
10,HEURISTIC.LAZY,199.90933754333656
10,HEURISTIC.LAZY,200.147717583011
10,HEURISTIC.LAZY,200.5811212723172
10,HEURISTIC.LAZY,200.5542538382088
10,HEURISTIC.LAZY,189.58904099640742
10,HEURISTIC.LAZY,199.557499900074
10,HEURISTIC.LAZY,199.61551360182264
10,HEURISTIC.LAZY,200.00490722294364
10,HEURISTIC.LAZY,200.18922447524758
10,HEURISTIC.LAZY,200.57676512377162
10,HEURISTIC.LAZY,200.53754548643005
10,HEURISTIC.LAZY,200.75798098727003
10,HEURISTIC.LAZY,201.07641869923688
10,HEURISTIC.LAZY,201.087214410427
10,HEURISTIC.LAZY,190.00082824207954
10,HEURISTIC.LAZY,201.9489911516518
10,HEURISTIC.LAZY,201.7087751892326
10,HEURISTIC.LAZY,202.39445793165083
10,HEURISTIC.LAZY,202.14519166092845
10,HEURISTIC.LAZY,202.9411576161076
10,HEURISTIC.LAZY,202.48477672654354
10,HEURISTIC.LAZY,202.7299563052589
10,HEURISTIC.LAZY,203.23004816692173
10,HEURISTIC.LAZY,203.1782867529343
10,HEURISTIC.LAZY,190.01704810384797
10,HEURISTIC.LAZY,202.70208001980728
10,HEURISTIC.LAZY,202.44162149131574
10,HEURISTIC.LAZY,203.15161321552472
10,HEURISTIC.LAZY,202.8675758899654
10,HEURISTIC.LAZY,203.6934503746981
10,HEURISTIC.LAZY,203.2058527346378
10,HEURISTIC.LAZY,203.45182480618075
10,HEURISTIC.LAZY,203.96252530816372
10,HEURISTIC.LAZY,203.90642779249413
10,HEURISTIC.LAZY,189.7814886239781
10,HEURISTIC.LAZY,201.93459354609232
10,HEURISTIC.LAZY,201.98543914035213
10,HEURISTIC.LAZY,202.55123563120424
10,HEURISTIC.LAZY,202.49996911655705
10,HEURISTIC.LAZY,203.11131921751232
10,HEURISTIC.LAZY,202.84811445696482
10,HEURISTIC.LAZY,203.08191392111584
10,HEURISTIC.LAZY,203.49268446762892
10,HEURISTIC.LAZY,203.47123345264714
10,HEURISTIC.LAZY,189.94849342592045
10,HEURISTIC.LAZY,203.09107290260124
10,HEURISTIC.LAZY,202.82990878920515
10,HEURISTIC.LAZY,203.54142970940472
10,HEURISTIC.LAZY,203.25985825210896
10,HEURISTIC.LAZY,204.08220996320225
10,HEURISTIC.LAZY,203.59904886667053
10,HEURISTIC.LAZY,203.84446449169215
10,HEURISTIC.LAZY,204.35093276898664
10,HEURISTIC.LAZY,204.29598300339472
10,HEURISTIC.LAZY,189.6987271226223
10,HEURISTIC.LAZY,202.81835963219294
10,HEURISTIC.LAZY,202.6195017603688
10,HEURISTIC.LAZY,203.2594107771209
10,HEURISTIC.LAZY,203.0980128458576
10,HEURISTIC.LAZY,203.81048858780554
10,HEURISTIC.LAZY,203.44350091504236
10,HEURISTIC.LAZY,203.68301960324956
10,HEURISTIC.LAZY,204.137612158883
10,HEURISTIC.LAZY,204.10079879463058
10,HEURISTIC.LAZY,198.71345034924434
10,HEURISTIC.LAZY,213.55600231858978
10,HEURISTIC.LAZY,213.56557250615015
10,HEURISTIC.LAZY,212.4630837624288
10,HEURISTIC.LAZY,213.96975923877244
10,HEURISTIC.LAZY,213.92597205972461
10,HEURISTIC.LAZY,214.74474415060604
10,HEURISTIC.LAZY,214.82522371354622
10,HEURISTIC.LAZY,214.97879590660597
10,HEURISTIC.LAZY,215.04931933013768
10,HEURISTIC.LAZY,215.11217236737303
10,HEURISTIC.LAZY,198.65324662225743
10,HEURISTIC.LAZY,213.63871824038694
10,HEURISTIC.LAZY,213.64842851986418
10,HEURISTIC.LAZY,212.54612004336656
10,HEURISTIC.LAZY,214.05230992301927
10,HEURISTIC.LAZY,214.00930657675582
10,HEURISTIC.LAZY,214.8280396704871
10,HEURISTIC.LAZY,214.90781938333737
10,HEURISTIC.LAZY,215.06195310161453
10,HEURISTIC.LAZY,215.13199368784393
10,HEURISTIC.LAZY,215.19514799954158
10,HEURISTIC.LAZY,199.7692686274084
10,HEURISTIC.LAZY,214.72904415934516
10,HEURISTIC.LAZY,214.75077393691356
10,HEURISTIC.LAZY,213.66061084559982
10,HEURISTIC.LAZY,215.12011806661926
10,HEURISTIC.LAZY,215.1392978441135
10,HEURISTIC.LAZY,215.95547964581183
10,HEURISTIC.LAZY,215.982508214163
10,HEURISTIC.LAZY,216.18211368315588
10,HEURISTIC.LAZY,216.21651726292583
10,HEURISTIC.LAZY,216.30445444649388
10,HEURISTIC.LAZY,198.09925227389985
10,HEURISTIC.LAZY,214.50189108243993
10,HEURISTIC.LAZY,214.5128397943327
10,HEURISTIC.LAZY,213.41217903987845
10,HEURISTIC.LAZY,214.91414897299165
10,HEURISTIC.LAZY,214.8781460146492
10,HEURISTIC.LAZY,215.69648308158395
10,HEURISTIC.LAZY,215.76999006585254
10,HEURISTIC.LAZY,215.92909759813347
10,HEURISTIC.LAZY,215.99480204127207
10,HEURISTIC.LAZY,216.06061765252406
10,HEURISTIC.LAZY,200.2174323655862
10,HEURISTIC.LAZY,216.1068980912288
10,HEURISTIC.LAZY,216.13853127907345
10,HEURISTIC.LAZY,215.058613837014
10,HEURISTIC.LAZY,216.47927973903307
10,HEURISTIC.LAZY,216.55019362514236
10,HEURISTIC.LAZY,217.34589647036466
10,HEURISTIC.LAZY,217.36302347880428
10,HEURISTIC.LAZY,217.58302117897796
10,HEURISTIC.LAZY,217.58751486918305
10,HEURISTIC.LAZY,217.6959040890497
10,HEURISTIC.LAZY,198.08386631395354
10,HEURISTIC.LAZY,215.39441427989644
10,HEURISTIC.LAZY,215.41052231988354
10,HEURISTIC.LAZY,214.31535250696356
10,HEURISTIC.LAZY,215.79779144970047
10,HEURISTIC.LAZY,215.78878230534286
10,HEURISTIC.LAZY,216.60590326230277
10,HEURISTIC.LAZY,216.6564465933019
10,HEURISTIC.LAZY,216.83504262774971
10,HEURISTIC.LAZY,216.88519288055474
10,HEURISTIC.LAZY,216.96157953380487
10,HEURISTIC.LAZY,198.22503364980898
10,HEURISTIC.LAZY,216.1304162211647
10,HEURISTIC.LAZY,216.1520702687975
10,HEURISTIC.LAZY,215.06269230695506
10,HEURISTIC.LAZY,216.5238045206131
10,HEURISTIC.LAZY,216.54365737383313
10,HEURISTIC.LAZY,217.35920460316032
10,HEURISTIC.LAZY,217.3853086924879
10,HEURISTIC.LAZY,217.58469097840145
10,HEURISTIC.LAZY,217.61831560321298
10,HEURISTIC.LAZY,217.70599544095992
10,HEURISTIC.LAZY,200.3201066746371
10,HEURISTIC.LAZY,217.68387338657746
10,HEURISTIC.LAZY,217.72549865249823
10,HEURISTIC.LAZY,216.65607442962298
10,HEURISTIC.LAZY,218.0371771534688
10,HEURISTIC.LAZY,218.16052019158792
10,HEURISTIC.LAZY,218.90687703124266
10,HEURISTIC.LAZY,218.9687328856463
10,HEURISTIC.LAZY,219.15573422563835
10,HEURISTIC.LAZY,219.18156051052426
10,HEURISTIC.LAZY,219.28458957806905
10,HEURISTIC.LAZY,198.9107928453194
10,HEURISTIC.LAZY,217.7189772530362
10,HEURISTIC.LAZY,217.75504337997359
10,HEURISTIC.LAZY,216.6804962758962
10,HEURISTIC.LAZY,218.08492138593977
10,HEURISTIC.LAZY,218.1796809268463
10,HEURISTIC.LAZY,218.95251709064593
10,HEURISTIC.LAZY,218.98982534981621
10,HEURISTIC.LAZY,219.2057381281059
10,HEURISTIC.LAZY,219.19649958247808
10,HEURISTIC.LAZY,219.31350491428424
10,HEURISTIC.LAZY,199.2623840287743
10,HEURISTIC.LAZY,218.03797655455784
10,HEURISTIC.LAZY,218.07791679217925
10,HEURISTIC.LAZY,217.00725740787487
10,HEURISTIC.LAZY,218.3960298107257
10,HEURISTIC.LAZY,218.5109103589484
10,HEURISTIC.LAZY,219.26493972363892
10,HEURISTIC.LAZY,219.31935825213856
10,HEURISTIC.LAZY,219.51191785183227
10,HEURISTIC.LAZY,219.53272615962356
10,HEURISTIC.LAZY,219.6368909291324
10,HEURISTIC.LAZY,173.61857064494538
10,HEURISTIC.LAZY,198.03066531918495
10,HEURISTIC.LAZY,198.08597688433798
10,HEURISTIC.LAZY,198.52504381001773
10,HEURISTIC.LAZY,198.63349129720905
10,HEURISTIC.LAZY,199.0960373392519
10,HEURISTIC.LAZY,198.98246842256106
10,HEURISTIC.LAZY,199.21032840980388
10,HEURISTIC.LAZY,199.56775257088356
10,HEURISTIC.LAZY,199.56698922984413
10,HEURISTIC.LAZY,187.46794083017298
10,HEURISTIC.LAZY,196.6367685240401
10,HEURISTIC.LAZY,196.6876141182999
10,HEURISTIC.LAZY,197.253410609152
10,HEURISTIC.LAZY,197.20214409450483
10,HEURISTIC.LAZY,197.8134941954601
10,HEURISTIC.LAZY,197.5502894349126
10,HEURISTIC.LAZY,197.78408889906362
10,HEURISTIC.LAZY,198.1948594455767
10,HEURISTIC.LAZY,198.17340843059492
10,HEURISTIC.LAZY,189.9530353654066
10,HEURISTIC.LAZY,198.2175123451106
10,HEURISTIC.LAZY,198.27283765649932
10,HEURISTIC.LAZY,198.71302519112402
10,HEURISTIC.LAZY,198.820701988941
10,HEURISTIC.LAZY,199.2839255937771
10,HEURISTIC.LAZY,199.16968272885353
10,HEURISTIC.LAZY,199.397420469699
10,HEURISTIC.LAZY,199.75463283929497
10,HEURISTIC.LAZY,199.7538253866633
10,HEURISTIC.LAZY,189.91050860872335
10,HEURISTIC.LAZY,198.30172348921468
10,HEURISTIC.LAZY,198.3586853417184
10,HEURISTIC.LAZY,198.76148348538928
10,HEURISTIC.LAZY,198.92142983157686
10,HEURISTIC.LAZY,199.3333694492017
10,HEURISTIC.LAZY,199.27026229162954
10,HEURISTIC.LAZY,199.49411207832742
10,HEURISTIC.LAZY,199.82768055133113
10,HEURISTIC.LAZY,199.83454615457526
10,HEURISTIC.LAZY,190.2611725225191
10,HEURISTIC.LAZY,199.2511332607148
10,HEURISTIC.LAZY,199.30045376365524
10,HEURISTIC.LAZY,199.86482098393657
10,HEURISTIC.LAZY,199.79420808702622
10,HEURISTIC.LAZY,200.42798958496581
10,HEURISTIC.LAZY,200.14038165334534
10,HEURISTIC.LAZY,200.37876169301978
10,HEURISTIC.LAZY,200.812165382326
10,HEURISTIC.LAZY,200.7852979482176
10,HEURISTIC.LAZY,189.8996483186081
10,HEURISTIC.LAZY,199.72224393931657
10,HEURISTIC.LAZY,199.78025764106522
10,HEURISTIC.LAZY,200.16965126218622
10,HEURISTIC.LAZY,200.35396851449016
10,HEURISTIC.LAZY,200.7415091630142
10,HEURISTIC.LAZY,200.70228952567263
10,HEURISTIC.LAZY,200.9227250265126
10,HEURISTIC.LAZY,201.24116273847946
10,HEURISTIC.LAZY,201.2519584496696
10,HEURISTIC.LAZY,190.35530011641544
10,HEURISTIC.LAZY,202.20146429516487
10,HEURISTIC.LAZY,201.96124833274567
10,HEURISTIC.LAZY,202.64693107516388
10,HEURISTIC.LAZY,202.39766480444155
10,HEURISTIC.LAZY,203.1936307596207
10,HEURISTIC.LAZY,202.73724987005662
10,HEURISTIC.LAZY,202.98242944877194
10,HEURISTIC.LAZY,203.48252131043478
10,HEURISTIC.LAZY,203.4307598964474
10,HEURISTIC.LAZY,190.3691581908071
10,HEURISTIC.LAZY,202.94982958856679
10,HEURISTIC.LAZY,202.68937106007525
10,HEURISTIC.LAZY,203.39936278428422
10,HEURISTIC.LAZY,203.1153254587249
10,HEURISTIC.LAZY,203.9411999434576
10,HEURISTIC.LAZY,203.4536023033973
10,HEURISTIC.SIMPLE_COLLISION,123.39543027874068
10,HEURISTIC.SIMPLE_COLLISION,213.05943790695682
10,HEURISTIC.SIMPLE_COLLISION,213.10245520141274
10,HEURISTIC.SIMPLE_COLLISION,213.5516913463219
10,HEURISTIC.SIMPLE_COLLISION,213.6103499396516
10,HEURISTIC.SIMPLE_COLLISION,213.80829625422663
10,HEURISTIC.SIMPLE_COLLISION,214.04004558137476
10,HEURISTIC.SIMPLE_COLLISION,214.65036140531285
10,HEURISTIC.SIMPLE_COLLISION,214.45253780366227
10,HEURISTIC.SIMPLE_COLLISION,214.61479603301194
10,HEURISTIC.SIMPLE_COLLISION,197.0410674227507
10,HEURISTIC.SIMPLE_COLLISION,213.81097167788562
10,HEURISTIC.SIMPLE_COLLISION,213.85398897234154
10,HEURISTIC.SIMPLE_COLLISION,214.30322511725072
10,HEURISTIC.SIMPLE_COLLISION,214.36188371058043
10,HEURISTIC.SIMPLE_COLLISION,214.55983002515546
10,HEURISTIC.SIMPLE_COLLISION,214.7915793523036
10,HEURISTIC.SIMPLE_COLLISION,215.36632980394074
10,HEURISTIC.SIMPLE_COLLISION,215.40189517624168
10,HEURISTIC.SIMPLE_COLLISION,215.20407157459107
10,HEURISTIC.SIMPLE_COLLISION,196.0015436063424
10,HEURISTIC.SIMPLE_COLLISION,213.74483099996462
10,HEURISTIC.SIMPLE_COLLISION,213.7878482944205
10,HEURISTIC.SIMPLE_COLLISION,214.2370844393297
10,HEURISTIC.SIMPLE_COLLISION,214.2957430326594
10,HEURISTIC.SIMPLE_COLLISION,214.49368934723444
10,HEURISTIC.SIMPLE_COLLISION,214.72543867438256
10,HEURISTIC.SIMPLE_COLLISION,215.30018912601975
10,HEURISTIC.SIMPLE_COLLISION,215.33575449832065
10,HEURISTIC.SIMPLE_COLLISION,215.13793089667007
10,HEURISTIC.SIMPLE_COLLISION,196.77861575422952
10,HEURISTIC.SIMPLE_COLLISION,214.60623079756002
10,HEURISTIC.SIMPLE_COLLISION,214.64924809201594
10,HEURISTIC.SIMPLE_COLLISION,215.09848423692512
10,HEURISTIC.SIMPLE_COLLISION,215.15714283025483
10,HEURISTIC.SIMPLE_COLLISION,215.35508914482983
10,HEURISTIC.SIMPLE_COLLISION,215.58683847197796
10,HEURISTIC.SIMPLE_COLLISION,216.16158892361517
10,HEURISTIC.SIMPLE_COLLISION,216.19715429591605
10,HEURISTIC.SIMPLE_COLLISION,215.9993306942655
10,HEURISTIC.SIMPLE_COLLISION,196.64536853775294
10,HEURISTIC.SIMPLE_COLLISION,214.8688731458667
10,HEURISTIC.SIMPLE_COLLISION,214.91189044032262
10,HEURISTIC.SIMPLE_COLLISION,215.36112658523183
10,HEURISTIC.SIMPLE_COLLISION,215.41978517856154
10,HEURISTIC.SIMPLE_COLLISION,215.61773149313655
10,HEURISTIC.SIMPLE_COLLISION,215.84948082028467
10,HEURISTIC.SIMPLE_COLLISION,216.42423127192185
10,HEURISTIC.SIMPLE_COLLISION,216.45979664422276
10,HEURISTIC.SIMPLE_COLLISION,216.26197304257218
10,HEURISTIC.SIMPLE_COLLISION,202.37651520960196
10,HEURISTIC.SIMPLE_COLLISION,220.994555331455
10,HEURISTIC.SIMPLE_COLLISION,221.06089357469347
10,HEURISTIC.SIMPLE_COLLISION,221.14244967732657
10,HEURISTIC.SIMPLE_COLLISION,220.27732314063445
10,HEURISTIC.SIMPLE_COLLISION,202.10796791623062
10,HEURISTIC.SIMPLE_COLLISION,221.0472817661538
10,HEURISTIC.SIMPLE_COLLISION,221.1288378687869
10,HEURISTIC.SIMPLE_COLLISION,220.95424532439696
10,HEURISTIC.SIMPLE_COLLISION,196.2691893545852
10,HEURISTIC.SIMPLE_COLLISION,215.6661094997924
10,HEURISTIC.SIMPLE_COLLISION,215.7091267942483
10,HEURISTIC.SIMPLE_COLLISION,216.15836293915748
10,HEURISTIC.SIMPLE_COLLISION,216.2170215324872
10,HEURISTIC.SIMPLE_COLLISION,216.41496784706223
10,HEURISTIC.SIMPLE_COLLISION,216.64671717421035
10,HEURISTIC.SIMPLE_COLLISION,217.22146762584754
10,HEURISTIC.SIMPLE_COLLISION,217.25703299814845
10,HEURISTIC.SIMPLE_COLLISION,217.05920939649786
10,HEURISTIC.SIMPLE_COLLISION,203.01206165575633
10,HEURISTIC.SIMPLE_COLLISION,222.879248827923
10,HEURISTIC.SIMPLE_COLLISION,222.9608049305561
10,HEURISTIC.SIMPLE_COLLISION,222.09567839386398
10,HEURISTIC.SIMPLE_COLLISION,222.81291058468452
10,HEURISTIC.SIMPLE_COLLISION,223.99760892409518
10,HEURISTIC.SIMPLE_COLLISION,203.11638915142146
10,HEURISTIC.SIMPLE_COLLISION,223.00344118282152
10,HEURISTIC.SIMPLE_COLLISION,223.17803372721144
10,HEURISTIC.SIMPLE_COLLISION,223.03013938133984
10,HEURISTIC.SIMPLE_COLLISION,222.31290719051933
10,HEURISTIC.SIMPLE_COLLISION,224.2148377207505
10,HEURISTIC.SIMPLE_COLLISION,201.84834751891057
10,HEURISTIC.SIMPLE_COLLISION,222.3491507888765
10,HEURISTIC.SIMPLE_COLLISION,222.4307068915096
10,HEURISTIC.SIMPLE_COLLISION,222.25611434711968
10,HEURISTIC.SIMPLE_COLLISION,223.06358292098673
10,HEURISTIC.SIMPLE_COLLISION,198.63135445537176
10,HEURISTIC.SIMPLE_COLLISION,218.79316574038972
10,HEURISTIC.SIMPLE_COLLISION,218.79252616747561
10,HEURISTIC.SIMPLE_COLLISION,219.5672306109238
10,HEURISTIC.SIMPLE_COLLISION,219.0986814103893
10,HEURISTIC.SIMPLE_COLLISION,219.2966277249643
10,HEURISTIC.SIMPLE_COLLISION,219.95887048519648
10,HEURISTIC.SIMPLE_COLLISION,220.13869287605053
10,HEURISTIC.SIMPLE_COLLISION,219.94086927439997
10,HEURISTIC.SIMPLE_COLLISION,220.1649570123849
10,HEURISTIC.SIMPLE_COLLISION,196.3499749173498
10,HEURISTIC.SIMPLE_COLLISION,217.77677536715024
10,HEURISTIC.SIMPLE_COLLISION,217.81979266160616
10,HEURISTIC.SIMPLE_COLLISION,218.26902880651534
10,HEURISTIC.SIMPLE_COLLISION,218.32768739984505
10,HEURISTIC.SIMPLE_COLLISION,218.52563371442005
10,HEURISTIC.SIMPLE_COLLISION,218.75738304156818
10,HEURISTIC.SIMPLE_COLLISION,219.33213349320536
10,HEURISTIC.SIMPLE_COLLISION,219.36769886550627
10,HEURISTIC.SIMPLE_COLLISION,219.16987526385572
10,HEURISTIC.SIMPLE_COLLISION,197.078565972816
10,HEURISTIC.SIMPLE_COLLISION,218.44301289330105
10,HEURISTIC.SIMPLE_COLLISION,218.44259427255074
10,HEURISTIC.SIMPLE_COLLISION,219.2170777638351
10,HEURISTIC.SIMPLE_COLLISION,218.81936068415018
10,HEURISTIC.SIMPLE_COLLISION,219.0173069987252
10,HEURISTIC.SIMPLE_COLLISION,219.6087176381078
10,HEURISTIC.SIMPLE_COLLISION,219.8856362861458
10,HEURISTIC.SIMPLE_COLLISION,219.8593721498114
10,HEURISTIC.SIMPLE_COLLISION,219.66154854816085
10,HEURISTIC.SIMPLE_COLLISION,196.92261787586435
10,HEURISTIC.SIMPLE_COLLISION,218.55654283269467
10,HEURISTIC.SIMPLE_COLLISION,218.55612421194436
10,HEURISTIC.SIMPLE_COLLISION,219.3241774630245
10,HEURISTIC.SIMPLE_COLLISION,218.94651250983003
10,HEURISTIC.SIMPLE_COLLISION,219.14445882440506
10,HEURISTIC.SIMPLE_COLLISION,219.7158173372972
10,HEURISTIC.SIMPLE_COLLISION,220.01278811182567
10,HEURISTIC.SIMPLE_COLLISION,219.98652397549128
10,HEURISTIC.SIMPLE_COLLISION,219.7887003738407
10,HEURISTIC.SIMPLE_COLLISION,197.43845267350372
10,HEURISTIC.SIMPLE_COLLISION,219.00591929217393
10,HEURISTIC.SIMPLE_COLLISION,219.0052797192598
10,HEURISTIC.SIMPLE_COLLISION,219.779984162708
10,HEURISTIC.SIMPLE_COLLISION,219.22911212347833
10,HEURISTIC.SIMPLE_COLLISION,219.42705843805334
10,HEURISTIC.SIMPLE_COLLISION,220.1716240369807
10,HEURISTIC.SIMPLE_COLLISION,220.3777105641691
10,HEURISTIC.SIMPLE_COLLISION,220.26912358913955
10,HEURISTIC.SIMPLE_COLLISION,220.071299987489
10,HEURISTIC.SIMPLE_COLLISION,202.36561842842187
10,HEURISTIC.SIMPLE_COLLISION,224.12517757553832
10,HEURISTIC.SIMPLE_COLLISION,224.29977011992824
10,HEURISTIC.SIMPLE_COLLISION,224.15187577405663
10,HEURISTIC.SIMPLE_COLLISION,224.21821401729514
10,HEURISTIC.SIMPLE_COLLISION,225.3365741134673
10,HEURISTIC.SIMPLE_COLLISION,224.93264614940537
10,HEURISTIC.SIMPLE_COLLISION,202.16203311522995
10,HEURISTIC.SIMPLE_COLLISION,224.4482042595488
10,HEURISTIC.SIMPLE_COLLISION,224.5412407013056
10,HEURISTIC.SIMPLE_COLLISION,224.6227968039387
10,HEURISTIC.SIMPLE_COLLISION,223.7576702672466
10,HEURISTIC.SIMPLE_COLLISION,202.2185477647703
10,HEURISTIC.SIMPLE_COLLISION,225.13912785400822
10,HEURISTIC.SIMPLE_COLLISION,225.22068395664132
10,HEURISTIC.SIMPLE_COLLISION,225.04609141225143
10,HEURISTIC.SIMPLE_COLLISION,224.3555574199492
10,HEURISTIC.SIMPLE_COLLISION,226.2574879501804
10,HEURISTIC.SIMPLE_COLLISION,225.85355998611848
10,HEURISTIC.SIMPLE_COLLISION,202.66469085539077
10,HEURISTIC.SIMPLE_COLLISION,226.22633044605155
10,HEURISTIC.SIMPLE_COLLISION,226.07843610017994
10,HEURISTIC.SIMPLE_COLLISION,225.36120390935943
10,HEURISTIC.SIMPLE_COLLISION,226.14477434341842
10,HEURISTIC.SIMPLE_COLLISION,202.8910748502194
10,HEURISTIC.SIMPLE_COLLISION,227.7501425168878
10,HEURISTIC.SIMPLE_COLLISION,186.10920934161925
10,HEURISTIC.SIMPLE_COLLISION,213.66763101914773
10,HEURISTIC.SIMPLE_COLLISION,213.71064831360366
10,HEURISTIC.SIMPLE_COLLISION,214.15988445851286
10,HEURISTIC.SIMPLE_COLLISION,214.21854305184257
10,HEURISTIC.SIMPLE_COLLISION,214.41648936641758
10,HEURISTIC.SIMPLE_COLLISION,214.6482386935657
10,HEURISTIC.SIMPLE_COLLISION,215.2585545175038
10,HEURISTIC.SIMPLE_COLLISION,215.0607309158532
10,HEURISTIC.SIMPLE_COLLISION,215.2229891452029
10,HEURISTIC.SIMPLE_COLLISION,197.5642978298813
10,HEURISTIC.SIMPLE_COLLISION,214.4767529307858
10,HEURISTIC.SIMPLE_COLLISION,214.51977022524173
10,HEURISTIC.SIMPLE_COLLISION,214.9690063701509
10,HEURISTIC.SIMPLE_COLLISION,215.02766496348062
10,HEURISTIC.SIMPLE_COLLISION,215.22561127805562
10,HEURISTIC.SIMPLE_COLLISION,215.45736060520375
10,HEURISTIC.SIMPLE_COLLISION,216.03211105684096
10,HEURISTIC.SIMPLE_COLLISION,216.06767642914184
10,HEURISTIC.SIMPLE_COLLISION,215.8698528274913
10,HEURISTIC.SIMPLE_COLLISION,196.52477401347298
10,HEURISTIC.SIMPLE_COLLISION,214.3182750131116
10,HEURISTIC.SIMPLE_COLLISION,214.3612923075675
10,HEURISTIC.SIMPLE_COLLISION,214.8105284524767
10,HEURISTIC.SIMPLE_COLLISION,214.8691870458064
10,HEURISTIC.SIMPLE_COLLISION,215.06713336038143
10,HEURISTIC.SIMPLE_COLLISION,215.29888268752956
10,HEURISTIC.SIMPLE_COLLISION,215.8736331391667
10,HEURISTIC.SIMPLE_COLLISION,215.90919851146765
10,HEURISTIC.SIMPLE_COLLISION,215.71137490981707
10,HEURISTIC.SIMPLE_COLLISION,197.30184616136006
10,HEURISTIC.SIMPLE_COLLISION,215.2816165546802
10,HEURISTIC.SIMPLE_COLLISION,215.32463384913612
10,HEURISTIC.SIMPLE_COLLISION,215.7738699940453
10,HEURISTIC.SIMPLE_COLLISION,215.832528587375
10,HEURISTIC.SIMPLE_COLLISION,216.03047490195002
10,HEURISTIC.SIMPLE_COLLISION,216.26222422909814
10,HEURISTIC.SIMPLE_COLLISION,216.83697468073535
10,HEURISTIC.SIMPLE_COLLISION,216.87254005303623
10,HEURISTIC.SIMPLE_COLLISION,216.67471645138568
10,HEURISTIC.SIMPLE_COLLISION,197.1685989448835
10,HEURISTIC.SIMPLE_COLLISION,215.55239810802
10,HEURISTIC.SIMPLE_COLLISION,215.5954154024759
10,HEURISTIC.SIMPLE_COLLISION,216.04465154738512
10,HEURISTIC.SIMPLE_COLLISION,216.10331014071483
10,HEURISTIC.SIMPLE_COLLISION,216.30125645528983
10,HEURISTIC.SIMPLE_COLLISION,216.53300578243795
10,HEURISTIC.SIMPLE_COLLISION,217.10775623407514
10,HEURISTIC.SIMPLE_COLLISION,217.14332160637605
10,HEURISTIC.SIMPLE_COLLISION,216.94549800472547
10,HEURISTIC.SIMPLE_COLLISION,202.89974561673256
10,HEURISTIC.SIMPLE_COLLISION,221.5312686987113
10,HEURISTIC.SIMPLE_COLLISION,221.59760694194978
10,HEURISTIC.SIMPLE_COLLISION,221.67916304458288
10,HEURISTIC.SIMPLE_COLLISION,220.81403650789076
10,HEURISTIC.SIMPLE_COLLISION,202.63119832336122
10,HEURISTIC.SIMPLE_COLLISION,221.61046688342353
10,HEURISTIC.SIMPLE_COLLISION,221.69202298605663
10,HEURISTIC.SIMPLE_COLLISION,221.5174304416667
10,HEURISTIC.SIMPLE_COLLISION,196.84184423821915
10,HEURISTIC.SIMPLE_COLLISION,216.3764677965856
10,HEURISTIC.SIMPLE_COLLISION,216.41948509104148
10,HEURISTIC.SIMPLE_COLLISION,216.86872123595066
10,HEURISTIC.SIMPLE_COLLISION,216.92737982928037
10,HEURISTIC.SIMPLE_COLLISION,217.1253261438554
10,HEURISTIC.SIMPLE_COLLISION,217.35707547100353
10,HEURISTIC.SIMPLE_COLLISION,217.9318259226407
10,HEURISTIC.SIMPLE_COLLISION,217.96739129494162
10,HEURISTIC.SIMPLE_COLLISION,217.76956769329104
10,HEURISTIC.SIMPLE_COLLISION,203.53529206288692
10,HEURISTIC.SIMPLE_COLLISION,223.38473243238982
10,HEURISTIC.SIMPLE_COLLISION,223.46628853502293
10,HEURISTIC.SIMPLE_COLLISION,222.6011619983308
10,HEURISTIC.SIMPLE_COLLISION,223.31839418915132
10,HEURISTIC.SIMPLE_COLLISION,224.50309252856198
10,HEURISTIC.SIMPLE_COLLISION,203.63961955855206
10,HEURISTIC.SIMPLE_COLLISION,223.5219613871473
10,HEURISTIC.SIMPLE_COLLISION,223.6965539315372
10,HEURISTIC.SIMPLE_COLLISION,223.54865958566563
10,HEURISTIC.SIMPLE_COLLISION,222.8314273948451
10,HEURISTIC.SIMPLE_COLLISION,224.73335792507626
10,HEURISTIC.SIMPLE_COLLISION,202.37157792604114
10,HEURISTIC.SIMPLE_COLLISION,222.94405613812893
10,HEURISTIC.SIMPLE_COLLISION,223.02561224076203
10,HEURISTIC.SIMPLE_COLLISION,222.8510196963721
10,HEURISTIC.SIMPLE_COLLISION,223.65848827023916
10,HEURISTIC.SIMPLE_COLLISION,199.15458486250233
10,HEURISTIC.SIMPLE_COLLISION,219.3390560946964
10,HEURISTIC.SIMPLE_COLLISION,219.33841652178228
10,HEURISTIC.SIMPLE_COLLISION,220.11312096523045
10,HEURISTIC.SIMPLE_COLLISION,219.64457176469597
10,HEURISTIC.SIMPLE_COLLISION,219.84251807927097
10,HEURISTIC.SIMPLE_COLLISION,220.50476083950315
10,HEURISTIC.SIMPLE_COLLISION,220.6845832303572
10,HEURISTIC.SIMPLE_COLLISION,220.48675962870664
10,HEURISTIC.SIMPLE_COLLISION,220.71084736669155
10,HEURISTIC.SIMPLE_COLLISION,197.01540738359526
10,HEURISTIC.SIMPLE_COLLISION,218.4899705472832
10,HEURISTIC.SIMPLE_COLLISION,218.53298784173913
10,HEURISTIC.SIMPLE_COLLISION,218.9822239866483
10,HEURISTIC.SIMPLE_COLLISION,219.04088257997802
10,HEURISTIC.SIMPLE_COLLISION,219.23882889455302
10,HEURISTIC.SIMPLE_COLLISION,219.47057822170115
10,HEURISTIC.SIMPLE_COLLISION,220.04532867333833
10,HEURISTIC.SIMPLE_COLLISION,220.08089404563924
10,HEURISTIC.SIMPLE_COLLISION,219.8830704439887
10,HEURISTIC.SIMPLE_COLLISION,197.62733954883558
10,HEURISTIC.SIMPLE_COLLISION,219.120955565464
10,HEURISTIC.SIMPLE_COLLISION,219.12053694471368
10,HEURISTIC.SIMPLE_COLLISION,219.89502043599805
10,HEURISTIC.SIMPLE_COLLISION,219.49730335631313
10,HEURISTIC.SIMPLE_COLLISION,219.69524967088813
10,HEURISTIC.SIMPLE_COLLISION,220.28666031027075
10,HEURISTIC.SIMPLE_COLLISION,220.56357895830874
10,HEURISTIC.SIMPLE_COLLISION,220.53731482197435
10,HEURISTIC.SIMPLE_COLLISION,220.3394912203238
10,HEURISTIC.SIMPLE_COLLISION,202.88884883555244
10,HEURISTIC.SIMPLE_COLLISION,224.3290261825809
10,HEURISTIC.SIMPLE_COLLISION,224.5036187269708
10,HEURISTIC.SIMPLE_COLLISION,224.3557243810992
10,HEURISTIC.SIMPLE_COLLISION,224.4220626243377
10,HEURISTIC.SIMPLE_COLLISION,225.54042272050987
10,HEURISTIC.SIMPLE_COLLISION,225.13649475644795
10,HEURISTIC.SIMPLE_COLLISION,197.47139145188396
10,HEURISTIC.SIMPLE_COLLISION,219.24018938937292
10,HEURISTIC.SIMPLE_COLLISION,219.2397707686226
10,HEURISTIC.SIMPLE_COLLISION,220.00782401970275
10,HEURISTIC.SIMPLE_COLLISION,219.63015906650827
10,HEURISTIC.SIMPLE_COLLISION,219.8281053810833
10,HEURISTIC.SIMPLE_COLLISION,220.39946389397545
10,HEURISTIC.SIMPLE_COLLISION,220.6964346685039
10,HEURISTIC.SIMPLE_COLLISION,220.67017053216952
10,HEURISTIC.SIMPLE_COLLISION,220.47234693051894
10,HEURISTIC.SIMPLE_COLLISION,197.9616830806343
10,HEURISTIC.SIMPLE_COLLISION,219.6310255956014
10,HEURISTIC.SIMPLE_COLLISION,219.63038602268725
10,HEURISTIC.SIMPLE_COLLISION,220.40509046613545
10,HEURISTIC.SIMPLE_COLLISION,219.8542184269058
10,HEURISTIC.SIMPLE_COLLISION,220.0521647414808
10,HEURISTIC.SIMPLE_COLLISION,220.79673034040815
10,HEURISTIC.SIMPLE_COLLISION,221.00281686759655
10,HEURISTIC.SIMPLE_COLLISION,220.894229892567
10,HEURISTIC.SIMPLE_COLLISION,220.69640629091646
10,HEURISTIC.SIMPLE_COLLISION,202.68526352236051
10,HEURISTIC.SIMPLE_COLLISION,225.01758507054797
10,HEURISTIC.SIMPLE_COLLISION,225.1106215123048
10,HEURISTIC.SIMPLE_COLLISION,225.1921776149379
10,HEURISTIC.SIMPLE_COLLISION,224.32705107824577
10,HEURISTIC.SIMPLE_COLLISION,202.74177817190088
10,HEURISTIC.SIMPLE_COLLISION,227.69786220033097
10,HEURISTIC.SIMPLE_COLLISION,227.77941830296407
10,HEURISTIC.SIMPLE_COLLISION,227.60482575857412
10,HEURISTIC.SIMPLE_COLLISION,203.41430525735
10,HEURISTIC.SIMPLE_COLLISION,227.94451316048662
10,HEURISTIC.SIMPLE_COLLISION,203.18792126252134
10,HEURISTIC.SIMPLE_COLLISION,186.14873001347843
10,HEURISTIC.SIMPLE_COLLISION,213.75730659040602
10,HEURISTIC.SIMPLE_COLLISION,213.80032388486194
10,HEURISTIC.SIMPLE_COLLISION,214.24956002977115
10,HEURISTIC.SIMPLE_COLLISION,214.30821862310086
10,HEURISTIC.SIMPLE_COLLISION,214.50616493767586
10,HEURISTIC.SIMPLE_COLLISION,214.73791426482398
10,HEURISTIC.SIMPLE_COLLISION,215.34823008876208
10,HEURISTIC.SIMPLE_COLLISION,215.1504064871115
10,HEURISTIC.SIMPLE_COLLISION,215.31266471646117
10,HEURISTIC.SIMPLE_COLLISION,197.73331003706738
10,HEURISTIC.SIMPLE_COLLISION,214.57544310130316
10,HEURISTIC.SIMPLE_COLLISION,214.6184603957591
10,HEURISTIC.SIMPLE_COLLISION,215.06769654066827
10,HEURISTIC.SIMPLE_COLLISION,215.12635513399798
10,HEURISTIC.SIMPLE_COLLISION,215.324301448573
10,HEURISTIC.SIMPLE_COLLISION,215.55605077572113
10,HEURISTIC.SIMPLE_COLLISION,216.1308012273583
10,HEURISTIC.SIMPLE_COLLISION,216.16636659965923
10,HEURISTIC.SIMPLE_COLLISION,215.96854299800862
10,HEURISTIC.SIMPLE_COLLISION,196.69378622065904
10,HEURISTIC.SIMPLE_COLLISION,214.41854115418732
10,HEURISTIC.SIMPLE_COLLISION,214.46155844864325
10,HEURISTIC.SIMPLE_COLLISION,214.91079459355242
10,HEURISTIC.SIMPLE_COLLISION,214.96945318688213
10,HEURISTIC.SIMPLE_COLLISION,215.16739950145717
10,HEURISTIC.SIMPLE_COLLISION,215.3991488286053
10,HEURISTIC.SIMPLE_COLLISION,215.97389928024245
10,HEURISTIC.SIMPLE_COLLISION,216.0094646525434
10,HEURISTIC.SIMPLE_COLLISION,215.8116410508928
10,HEURISTIC.SIMPLE_COLLISION,197.47085836854615
10,HEURISTIC.SIMPLE_COLLISION,215.3801568304793
10,HEURISTIC.SIMPLE_COLLISION,215.42317412493523
10,HEURISTIC.SIMPLE_COLLISION,215.8724102698444
10,HEURISTIC.SIMPLE_COLLISION,215.93106886317412
10,HEURISTIC.SIMPLE_COLLISION,216.12901517774912
10,HEURISTIC.SIMPLE_COLLISION,216.36076450489725
10,HEURISTIC.SIMPLE_COLLISION,216.93551495653446
10,HEURISTIC.SIMPLE_COLLISION,216.97108032883534
10,HEURISTIC.SIMPLE_COLLISION,216.7732567271848
10,HEURISTIC.SIMPLE_COLLISION,197.3376111520696
10,HEURISTIC.SIMPLE_COLLISION,215.6508488318849
10,HEURISTIC.SIMPLE_COLLISION,215.69386612634082
10,HEURISTIC.SIMPLE_COLLISION,216.14310227125003
10,HEURISTIC.SIMPLE_COLLISION,216.20176086457974
10,HEURISTIC.SIMPLE_COLLISION,216.39970717915475
10,HEURISTIC.SIMPLE_COLLISION,216.63145650630287
10,HEURISTIC.SIMPLE_COLLISION,217.20620695794005
10,HEURISTIC.SIMPLE_COLLISION,217.24177233024096
10,HEURISTIC.SIMPLE_COLLISION,217.04394872859038
10,HEURISTIC.SIMPLE_COLLISION,203.06875782391862
10,HEURISTIC.SIMPLE_COLLISION,221.62206777072612
10,HEURISTIC.SIMPLE_COLLISION,221.6884060139646
10,HEURISTIC.SIMPLE_COLLISION,221.7699621165977
10,HEURISTIC.SIMPLE_COLLISION,220.90483557990558
10,HEURISTIC.SIMPLE_COLLISION,202.8002105305473
10,HEURISTIC.SIMPLE_COLLISION,221.71371641393785
10,HEURISTIC.SIMPLE_COLLISION,221.79527251657095
10,HEURISTIC.SIMPLE_COLLISION,221.62067997218102
10,HEURISTIC.SIMPLE_COLLISION,197.00102988554005
10,HEURISTIC.SIMPLE_COLLISION,216.47487455861125
10,HEURISTIC.SIMPLE_COLLISION,216.51789185306714
10,HEURISTIC.SIMPLE_COLLISION,216.96712799797632
10,HEURISTIC.SIMPLE_COLLISION,217.02578659130603
10,HEURISTIC.SIMPLE_COLLISION,217.22373290588106
10,HEURISTIC.SIMPLE_COLLISION,217.4554822330292
10,HEURISTIC.SIMPLE_COLLISION,218.03023268466637
10,HEURISTIC.SIMPLE_COLLISION,218.06579805696728
10,HEURISTIC.SIMPLE_COLLISION,217.8679744553167
10,HEURISTIC.SIMPLE_COLLISION,199.32359706968842
10,HEURISTIC.SIMPLE_COLLISION,218.73322912927904
10,HEURISTIC.SIMPLE_COLLISION,218.73258955636493
10,HEURISTIC.SIMPLE_COLLISION,219.5072939998131
10,HEURISTIC.SIMPLE_COLLISION,219.03874479927862
10,HEURISTIC.SIMPLE_COLLISION,219.23669111385362
10,HEURISTIC.SIMPLE_COLLISION,219.8989338740858
10,HEURISTIC.SIMPLE_COLLISION,220.07875626493984
10,HEURISTIC.SIMPLE_COLLISION,219.8809326632893
10,HEURISTIC.SIMPLE_COLLISION,220.1050204012742
10,HEURISTIC.SIMPLE_COLLISION,203.70430427007298
10,HEURISTIC.SIMPLE_COLLISION,223.4782926786524
10,HEURISTIC.SIMPLE_COLLISION,223.5598487812855
10,HEURISTIC.SIMPLE_COLLISION,222.69472224459338
10,HEURISTIC.SIMPLE_COLLISION,223.41195443541392
10,HEURISTIC.SIMPLE_COLLISION,224.59665277482458
10,HEURISTIC.SIMPLE_COLLISION,203.8086317657381
10,HEURISTIC.SIMPLE_COLLISION,223.61536535461076
10,HEURISTIC.SIMPLE_COLLISION,223.78995789900068
10,HEURISTIC.SIMPLE_COLLISION,223.6420635531291
10,HEURISTIC.SIMPLE_COLLISION,222.92483136230857
10,HEURISTIC.SIMPLE_COLLISION,224.82676189253974
10,HEURISTIC.SIMPLE_COLLISION,202.54059013322723
10,HEURISTIC.SIMPLE_COLLISION,223.0453232985435
10,HEURISTIC.SIMPLE_COLLISION,223.1268794011766
10,HEURISTIC.SIMPLE_COLLISION,222.95228685678669
10,HEURISTIC.SIMPLE_COLLISION,223.75975543065374
10,HEURISTIC.SIMPLE_COLLISION,197.17459303091618
10,HEURISTIC.SIMPLE_COLLISION,218.58839395289374
10,HEURISTIC.SIMPLE_COLLISION,218.63141124734966
10,HEURISTIC.SIMPLE_COLLISION,219.08064739225884
10,HEURISTIC.SIMPLE_COLLISION,219.13930598558852
10,HEURISTIC.SIMPLE_COLLISION,219.33725230016358
10,HEURISTIC.SIMPLE_COLLISION,219.5690016273117
10,HEURISTIC.SIMPLE_COLLISION,220.14375207894886
10,HEURISTIC.SIMPLE_COLLISION,220.1793174512498
10,HEURISTIC.SIMPLE_COLLISION,219.9814938495992
10,HEURISTIC.SIMPLE_COLLISION,197.7865251961565
10,HEURISTIC.SIMPLE_COLLISION,219.2092320874205
10,HEURISTIC.SIMPLE_COLLISION,219.2088134666702
10,HEURISTIC.SIMPLE_COLLISION,219.98329695795456
10,HEURISTIC.SIMPLE_COLLISION,219.58557987826964
10,HEURISTIC.SIMPLE_COLLISION,219.78352619284465
10,HEURISTIC.SIMPLE_COLLISION,220.37493683222726
10,HEURISTIC.SIMPLE_COLLISION,220.65185548026525
10,HEURISTIC.SIMPLE_COLLISION,220.62559134393086
10,HEURISTIC.SIMPLE_COLLISION,220.4277677422803
10,HEURISTIC.SIMPLE_COLLISION,203.05786104273852
10,HEURISTIC.SIMPLE_COLLISION,224.4363596222069
10,HEURISTIC.SIMPLE_COLLISION,224.61095216659683
10,HEURISTIC.SIMPLE_COLLISION,224.46305782072523
10,HEURISTIC.SIMPLE_COLLISION,224.52939606396373
10,HEURISTIC.SIMPLE_COLLISION,225.64775616013588
10,HEURISTIC.SIMPLE_COLLISION,225.24382819607396
10,HEURISTIC.SIMPLE_COLLISION,197.63057709920483
10,HEURISTIC.SIMPLE_COLLISION,219.32846412385038
10,HEURISTIC.SIMPLE_COLLISION,219.32804550310007
10,HEURISTIC.SIMPLE_COLLISION,220.09609875418022
10,HEURISTIC.SIMPLE_COLLISION,219.71843380098574
10,HEURISTIC.SIMPLE_COLLISION,219.91638011556077
10,HEURISTIC.SIMPLE_COLLISION,220.48773862845292
10,HEURISTIC.SIMPLE_COLLISION,220.78470940298138
10,HEURISTIC.SIMPLE_COLLISION,220.758445266647
10,HEURISTIC.SIMPLE_COLLISION,220.5606216649964
10,HEURISTIC.SIMPLE_COLLISION,198.13069528782037
10,HEURISTIC.SIMPLE_COLLISION,219.71691664826437
10,HEURISTIC.SIMPLE_COLLISION,219.71627707535023
10,HEURISTIC.SIMPLE_COLLISION,220.49098151879843
10,HEURISTIC.SIMPLE_COLLISION,219.94010947956878
10,HEURISTIC.SIMPLE_COLLISION,220.13805579414378
10,HEURISTIC.SIMPLE_COLLISION,220.88262139307113
10,HEURISTIC.SIMPLE_COLLISION,221.08870792025954
10,HEURISTIC.SIMPLE_COLLISION,220.98012094523
10,HEURISTIC.SIMPLE_COLLISION,220.78229734357944
10,HEURISTIC.SIMPLE_COLLISION,202.8542757295466
10,HEURISTIC.SIMPLE_COLLISION,225.10913956893188
10,HEURISTIC.SIMPLE_COLLISION,225.2021760106887
10,HEURISTIC.SIMPLE_COLLISION,225.2837321133218
10,HEURISTIC.SIMPLE_COLLISION,224.4186055766297
10,HEURISTIC.SIMPLE_COLLISION,202.91079037908696
10,HEURISTIC.SIMPLE_COLLISION,227.7875670061187
10,HEURISTIC.SIMPLE_COLLISION,227.8691231087518
10,HEURISTIC.SIMPLE_COLLISION,227.69453056436186
10,HEURISTIC.SIMPLE_COLLISION,203.58331746453607
10,HEURISTIC.SIMPLE_COLLISION,228.05088546748445
10,HEURISTIC.SIMPLE_COLLISION,203.35693346970743
10,HEURISTIC.SIMPLE_COLLISION,185.68514512422763
10,HEURISTIC.SIMPLE_COLLISION,212.14497707372954
10,HEURISTIC.SIMPLE_COLLISION,212.18799436818546
10,HEURISTIC.SIMPLE_COLLISION,212.63723051309466
10,HEURISTIC.SIMPLE_COLLISION,212.69588910642437
10,HEURISTIC.SIMPLE_COLLISION,212.89383542099938
10,HEURISTIC.SIMPLE_COLLISION,213.1255847481475
10,HEURISTIC.SIMPLE_COLLISION,213.7359005720856
10,HEURISTIC.SIMPLE_COLLISION,213.53807697043501
10,HEURISTIC.SIMPLE_COLLISION,213.7003351997847
10,HEURISTIC.SIMPLE_COLLISION,197.48961575045226
10,HEURISTIC.SIMPLE_COLLISION,212.96480951682292
10,HEURISTIC.SIMPLE_COLLISION,213.00782681127885
10,HEURISTIC.SIMPLE_COLLISION,213.45706295618803
10,HEURISTIC.SIMPLE_COLLISION,213.51572154951774
10,HEURISTIC.SIMPLE_COLLISION,213.71366786409277
10,HEURISTIC.SIMPLE_COLLISION,213.9454171912409
10,HEURISTIC.SIMPLE_COLLISION,214.52016764287805
10,HEURISTIC.SIMPLE_COLLISION,214.555733015179
10,HEURISTIC.SIMPLE_COLLISION,214.35790941352838
10,HEURISTIC.SIMPLE_COLLISION,196.43931060653867
10,HEURISTIC.SIMPLE_COLLISION,212.17109301492593
10,HEURISTIC.SIMPLE_COLLISION,212.21411030938182
10,HEURISTIC.SIMPLE_COLLISION,212.663346454291
10,HEURISTIC.SIMPLE_COLLISION,212.7220050476207
10,HEURISTIC.SIMPLE_COLLISION,212.91995136219575
10,HEURISTIC.SIMPLE_COLLISION,213.15170068934387
10,HEURISTIC.SIMPLE_COLLISION,213.72645114098106
10,HEURISTIC.SIMPLE_COLLISION,213.76201651328196
10,HEURISTIC.SIMPLE_COLLISION,213.56419291163138
10,HEURISTIC.SIMPLE_COLLISION,197.31553075898165
10,HEURISTIC.SIMPLE_COLLISION,213.79940306392078
10,HEURISTIC.SIMPLE_COLLISION,213.8424203583767
10,HEURISTIC.SIMPLE_COLLISION,214.29165650328588
10,HEURISTIC.SIMPLE_COLLISION,214.3503150966156
10,HEURISTIC.SIMPLE_COLLISION,214.5482614111906
10,HEURISTIC.SIMPLE_COLLISION,214.78001073833872
10,HEURISTIC.SIMPLE_COLLISION,215.35476118997593
10,HEURISTIC.SIMPLE_COLLISION,215.3903265622768
10,HEURISTIC.SIMPLE_COLLISION,215.19250296062626
10,HEURISTIC.SIMPLE_COLLISION,197.26965279674255
10,HEURISTIC.SIMPLE_COLLISION,214.10622555529943
10,HEURISTIC.SIMPLE_COLLISION,214.14924284975535
10,HEURISTIC.SIMPLE_COLLISION,214.59847899466456
10,HEURISTIC.SIMPLE_COLLISION,214.65713758799427
10,HEURISTIC.SIMPLE_COLLISION,214.85508390256928
10,HEURISTIC.SIMPLE_COLLISION,215.0868332297174
10,HEURISTIC.SIMPLE_COLLISION,215.66158368135459
10,HEURISTIC.SIMPLE_COLLISION,215.6971490536555
10,HEURISTIC.SIMPLE_COLLISION,215.4993254520049
10,HEURISTIC.SIMPLE_COLLISION,199.06912145556805
10,HEURISTIC.SIMPLE_COLLISION,214.8870302491768
10,HEURISTIC.SIMPLE_COLLISION,214.8863906762627
10,HEURISTIC.SIMPLE_COLLISION,215.66109511971086
10,HEURISTIC.SIMPLE_COLLISION,215.19254591917638
10,HEURISTIC.SIMPLE_COLLISION,215.3904922337514
10,HEURISTIC.SIMPLE_COLLISION,216.05273499398356
10,HEURISTIC.SIMPLE_COLLISION,216.2325573848376
10,HEURISTIC.SIMPLE_COLLISION,216.03473378318705
10,HEURISTIC.SIMPLE_COLLISION,216.25882152117197
10,HEURISTIC.SIMPLE_COLLISION,202.81428220979825
10,HEURISTIC.SIMPLE_COLLISION,219.7056261245363
10,HEURISTIC.SIMPLE_COLLISION,219.77196436777479
10,HEURISTIC.SIMPLE_COLLISION,219.8535204704079
10,HEURISTIC.SIMPLE_COLLISION,218.98839393371577
10,HEURISTIC.SIMPLE_COLLISION,202.5457349164269
10,HEURISTIC.SIMPLE_COLLISION,219.91974651677415
10,HEURISTIC.SIMPLE_COLLISION,220.00130261940726
10,HEURISTIC.SIMPLE_COLLISION,219.82671007501733
10,HEURISTIC.SIMPLE_COLLISION,197.26882678376535
10,HEURISTIC.SIMPLE_COLLISION,214.98152945428467
10,HEURISTIC.SIMPLE_COLLISION,215.02454674874056
10,HEURISTIC.SIMPLE_COLLISION,215.47378289364974
10,HEURISTIC.SIMPLE_COLLISION,215.53244148697945
10,HEURISTIC.SIMPLE_COLLISION,215.73038780155449
10,HEURISTIC.SIMPLE_COLLISION,215.9621371287026
10,HEURISTIC.SIMPLE_COLLISION,216.5368875803398
10,HEURISTIC.SIMPLE_COLLISION,216.5724529526407
10,HEURISTIC.SIMPLE_COLLISION,216.37462935099012
10,HEURISTIC.SIMPLE_COLLISION,203.44982865595262
10,HEURISTIC.SIMPLE_COLLISION,221.12922813605405
10,HEURISTIC.SIMPLE_COLLISION,221.21078423868715
10,HEURISTIC.SIMPLE_COLLISION,220.34565770199504
10,HEURISTIC.SIMPLE_COLLISION,221.06288989281558
10,HEURISTIC.SIMPLE_COLLISION,222.24758823222624
10,HEURISTIC.SIMPLE_COLLISION,221.84366026816429
10,HEURISTIC.SIMPLE_COLLISION,203.55415615161775
10,HEURISTIC.SIMPLE_COLLISION,221.24804001002022
10,HEURISTIC.SIMPLE_COLLISION,221.42263255441014
10,HEURISTIC.SIMPLE_COLLISION,221.27473820853857
10,HEURISTIC.SIMPLE_COLLISION,220.55750601771803
10,HEURISTIC.SIMPLE_COLLISION,222.4594365479492
10,HEURISTIC.SIMPLE_COLLISION,222.05550858388727
10,HEURISTIC.SIMPLE_COLLISION,202.80338542861813
10,HEURISTIC.SIMPLE_COLLISION,221.0555276654548
10,HEURISTIC.SIMPLE_COLLISION,221.23012020984473
10,HEURISTIC.SIMPLE_COLLISION,221.08222586397312
10,HEURISTIC.SIMPLE_COLLISION,221.14856410721163
10,HEURISTIC.SIMPLE_COLLISION,222.26692420338378
10,HEURISTIC.SIMPLE_COLLISION,221.86299623932186
10,HEURISTIC.SIMPLE_COLLISION,222.190160090382
10,HEURISTIC.SIMPLE_COLLISION,202.28611451910683
10,HEURISTIC.SIMPLE_COLLISION,221.26754155132798
10,HEURISTIC.SIMPLE_COLLISION,221.34909765396108
10,HEURISTIC.SIMPLE_COLLISION,221.17450510957116
10,HEURISTIC.SIMPLE_COLLISION,221.98197368343824
10,HEURISTIC.SIMPLE_COLLISION,197.44139126315605
10,HEURISTIC.SIMPLE_COLLISION,217.07225816561476
10,HEURISTIC.SIMPLE_COLLISION,217.11527546007068
10,HEURISTIC.SIMPLE_COLLISION,217.56451160497986
10,HEURISTIC.SIMPLE_COLLISION,217.62317019830954
10,HEURISTIC.SIMPLE_COLLISION,217.8211165128846
10,HEURISTIC.SIMPLE_COLLISION,218.05286584003272
10,HEURISTIC.SIMPLE_COLLISION,218.62761629166988
10,HEURISTIC.SIMPLE_COLLISION,218.66318166397082
10,HEURISTIC.SIMPLE_COLLISION,218.4653580623202
10,HEURISTIC.SIMPLE_COLLISION,197.89992931367905
10,HEURISTIC.SIMPLE_COLLISION,217.87892615343
10,HEURISTIC.SIMPLE_COLLISION,217.8785075326797
10,HEURISTIC.SIMPLE_COLLISION,218.65299102396406
10,HEURISTIC.SIMPLE_COLLISION,218.25527394427914
10,HEURISTIC.SIMPLE_COLLISION,218.45322025885417
10,HEURISTIC.SIMPLE_COLLISION,219.04463089823676
10,HEURISTIC.SIMPLE_COLLISION,219.32154954627475
10,HEURISTIC.SIMPLE_COLLISION,219.2952854099404
10,HEURISTIC.SIMPLE_COLLISION,219.0974618082898
10,HEURISTIC.SIMPLE_COLLISION,198.10816939139266
10,HEURISTIC.SIMPLE_COLLISION,218.17655413561408
10,HEURISTIC.SIMPLE_COLLISION,218.17591456269997
10,HEURISTIC.SIMPLE_COLLISION,218.95061900614817
10,HEURISTIC.SIMPLE_COLLISION,218.39974696691849
10,HEURISTIC.SIMPLE_COLLISION,218.59769328149355
10,HEURISTIC.SIMPLE_COLLISION,219.34225888042087
10,HEURISTIC.SIMPLE_COLLISION,219.54834540760928
10,HEURISTIC.SIMPLE_COLLISION,219.43975843257977
10,HEURISTIC.SIMPLE_COLLISION,219.24193483092915
10,HEURISTIC.SIMPLE_COLLISION,197.86868329453208
10,HEURISTIC.SIMPLE_COLLISION,218.0270015452753
10,HEURISTIC.SIMPLE_COLLISION,218.02658292452503
10,HEURISTIC.SIMPLE_COLLISION,218.79463617560515
10,HEURISTIC.SIMPLE_COLLISION,218.41697122241072
10,HEURISTIC.SIMPLE_COLLISION,218.61491753698573
10,HEURISTIC.SIMPLE_COLLISION,219.18627604987785
10,HEURISTIC.SIMPLE_COLLISION,219.4832468244063
10,HEURISTIC.SIMPLE_COLLISION,219.45698268807195
10,HEURISTIC.SIMPLE_COLLISION,219.25915908642136
10,HEURISTIC.SIMPLE_COLLISION,202.5998001154262
10,HEURISTIC.SIMPLE_COLLISION,223.32583253974332
10,HEURISTIC.SIMPLE_COLLISION,223.4188689815001
10,HEURISTIC.SIMPLE_COLLISION,223.5004250841332
10,HEURISTIC.SIMPLE_COLLISION,222.6352985474411
10,HEURISTIC.SIMPLE_COLLISION,224.5372290776723
10,HEURISTIC.SIMPLE_COLLISION,203.3288418504157
10,HEURISTIC.SIMPLE_COLLISION,224.5965383507471
10,HEURISTIC.SIMPLE_COLLISION,225.4616648874392
10,HEURISTIC.SIMPLE_COLLISION,225.31377054156764
10,HEURISTIC.SIMPLE_COLLISION,225.3801087848061
10,HEURISTIC.SIMPLE_COLLISION,226.49846888097827
10,HEURISTIC.SIMPLE_COLLISION,203.10245785558703
10,HEURISTIC.SIMPLE_COLLISION,225.8364736471065
10,HEURISTIC.SIMPLE_COLLISION,225.68857930123488
10,HEURISTIC.SIMPLE_COLLISION,224.97134711041437
10,HEURISTIC.SIMPLE_COLLISION,225.75491754447336
10,HEURISTIC.SIMPLE_COLLISION,226.87327764064554
10,HEURISTIC.SIMPLE_COLLISION,202.65631476496657
10,HEURISTIC.SIMPLE_COLLISION,225.79382830978932
10,HEURISTIC.SIMPLE_COLLISION,225.87538441242242
10,HEURISTIC.SIMPLE_COLLISION,225.70079186803252
10,HEURISTIC.SIMPLE_COLLISION,225.0102578757303
10,HEURISTIC.SIMPLE_COLLISION,226.9121884059615
10,HEURISTIC.SIMPLE_COLLISION,186.8511401111016
10,HEURISTIC.SIMPLE_COLLISION,214.47599753204793
10,HEURISTIC.SIMPLE_COLLISION,214.51901482650385
10,HEURISTIC.SIMPLE_COLLISION,214.96825097141306
10,HEURISTIC.SIMPLE_COLLISION,215.02690956474277
10,HEURISTIC.SIMPLE_COLLISION,215.22485587931777
10,HEURISTIC.SIMPLE_COLLISION,215.4566052064659
10,HEURISTIC.SIMPLE_COLLISION,216.066921030404
10,HEURISTIC.SIMPLE_COLLISION,215.8690974287534
10,HEURISTIC.SIMPLE_COLLISION,216.03135565810308
10,HEURISTIC.SIMPLE_COLLISION,200.04375168455715
10,HEURISTIC.SIMPLE_COLLISION,215.03763145973122
10,HEURISTIC.SIMPLE_COLLISION,215.08064875418714
10,HEURISTIC.SIMPLE_COLLISION,215.52988489909632
10,HEURISTIC.SIMPLE_COLLISION,215.58854349242603
10,HEURISTIC.SIMPLE_COLLISION,215.78648980700103
10,HEURISTIC.SIMPLE_COLLISION,216.01823913414916
10,HEURISTIC.SIMPLE_COLLISION,216.59298958578637
10,HEURISTIC.SIMPLE_COLLISION,216.62855495808725
10,HEURISTIC.SIMPLE_COLLISION,216.4307313564367
10,HEURISTIC.SIMPLE_COLLISION,199.00422786814886
10,HEURISTIC.SIMPLE_COLLISION,214.488899615668
10,HEURISTIC.SIMPLE_COLLISION,214.5319169101239
10,HEURISTIC.SIMPLE_COLLISION,214.98115305503308
10,HEURISTIC.SIMPLE_COLLISION,215.0398116483628
10,HEURISTIC.SIMPLE_COLLISION,215.23775796293782
10,HEURISTIC.SIMPLE_COLLISION,215.46950729008594
10,HEURISTIC.SIMPLE_COLLISION,216.04425774172313
10,HEURISTIC.SIMPLE_COLLISION,216.07982311402404
10,HEURISTIC.SIMPLE_COLLISION,215.88199951237345
10,HEURISTIC.SIMPLE_COLLISION,199.78130001603597
10,HEURISTIC.SIMPLE_COLLISION,215.80691255891915
10,HEURISTIC.SIMPLE_COLLISION,215.84992985337507
10,HEURISTIC.SIMPLE_COLLISION,216.29916599828425
10,HEURISTIC.SIMPLE_COLLISION,216.35782459161396
10,HEURISTIC.SIMPLE_COLLISION,216.55577090618897
10,HEURISTIC.SIMPLE_COLLISION,216.7875202333371
10,HEURISTIC.SIMPLE_COLLISION,217.3622706849743
10,HEURISTIC.SIMPLE_COLLISION,217.39783605727519
10,HEURISTIC.SIMPLE_COLLISION,217.20001245562463
10,HEURISTIC.SIMPLE_COLLISION,199.6480527995594
10,HEURISTIC.SIMPLE_COLLISION,216.05823453959482
10,HEURISTIC.SIMPLE_COLLISION,216.10125183405074
10,HEURISTIC.SIMPLE_COLLISION,216.55048797895995
10,HEURISTIC.SIMPLE_COLLISION,216.60914657228966
10,HEURISTIC.SIMPLE_COLLISION,216.80709288686467
10,HEURISTIC.SIMPLE_COLLISION,217.0388422140128
10,HEURISTIC.SIMPLE_COLLISION,217.61359266564997
10,HEURISTIC.SIMPLE_COLLISION,217.64915803795088
10,HEURISTIC.SIMPLE_COLLISION,217.4513344363003
10,HEURISTIC.SIMPLE_COLLISION,205.3791994714084
10,HEURISTIC.SIMPLE_COLLISION,222.61127090509297
10,HEURISTIC.SIMPLE_COLLISION,199.2708979266443
10,HEURISTIC.SIMPLE_COLLISION,216.75150580619515
10,HEURISTIC.SIMPLE_COLLISION,216.79452310065108
10,HEURISTIC.SIMPLE_COLLISION,217.24375924556026
10,HEURISTIC.SIMPLE_COLLISION,217.30241783888997
10,HEURISTIC.SIMPLE_COLLISION,217.500364153465
10,HEURISTIC.SIMPLE_COLLISION,217.73211348061312
10,HEURISTIC.SIMPLE_COLLISION,218.30686393225028
10,HEURISTIC.SIMPLE_COLLISION,218.34242930455122
10,HEURISTIC.SIMPLE_COLLISION,218.14460570290063
10,HEURISTIC.SIMPLE_COLLISION,205.11065217803707
10,HEURISTIC.SIMPLE_COLLISION,222.68755094475674
10,HEURISTIC.SIMPLE_COLLISION,222.76910704738984
10,HEURISTIC.SIMPLE_COLLISION,222.5945145029999
10,HEURISTIC.SIMPLE_COLLISION,201.6340387171782
10,HEURISTIC.SIMPLE_COLLISION,219.51881327496068
10,HEURISTIC.SIMPLE_COLLISION,219.51817370204657
10,HEURISTIC.SIMPLE_COLLISION,220.29287814549474
10,HEURISTIC.SIMPLE_COLLISION,219.82432894496026
10,HEURISTIC.SIMPLE_COLLISION,220.02227525953526
10,HEURISTIC.SIMPLE_COLLISION,220.68451801976744
10,HEURISTIC.SIMPLE_COLLISION,220.86434041062148
10,HEURISTIC.SIMPLE_COLLISION,220.66651680897093
10,HEURISTIC.SIMPLE_COLLISION,220.89060454695584
10,HEURISTIC.SIMPLE_COLLISION,206.01474591756278
10,HEURISTIC.SIMPLE_COLLISION,224.56719531040255
10,HEURISTIC.SIMPLE_COLLISION,224.64875141303565
10,HEURISTIC.SIMPLE_COLLISION,223.78362487634354
10,HEURISTIC.SIMPLE_COLLISION,224.50085706716408
10,HEURISTIC.SIMPLE_COLLISION,204.85103178071702
10,HEURISTIC.SIMPLE_COLLISION,223.82086367714055
10,HEURISTIC.SIMPLE_COLLISION,223.90241977977365
10,HEURISTIC.SIMPLE_COLLISION,223.72782723538373
10,HEURISTIC.SIMPLE_COLLISION,199.35265917915626
10,HEURISTIC.SIMPLE_COLLISION,219.44494431029923
10,HEURISTIC.SIMPLE_COLLISION,219.48796160475516
10,HEURISTIC.SIMPLE_COLLISION,219.93719774966434
10,HEURISTIC.SIMPLE_COLLISION,219.99585634299405
10,HEURISTIC.SIMPLE_COLLISION,220.19380265756905
10,HEURISTIC.SIMPLE_COLLISION,220.42555198471717
10,HEURISTIC.SIMPLE_COLLISION,221.00030243635436
10,HEURISTIC.SIMPLE_COLLISION,221.03586780865527
10,HEURISTIC.SIMPLE_COLLISION,220.8380442070047
10,HEURISTIC.SIMPLE_COLLISION,206.1190734132279
10,HEURISTIC.SIMPLE_COLLISION,225.36754213362016
10,HEURISTIC.SIMPLE_COLLISION,225.5421346780101
10,HEURISTIC.SIMPLE_COLLISION,225.3942403321385
10,HEURISTIC.SIMPLE_COLLISION,224.67700814131797
10,HEURISTIC.SIMPLE_COLLISION,200.08125023462244
10,HEURISTIC.SIMPLE_COLLISION,219.73926017053478
10,HEURISTIC.SIMPLE_COLLISION,219.73884154978447
10,HEURISTIC.SIMPLE_COLLISION,220.51332504106884
10,HEURISTIC.SIMPLE_COLLISION,220.11560796138392
10,HEURISTIC.SIMPLE_COLLISION,220.31355427595895
10,HEURISTIC.SIMPLE_COLLISION,220.90496491534154
10,HEURISTIC.SIMPLE_COLLISION,221.18188356337953
10,HEURISTIC.SIMPLE_COLLISION,221.15561942704517
10,HEURISTIC.SIMPLE_COLLISION,220.95779582539458
10,HEURISTIC.SIMPLE_COLLISION,199.92530213767077
10,HEURISTIC.SIMPLE_COLLISION,219.8485757478885
10,HEURISTIC.SIMPLE_COLLISION,219.8481571271382
10,HEURISTIC.SIMPLE_COLLISION,220.61621037821834
10,HEURISTIC.SIMPLE_COLLISION,220.23854542502386
10,HEURISTIC.SIMPLE_COLLISION,220.4364917395989
10,HEURISTIC.SIMPLE_COLLISION,221.00785025249104
10,HEURISTIC.SIMPLE_COLLISION,221.3048210270195
10,HEURISTIC.SIMPLE_COLLISION,221.2785568906851
10,HEURISTIC.SIMPLE_COLLISION,221.08073328903453
10,HEURISTIC.SIMPLE_COLLISION,200.44113693531017
10,HEURISTIC.SIMPLE_COLLISION,220.41378130749888
10,HEURISTIC.SIMPLE_COLLISION,220.41314173458474
10,HEURISTIC.SIMPLE_COLLISION,221.18784617803294
10,HEURISTIC.SIMPLE_COLLISION,220.63697413880328
10,HEURISTIC.SIMPLE_COLLISION,220.8349204533783
10,HEURISTIC.SIMPLE_COLLISION,221.57948605230564
10,HEURISTIC.SIMPLE_COLLISION,221.78557257949404
10,HEURISTIC.SIMPLE_COLLISION,221.6769856044645
10,HEURISTIC.SIMPLE_COLLISION,221.47916200281395
10,HEURISTIC.SIMPLE_COLLISION,205.36830269022832
10,HEURISTIC.SIMPLE_COLLISION,225.49971519437855
10,HEURISTIC.SIMPLE_COLLISION,225.67430773876848
10,HEURISTIC.SIMPLE_COLLISION,225.52641339289687
10,HEURISTIC.SIMPLE_COLLISION,225.59275163613538
10,HEURISTIC.SIMPLE_COLLISION,205.16471737703637
10,HEURISTIC.SIMPLE_COLLISION,225.91714566907189
10,HEURISTIC.SIMPLE_COLLISION,226.0101821108287
10,HEURISTIC.SIMPLE_COLLISION,226.0917382134618
10,HEURISTIC.SIMPLE_COLLISION,225.2266116767697
10,HEURISTIC.SIMPLE_COLLISION,205.22123202657673
10,HEURISTIC.SIMPLE_COLLISION,226.6099978938292
10,HEURISTIC.SIMPLE_COLLISION,226.6915539964623
10,HEURISTIC.SIMPLE_COLLISION,226.5169614520724
10,HEURISTIC.SIMPLE_COLLISION,225.82642745977017
10,HEURISTIC.SIMPLE_COLLISION,205.66737511719722
10,HEURISTIC.SIMPLE_COLLISION,227.52547294527272
10,HEURISTIC.SIMPLE_COLLISION,227.37757859940115
10,HEURISTIC.SIMPLE_COLLISION,226.6603464085806
10,HEURISTIC.SIMPLE_COLLISION,227.44391684263962
10,HEURISTIC.SIMPLE_COLLISION,205.89375911202586
10,HEURISTIC.SIMPLE_COLLISION,227.63575182688
10,HEURISTIC.SIMPLE_COLLISION,189.18780779740584
10,HEURISTIC.SIMPLE_COLLISION,222.34798144409282
10,HEURISTIC.SIMPLE_COLLISION,222.39232862592104
10,HEURISTIC.SIMPLE_COLLISION,222.47388472855414
10,HEURISTIC.SIMPLE_COLLISION,222.27724458080462
10,HEURISTIC.SIMPLE_COLLISION,223.99263908656584
10,HEURISTIC.SIMPLE_COLLISION,223.1067607580313
10,HEURISTIC.SIMPLE_COLLISION,223.4339246090914
10,HEURISTIC.SIMPLE_COLLISION,223.8412433946308
10,HEURISTIC.SIMPLE_COLLISION,223.94033356017934
10,HEURISTIC.SIMPLE_COLLISION,223.9126057875182
10,HEURISTIC.SIMPLE_COLLISION,204.2097118868361
10,HEURISTIC.SIMPLE_COLLISION,224.9258497625657
10,HEURISTIC.SIMPLE_COLLISION,224.30440381250077
10,HEURISTIC.SIMPLE_COLLISION,224.2985906608964
10,HEURISTIC.SIMPLE_COLLISION,224.28846777194022
10,HEURISTIC.SIMPLE_COLLISION,224.556113520183
10,HEURISTIC.SIMPLE_COLLISION,226.00386227770144
10,HEURISTIC.SIMPLE_COLLISION,224.79149845461706
10,HEURISTIC.SIMPLE_COLLISION,203.79835522323316
10,HEURISTIC.SIMPLE_COLLISION,224.87339390696948
10,HEURISTIC.SIMPLE_COLLISION,224.25194795690453
10,HEURISTIC.SIMPLE_COLLISION,224.24613480530016
10,HEURISTIC.SIMPLE_COLLISION,224.23601191634398
10,HEURISTIC.SIMPLE_COLLISION,224.55308214109016
10,HEURISTIC.SIMPLE_COLLISION,225.9514064221052
10,HEURISTIC.SIMPLE_COLLISION,224.8812446581357
10,HEURISTIC.SIMPLE_COLLISION,203.83787589509237
10,HEURISTIC.SIMPLE_COLLISION,225.0486470167413
10,HEURISTIC.SIMPLE_COLLISION,224.4272010666764
10,HEURISTIC.SIMPLE_COLLISION,224.421387915072
10,HEURISTIC.SIMPLE_COLLISION,224.4112650261158
10,HEURISTIC.SIMPLE_COLLISION,224.7185086909968
10,HEURISTIC.SIMPLE_COLLISION,226.126659531877
10,HEURISTIC.SIMPLE_COLLISION,225.04667120804234
10,HEURISTIC.SIMPLE_COLLISION,205.11771244755812
10,HEURISTIC.SIMPLE_COLLISION,225.90655781195824
10,HEURISTIC.SIMPLE_COLLISION,225.86253831673588
10,HEURISTIC.SIMPLE_COLLISION,225.8567251651315
10,HEURISTIC.SIMPLE_COLLISION,225.8466022761753
10,HEURISTIC.SIMPLE_COLLISION,226.1132723346708
10,HEURISTIC.SIMPLE_COLLISION,227.56199678193656
10,HEURISTIC.SIMPLE_COLLISION,226.34963295885217
10,HEURISTIC.SIMPLE_COLLISION,227.0270047493347
10,HEURISTIC.SIMPLE_COLLISION,203.91893549409218
10,HEURISTIC.SIMPLE_COLLISION,227.7474536577907
10,HEURISTIC.SIMPLE_COLLISION,227.79180083961893
10,HEURISTIC.SIMPLE_COLLISION,227.79348167420756
10,HEURISTIC.SIMPLE_COLLISION,227.67871751668963
10,HEURISTIC.SIMPLE_COLLISION,229.39411202245086
10,HEURISTIC.SIMPLE_COLLISION,228.4263577036847
10,HEURISTIC.SIMPLE_COLLISION,203.79944219200058
10,HEURISTIC.SIMPLE_COLLISION,228.50563733441982
10,HEURISTIC.SIMPLE_COLLISION,228.54998451624806
10,HEURISTIC.SIMPLE_COLLISION,228.63136973495222
10,HEURISTIC.SIMPLE_COLLISION,228.31583521909528
10,HEURISTIC.SIMPLE_COLLISION,230.0312297248565
10,HEURISTIC.SIMPLE_COLLISION,229.26424576442938
10,HEURISTIC.SIMPLE_COLLISION,203.40172153156294
10,HEURISTIC.SIMPLE_COLLISION,227.34365780760498
10,HEURISTIC.SIMPLE_COLLISION,227.389557762503
10,HEURISTIC.SIMPLE_COLLISION,227.68844017263137
10,HEURISTIC.SIMPLE_COLLISION,227.0206097284831
10,HEURISTIC.SIMPLE_COLLISION,228.41518671108713
10,HEURISTIC.SIMPLE_COLLISION,228.17307908170847
10,HEURISTIC.SIMPLE_COLLISION,227.36001700090986
10,HEURISTIC.SIMPLE_COLLISION,203.24962760150257
10,HEURISTIC.SIMPLE_COLLISION,227.89403476512092
10,HEURISTIC.SIMPLE_COLLISION,227.93993472001893
10,HEURISTIC.SIMPLE_COLLISION,228.23881713014734
10,HEURISTIC.SIMPLE_COLLISION,227.57098668599903
10,HEURISTIC.SIMPLE_COLLISION,228.96556366860307
10,HEURISTIC.SIMPLE_COLLISION,228.7234560392244
10,HEURISTIC.SIMPLE_COLLISION,227.9103939584258
10,HEURISTIC.SIMPLE_COLLISION,203.90742876708703
10,HEURISTIC.SIMPLE_COLLISION,228.65958915186872
10,HEURISTIC.SIMPLE_COLLISION,228.70548910676672
10,HEURISTIC.SIMPLE_COLLISION,229.0043715168951
10,HEURISTIC.SIMPLE_COLLISION,228.3365410727468
10,HEURISTIC.SIMPLE_COLLISION,229.73111805535086
10,HEURISTIC.SIMPLE_COLLISION,229.48901042597217
10,HEURISTIC.SIMPLE_COLLISION,203.2037496392635
10,HEURISTIC.SIMPLE_COLLISION,228.28770274925483
10,HEURISTIC.SIMPLE_COLLISION,228.33360270415284
10,HEURISTIC.SIMPLE_COLLISION,228.63248511428122
10,HEURISTIC.SIMPLE_COLLISION,227.96465467013292
10,HEURISTIC.SIMPLE_COLLISION,229.1171240233583
10,HEURISTIC.SIMPLE_COLLISION,229.35923165273695
10,HEURISTIC.SIMPLE_COLLISION,228.30406194255968
10,HEURISTIC.SIMPLE_COLLISION,204.51018392559308
10,HEURISTIC.SIMPLE_COLLISION,230.78564756450638
10,HEURISTIC.SIMPLE_COLLISION,230.74162806928402
10,HEURISTIC.SIMPLE_COLLISION,230.73581491767965
10,HEURISTIC.SIMPLE_COLLISION,230.72569202872344
10,HEURISTIC.SIMPLE_COLLISION,201.70492106011702
10,HEURISTIC.SIMPLE_COLLISION,229.49860300206652
10,HEURISTIC.SIMPLE_COLLISION,229.54450295696452
10,HEURISTIC.SIMPLE_COLLISION,229.8433853670929
10,HEURISTIC.SIMPLE_COLLISION,229.17555492294463
10,HEURISTIC.SIMPLE_COLLISION,230.32802427616997
10,HEURISTIC.SIMPLE_COLLISION,230.57013190554864
10,HEURISTIC.SIMPLE_COLLISION,229.51496219537137
10,HEURISTIC.SIMPLE_COLLISION,204.52126793361634
10,HEURISTIC.SIMPLE_COLLISION,203.2029236262863
10,HEURISTIC.SIMPLE_COLLISION,233.69467139316296
10,HEURISTIC.SIMPLE_COLLISION,233.74057134806097
10,HEURISTIC.SIMPLE_COLLISION,234.03945375818935
10,HEURISTIC.SIMPLE_COLLISION,188.92861356827288
10,HEURISTIC.SIMPLE_COLLISION,221.29270482968883
10,HEURISTIC.SIMPLE_COLLISION,220.6712588796239
10,HEURISTIC.SIMPLE_COLLISION,220.6654457280195
10,HEURISTIC.SIMPLE_COLLISION,220.65532283906333
10,HEURISTIC.SIMPLE_COLLISION,220.97239306380953
10,HEURISTIC.SIMPLE_COLLISION,222.37071734482453
10,HEURISTIC.SIMPLE_COLLISION,221.30055558085502
10,HEURISTIC.SIMPLE_COLLISION,221.86126848111172
10,HEURISTIC.SIMPLE_COLLISION,221.80792879619446
10,HEURISTIC.SIMPLE_COLLISION,222.08646210074534
10,HEURISTIC.SIMPLE_COLLISION,204.37352854187745
10,HEURISTIC.SIMPLE_COLLISION,221.3651951949476
10,HEURISTIC.SIMPLE_COLLISION,220.74374924488268
10,HEURISTIC.SIMPLE_COLLISION,220.7379360932783
10,HEURISTIC.SIMPLE_COLLISION,220.72781320432213
10,HEURISTIC.SIMPLE_COLLISION,220.99545895256492
10,HEURISTIC.SIMPLE_COLLISION,222.44320771008336
10,HEURISTIC.SIMPLE_COLLISION,221.23084388699897
10,HEURISTIC.SIMPLE_COLLISION,221.9082156774815
10,HEURISTIC.SIMPLE_COLLISION,221.85487599256425
10,HEURISTIC.SIMPLE_COLLISION,222.15895246600417
10,HEURISTIC.SIMPLE_COLLISION,204.00169255013373
10,HEURISTIC.SIMPLE_COLLISION,221.45330644145702
10,HEURISTIC.SIMPLE_COLLISION,220.8318604913921
10,HEURISTIC.SIMPLE_COLLISION,220.8260473397877
10,HEURISTIC.SIMPLE_COLLISION,220.81592445083152
10,HEURISTIC.SIMPLE_COLLISION,221.1231681157125
10,HEURISTIC.SIMPLE_COLLISION,222.5313189565927
10,HEURISTIC.SIMPLE_COLLISION,221.45133063275804
10,HEURISTIC.SIMPLE_COLLISION,222.01204353301472
10,HEURISTIC.SIMPLE_COLLISION,221.95870384809746
10,HEURISTIC.SIMPLE_COLLISION,222.24706371251352
10,HEURISTIC.SIMPLE_COLLISION,205.28152910259945
10,HEURISTIC.SIMPLE_COLLISION,222.24952302826586
10,HEURISTIC.SIMPLE_COLLISION,222.2055035330435
10,HEURISTIC.SIMPLE_COLLISION,222.19969038143913
10,HEURISTIC.SIMPLE_COLLISION,222.18956749248292
10,HEURISTIC.SIMPLE_COLLISION,222.45623755097841
10,HEURISTIC.SIMPLE_COLLISION,223.90496199824418
10,HEURISTIC.SIMPLE_COLLISION,222.6925981751598
10,HEURISTIC.SIMPLE_COLLISION,223.36996996564233
10,HEURISTIC.SIMPLE_COLLISION,223.31663028072506
10,HEURISTIC.SIMPLE_COLLISION,223.62070675416498
10,HEURISTIC.SIMPLE_COLLISION,204.1155341157255
10,HEURISTIC.SIMPLE_COLLISION,223.02276026565423
10,HEURISTIC.SIMPLE_COLLISION,223.06710744748244
10,HEURISTIC.SIMPLE_COLLISION,223.14866355011554
10,HEURISTIC.SIMPLE_COLLISION,222.95202340236602
10,HEURISTIC.SIMPLE_COLLISION,224.66741790812725
10,HEURISTIC.SIMPLE_COLLISION,223.7815395795927
10,HEURISTIC.SIMPLE_COLLISION,224.1087034306528
10,HEURISTIC.SIMPLE_COLLISION,224.5160222161922
10,HEURISTIC.SIMPLE_COLLISION,224.61511238174074
10,HEURISTIC.SIMPLE_COLLISION,224.5873846090796
10,HEURISTIC.SIMPLE_COLLISION,203.41344425654393
10,HEURISTIC.SIMPLE_COLLISION,223.34403643362742
10,HEURISTIC.SIMPLE_COLLISION,223.38993638852543
10,HEURISTIC.SIMPLE_COLLISION,223.68881879865384
10,HEURISTIC.SIMPLE_COLLISION,223.02098835450553
10,HEURISTIC.SIMPLE_COLLISION,224.41556533710957
10,HEURISTIC.SIMPLE_COLLISION,224.1734577077309
10,HEURISTIC.SIMPLE_COLLISION,223.3603956269323
10,HEURISTIC.SIMPLE_COLLISION,203.36756629430482
10,HEURISTIC.SIMPLE_COLLISION,223.75311992426384
10,HEURISTIC.SIMPLE_COLLISION,223.79901987916185
10,HEURISTIC.SIMPLE_COLLISION,224.09790228929023
10,HEURISTIC.SIMPLE_COLLISION,223.43007184514192
10,HEURISTIC.SIMPLE_COLLISION,224.5825411983673
10,HEURISTIC.SIMPLE_COLLISION,224.82464882774596
10,HEURISTIC.SIMPLE_COLLISION,223.7694791175687
10,HEURISTIC.SIMPLE_COLLISION,203.56553818660427
10,HEURISTIC.SIMPLE_COLLISION,224.25651967829987
10,HEURISTIC.SIMPLE_COLLISION,224.30241963319787
10,HEURISTIC.SIMPLE_COLLISION,224.60130204332626
10,HEURISTIC.SIMPLE_COLLISION,223.93347159917795
10,HEURISTIC.SIMPLE_COLLISION,225.32804858178199
10,HEURISTIC.SIMPLE_COLLISION,225.0859409524033
10,HEURISTIC.SIMPLE_COLLISION,224.2728788716047
10,HEURISTIC.SIMPLE_COLLISION,204.07124542212838
10,HEURISTIC.SIMPLE_COLLISION,225.37178929216802
10,HEURISTIC.SIMPLE_COLLISION,225.41768924706602
10,HEURISTIC.SIMPLE_COLLISION,225.7165716571944
10,HEURISTIC.SIMPLE_COLLISION,225.04874121304613
10,HEURISTIC.SIMPLE_COLLISION,226.44331819565014
10,HEURISTIC.SIMPLE_COLLISION,226.20121056627147
10,HEURISTIC.SIMPLE_COLLISION,225.38814848547287
10,HEURISTIC.SIMPLE_COLLISION,203.93231974446326
10,HEURISTIC.SIMPLE_COLLISION,226.1987041437999
10,HEURISTIC.SIMPLE_COLLISION,226.24305132562807
10,HEURISTIC.SIMPLE_COLLISION,226.3244365443323
10,HEURISTIC.SIMPLE_COLLISION,226.00890202847535
10,HEURISTIC.SIMPLE_COLLISION,227.72429653423654
10,HEURISTIC.SIMPLE_COLLISION,226.95731257380942
10,HEURISTIC.SIMPLE_COLLISION,227.28447642486952
10,HEURISTIC.SIMPLE_COLLISION,204.6740005806344
10,HEURISTIC.SIMPLE_COLLISION,226.67521630884875
10,HEURISTIC.SIMPLE_COLLISION,226.6311968136264
10,HEURISTIC.SIMPLE_COLLISION,226.625383662022
10,HEURISTIC.SIMPLE_COLLISION,226.6152607730658
10,HEURISTIC.DILIGENT,117.92468201982297
10,HEURISTIC.DILIGENT,208.83493922539287
10,HEURISTIC.DILIGENT,208.91523634343525
10,HEURISTIC.DILIGENT,209.0409535975545
10,HEURISTIC.DILIGENT,209.58105552859672
10,HEURISTIC.DILIGENT,209.67609987879308
10,HEURISTIC.DILIGENT,209.96356564442857
10,HEURISTIC.DILIGENT,210.0899793073236
10,HEURISTIC.DILIGENT,210.4172861910232
10,HEURISTIC.DILIGENT,210.4277069044736
10,HEURISTIC.DILIGENT,197.24205080657285
10,HEURISTIC.DILIGENT,207.51210893026004
10,HEURISTIC.DILIGENT,207.49560107266308
10,HEURISTIC.DILIGENT,208.0004631653129
10,HEURISTIC.DILIGENT,208.1614202578246
10,HEURISTIC.DILIGENT,208.57521361695007
10,HEURISTIC.DILIGENT,208.5439303736564
10,HEURISTIC.DILIGENT,208.67034403655146
10,HEURISTIC.DILIGENT,208.99765092025106
10,HEURISTIC.DILIGENT,209.00807163370143
10,HEURISTIC.DILIGENT,199.87295110069914
10,HEURISTIC.DILIGENT,208.98325963808554
10,HEURISTIC.DILIGENT,209.0635567561279
10,HEURISTIC.DILIGENT,209.18927401024717
10,HEURISTIC.DILIGENT,209.7293759412894
10,HEURISTIC.DILIGENT,209.82442029148575
10,HEURISTIC.DILIGENT,210.1118860571212
10,HEURISTIC.DILIGENT,210.23829972001624
10,HEURISTIC.DILIGENT,210.56560660371588
10,HEURISTIC.DILIGENT,210.57602731716625
10,HEURISTIC.DILIGENT,199.82747553978624
10,HEURISTIC.DILIGENT,209.02230161493537
10,HEURISTIC.DILIGENT,209.10259873297775
10,HEURISTIC.DILIGENT,209.228315987097
10,HEURISTIC.DILIGENT,209.76841791813922
10,HEURISTIC.DILIGENT,209.86346226833558
10,HEURISTIC.DILIGENT,210.15092803397107
10,HEURISTIC.DILIGENT,210.2773416968661
10,HEURISTIC.DILIGENT,210.6046485805657
10,HEURISTIC.DILIGENT,210.6150692940161
10,HEURISTIC.DILIGENT,199.95741427137958
10,HEURISTIC.DILIGENT,210.04882903740452
10,HEURISTIC.DILIGENT,210.01936957529804
10,HEURISTIC.DILIGENT,210.53718327245736
10,HEURISTIC.DILIGENT,210.68518876045954
10,HEURISTIC.DILIGENT,211.11193372409454
10,HEURISTIC.DILIGENT,211.0676988762914
10,HEURISTIC.DILIGENT,211.1941125391864
10,HEURISTIC.DILIGENT,211.52141942288603
10,HEURISTIC.DILIGENT,211.53184013633643
10,HEURISTIC.DILIGENT,199.79476330114161
10,HEURISTIC.DILIGENT,210.27221056709575
10,HEURISTIC.DILIGENT,210.3525076851381
10,HEURISTIC.DILIGENT,210.4782249392574
10,HEURISTIC.DILIGENT,211.0183268702996
10,HEURISTIC.DILIGENT,211.11337122049594
10,HEURISTIC.DILIGENT,211.40083698613142
10,HEURISTIC.DILIGENT,211.52725064902646
10,HEURISTIC.DILIGENT,211.85455753272606
10,HEURISTIC.DILIGENT,211.86497824617646
10,HEURISTIC.DILIGENT,200.3214713932812
10,HEURISTIC.DILIGENT,212.95924282747495
10,HEURISTIC.DILIGENT,213.203329122867
10,HEURISTIC.DILIGENT,213.69168335791983
10,HEURISTIC.DILIGENT,213.33673606627355
10,HEURISTIC.DILIGENT,213.64812567244005
10,HEURISTIC.DILIGENT,214.26643380955704
10,HEURISTIC.DILIGENT,213.84607198701508
10,HEURISTIC.DILIGENT,214.4612926750629
10,HEURISTIC.DILIGENT,214.4717133885133
10,HEURISTIC.DILIGENT,200.36000445365238
10,HEURISTIC.DILIGENT,213.71082792109905
10,HEURISTIC.DILIGENT,213.9549142164911
10,HEURISTIC.DILIGENT,214.443268451544
10,HEURISTIC.DILIGENT,214.01754294707598
10,HEURISTIC.DILIGENT,214.3289325532425
10,HEURISTIC.DILIGENT,215.01801890318114
10,HEURISTIC.DILIGENT,214.52687886781752
10,HEURISTIC.DILIGENT,215.17112041725318
10,HEURISTIC.DILIGENT,215.21287776868704
10,HEURISTIC.DILIGENT,200.02800973435663
10,HEURISTIC.DILIGENT,213.08402678582763
10,HEURISTIC.DILIGENT,213.0675189282307
10,HEURISTIC.DILIGENT,213.57238102088047
10,HEURISTIC.DILIGENT,213.73333811339216
10,HEURISTIC.DILIGENT,214.14713147251769
10,HEURISTIC.DILIGENT,214.115848229224
10,HEURISTIC.DILIGENT,214.24226189211902
10,HEURISTIC.DILIGENT,214.56956877581865
10,HEURISTIC.DILIGENT,214.57998948926905
10,HEURISTIC.DILIGENT,200.34314139929813
10,HEURISTIC.DILIGENT,214.17235588540566
10,HEURISTIC.DILIGENT,214.4164421807977
10,HEURISTIC.DILIGENT,214.90479641585057
10,HEURISTIC.DILIGENT,214.50433921976244
10,HEURISTIC.DILIGENT,214.81572882592894
10,HEURISTIC.DILIGENT,215.47954686748773
10,HEURISTIC.DILIGENT,215.01367514050398
10,HEURISTIC.DILIGENT,215.67440573299365
10,HEURISTIC.DILIGENT,215.6579166899396
10,HEURISTIC.DILIGENT,200.03484828454577
10,HEURISTIC.DILIGENT,213.83063034738174
10,HEURISTIC.DILIGENT,214.0747166427738
10,HEURISTIC.DILIGENT,214.56307087782665
10,HEURISTIC.DILIGENT,214.49644953254324
10,HEURISTIC.DILIGENT,214.81344239783382
10,HEURISTIC.DILIGENT,215.13782132946383
10,HEURISTIC.DILIGENT,215.0053733112701
10,HEURISTIC.DILIGENT,215.33268019496973
10,HEURISTIC.DILIGENT,215.34310090842013
10,HEURISTIC.DILIGENT,183.99290026066808
10,HEURISTIC.DILIGENT,208.8673347674897
10,HEURISTIC.DILIGENT,208.94763188553202
10,HEURISTIC.DILIGENT,209.07334913965133
10,HEURISTIC.DILIGENT,209.61345107069354
10,HEURISTIC.DILIGENT,209.70849542088988
10,HEURISTIC.DILIGENT,209.99596118652536
10,HEURISTIC.DILIGENT,210.1223748494204
10,HEURISTIC.DILIGENT,210.44968173312003
10,HEURISTIC.DILIGENT,210.4601024465704
10,HEURISTIC.DILIGENT,197.30326959842137
10,HEURISTIC.DILIGENT,207.54450447235683
10,HEURISTIC.DILIGENT,207.5279966147599
10,HEURISTIC.DILIGENT,208.03285870740967
10,HEURISTIC.DILIGENT,208.19381579992137
10,HEURISTIC.DILIGENT,208.6076091590469
10,HEURISTIC.DILIGENT,208.57632591575322
10,HEURISTIC.DILIGENT,208.70273957864822
10,HEURISTIC.DILIGENT,209.03004646234785
10,HEURISTIC.DILIGENT,209.04046717579826
10,HEURISTIC.DILIGENT,199.9341698925477
10,HEURISTIC.DILIGENT,209.01565518018234
10,HEURISTIC.DILIGENT,209.0959522982247
10,HEURISTIC.DILIGENT,209.22166955234397
10,HEURISTIC.DILIGENT,209.76177148338618
10,HEURISTIC.DILIGENT,209.85681583358252
10,HEURISTIC.DILIGENT,210.144281599218
10,HEURISTIC.DILIGENT,210.27069526211304
10,HEURISTIC.DILIGENT,210.59800214581267
10,HEURISTIC.DILIGENT,210.60842285926304
10,HEURISTIC.DILIGENT,199.9230777914543
10,HEURISTIC.DILIGENT,209.12346407667127
10,HEURISTIC.DILIGENT,209.2037611947136
10,HEURISTIC.DILIGENT,209.3294784488329
10,HEURISTIC.DILIGENT,209.86958037987512
10,HEURISTIC.DILIGENT,209.96462473007145
10,HEURISTIC.DILIGENT,210.25209049570694
10,HEURISTIC.DILIGENT,210.37850415860197
10,HEURISTIC.DILIGENT,210.7058110423016
10,HEURISTIC.DILIGENT,210.71623175575198
10,HEURISTIC.DILIGENT,200.0186330632281
10,HEURISTIC.DILIGENT,210.08122457950128
10,HEURISTIC.DILIGENT,210.05176511739484
10,HEURISTIC.DILIGENT,210.56957881455418
10,HEURISTIC.DILIGENT,210.71758430255636
10,HEURISTIC.DILIGENT,211.14432926619133
10,HEURISTIC.DILIGENT,211.10009441838815
10,HEURISTIC.DILIGENT,211.2265080812832
10,HEURISTIC.DILIGENT,211.55381496498282
10,HEURISTIC.DILIGENT,211.5642356784332
10,HEURISTIC.DILIGENT,199.86747117179635
10,HEURISTIC.DILIGENT,210.32758426680502
10,HEURISTIC.DILIGENT,210.40788138484737
10,HEURISTIC.DILIGENT,210.53359863896665
10,HEURISTIC.DILIGENT,211.07370057000887
10,HEURISTIC.DILIGENT,211.1687449202052
10,HEURISTIC.DILIGENT,211.4562106858407
10,HEURISTIC.DILIGENT,211.58262434873572
10,HEURISTIC.DILIGENT,211.90993123243533
10,HEURISTIC.DILIGENT,211.92035194588573
10,HEURISTIC.DILIGENT,200.38269018512972
10,HEURISTIC.DILIGENT,212.99163836957172
10,HEURISTIC.DILIGENT,213.23572466496375
10,HEURISTIC.DILIGENT,213.7240789000166
10,HEURISTIC.DILIGENT,213.3691316083703
10,HEURISTIC.DILIGENT,213.6805212145368
10,HEURISTIC.DILIGENT,214.2988293516538
10,HEURISTIC.DILIGENT,213.87846752911184
10,HEURISTIC.DILIGENT,214.49368821715967
10,HEURISTIC.DILIGENT,214.50410893061007
10,HEURISTIC.DILIGENT,200.42122324550087
10,HEURISTIC.DILIGENT,213.74322346319582
10,HEURISTIC.DILIGENT,213.98730975858786
10,HEURISTIC.DILIGENT,214.47566399364075
10,HEURISTIC.DILIGENT,214.04993848917275
10,HEURISTIC.DILIGENT,214.36132809533927
10,HEURISTIC.DILIGENT,215.0504144452779
10,HEURISTIC.DILIGENT,214.55927440991428
10,HEURISTIC.DILIGENT,215.20351595934994
10,HEURISTIC.DILIGENT,215.2452733107838
10,HEURISTIC.DILIGENT,200.08922852620515
10,HEURISTIC.DILIGENT,213.1164223279244
10,HEURISTIC.DILIGENT,213.09991447032746
10,HEURISTIC.DILIGENT,213.60477656297724
10,HEURISTIC.DILIGENT,213.76573365548893
10,HEURISTIC.DILIGENT,214.17952701461445
10,HEURISTIC.DILIGENT,214.14824377132078
10,HEURISTIC.DILIGENT,214.27465743421578
10,HEURISTIC.DILIGENT,214.60196431791542
10,HEURISTIC.DILIGENT,214.61238503136582
10,HEURISTIC.DILIGENT,200.40436019114668
10,HEURISTIC.DILIGENT,214.20475142750246
10,HEURISTIC.DILIGENT,214.4488377228945
10,HEURISTIC.DILIGENT,214.93719195794736
10,HEURISTIC.DILIGENT,214.53673476185924
10,HEURISTIC.DILIGENT,214.84812436802574
10,HEURISTIC.DILIGENT,215.51194240958455
10,HEURISTIC.DILIGENT,215.04607068260077
10,HEURISTIC.DILIGENT,215.70680127509044
10,HEURISTIC.DILIGENT,215.6903122320364
10,HEURISTIC.DILIGENT,200.09606707639426
10,HEURISTIC.DILIGENT,213.8630258894785
10,HEURISTIC.DILIGENT,214.10711218487057
10,HEURISTIC.DILIGENT,214.5954664199234
10,HEURISTIC.DILIGENT,214.52884507464
10,HEURISTIC.DILIGENT,214.8458379399306
10,HEURISTIC.DILIGENT,215.1702168715606
10,HEURISTIC.DILIGENT,215.03776885336686
10,HEURISTIC.DILIGENT,215.3650757370665
10,HEURISTIC.DILIGENT,215.3754964505169
10,HEURISTIC.DILIGENT,183.24636963010403
10,HEURISTIC.DILIGENT,208.8759487210442
10,HEURISTIC.DILIGENT,208.95624583908653
10,HEURISTIC.DILIGENT,209.08196309320584
10,HEURISTIC.DILIGENT,209.62206502424806
10,HEURISTIC.DILIGENT,209.7171093744444
10,HEURISTIC.DILIGENT,210.00457514007988
10,HEURISTIC.DILIGENT,210.1309888029749
10,HEURISTIC.DILIGENT,210.45829568667455
10,HEURISTIC.DILIGENT,210.46871640012492
10,HEURISTIC.DILIGENT,197.436968232475
10,HEURISTIC.DILIGENT,207.55311842591135
10,HEURISTIC.DILIGENT,207.53661056831442
10,HEURISTIC.DILIGENT,208.0414726609642
10,HEURISTIC.DILIGENT,208.20242975347588
10,HEURISTIC.DILIGENT,208.6162231126014
10,HEURISTIC.DILIGENT,208.58493986930773
10,HEURISTIC.DILIGENT,208.71135353220274
10,HEURISTIC.DILIGENT,209.03866041590237
10,HEURISTIC.DILIGENT,209.04908112935277
10,HEURISTIC.DILIGENT,200.06786852660133
10,HEURISTIC.DILIGENT,209.02426913373685
10,HEURISTIC.DILIGENT,209.1045662517792
10,HEURISTIC.DILIGENT,209.23028350589848
10,HEURISTIC.DILIGENT,209.7703854369407
10,HEURISTIC.DILIGENT,209.86542978713703
10,HEURISTIC.DILIGENT,210.15289555277252
10,HEURISTIC.DILIGENT,210.27930921566755
10,HEURISTIC.DILIGENT,210.6066160993672
10,HEURISTIC.DILIGENT,210.61703681281756
10,HEURISTIC.DILIGENT,200.0223929656884
10,HEURISTIC.DILIGENT,209.0633111105867
10,HEURISTIC.DILIGENT,209.14360822862903
10,HEURISTIC.DILIGENT,209.26932548274834
10,HEURISTIC.DILIGENT,209.80942741379056
10,HEURISTIC.DILIGENT,209.9044717639869
10,HEURISTIC.DILIGENT,210.19193752962238
10,HEURISTIC.DILIGENT,210.3183511925174
10,HEURISTIC.DILIGENT,210.64565807621705
10,HEURISTIC.DILIGENT,210.65607878966742
10,HEURISTIC.DILIGENT,200.15233169728174
10,HEURISTIC.DILIGENT,210.0898385330558
10,HEURISTIC.DILIGENT,210.06037907094935
10,HEURISTIC.DILIGENT,210.5781927681087
10,HEURISTIC.DILIGENT,210.72619825611088
10,HEURISTIC.DILIGENT,211.15294321974585
10,HEURISTIC.DILIGENT,211.10870837194267
10,HEURISTIC.DILIGENT,211.23512203483773
10,HEURISTIC.DILIGENT,211.56242891853734
10,HEURISTIC.DILIGENT,211.5728496319877
10,HEURISTIC.DILIGENT,199.98968072704378
10,HEURISTIC.DILIGENT,210.31322006274706
10,HEURISTIC.DILIGENT,210.39351718078942
10,HEURISTIC.DILIGENT,210.5192344349087
10,HEURISTIC.DILIGENT,211.0593363659509
10,HEURISTIC.DILIGENT,211.15438071614727
10,HEURISTIC.DILIGENT,211.44184648178273
10,HEURISTIC.DILIGENT,211.56826014467777
10,HEURISTIC.DILIGENT,211.8955670283774
10,HEURISTIC.DILIGENT,211.90598774182777
10,HEURISTIC.DILIGENT,200.51638881918336
10,HEURISTIC.DILIGENT,213.00025232312623
10,HEURISTIC.DILIGENT,213.2443386185183
10,HEURISTIC.DILIGENT,213.73269285357117
10,HEURISTIC.DILIGENT,213.37774556192485
10,HEURISTIC.DILIGENT,213.68913516809135
10,HEURISTIC.DILIGENT,214.30744330520832
10,HEURISTIC.DILIGENT,213.8870814826664
10,HEURISTIC.DILIGENT,214.50230217071424
10,HEURISTIC.DILIGENT,214.51272288416462
10,HEURISTIC.DILIGENT,200.5549218795545
10,HEURISTIC.DILIGENT,213.7518374167504
10,HEURISTIC.DILIGENT,213.99592371214243
10,HEURISTIC.DILIGENT,214.48427794719527
10,HEURISTIC.DILIGENT,214.05855244272732
10,HEURISTIC.DILIGENT,214.3699420488938
10,HEURISTIC.DILIGENT,215.05902839883245
10,HEURISTIC.DILIGENT,214.56788836346882
10,HEURISTIC.DILIGENT,215.21212991290446
10,HEURISTIC.DILIGENT,215.25388726433835
10,HEURISTIC.DILIGENT,200.2229271602588
10,HEURISTIC.DILIGENT,213.1250362814789
10,HEURISTIC.DILIGENT,213.10852842388198
10,HEURISTIC.DILIGENT,213.61339051653175
10,HEURISTIC.DILIGENT,213.77434760904345
10,HEURISTIC.DILIGENT,214.18814096816897
10,HEURISTIC.DILIGENT,214.1568577248753
10,HEURISTIC.DILIGENT,214.2832713877703
10,HEURISTIC.DILIGENT,214.61057827146993
10,HEURISTIC.DILIGENT,214.62099898492033
10,HEURISTIC.DILIGENT,200.53805882520032
10,HEURISTIC.DILIGENT,214.21336538105697
10,HEURISTIC.DILIGENT,214.457451676449
10,HEURISTIC.DILIGENT,214.94580591150188
10,HEURISTIC.DILIGENT,214.54534871541375
10,HEURISTIC.DILIGENT,214.85673832158025
10,HEURISTIC.DILIGENT,215.52055636313906
10,HEURISTIC.DILIGENT,215.0546846361553
10,HEURISTIC.DILIGENT,215.71541522864496
10,HEURISTIC.DILIGENT,215.69892618559092
10,HEURISTIC.DILIGENT,200.2297657104479
10,HEURISTIC.DILIGENT,213.87163984303305
10,HEURISTIC.DILIGENT,214.1157261384251
10,HEURISTIC.DILIGENT,214.60408037347796
10,HEURISTIC.DILIGENT,214.53745902819455
10,HEURISTIC.DILIGENT,214.85445189348513
10,HEURISTIC.DILIGENT,215.17883082511514
10,HEURISTIC.DILIGENT,215.0463828069214
10,HEURISTIC.DILIGENT,215.37368969062103
10,HEURISTIC.DILIGENT,215.3841104040714
10,HEURISTIC.DILIGENT,206.07639272880027
10,HEURISTIC.DILIGENT,225.02450510926474
10,HEURISTIC.DILIGENT,226.30251002086828
10,HEURISTIC.DILIGENT,226.4628163475278
10,HEURISTIC.DILIGENT,204.5770608356786
10,HEURISTIC.DILIGENT,225.85858665317653
10,HEURISTIC.DILIGENT,227.13659156478008
10,HEURISTIC.DILIGENT,227.26251443162005
10,HEURISTIC.DILIGENT,183.1907110284722
10,HEURISTIC.DILIGENT,209.01949964752492
10,HEURISTIC.DILIGENT,209.09979676556725
10,HEURISTIC.DILIGENT,209.22551401968656
10,HEURISTIC.DILIGENT,209.76561595072877
10,HEURISTIC.DILIGENT,209.8606603009251
10,HEURISTIC.DILIGENT,210.1481260665606
10,HEURISTIC.DILIGENT,210.27453972945563
10,HEURISTIC.DILIGENT,210.60184661315526
10,HEURISTIC.DILIGENT,210.61226732660563
10,HEURISTIC.DILIGENT,197.63036460898314
10,HEURISTIC.DILIGENT,207.69666935239206
10,HEURISTIC.DILIGENT,207.68016149479513
10,HEURISTIC.DILIGENT,208.1850235874449
10,HEURISTIC.DILIGENT,208.3459806799566
10,HEURISTIC.DILIGENT,208.75977403908212
10,HEURISTIC.DILIGENT,208.72849079578845
10,HEURISTIC.DILIGENT,208.85490445868345
10,HEURISTIC.DILIGENT,209.18221134238308
10,HEURISTIC.DILIGENT,209.19263205583349
10,HEURISTIC.DILIGENT,200.26126490310946
10,HEURISTIC.DILIGENT,209.16782006021757
10,HEURISTIC.DILIGENT,209.24811717825992
10,HEURISTIC.DILIGENT,209.3738344323792
10,HEURISTIC.DILIGENT,209.9139363634214
10,HEURISTIC.DILIGENT,210.00898071361775
10,HEURISTIC.DILIGENT,210.29644647925323
10,HEURISTIC.DILIGENT,210.42286014214827
10,HEURISTIC.DILIGENT,210.7501670258479
10,HEURISTIC.DILIGENT,210.76058773929827
10,HEURISTIC.DILIGENT,200.21578934219653
10,HEURISTIC.DILIGENT,209.20686203706742
10,HEURISTIC.DILIGENT,209.28715915510975
10,HEURISTIC.DILIGENT,209.41287640922906
10,HEURISTIC.DILIGENT,209.95297834027127
10,HEURISTIC.DILIGENT,210.0480226904676
10,HEURISTIC.DILIGENT,210.3354884561031
10,HEURISTIC.DILIGENT,210.46190211899813
10,HEURISTIC.DILIGENT,210.78920900269776
10,HEURISTIC.DILIGENT,210.79962971614813
10,HEURISTIC.DILIGENT,200.34572807378987
10,HEURISTIC.DILIGENT,210.2333894595365
10,HEURISTIC.DILIGENT,210.20392999743007
10,HEURISTIC.DILIGENT,210.7217436945894
10,HEURISTIC.DILIGENT,210.8697491825916
10,HEURISTIC.DILIGENT,211.29649414622656
10,HEURISTIC.DILIGENT,211.25225929842338
10,HEURISTIC.DILIGENT,211.37867296131844
10,HEURISTIC.DILIGENT,211.70597984501805
10,HEURISTIC.DILIGENT,211.71640055846842
10,HEURISTIC.DILIGENT,200.1830771035519
10,HEURISTIC.DILIGENT,210.45677098922778
10,HEURISTIC.DILIGENT,210.53706810727013
10,HEURISTIC.DILIGENT,210.6627853613894
10,HEURISTIC.DILIGENT,211.20288729243163
10,HEURISTIC.DILIGENT,211.297931642628
10,HEURISTIC.DILIGENT,211.58539740826345
10,HEURISTIC.DILIGENT,211.71181107115848
10,HEURISTIC.DILIGENT,212.0391179548581
10,HEURISTIC.DILIGENT,212.0495386683085
10,HEURISTIC.DILIGENT,200.7097851956915
10,HEURISTIC.DILIGENT,213.14380324960695
10,HEURISTIC.DILIGENT,213.387889544999
10,HEURISTIC.DILIGENT,213.87624378005188
10,HEURISTIC.DILIGENT,213.52129648840557
10,HEURISTIC.DILIGENT,213.83268609457207
10,HEURISTIC.DILIGENT,214.45099423168904
10,HEURISTIC.DILIGENT,214.0306324091471
10,HEURISTIC.DILIGENT,214.64585309719496
10,HEURISTIC.DILIGENT,214.65627381064533
10,HEURISTIC.DILIGENT,200.74831825606265
10,HEURISTIC.DILIGENT,213.8953883432311
10,HEURISTIC.DILIGENT,214.13947463862314
10,HEURISTIC.DILIGENT,214.62782887367598
10,HEURISTIC.DILIGENT,214.20210336920803
10,HEURISTIC.DILIGENT,214.5134929753745
10,HEURISTIC.DILIGENT,215.20257932531317
10,HEURISTIC.DILIGENT,214.71143928994954
10,HEURISTIC.DILIGENT,215.35568083938517
10,HEURISTIC.DILIGENT,215.39743819081906
10,HEURISTIC.DILIGENT,200.41632353676692
10,HEURISTIC.DILIGENT,213.26858720795963
10,HEURISTIC.DILIGENT,213.2520793503627
10,HEURISTIC.DILIGENT,213.75694144301247
10,HEURISTIC.DILIGENT,213.91789853552416
10,HEURISTIC.DILIGENT,214.33169189464968
10,HEURISTIC.DILIGENT,214.300408651356
10,HEURISTIC.DILIGENT,214.426822314251
10,HEURISTIC.DILIGENT,214.75412919795065
10,HEURISTIC.DILIGENT,214.76454991140105
10,HEURISTIC.DILIGENT,200.73145520170846
10,HEURISTIC.DILIGENT,214.3569163075377
10,HEURISTIC.DILIGENT,214.60100260292973
10,HEURISTIC.DILIGENT,215.0893568379826
10,HEURISTIC.DILIGENT,214.68889964189447
10,HEURISTIC.DILIGENT,215.00028924806097
10,HEURISTIC.DILIGENT,215.66410728961978
10,HEURISTIC.DILIGENT,215.198235562636
10,HEURISTIC.DILIGENT,215.85896615512567
10,HEURISTIC.DILIGENT,215.84247711207163
10,HEURISTIC.DILIGENT,200.42316208695604
10,HEURISTIC.DILIGENT,214.01519076951377
10,HEURISTIC.DILIGENT,214.2592770649058
10,HEURISTIC.DILIGENT,214.74763129995867
10,HEURISTIC.DILIGENT,214.68100995467526
10,HEURISTIC.DILIGENT,214.99800281996585
10,HEURISTIC.DILIGENT,215.32238175159586
10,HEURISTIC.DILIGENT,215.1899337334021
10,HEURISTIC.DILIGENT,215.51724061710175
10,HEURISTIC.DILIGENT,215.52766133055212
10,HEURISTIC.DILIGENT,206.38485773911702
10,HEURISTIC.DILIGENT,225.03331812154943
10,HEURISTIC.DILIGENT,226.31132303315297
10,HEURISTIC.DILIGENT,226.47162935981248
10,HEURISTIC.DILIGENT,204.88552584599535
10,HEURISTIC.DILIGENT,225.86739966546122
10,HEURISTIC.DILIGENT,227.14540457706477
10,HEURISTIC.DILIGENT,227.27132744390474
10,HEURISTIC.DILIGENT,182.54672036922312
10,HEURISTIC.DILIGENT,208.99892241393542
10,HEURISTIC.DILIGENT,209.0792195319778
10,HEURISTIC.DILIGENT,209.20493678609705
10,HEURISTIC.DILIGENT,209.74503871713927
10,HEURISTIC.DILIGENT,209.84008306733563
10,HEURISTIC.DILIGENT,210.12754883297112
10,HEURISTIC.DILIGENT,210.25396249586615
10,HEURISTIC.DILIGENT,210.58126937956575
10,HEURISTIC.DILIGENT,210.59169009301615
10,HEURISTIC.DILIGENT,198.24365514568655
10,HEURISTIC.DILIGENT,207.6760921188026
10,HEURISTIC.DILIGENT,207.65958426120562
10,HEURISTIC.DILIGENT,208.16444635385545
10,HEURISTIC.DILIGENT,208.32540344636715
10,HEURISTIC.DILIGENT,208.7391968054926
10,HEURISTIC.DILIGENT,208.70791356219894
10,HEURISTIC.DILIGENT,208.834327225094
10,HEURISTIC.DILIGENT,209.1616341087936
10,HEURISTIC.DILIGENT,209.17205482224398
10,HEURISTIC.DILIGENT,200.87455543981287
10,HEURISTIC.DILIGENT,209.14724282662806
10,HEURISTIC.DILIGENT,209.2275399446704
10,HEURISTIC.DILIGENT,209.3532571987897
10,HEURISTIC.DILIGENT,209.8933591298319
10,HEURISTIC.DILIGENT,209.98840348002824
10,HEURISTIC.DILIGENT,210.27586924566373
10,HEURISTIC.DILIGENT,210.40228290855876
10,HEURISTIC.DILIGENT,210.7295897922584
10,HEURISTIC.DILIGENT,210.74001050570877
10,HEURISTIC.DILIGENT,200.82907987889996
10,HEURISTIC.DILIGENT,209.18628480347792
10,HEURISTIC.DILIGENT,209.26658192152024
10,HEURISTIC.DILIGENT,209.39229917563955
10,HEURISTIC.DILIGENT,209.93240110668177
10,HEURISTIC.DILIGENT,210.0274454568781
10,HEURISTIC.DILIGENT,210.3149112225136
10,HEURISTIC.DILIGENT,210.44132488540862
10,HEURISTIC.DILIGENT,210.76863176910825
10,HEURISTIC.DILIGENT,210.77905248255863
10,HEURISTIC.DILIGENT,200.9590186104933
10,HEURISTIC.DILIGENT,210.21281222594706
10,HEURISTIC.DILIGENT,210.1833527638406
10,HEURISTIC.DILIGENT,210.7011664609999
10,HEURISTIC.DILIGENT,210.84917194900208
10,HEURISTIC.DILIGENT,211.2759169126371
10,HEURISTIC.DILIGENT,211.23168206483393
10,HEURISTIC.DILIGENT,211.35809572772894
10,HEURISTIC.DILIGENT,211.68540261142857
10,HEURISTIC.DILIGENT,211.69582332487897
10,HEURISTIC.DILIGENT,200.7963676402553
10,HEURISTIC.DILIGENT,210.43619375563827
10,HEURISTIC.DILIGENT,210.51649087368062
10,HEURISTIC.DILIGENT,210.6422081277999
10,HEURISTIC.DILIGENT,211.18231005884212
10,HEURISTIC.DILIGENT,211.27735440903848
10,HEURISTIC.DILIGENT,211.56482017467394
10,HEURISTIC.DILIGENT,211.69123383756897
10,HEURISTIC.DILIGENT,212.0185407212686
10,HEURISTIC.DILIGENT,212.02896143471898
10,HEURISTIC.DILIGENT,201.3230757323949
10,HEURISTIC.DILIGENT,213.12322601601744
10,HEURISTIC.DILIGENT,213.3673123114095
10,HEURISTIC.DILIGENT,213.85566654646237
10,HEURISTIC.DILIGENT,213.50071925481606
10,HEURISTIC.DILIGENT,213.81210886098256
10,HEURISTIC.DILIGENT,214.43041699809953
10,HEURISTIC.DILIGENT,214.0100551755576
10,HEURISTIC.DILIGENT,214.62527586360545
10,HEURISTIC.DILIGENT,214.63569657705582
10,HEURISTIC.DILIGENT,201.36160879276608
10,HEURISTIC.DILIGENT,213.8748111096416
10,HEURISTIC.DILIGENT,214.11889740503364
10,HEURISTIC.DILIGENT,214.60725164008647
10,HEURISTIC.DILIGENT,214.18152613561853
10,HEURISTIC.DILIGENT,214.492915741785
10,HEURISTIC.DILIGENT,215.18200209172366
10,HEURISTIC.DILIGENT,214.69086205636003
10,HEURISTIC.DILIGENT,215.33510360579567
10,HEURISTIC.DILIGENT,215.37686095722955
10,HEURISTIC.DILIGENT,201.02961407347036
10,HEURISTIC.DILIGENT,213.24800997437015
10,HEURISTIC.DILIGENT,213.23150211677319
10,HEURISTIC.DILIGENT,213.73636420942302
10,HEURISTIC.DILIGENT,213.8973213019347
10,HEURISTIC.DILIGENT,214.31111466106017
10,HEURISTIC.DILIGENT,214.2798314177665
10,HEURISTIC.DILIGENT,214.40624508066156
10,HEURISTIC.DILIGENT,214.73355196436117
10,HEURISTIC.DILIGENT,214.74397267781154
10,HEURISTIC.DILIGENT,201.34474573841186
10,HEURISTIC.DILIGENT,214.33633907394818
10,HEURISTIC.DILIGENT,214.58042536934022
10,HEURISTIC.DILIGENT,215.0687796043931
10,HEURISTIC.DILIGENT,214.66832240830496
10,HEURISTIC.DILIGENT,214.97971201447146
10,HEURISTIC.DILIGENT,215.64353005603027
10,HEURISTIC.DILIGENT,215.1776583290465
10,HEURISTIC.DILIGENT,215.83838892153616
10,HEURISTIC.DILIGENT,215.82189987848213
10,HEURISTIC.DILIGENT,201.0364526236595
10,HEURISTIC.DILIGENT,213.99461353592426
10,HEURISTIC.DILIGENT,214.2386998313163
10,HEURISTIC.DILIGENT,214.72705406636916
10,HEURISTIC.DILIGENT,214.66043272108575
10,HEURISTIC.DILIGENT,214.97742558637634
10,HEURISTIC.DILIGENT,215.30180451800635
10,HEURISTIC.DILIGENT,215.1693564998126
10,HEURISTIC.DILIGENT,215.49666338351224
10,HEURISTIC.DILIGENT,215.50708409696261
10,HEURISTIC.DILIGENT,207.62182386100378
10,HEURISTIC.DILIGENT,225.68488193792723
10,HEURISTIC.DILIGENT,206.12249196788213
10,HEURISTIC.DILIGENT,182.8637905939693
10,HEURISTIC.DILIGENT,210.2371857844625
10,HEURISTIC.DILIGENT,210.31748290250482
10,HEURISTIC.DILIGENT,210.44320015662413
10,HEURISTIC.DILIGENT,210.98330208766635
10,HEURISTIC.DILIGENT,211.07834643786268
10,HEURISTIC.DILIGENT,211.36581220349817
10,HEURISTIC.DILIGENT,211.4922258663932
10,HEURISTIC.DILIGENT,211.81953275009283
10,HEURISTIC.DILIGENT,211.8299534635432
10,HEURISTIC.DILIGENT,199.48191851621363
10,HEURISTIC.DILIGENT,208.91435548932964
10,HEURISTIC.DILIGENT,208.8978476317327
10,HEURISTIC.DILIGENT,209.40270972438248
10,HEURISTIC.DILIGENT,209.56366681689417
10,HEURISTIC.DILIGENT,209.9774601760197
10,HEURISTIC.DILIGENT,209.94617693272602
10,HEURISTIC.DILIGENT,210.07259059562102
10,HEURISTIC.DILIGENT,210.39989747932066
10,HEURISTIC.DILIGENT,210.41031819277106
10,HEURISTIC.DILIGENT,202.11281881033995
10,HEURISTIC.DILIGENT,210.3855061971551
10,HEURISTIC.DILIGENT,210.46580331519746
10,HEURISTIC.DILIGENT,210.59152056931674
10,HEURISTIC.DILIGENT,211.13162250035896
10,HEURISTIC.DILIGENT,211.22666685055532
10,HEURISTIC.DILIGENT,211.51413261619078
10,HEURISTIC.DILIGENT,211.6405462790858
10,HEURISTIC.DILIGENT,211.96785316278545
10,HEURISTIC.DILIGENT,211.97827387623582
10,HEURISTIC.DILIGENT,202.067343249427
10,HEURISTIC.DILIGENT,210.42454817400494
10,HEURISTIC.DILIGENT,210.50484529204732
10,HEURISTIC.DILIGENT,210.63056254616657
10,HEURISTIC.DILIGENT,211.1706644772088
10,HEURISTIC.DILIGENT,211.26570882740515
10,HEURISTIC.DILIGENT,211.55317459304064
10,HEURISTIC.DILIGENT,211.67958825593567
10,HEURISTIC.DILIGENT,212.00689513963528
10,HEURISTIC.DILIGENT,212.01731585308568
10,HEURISTIC.DILIGENT,202.19728198102035
10,HEURISTIC.DILIGENT,211.45107559647408
10,HEURISTIC.DILIGENT,211.42161613436764
10,HEURISTIC.DILIGENT,211.93942983152698
10,HEURISTIC.DILIGENT,212.08743531952916
10,HEURISTIC.DILIGENT,212.51418028316414
10,HEURISTIC.DILIGENT,212.46994543536096
10,HEURISTIC.DILIGENT,212.59635909825602
10,HEURISTIC.DILIGENT,212.92366598195562
10,HEURISTIC.DILIGENT,212.934086695406
10,HEURISTIC.DILIGENT,202.0346310107824
10,HEURISTIC.DILIGENT,211.67445712616532
10,HEURISTIC.DILIGENT,211.75475424420767
10,HEURISTIC.DILIGENT,211.88047149832695
10,HEURISTIC.DILIGENT,212.42057342936917
10,HEURISTIC.DILIGENT,212.5156177795655
10,HEURISTIC.DILIGENT,212.803083545201
10,HEURISTIC.DILIGENT,212.92949720809602
10,HEURISTIC.DILIGENT,213.25680409179563
10,HEURISTIC.DILIGENT,213.26722480524603
10,HEURISTIC.DILIGENT,202.56133910292198
10,HEURISTIC.DILIGENT,214.36148938654452
10,HEURISTIC.DILIGENT,214.60557568193656
10,HEURISTIC.DILIGENT,215.0939299169894
10,HEURISTIC.DILIGENT,214.7389826253431
10,HEURISTIC.DILIGENT,215.0503722315096
10,HEURISTIC.DILIGENT,215.6686803686266
10,HEURISTIC.DILIGENT,215.24831854608465
10,HEURISTIC.DILIGENT,215.86353923413247
10,HEURISTIC.DILIGENT,215.87395994758288
10,HEURISTIC.DILIGENT,202.59987216329313
10,HEURISTIC.DILIGENT,215.11307448016862
10,HEURISTIC.DILIGENT,215.35716077556066
10,HEURISTIC.DILIGENT,215.84551501061355
10,HEURISTIC.DILIGENT,215.41978950614555
10,HEURISTIC.DILIGENT,215.73117911231208
10,HEURISTIC.DILIGENT,216.4202654622507
10,HEURISTIC.DILIGENT,215.92912542688708
10,HEURISTIC.DILIGENT,216.57336697632275
10,HEURISTIC.DILIGENT,216.6151243277566
10,HEURISTIC.DILIGENT,202.2678774439974
10,HEURISTIC.DILIGENT,214.4862733448972
10,HEURISTIC.DILIGENT,214.46976548730026
10,HEURISTIC.DILIGENT,214.97462757995004
10,HEURISTIC.DILIGENT,215.13558467246173
10,HEURISTIC.DILIGENT,215.54937803158725
10,HEURISTIC.DILIGENT,215.51809478829358
10,HEURISTIC.DILIGENT,215.64450845118859
10,HEURISTIC.DILIGENT,215.97181533488822
10,HEURISTIC.DILIGENT,215.98223604833862
10,HEURISTIC.DILIGENT,202.5830091089389
10,HEURISTIC.DILIGENT,215.57460244447523
10,HEURISTIC.DILIGENT,215.81868873986727
10,HEURISTIC.DILIGENT,216.30704297492014
10,HEURISTIC.DILIGENT,215.906585778832
10,HEURISTIC.DILIGENT,216.2179753849985
10,HEURISTIC.DILIGENT,216.8817934265573
10,HEURISTIC.DILIGENT,216.41592169957354
10,HEURISTIC.DILIGENT,217.07665229206322
10,HEURISTIC.DILIGENT,217.06016324900918
10,HEURISTIC.DILIGENT,202.27471599418652
10,HEURISTIC.DILIGENT,215.2328769064513
10,HEURISTIC.DILIGENT,215.47696320184338
10,HEURISTIC.DILIGENT,215.9653174368962
10,HEURISTIC.DILIGENT,215.8986960916128
10,HEURISTIC.DILIGENT,216.2156889569034
10,HEURISTIC.DILIGENT,216.5400678885334
10,HEURISTIC.DILIGENT,216.40761987033966
10,HEURISTIC.DILIGENT,216.7349267540393
10,HEURISTIC.DILIGENT,216.7453474674897
10,HEURISTIC.DILIGENT,181.41308342600942
10,HEURISTIC.DILIGENT,208.7768802178776
10,HEURISTIC.DILIGENT,208.76037236028066
10,HEURISTIC.DILIGENT,209.26523445293043
10,HEURISTIC.DILIGENT,209.42619154544212
10,HEURISTIC.DILIGENT,209.83998490456764
10,HEURISTIC.DILIGENT,209.80870166127397
10,HEURISTIC.DILIGENT,209.93511532416898
10,HEURISTIC.DILIGENT,210.2624222078686
10,HEURISTIC.DILIGENT,210.272842921319
10,HEURISTIC.DILIGENT,202.34825950311188
10,HEURISTIC.DILIGENT,210.4092801317612
10,HEURISTIC.DILIGENT,210.48957724980352
10,HEURISTIC.DILIGENT,210.61529450392283
10,HEURISTIC.DILIGENT,211.15539643496504
10,HEURISTIC.DILIGENT,211.25044078516137
10,HEURISTIC.DILIGENT,211.53790655079686
10,HEURISTIC.DILIGENT,211.6643202136919
10,HEURISTIC.DILIGENT,211.99162709739153
10,HEURISTIC.DILIGENT,212.0020478108419
10,HEURISTIC.DILIGENT,202.3655085719987
10,HEURISTIC.DILIGENT,210.52719276601357
10,HEURISTIC.DILIGENT,210.60748988405592
10,HEURISTIC.DILIGENT,210.7332071381752
10,HEURISTIC.DILIGENT,211.27330906921742
10,HEURISTIC.DILIGENT,211.36835341941378
10,HEURISTIC.DILIGENT,211.65581918504924
10,HEURISTIC.DILIGENT,211.78223284794427
10,HEURISTIC.DILIGENT,212.1095397316439
10,HEURISTIC.DILIGENT,212.11996044509428
10,HEURISTIC.DILIGENT,202.17243944108696
10,HEURISTIC.DILIGENT,211.0376975621482
10,HEURISTIC.DILIGENT,211.00823810004175
10,HEURISTIC.DILIGENT,211.5260517972011
10,HEURISTIC.DILIGENT,211.67405728520328
10,HEURISTIC.DILIGENT,212.10080224883825
10,HEURISTIC.DILIGENT,212.05656740103507
10,HEURISTIC.DILIGENT,212.18298106393013
10,HEURISTIC.DILIGENT,212.51028794762973
10,HEURISTIC.DILIGENT,212.5207086610801
10,HEURISTIC.DILIGENT,202.46336368817396
10,HEURISTIC.DILIGENT,210.85289609703977
10,HEURISTIC.DILIGENT,210.9331932150821
10,HEURISTIC.DILIGENT,211.0589104692014
10,HEURISTIC.DILIGENT,211.59901240024362
10,HEURISTIC.DILIGENT,211.69405675043996
10,HEURISTIC.DILIGENT,211.98152251607544
10,HEURISTIC.DILIGENT,212.10793617897048
10,HEURISTIC.DILIGENT,212.4352430626701
10,HEURISTIC.DILIGENT,212.44566377612048
10,HEURISTIC.DILIGENT,202.3820749919119
10,HEURISTIC.DILIGENT,212.00565213396533
10,HEURISTIC.DILIGENT,212.08594925200768
10,HEURISTIC.DILIGENT,212.21166650612696
10,HEURISTIC.DILIGENT,212.75176843716918
10,HEURISTIC.DILIGENT,212.84681278736554
10,HEURISTIC.DILIGENT,213.134278553001
10,HEURISTIC.DILIGENT,213.26069221589603
10,HEURISTIC.DILIGENT,213.58799909959566
10,HEURISTIC.DILIGENT,213.59841981304604
10,HEURISTIC.DILIGENT,202.53649656298856
10,HEURISTIC.DILIGENT,213.94811135221863
10,HEURISTIC.DILIGENT,214.19219764761067
10,HEURISTIC.DILIGENT,214.6805518826635
10,HEURISTIC.DILIGENT,214.32560459101722
10,HEURISTIC.DILIGENT,214.63699419718372
10,HEURISTIC.DILIGENT,215.25530233430072
10,HEURISTIC.DILIGENT,214.83494051175876
10,HEURISTIC.DILIGENT,215.4501611998066
10,HEURISTIC.DILIGENT,215.460581913257
10,HEURISTIC.DILIGENT,202.57502962335974
10,HEURISTIC.DILIGENT,214.69969644584273
10,HEURISTIC.DILIGENT,214.94378274123477
10,HEURISTIC.DILIGENT,215.43213697628767
10,HEURISTIC.DILIGENT,215.00641147181966
10,HEURISTIC.DILIGENT,215.3178010779862
10,HEURISTIC.DILIGENT,216.00688742792482
10,HEURISTIC.DILIGENT,215.5157473925612
10,HEURISTIC.DILIGENT,216.15998894199686
10,HEURISTIC.DILIGENT,216.20174629343072
10,HEURISTIC.DILIGENT,202.24303490406402
10,HEURISTIC.DILIGENT,214.34879807344518
10,HEURISTIC.DILIGENT,214.33229021584822
10,HEURISTIC.DILIGENT,214.83715230849805
10,HEURISTIC.DILIGENT,214.99810940100974
10,HEURISTIC.DILIGENT,215.4119027601352
10,HEURISTIC.DILIGENT,215.38061951684153
10,HEURISTIC.DILIGENT,215.5070331797366
10,HEURISTIC.DILIGENT,215.8343400634362
10,HEURISTIC.DILIGENT,215.84476077688657
10,HEURISTIC.DILIGENT,202.55816656900552
10,HEURISTIC.DILIGENT,215.16122441014934
10,HEURISTIC.DILIGENT,215.40531070554138
10,HEURISTIC.DILIGENT,215.89366494059425
10,HEURISTIC.DILIGENT,215.49320774450612
10,HEURISTIC.DILIGENT,215.80459735067262
10,HEURISTIC.DILIGENT,216.4684153922314
10,HEURISTIC.DILIGENT,216.00254366524766
10,HEURISTIC.DILIGENT,216.66327425773733
10,HEURISTIC.DILIGENT,216.6467852146833
10,HEURISTIC.DILIGENT,202.24987345425313
10,HEURISTIC.DILIGENT,214.81949887212542
10,HEURISTIC.DILIGENT,215.0635851675175
10,HEURISTIC.DILIGENT,215.55193940257033
10,HEURISTIC.DILIGENT,215.48531805728692
10,HEURISTIC.DILIGENT,215.8023109225775
10,HEURISTIC.DILIGENT,216.1266898542075
10,HEURISTIC.DILIGENT,215.99424183601377
10,HEURISTIC.DILIGENT,216.3215487197134
10,HEURISTIC.DILIGENT,216.3319694331638
10,HEURISTIC.DILIGENT,182.91061991617366
10,HEURISTIC.DILIGENT,210.4564393864817
10,HEURISTIC.DILIGENT,210.53673650452407
10,HEURISTIC.DILIGENT,210.66245375864332
10,HEURISTIC.DILIGENT,211.20255568968554
10,HEURISTIC.DILIGENT,211.2976000398819
10,HEURISTIC.DILIGENT,211.5850658055174
10,HEURISTIC.DILIGENT,211.71147946841242
10,HEURISTIC.DILIGENT,212.03878635211203
10,HEURISTIC.DILIGENT,212.04920706556243
10,HEURISTIC.DILIGENT,199.98250531307406
10,HEURISTIC.DILIGENT,209.13360909134886
10,HEURISTIC.DILIGENT,209.1171012337519
10,HEURISTIC.DILIGENT,209.62196332640173
10,HEURISTIC.DILIGENT,209.78292041891342
10,HEURISTIC.DILIGENT,210.19671377803888
10,HEURISTIC.DILIGENT,210.1654305347452
10,HEURISTIC.DILIGENT,210.29184419764027
10,HEURISTIC.DILIGENT,210.61915108133988
10,HEURISTIC.DILIGENT,210.62957179479025
10,HEURISTIC.DILIGENT,202.61340560720035
10,HEURISTIC.DILIGENT,210.60475979917436
10,HEURISTIC.DILIGENT,210.6850569172167
10,HEURISTIC.DILIGENT,210.810774171336
10,HEURISTIC.DILIGENT,211.3508761023782
10,HEURISTIC.DILIGENT,211.44592045257457
10,HEURISTIC.DILIGENT,211.73338621821003
10,HEURISTIC.DILIGENT,211.85979988110506
10,HEURISTIC.DILIGENT,212.1871067648047
10,HEURISTIC.DILIGENT,212.19752747825507
10,HEURISTIC.DILIGENT,202.56793004628742
10,HEURISTIC.DILIGENT,210.6438017760242
10,HEURISTIC.DILIGENT,210.72409889406651
10,HEURISTIC.DILIGENT,210.84981614818582
10,HEURISTIC.DILIGENT,211.38991807922804
10,HEURISTIC.DILIGENT,211.48496242942437
10,HEURISTIC.DILIGENT,211.77242819505986
10,HEURISTIC.DILIGENT,211.8988418579549
10,HEURISTIC.DILIGENT,212.22614874165453
10,HEURISTIC.DILIGENT,212.2365694551049
10,HEURISTIC.DILIGENT,202.72080119804946
10,HEURISTIC.DILIGENT,211.71619403883068
10,HEURISTIC.DILIGENT,211.68673457672423
10,HEURISTIC.DILIGENT,212.20454827388357
10,HEURISTIC.DILIGENT,212.35255376188576
10,HEURISTIC.DILIGENT,212.77929872552073
10,HEURISTIC.DILIGENT,212.73506387771755
10,HEURISTIC.DILIGENT,212.8614775406126
10,HEURISTIC.DILIGENT,213.18878442431222
10,HEURISTIC.DILIGENT,213.1992051377626
10,HEURISTIC.DILIGENT,202.5352178076428
10,HEURISTIC.DILIGENT,211.89371072818457
10,HEURISTIC.DILIGENT,211.97400784622693
10,HEURISTIC.DILIGENT,212.0997251003462
10,HEURISTIC.DILIGENT,212.63982703138842
10,HEURISTIC.DILIGENT,212.73487138158475
10,HEURISTIC.DILIGENT,213.02233714722024
10,HEURISTIC.DILIGENT,213.14875081011527
10,HEURISTIC.DILIGENT,213.47605769381488
10,HEURISTIC.DILIGENT,213.48647840726528
10,HEURISTIC.DILIGENT,203.08485831995108
10,HEURISTIC.DILIGENT,214.62660782890111
10,HEURISTIC.DILIGENT,214.87069412429315
10,HEURISTIC.DILIGENT,215.359048359346
10,HEURISTIC.DILIGENT,215.0041010676997
10,HEURISTIC.DILIGENT,215.3154906738662
10,HEURISTIC.DILIGENT,215.9337988109832
10,HEURISTIC.DILIGENT,215.51343698844124
10,HEURISTIC.DILIGENT,216.12865767648907
10,HEURISTIC.DILIGENT,216.13907838993947
10,HEURISTIC.DILIGENT,203.12339138032223
10,HEURISTIC.DILIGENT,215.37819292252522
10,HEURISTIC.DILIGENT,215.62227921791725
10,HEURISTIC.DILIGENT,216.11063345297015
10,HEURISTIC.DILIGENT,215.68490794850214
10,HEURISTIC.DILIGENT,215.99629755466867
10,HEURISTIC.DILIGENT,216.6853839046073
10,HEURISTIC.DILIGENT,216.19424386924368
10,HEURISTIC.DILIGENT,216.83848541867934
10,HEURISTIC.DILIGENT,216.8802427701132
10,HEURISTIC.DILIGENT,202.76846424085784
10,HEURISTIC.DILIGENT,214.70552694691642
10,HEURISTIC.DILIGENT,214.68901908931946
10,HEURISTIC.DILIGENT,215.1938811819693
10,HEURISTIC.DILIGENT,215.35483827448098
10,HEURISTIC.DILIGENT,215.76863163360645
10,HEURISTIC.DILIGENT,215.73734839031277
10,HEURISTIC.DILIGENT,215.86376205320784
10,HEURISTIC.DILIGENT,216.19106893690744
10,HEURISTIC.DILIGENT,216.20148965035781
10,HEURISTIC.DILIGENT,203.08359590579934
10,HEURISTIC.DILIGENT,215.79385604649448
10,HEURISTIC.DILIGENT,216.03794234188652
10,HEURISTIC.DILIGENT,216.5262965769394
10,HEURISTIC.DILIGENT,216.12583938085126
10,HEURISTIC.DILIGENT,216.43722898701776
10,HEURISTIC.DILIGENT,217.10104702857655
10,HEURISTIC.DILIGENT,216.6351753015928
10,HEURISTIC.DILIGENT,217.29590589408247
10,HEURISTIC.DILIGENT,217.27941685102843
10,HEURISTIC.DILIGENT,202.77530279104695
10,HEURISTIC.DILIGENT,215.45213050847056
10,HEURISTIC.DILIGENT,215.69621680386263
10,HEURISTIC.DILIGENT,216.18457103891546
10,HEURISTIC.DILIGENT,216.11794969363206
10,HEURISTIC.DILIGENT,216.43494255892264
10,HEURISTIC.DILIGENT,216.75932149055265
10,HEURISTIC.DILIGENT,216.6268734723589
10,HEURISTIC.DILIGENT,216.95418035605854
10,HEURISTIC.DILIGENT,216.96460106950894
10,HEURISTIC.DILIGENT,183.12760254955626
10,HEURISTIC.DILIGENT,210.24001208144182
10,HEURISTIC.DILIGENT,210.32030919948414
10,HEURISTIC.DILIGENT,210.44602645360345
10,HEURISTIC.DILIGENT,210.98612838464567
10,HEURISTIC.DILIGENT,211.081172734842
10,HEURISTIC.DILIGENT,211.3686385004775
10,HEURISTIC.DILIGENT,211.49505216337252
10,HEURISTIC.DILIGENT,211.82235904707215
10,HEURISTIC.DILIGENT,211.83277976052253
10,HEURISTIC.DILIGENT,200.33500189454185
10,HEURISTIC.DILIGENT,208.91718178630896
10,HEURISTIC.DILIGENT,208.90067392871202
10,HEURISTIC.DILIGENT,209.4055360213618
10,HEURISTIC.DILIGENT,209.5664931138735
10,HEURISTIC.DILIGENT,209.980286472999
10,HEURISTIC.DILIGENT,209.94900322970534
10,HEURISTIC.DILIGENT,210.07541689260034
10,HEURISTIC.DILIGENT,210.40272377629998
10,HEURISTIC.DILIGENT,210.41314448975038
10,HEURISTIC.DILIGENT,202.96590218866817
10,HEURISTIC.DILIGENT,210.38833249413446
10,HEURISTIC.DILIGENT,210.4686296121768
10,HEURISTIC.DILIGENT,210.5943468662961
10,HEURISTIC.DILIGENT,211.1344487973383
10,HEURISTIC.DILIGENT,211.22949314753464
10,HEURISTIC.DILIGENT,211.51695891317013
10,HEURISTIC.DILIGENT,211.64337257606516
10,HEURISTIC.DILIGENT,211.9706794597648
10,HEURISTIC.DILIGENT,211.98110017321517
10,HEURISTIC.DILIGENT,202.95481008757477
10,HEURISTIC.DILIGENT,210.4961413906234
10,HEURISTIC.DILIGENT,210.57643850866572
10,HEURISTIC.DILIGENT,210.70215576278503
10,HEURISTIC.DILIGENT,211.24225769382724
10,HEURISTIC.DILIGENT,211.33730204402357
10,HEURISTIC.DILIGENT,211.62476780965906
10,HEURISTIC.DILIGENT,211.7511814725541
10,HEURISTIC.DILIGENT,212.07848835625373
10,HEURISTIC.DILIGENT,212.0889090697041
10,HEURISTIC.DILIGENT,203.05036535934858
10,HEURISTIC.DILIGENT,211.45390189345346
10,HEURISTIC.DILIGENT,211.424442431347
10,HEURISTIC.DILIGENT,211.9422561285063
10,HEURISTIC.DILIGENT,212.09026161650849
10,HEURISTIC.DILIGENT,212.5170065801435
10,HEURISTIC.DILIGENT,212.47277173234033
10,HEURISTIC.DILIGENT,212.59918539523534
10,HEURISTIC.DILIGENT,212.92649227893497
10,HEURISTIC.DILIGENT,212.93691299238537
10,HEURISTIC.DILIGENT,202.89920346791683
10,HEURISTIC.DILIGENT,211.70026158075714
10,HEURISTIC.DILIGENT,211.7805586987995
10,HEURISTIC.DILIGENT,211.90627595291878
10,HEURISTIC.DILIGENT,212.446377883961
10,HEURISTIC.DILIGENT,212.54142223415732
10,HEURISTIC.DILIGENT,212.8288879997928
10,HEURISTIC.DILIGENT,212.95530166268784
10,HEURISTIC.DILIGENT,213.28260854638745
10,HEURISTIC.DILIGENT,213.29302925983785
10,HEURISTIC.DILIGENT,203.4144224812502
10,HEURISTIC.DILIGENT,214.36431568352384
10,HEURISTIC.DILIGENT,214.6084019789159
10,HEURISTIC.DILIGENT,215.09675621396877
10,HEURISTIC.DILIGENT,214.74180892232246
10,HEURISTIC.DILIGENT,215.05319852848896
10,HEURISTIC.DILIGENT,215.67150666560593
10,HEURISTIC.DILIGENT,215.251144843064
10,HEURISTIC.DILIGENT,215.86636553111185
10,HEURISTIC.DILIGENT,215.87678624456223
10,HEURISTIC.DILIGENT,203.45295554162135
10,HEURISTIC.DILIGENT,215.115900777148
10,HEURISTIC.DILIGENT,215.35998707254004
10,HEURISTIC.DILIGENT,215.84834130759288
10,HEURISTIC.DILIGENT,215.42261580312493
10,HEURISTIC.DILIGENT,215.7340054092914
10,HEURISTIC.DILIGENT,216.42309175923006
10,HEURISTIC.DILIGENT,215.93195172386643
10,HEURISTIC.DILIGENT,216.57619327330207
10,HEURISTIC.DILIGENT,216.61795062473595
10,HEURISTIC.DILIGENT,203.12096082232563
10,HEURISTIC.DILIGENT,214.48909964187652
10,HEURISTIC.DILIGENT,214.4725917842796
10,HEURISTIC.DILIGENT,214.97745387692936
10,HEURISTIC.DILIGENT,215.13841096944105
10,HEURISTIC.DILIGENT,215.55220432856657
10,HEURISTIC.DILIGENT,215.5209210852729
10,HEURISTIC.DILIGENT,215.6473347481679
10,HEURISTIC.DILIGENT,215.97464163186754
10,HEURISTIC.DILIGENT,215.98506234531794
10,HEURISTIC.DILIGENT,203.43609248726716
10,HEURISTIC.DILIGENT,215.57742874145458
10,HEURISTIC.DILIGENT,215.82151503684662
10,HEURISTIC.DILIGENT,216.3098692718995
10,HEURISTIC.DILIGENT,215.90941207581136
10,HEURISTIC.DILIGENT,216.22080168197786
10,HEURISTIC.DILIGENT,216.88461972353667
10,HEURISTIC.DILIGENT,216.4187479965529
10,HEURISTIC.DILIGENT,217.07947858904257
10,HEURISTIC.DILIGENT,217.06298954598853
10,HEURISTIC.DILIGENT,203.12779937251477
10,HEURISTIC.DILIGENT,215.23570320343066
